-1,2,2,2,0,-1,2,0,6,5,2,3,0,5,-1,5,1,-1,3,-3,5,-5,1,1,4,1,-1,4,0,2,2,2,1,-2,1,-3,2,3,4,4,5,1,-7,1,1,5,-3,-3,11,4,5,0,-3,5,4,4,0,0,0,-1,0,-1,-1,-2,4,7,3,6,2,2,1,6,2,3,8,6,6,4,5,4,6,8,2,7,2,6,5,6,8,4,7,2,10,1,3,3,6,9,5,7,2,11,6,1,8,1,9,-4,11,6,5,0,-1,6,2,2,4,9,4,8,5,9,13,8,6,1,8,4,11,2,11,4,15,0,18,1,6,10,-2,14,2,6,-2,12,12,7,15,0,12,-4,15,2,4,16,9,13,-2,16,-1,10,16,7,15,3,19,-5,11,4,6,12,-2,20,4,19,1,13,15,6,15,2,11,2,10,3,-3,17,2,9,5,14,2,14,13,20,16,20,17,21,16,16,17,11,22,13,17,17,17,15,13,16,12,26,16,21,21,22,21,16,23,11,24,22,15,17,17,15,10,26,15,18,17,17,20,13,21,13,15,18,14,14,10,20,9,22,10,21,14,16,14,8,7,10,8,2,14,-4,16,20,16,22,14,18,16,23,6,11,13,18,24,8,15,15,11,14,15,19,12,24,17,17,23,19,29,12,15,17,2,21,31,15,7,15,23,17,14,21,38,-12,14,11,23,7,5,10,11,17,16,11,24,28,19,17,10,15,14,26,7,15,10,7,0,1,0,-2,-2,-2,0,-2,-5,2,-32,24,-3,8,-2,9,3,-4,-5,-3,2,-4,5,-3,-3,0,-4,0,-8,-3,-1,-2,1,-6,1,-7,0,-5,2,-3,-2,-2,-5,0,-5,-4,1,-1,-1,-4,0,-4,0,-1,0,-3,2,1,-2,2,1,0,2,0,-6,-8,-11,-12,-11,-6,-17,-2,-6,-9,-7,-8,-9,-13,-6,-2,-10,-2,-6,-10,-6,-15,-7,-9,-7,-2,-6,3,-10,-4,-6,-3,-2,-5,-2,-5,-1,-7,-6,-8,-3,-3,-8,-2,-6,-5,-7,-1,1,-9,-3,-5,-4,-3,-5,-10,0,-2,-5,-4,-5,-7,-5,-8,10,-25,0,-28,-2,-15,4,-9,-53,7,-65,1,-65,2,-51,1,12,-45,10,-52,7,-53,3,-49,-60,1,-58,6,-58,3,-53,-1,-2,-57,4,-54,1,-65,2,-53,-61,3,-54,4,-53,4,-52,5,2,-60,8,-47,5,-42,4,-47,-61,-1,-52,5,-50,7,-37,4,-6,-18,-14,-30,-60,-12,-17,-17,-8,-10,-13,-12,-10,-12,-13,-8,-14,-14,-6,-13,-10,-20,-7,-16,-14,-15,-15,-9,-14,-12,-13,-13,-16,-11,-10,-12,-15,-15,-10,-15,-13,-10,-13,-8,-11,-12,-13,-11,-9,-15,-7,-13,-12,-12,-9,-15,-13,-11,-11,-10,-12,-11,-10,-13,-16,-48,-30,-58,5,-15,-42,-55,-43,-23,-46,-32,-62,-29,-37,-46,-33,-31,-8,-45,-68,-51,-32,-34,-32,-43,-54,-31,-40,-34,-60,-30,-34,-34,-23,-35,-33,-47,-30,-42,-53,-27,-47,-22,-41,-28,-36,-34,-19,-54,-16,-33,-24,-45,-12,-48,-53,-28,-39,-24,-31,-24,-47,-53
-1,-1,1,2,1,1,1,-1,4,4,-3,-3,-1,0,-3,7,2,1,2,-2,2,-2,5,3,4,1,0,1,-3,2,-1,1,2,-1,0,0,2,-2,1,0,7,4,-2,2,0,2,1,3,-14,9,34,0,-2,-3,6,-14,-1,-1,1,-2,2,0,-1,-1,-28,24,-38,23,-36,22,-33,8,-5,11,-11,6,2,5,-19,6,6,-8,-2,13,-20,7,-6,0,13,-38,12,-28,16,-39,2,-31,-22,12,-31,13,-32,1,-38,-3,-16,-1,-7,6,-15,4,-3,-8,1,-7,-3,-13,-2,-10,-11,-5,-13,-11,-5,0,-5,-17,-3,-4,-2,9,2,13,-31,-13,-16,2,8,-33,16,-40,13,-29,8,-10,-9,7,-13,13,-43,1,-21,7,13,-27,2,-25,8,-38,8,-32,-38,7,-37,5,-24,17,-36,8,6,-39,7,-40,10,-27,14,-43,-29,8,-15,6,-20,9,-31,11,0,-31,2,-11,11,-13,8,-27,-4,-7,-4,3,-16,-1,-9,4,-4,3,1,-2,10,-2,-1,-3,3,4,1,8,-1,6,2,-3,-33,7,1,13,3,3,-12,-3,-21,9,-11,8,8,10,-10,-9,-22,-2,-11,-4,-6,0,0,-5,-24,-2,-30,7,-10,1,-13,-12,-2,7,5,5,5,3,-12,-3,-14,-21,-1,21,7,-11,18,15,21,6,39,8,3,21,9,-21,-3,9,7,12,5,-12,3,13,20,-8,-19,-10,-15,-22,-1,-35,-5,0,-9,-8,-29,7,24,-4,-38,-17,15,15,-31,21,-27,-8,-13,15,25,13,-20,-2,-12,-27,7,13,-4,-5,0,-25,2,-2,-2,0,0,-1,0,-2,2,1,-40,32,-28,29,-41,29,-27,23,-12,6,-13,-4,-9,-10,-7,6,-11,-6,-8,-5,-8,-5,-4,-1,-11,-5,-5,-5,-7,-4,-1,-4,-12,-9,-5,-5,-4,-4,0,-10,-10,-7,-7,-9,-4,-2,-2,-9,0,2,-2,-1,-2,-1,-1,-2,2,11,6,8,4,8,6,8,1,4,7,4,9,-1,10,9,0,0,3,2,5,6,1,5,1,0,2,5,5,3,3,4,6,3,2,5,4,4,5,4,6,5,6,6,7,6,7,5,6,6,9,8,3,7,7,5,5,6,6,7,11,7,9,7,-13,-12,-18,-11,-23,-17,-21,-14,-15,-21,-9,-22,-11,-28,-11,-24,-15,-15,-13,-30,-16,-5,-21,-34,-12,-16,-10,-18,-10,-17,-12,-12,-20,-12,-19,-13,-18,-14,-12,-12,-21,-22,-9,-18,-12,-16,-12,-14,-23,-11,-21,-8,-13,-12,-21,-16,-10,-19,-9,-13,-5,-14,-12,-15,-24,-14,-40,-36,-21,-25,-22,-35,-31,-21,-22,-27,-45,-24,-29,-21,-21,-34,-52,-30,-28,-30,-30,-46,-22,-14,-37,-44,-33,-30,-24,-31,-24,-12,-26,-36,-20,-30,-23,-24,-18,-24,-55,-19,-27,-31,-35,-31,-23,-29,-28,-25,-23,-37,-24,-26,-16,-14,-11,-18,-7,-20,-22,-32,-20,-14,-34,-15,-22,-26,-20,-18,-31,-35,-12,0,-18,-32,-49,-41,-29,-22,-59,-43,-31,-30,-29,-9,-32,-46,-10,-19,-14,-28,-34,-34,-35,-23,-24,-19,-23,-41,-50,-15,-32,-40,-43,-26,-50,-23,-30,-31,-27,-27,-45,-43,-29,-35,-27,-39,-39,-47,-32,-41,-30,-38,-35,-26
0,-2,0,1,-1,0,2,-2,8,6,2,-9,-2,-13,21,-5,3,1,0,2,-1,10,3,6,2,2,1,0,1,1,2,5,0,2,-1,1,6,7,3,4,5,3,11,-4,5,3,2,5,5,-4,-9,29,8,-8,5,-16,2,0,-1,0,-1,-1,-1,2,-2,35,-4,14,-5,20,-6,4,6,5,4,21,3,-2,4,10,8,13,3,9,8,10,-3,-11,12,4,13,-3,16,-2,8,8,8,12,-1,17,0,13,1,-7,8,8,1,2,9,10,-8,12,9,10,12,13,9,1,3,5,9,1,7,-1,7,12,10,2,-5,9,-1,9,-9,8,6,1,16,-13,8,-9,11,-6,11,-10,0,1,-7,14,-6,13,-6,8,7,-8,9,-1,20,-13,9,-4,-10,21,-2,15,-6,15,-2,2,12,-2,14,1,11,0,8,2,1,6,0,19,-1,11,4,4,12,2,10,-3,6,3,6,-2,-58,9,3,12,13,14,13,-1,-10,13,8,7,8,1,11,15,6,8,-12,6,4,16,4,13,9,17,0,-3,-2,8,9,9,16,15,8,17,-5,13,-1,10,8,19,16,16,16,6,5,8,-3,15,0,11,-13,4,2,12,-13,7,2,5,0,-7,-7,-1,-18,17,-20,-11,27,5,6,9,9,5,-12,5,30,-10,48,15,21,1,-10,36,-21,27,16,32,16,-4,7,6,28,32,-14,19,3,-23,12,19,-1,16,19,-20,15,15,32,11,-6,-8,3,43,8,-7,28,13,16,19,10,36,23,12,26,7,18,23,11,18,1,0,1,1,0,-1,2,-1,-74,6,-69,0,-49,5,-30,-55,-2,5,-16,-2,-27,-10,-13,-9,0,2,-3,2,-14,1,-13,-3,-5,-2,1,-2,-4,-4,-5,-1,-2,-4,2,-1,-3,-3,-1,1,-4,3,-6,5,-12,-4,-8,-1,1,2,-2,2,2,1,-1,0,-1,9,-11,-9,-6,1,-3,-20,-9,6,8,3,-15,-9,-19,2,0,-4,-2,-1,0,-7,-10,-1,-11,-7,-11,-3,-1,-4,-1,-21,-1,-10,-2,1,-12,-9,-7,-1,-12,-14,-4,-7,-8,-5,-5,-2,-7,-8,-10,-4,-10,-35,-10,-11,-14,-16,-6,-14,-13,-17,-23,-6,6,-11,-6,-17,-4,-1,6,-14,-12,6,-17,14,-12,4,-7,0,11,-15,12,-10,10,-9,3,-8,-13,9,-5,7,-22,6,-10,4,-14,-16,9,-19,10,-13,-39,-20,-2,-10,-18,1,-5,6,-8,6,4,-15,2,-14,1,-10,11,-16,-7,-1,-10,-14,-7,-10,-27,5,-8,-3,-7,-9,-4,6,-15,4,-20,-15,-29,-8,-23,-11,-18,-14,-7,-9,-10,-23,-11,3,-34,-12,-14,-22,-5,-10,0,-10,-14,-19,-17,-9,-4,-7,-8,-15,-20,-22,-18,-18,-2,-6,-12,-20,-17,-9,-18,-17,-9,-14,-21,-37,-43,-23,-27,-21,-14,-28,-16,-24,-46,-29,-4,-3,-18,-44,-17,0,-19,9,-37,-8,-35,-25,-36,-22,-21,-18,-39,-21,-21,-16,-33,2,-40,-25,-35,-14,-35,-44,-3,-41,-5,-13,-22,0,-4,-11,-12,-35,-15,-21,-11,-18,1,-46,-11,-41,-10,-10,-15,-15,-26,-11,-38,-9,-17,-37,-7,-38,-9,-44,-5,-28,-54,-24
2,2,2,0,0,0,0,-2,4,1,3,2,4,4,3,3,4,3,3,2,4,3,4,4,4,3,2,3,3,4,3,4,3,3,4,3,4,4,5,3,5,4,3,3,-1,6,4,6,5,3,2,0,2,5,4,5,-2,1,-1,2,-2,-2,-1,0,8,7,8,9,10,11,8,7,8,9,12,12,13,10,7,9,9,12,9,14,14,9,10,7,10,13,9,12,8,9,7,8,7,4,9,5,12,3,7,5,6,7,6,7,4,7,8,12,4,10,5,1,0,5,13,5,5,5,3,3,0,5,6,11,10,7,7,8,8,8,6,8,7,10,6,9,10,11,10,11,11,8,10,8,10,7,10,8,10,11,8,8,7,10,7,9,10,5,10,3,7,6,10,5,6,12,5,5,1,6,9,11,7,7,12,3,7,6,11,9,7,10,4,8,4,9,9,11,15,16,17,17,15,14,14,13,13,15,13,16,16,14,12,11,14,17,16,16,11,15,13,13,17,18,16,11,14,16,11,15,15,18,11,17,14,13,14,15,15,15,12,12,11,14,18,19,17,15,10,11,7,14,15,21,16,16,14,16,12,17,16,16,26,31,27,30,23,21,21,22,26,27,25,23,26,24,23,21,24,29,26,23,23,23,15,18,19,14,19,14,16,18,9,16,13,12,6,9,13,13,10,13,13,4,7,4,5,10,11,9,18,21,18,16,6,19,-2,6,11,10,5,15,10,0,21,19,-2,1,-1,2,2,-2,0,-2,-20,-18,-22,-17,-12,-16,-7,-14,-9,-8,-16,-12,-17,-12,-13,-7,-6,-8,-9,-9,-8,-9,-6,-4,-4,-5,-5,-6,-6,-6,-5,-3,-3,-4,-4,-4,-4,-4,-5,-2,-4,-4,-3,-4,-3,-4,-4,-2,-2,1,-1,-2,0,-2,2,1,-12,-12,-12,-13,-9,-8,-9,-14,-11,-18,-15,-11,-14,-16,-8,-5,-9,-18,-15,-17,-10,-13,-10,-14,-10,-11,-17,-15,-22,-15,-18,-10,-11,-11,-14,-13,-15,-12,-12,-10,-9,-10,-10,-13,-13,-12,-10,-9,-8,-8,-10,-11,-10,-11,-8,-8,-5,-9,-7,-9,-9,-7,-8,-8,-9,-10,-12,-5,-10,-9,-10,-10,-10,-11,-15,-15,-9,-12,-6,-10,-10,-12,-13,-11,-21,-15,-15,-10,-12,-15,-11,-19,-11,-16,-16,-13,-13,-12,-16,-12,-12,-12,-15,-13,-10,-14,-11,-12,-12,-11,-11,-13,-15,-11,-10,-10,-9,-10,-10,-10,-9,-9,-9,-8,-8,-7,-9,-10,-18,-20,-22,-20,-20,-22,-20,-16,-20,-23,-25,-21,-24,-17,-21,-21,-20,-23,-21,-26,-21,-24,-26,-21,-18,-19,-21,-27,-23,-24,-21,-19,-17,-17,-16,-22,-20,-20,-16,-16,-14,-16,-14,-19,-19,-16,-15,-15,-14,-14,-13,-17,-16,-16,-15,-15,-17,-16,-15,-15,-16,-18,-15,-18,-29,-31,-37,-40,-32,-33,-35,-33,-31,-34,-41,-39,-38,-31,-31,-31,-28,-33,-34,-38,-39,-37,-33,-23,-27,-28,-31,-37,-36,-37,-31,-30,-29,-30,-32,-34,-32,-32,-30,-27,-20,-32,-32,-33,-34,-29,-33,-29,-27,-26,-26,-23,-25,-27,-27,-31,-24,-28,-26,-24,-23,-26,-28,-32
-2,-2,2,1,2,-2,-2,-2,-1,-6,-4,-2,-3,-2,3,-1,-4,4,-5,-2,7,4,6,6,1,-4,7,3,1,8,2,6,6,3,2,-1,3,0,6,-3,1,0,3,12,2,-3,-16,-8,-4,-6,1,4,-2,-2,-39,11,-1,-1,-2,-2,-2,1,1,1,5,4,-7,5,6,4,3,4,-15,2,-2,19,3,15,1,12,1,9,1,13,0,5,5,8,16,1,10,1,13,-1,2,-11,-8,3,9,10,11,-4,-1,6,-9,18,-8,-6,21,22,0,11,-3,-3,-2,13,5,-17,-12,9,12,1,10,-31,-1,-2,5,-4,3,4,17,-7,5,6,7,11,4,2,4,6,3,-13,6,1,27,9,-7,1,-13,3,11,13,10,13,7,-2,2,3,15,-10,-7,6,15,9,-2,16,9,0,9,-16,16,18,15,-2,1,0,2,18,-4,11,-3,7,-16,17,2,11,15,-4,3,-37,-4,-1,11,8,1,18,6,4,2,9,12,3,13,1,8,-7,5,8,13,12,2,10,-8,6,10,-1,14,2,9,7,7,3,11,13,13,0,-1,5,0,4,3,6,2,-4,9,9,-7,-5,14,6,8,-8,11,5,2,10,12,1,10,14,-2,14,8,6,10,4,18,26,27,21,22,16,5,9,23,7,17,18,12,0,19,7,27,13,-7,5,8,16,22,14,14,31,18,9,6,1,21,12,2,20,19,17,7,23,15,19,17,7,21,23,36,-30,5,-7,-7,10,28,20,13,11,-9,17,12,6,15,3,-14,2,19,8,2,1,-1,-2,0,2,-2,1,11,6,-18,13,-21,-2,-19,0,8,3,-20,5,-21,2,-7,5,-2,-7,-4,12,-4,2,3,-4,-2,-11,-1,0,0,-8,9,-9,2,0,4,-5,-1,0,3,-5,-4,-3,-1,1,1,-1,6,-3,2,-2,1,1,-2,0,-2,-2,-9,-18,4,14,-11,-14,6,-4,1,7,-27,4,-4,-14,2,5,9,-9,-32,-8,-31,-4,-16,1,3,-20,-3,-3,-9,11,18,-4,-4,-4,-3,9,-12,-12,1,-14,-5,8,-6,-4,-4,-3,-5,-14,-2,-8,1,-2,1,-8,-11,-7,3,-5,-2,-7,-5,-3,-2,-6,-15,-8,1,-15,-1,3,-10,-8,0,7,-20,7,-18,-14,-17,-11,7,-7,-39,-8,1,-8,-3,4,4,-37,-4,2,-8,6,0,0,-10,-10,4,0,-17,-4,13,-11,-10,7,-8,-12,-9,-2,-8,0,-6,-6,-9,-1,-5,-12,-10,-10,-2,-18,-3,-11,-2,-5,-17,-8,-22,1,-2,-19,-11,1,-38,-1,-17,-3,-6,6,-21,-11,-41,-4,8,-16,-27,-13,-22,-5,-57,4,6,-23,-7,-8,-10,15,18,-6,-18,-11,-1,-3,-13,-14,15,-9,0,1,-12,-3,-8,-3,-16,-17,-12,-13,-13,3,-4,-7,-11,-11,-6,-13,-3,-11,-11,-4,9,-16,-25,-5,5,-31,-21,-7,-25,-12,-19,13,-35,20,-53,-35,-43,-58,12,-41,-44,-50,-67,-33,-64,-20,-8,-28,-19,-28,-25,9,5,-18,-27,-15,-8,-16,-28,-27,11,-33,-13,-11,-19,-25,-23,-21,-21,-27,-23,-14,-19,-10,-7,-33,-24,-27,-10,-21,-6,-14,-20,-2,16,-30
-1,1,1,-1,0,2,1,2,-1,0,-1,-1,-6,1,-1,-1,0,1,0,14,-8,7,1,0,-2,-1,-2,1,-50,-1,0,-1,1,-1,-2,-3,1,1,1,-1,-4,-2,-2,0,1,2,-3,1,-7,-1,-6,-8,2,-4,-5,-6,-1,0,-2,0,-2,-1,2,0,-9,0,-2,-2,-4,2,-1,-2,-3,-8,-2,19,0,12,-3,-4,-2,1,17,-4,-5,-1,17,1,-1,-2,-6,-3,61,-3,-3,-3,-6,-3,19,-2,-3,-6,11,-7,-4,-1,-4,8,3,19,-2,-2,-9,-9,-6,-8,-8,-11,-4,-4,-11,-1,-6,-7,5,-7,-1,-4,-2,13,1,0,-2,1,-3,17,-1,1,15,0,-2,0,15,-2,-1,7,-2,20,-3,15,0,1,-2,-5,-3,-4,65,-1,-9,-1,0,-4,-5,13,-1,16,-3,-4,-2,-3,11,-10,7,-8,16,-2,-7,11,1,-13,-12,-3,-4,18,-1,2,-1,-8,-14,-8,-1,-1,4,3,2,3,11,2,1,3,2,-1,4,1,11,2,-1,1,4,0,1,0,12,-1,-2,1,9,7,14,18,-26,15,12,10,0,2,10,5,19,0,2,0,3,-4,-7,-4,8,-2,-2,-5,0,1,-2,2,6,-3,1,0,6,1,2,-7,11,-1,5,6,6,14,5,4,9,4,2,2,3,7,17,5,17,1,12,-6,-7,5,-5,23,22,14,0,1,8,-1,4,19,68,16,16,15,0,5,4,21,17,20,-3,0,-3,-5,5,-10,16,-17,12,7,-7,18,9,-3,31,-13,3,13,2,-6,4,12,5,2,12,3,-2,-2,-2,0,-2,1,0,-2,-11,-8,0,-11,-16,-11,-19,-13,-2,-5,-3,-1,-4,-3,-3,-2,-1,0,-2,2,43,0,-3,-1,0,1,1,-42,0,-50,1,2,0,0,-2,-2,-1,-2,0,0,-1,0,-1,-3,-1,-3,-1,0,0,1,0,-1,1,2,1,0,-2,-9,-7,-8,-5,-5,-6,-3,1,-3,-3,-28,-6,-17,-8,-3,-9,-7,-20,-5,-3,-4,-21,-3,-2,-5,-11,-7,60,-7,-5,-4,-3,-6,-28,-9,-1,-7,-25,-2,0,-1,1,-27,-2,-24,1,-2,1,-4,0,-1,-1,0,2,-5,-2,0,0,-1,-5,1,-3,-3,-3,-21,-6,-1,2,-4,-6,-22,-5,-3,-21,2,-8,2,-16,-3,-2,-11,-2,-17,-5,-24,5,-9,-7,-5,-15,-4,56,-5,-11,-4,1,-9,-1,-21,3,-23,1,-7,-9,-3,-20,1,-4,0,-18,-1,-4,-16,4,-3,-2,-1,-3,-23,-15,0,-3,0,-3,-1,-8,-3,-3,-1,-3,0,-14,0,-3,-6,-9,-6,-4,3,-14,-2,-4,-9,-11,-12,-6,-2,-20,-7,0,-13,-12,-14,-22,-26,67,-20,-22,-13,-8,-5,-2,-7,-8,-4,0,-4,-1,-6,-5,1,-14,0,-1,-1,-5,-1,-1,0,-11,-7,0,3,1,-1,-2,-5,-9,-3,1,-1,-14,1,-17,-21,-17,-23,-32,-11,-11,-20,-7,-4,-14,-12,-16,-51,-18,-40,-13,-6,-25,-39,-3,-22,-13,-20,-27,-35,55,-25,-38,-16,-15,-18,-11,-12,-13,-19,-6,-10,-12,-8,-10,1,-20,-3,-12,-11,-10,-17,-6,-8,-8,-11,-11,-2,-9,-5,-3,-3,-8,-5,-6,-6
-2,0,0,1,2,-2,-2,2,-1,-1,1,2,6,-3,-1,1,3,4,-5,2,-1,-2,3,2,-2,2,7,2,-5,3,3,1,1,0,-6,2,5,3,0,-6,-3,4,-8,-13,0,-13,-5,6,13,-7,0,30,-26,16,-16,-13,0,-1,2,1,-2,-2,-1,0,3,-4,6,-8,3,2,-1,1,3,15,6,-10,-2,1,10,10,4,-1,-13,2,1,-3,-6,-1,-6,5,11,0,-10,7,5,-7,-10,5,19,-5,-3,2,32,3,12,-13,-10,16,-10,26,-16,-6,-3,4,31,-32,-39,-2,11,-13,-2,3,-4,7,-13,9,-36,-8,-1,-6,0,-2,4,3,-1,14,-5,-2,-8,9,-8,-2,2,-6,-6,-17,7,-3,-7,1,4,-1,7,7,11,-11,-3,-1,0,-10,2,16,-3,2,-8,1,2,19,-20,6,19,-5,-15,-9,8,-14,13,-1,15,17,-19,20,0,-4,-3,4,5,-15,10,-13,-4,-12,4,0,3,5,8,-6,1,0,4,-6,-15,16,16,0,-8,-1,12,1,1,-5,10,12,-2,4,19,-18,-15,0,18,-8,-14,-1,-5,-14,-8,6,19,3,-56,1,14,12,-3,6,25,6,2,11,-3,-5,-21,10,29,-16,-20,-13,1,0,10,11,21,19,7,15,6,6,-4,-2,-15,6,1,24,7,9,-11,11,-3,10,13,7,27,8,11,-2,15,41,1,9,30,2,0,0,21,-3,0,-23,23,16,13,39,13,32,3,23,18,17,28,0,10,2,18,4,36,36,-8,12,22,23,11,12,29,6,-8,17,19,-12,14,22,-2,-1,2,1,0,1,2,-2,1,-44,-21,-4,9,-18,-7,5,-5,-11,-23,14,2,-16,-4,-4,-7,-11,7,-1,-3,-3,-5,2,-5,-3,-4,-1,0,1,1,-3,-2,-6,-7,-2,1,3,-2,1,-3,-6,-6,1,8,2,0,-3,-1,2,-1,0,-2,-2,2,-1,-8,-24,-23,-14,-3,-11,-10,-1,-8,-8,-21,-1,-3,-6,4,-11,14,-18,-23,13,6,-3,-3,5,-1,0,-3,-14,0,1,-7,-6,8,-3,-16,-5,1,-6,-14,-3,2,-7,-10,-10,6,-7,-6,-5,-7,-20,-13,1,0,2,-12,1,0,1,-1,-9,7,-15,0,2,-2,-17,-17,-6,-26,-8,-15,-12,3,-15,-5,-8,-15,-7,0,-8,-2,3,-16,12,-1,-14,-11,-4,-4,-3,-2,-4,-6,-1,-15,-4,1,-5,-15,-11,12,0,-15,-6,16,-14,-28,-2,16,-4,-14,4,-4,-12,-12,-4,-1,-8,2,0,-17,-3,-2,-4,16,-2,-2,4,-7,-13,-8,-11,-20,-24,-35,-14,-4,-21,-5,-4,-29,-15,-8,-13,-4,-42,-32,0,-11,-14,-13,-7,-24,-9,-9,-7,2,3,-21,-11,-4,-18,-21,-17,5,-28,-13,-7,-10,-20,-26,-15,22,-12,-27,-12,-15,-18,-6,1,-21,3,-7,-4,0,-9,-15,-4,32,-10,-6,-7,-3,-21,-63,-21,-56,-30,-40,-24,-16,-32,-38,-33,-61,-50,-9,-17,-4,-30,-37,15,-5,-43,-15,-15,-30,-9,-51,-29,-9,-13,-36,-33,25,-37,-23,-28,1,-29,-30,-13,10,-22,-44,-9,33,-28,-43,-24,-5,-25,-18,-22,-25,9,-17,9,9,-15,-50,-10,45,-26,2,-16
-2,2,1,-2,2,-2,-2,-1,-2,-2,-2,-3,-2,-1,-2,-2,-1,-2,-3,-1,-2,-1,-2,-1,-1,-4,-4,-2,-1,-2,-1,-1,-3,-7,-7,-6,0,-2,-2,0,-16,1,57,0,-8,0,-2,-1,-5,7,97,7,-7,1,-3,-4,0,1,-2,2,0,-1,-2,-2,-9,-5,3,-3,-6,-2,-3,-7,0,-8,-5,-4,0,-2,-5,-1,-3,0,-1,-5,-4,-4,-3,-2,1,1,-5,-9,0,-7,-12,-5,-9,-4,1,-2,0,1,0,-7,-3,2,-19,-1,-7,-10,1,-8,2,-1,-29,-9,5,-2,-8,0,2,0,-53,6,-4,-1,-7,-2,-6,-2,0,-1,-4,1,-2,-6,-7,-1,-1,-3,-3,-2,-4,-10,0,3,-9,-1,-2,-4,-5,6,3,-2,-1,-9,-6,-5,2,1,-4,0,-5,-1,-6,7,1,0,0,-16,4,-5,7,-4,-4,1,-10,6,-19,5,-1,4,-2,-3,-4,-9,-33,0,0,2,1,-10,-6,-7,11,0,-4,-2,-4,1,-8,-1,10,7,-7,-4,-7,-2,-7,-3,13,-3,-9,-16,-6,-4,0,7,15,-3,-2,-10,-11,1,-9,-7,11,-1,-3,-11,-12,-2,-2,5,4,-1,-10,-14,-9,-11,-3,7,-31,0,-11,-11,-2,3,9,9,-22,11,8,7,9,2,11,-6,5,-5,-1,6,14,2,-4,-2,8,0,1,-17,1,-1,-3,-9,14,1,-13,2,7,8,8,-7,13,7,-19,-8,3,10,7,-12,17,3,-1,-3,5,1,2,4,11,16,4,13,-11,11,-6,3,-18,-3,5,9,1,-10,0,-15,-10,9,16,-4,8,4,-2,0,-1,1,1,-2,-1,0,-2,0,0,1,-13,-6,0,-1,0,1,2,2,1,1,1,2,-1,0,4,-2,-1,0,-1,2,0,2,2,0,1,0,-1,0,3,3,-2,4,0,0,0,2,3,8,-56,4,2,1,1,3,1,-1,-2,0,-1,1,2,0,-2,5,4,-5,4,-1,3,5,3,4,4,-4,3,6,2,1,0,1,5,2,4,-4,4,4,-5,6,-11,8,-10,6,5,0,2,-23,3,-20,7,-15,1,6,-20,-77,-2,-75,-20,3,-16,5,-94,6,-57,-5,-89,-5,3,6,-27,17,-115,15,-24,5,-1,4,9,-23,9,-5,12,-7,4,-2,-9,4,-7,1,-14,4,-3,-19,5,-17,10,-11,3,-10,-21,-80,-11,4,-15,8,-8,-14,-103,8,-21,-13,8,-6,-18,-83,2,-14,-109,-27,-5,-25,-111,8,-5,1,11,-72,-54,-79,8,-6,7,-9,-7,-45,-126,-25,-11,11,-6,5,-4,0,-74,0,-9,-1,-5,-2,0,-8,-65,-2,-6,-7,-5,-5,-8,-5,-68,-7,-11,-9,-6,-4,-7,-5,-67,-5,-7,-8,-5,-10,-10,-5,-56,-11,-12,-15,-17,-5,-7,-12,-72,-10,-13,-12,-3,-8,-23,3,-73,-9,-26,-18,-16,-13,-57,-15,-109,-19,-57,-46,-29,-22,-20,-21,-62,-18,-22,-19,-20,-21,-9,-37,-50,-23,-16,-27,-24,-21,-19,-31,-56,-28,-24,-29,-26,-44,-22,-24,-80,-32,-25,-29,-72,-15,-17,-16,-66,-33,-25,-52,-17,-8,-40,-33,-70,-33,-45,-22,-10,-26,-16,-49,-35,-55,-14,-13,-14,-22,-46,-16,-99,-27,-54,-33,-29,-19
-2,1,-1,2,-2,2,-1,-1,-2,-9,-2,3,5,7,5,2,-6,-12,-3,5,5,2,4,1,-5,-21,-2,3,5,2,2,0,-21,-11,-6,-1,-2,0,-1,-2,-16,-14,-9,-3,-4,-2,-10,-4,-18,-21,-16,-6,-8,-4,-5,-25,1,0,2,-2,-1,2,2,-1,11,2,7,13,7,16,13,19,-6,9,5,6,6,12,9,15,-2,10,3,10,11,10,12,15,-4,7,7,6,12,11,13,15,-3,7,5,10,8,13,11,11,-13,8,13,9,10,12,9,13,-10,5,5,5,9,12,11,10,-2,-10,-1,-1,7,5,2,8,-12,13,1,7,-2,9,0,12,1,-3,3,5,9,3,9,9,1,6,-2,2,4,8,7,4,3,-4,6,-3,4,8,12,-2,-8,1,-9,7,6,6,8,9,10,0,3,5,4,5,6,4,3,8,7,7,6,4,-27,5,6,3,5,4,-1,5,3,1,5,-11,0,-2,-3,1,-1,-1,3,-12,-17,0,-4,2,9,1,0,-9,-4,4,1,2,-2,2,-3,-5,-3,-7,-7,-3,-2,-6,-6,-6,-7,-4,-5,-3,-7,3,-3,-7,-7,-6,-19,-3,-1,-2,-4,-5,-7,-30,-10,0,2,-3,1,-6,-9,-7,-1,-5,-3,-9,-2,16,11,31,8,-3,25,-5,-5,18,12,19,17,16,9,9,-4,-2,10,32,23,16,-4,-4,-8,-2,-5,7,19,55,11,14,5,-5,-11,2,23,17,20,23,5,24,5,10,13,26,6,20,-15,33,17,13,-1,4,-6,0,8,-18,-10,14,2,10,18,19,1,2,-1,0,2,-2,1,1,-44,-55,-49,-3,-37,12,-50,2,-61,-29,-21,-9,0,3,-3,0,-41,-37,-11,-4,-4,-1,-4,-1,-37,-41,-5,-5,-2,-2,-2,0,-37,-28,-7,-5,-3,-3,-2,0,-50,-26,-10,-6,-3,-5,-4,-1,-2,-1,-1,-2,-2,-2,-2,2,-29,-28,-30,-19,-24,-20,-24,-23,-10,-32,-23,-22,-24,-25,-24,-28,-19,-23,-21,-19,-23,-25,-23,-22,-22,-24,-24,-20,-20,-22,-22,-23,-20,-25,-22,-19,-20,-20,-23,-19,-17,-26,-15,-21,-19,-19,-21,-25,-24,-22,-20,-21,-18,-20,-20,-25,-25,-17,-18,-23,-24,-21,-20,-21,-8,-10,-4,-13,11,-12,-4,-13,-10,-7,-10,-2,-7,0,-5,-5,0,-13,-5,-7,-4,-9,4,-10,-13,-2,-11,-8,-12,-1,-7,-4,-3,-15,-6,-11,-2,-5,-2,-5,-9,-6,-7,-1,-7,-2,-7,-4,-5,-10,-2,-4,0,-9,-4,-10,-14,-10,-8,-1,-8,-1,-11,-5,-11,-13,-8,-13,-13,-13,-18,-11,-14,-14,-9,-12,-11,-13,-15,-14,-13,-13,-8,-8,-12,-16,-14,-14,-16,-15,-9,-8,-12,-14,-18,-12,-10,-10,-10,-9,-9,-9,-11,-8,-9,-14,-11,-8,-10,-11,-10,-7,-5,-8,-9,-10,-14,-12,-14,-10,-10,-8,-10,-12,-14,-15,-11,-16,-6,-27,-22,-19,-16,-14,-28,-12,-11,-9,-7,-16,-11,-46,-23,-8,-12,-20,-19,-7,-11,-23,-12,2,-6,-22,-17,-14,-12,-11,-4,-16,-14,-18,-25,-2,-10,-14,-13,-9,-5,-13,-10,-5,-7,-8,2,-5,2,-15,-1,2,6,-8,-3,-4,-13,-23,-3,6,-10,-23,-16,-15
0,1,-1,2,1,1,2,0,2,3,2,4,1,1,-4,5,6,7,6,7,-1,8,1,4,4,6,9,4,1,-2,2,2,9,11,8,4,8,6,3,5,2,9,14,9,2,10,7,8,7,6,10,3,16,3,21,5,2,0,1,2,-1,2,-1,1,6,-2,-3,7,0,-9,-7,9,9,6,5,4,-3,6,5,6,-8,13,7,14,3,4,7,8,3,11,9,7,19,2,9,6,8,6,21,2,10,15,12,11,14,9,9,8,1,19,5,-3,12,16,15,2,11,-9,1,3,12,12,9,4,6,8,-2,1,5,-4,1,4,2,-3,5,7,5,8,5,8,2,5,-5,10,9,11,13,5,3,7,3,1,-1,12,12,8,17,17,16,-3,10,13,18,9,7,10,14,2,3,9,11,14,16,6,7,7,2,7,7,5,6,16,8,0,7,0,10,6,6,11,4,4,9,4,7,13,13,14,5,7,5,9,11,12,15,0,14,10,3,11,8,12,3,13,2,5,9,17,11,25,13,13,18,8,7,20,11,21,20,14,13,20,20,13,14,25,25,19,14,26,25,11,26,19,19,17,14,20,13,21,11,12,5,11,10,20,11,-4,10,17,20,19,16,16,15,9,11,15,8,4,2,28,23,17,21,15,-3,6,11,16,21,24,20,22,31,22,15,-5,28,35,26,34,19,27,23,18,51,39,29,38,29,36,33,8,43,42,35,29,39,30,35,34,36,31,43,37,40,31,34,26,0,2,-2,0,1,2,1,-1,18,-7,8,14,-2,-12,-2,20,1,1,-1,3,-3,-2,2,7,1,4,3,6,-1,4,4,4,-3,3,0,-4,4,-2,1,-1,-6,-4,2,-3,-1,-3,-2,-4,-5,-8,-10,-20,-16,-9,-6,-3,0,1,-1,-1,-2,2,2,1,4,-3,-9,5,-16,-5,1,10,-4,1,-4,-1,-19,-2,-12,12,1,-1,-15,-1,-4,0,1,3,-7,-2,4,-10,-6,-14,6,2,-6,-3,-5,-7,-6,1,-3,0,-5,-4,-1,3,-13,-6,-3,-2,0,-2,-10,-7,-10,-11,3,2,-3,-10,-6,-9,-1,-7,-3,-5,3,-3,4,-1,-11,-3,0,0,-1,0,-7,10,0,16,1,17,0,-13,6,2,3,-21,12,-4,1,8,-3,2,-2,-5,-9,4,-21,9,15,-1,-2,-10,8,-13,4,1,-8,3,-7,2,-15,-3,3,-1,-9,-15,-7,-13,7,2,2,1,-18,0,-5,-7,-16,3,11,-15,8,7,3,-17,1,0,-2,-3,-9,-8,-5,-10,-9,-5,-22,-6,-1,-6,3,-6,7,-6,5,21,5,-18,4,-2,2,5,5,2,7,4,-9,-5,-9,6,8,-1,8,5,5,4,8,3,-17,-6,-7,-4,-12,-16,-11,-5,-10,-12,-10,-6,-5,-2,-3,-4,-8,-10,-4,-19,-7,1,-3,20,-19,-43,-63,0,-17,34,-6,-6,-22,-8,2,-10,1,-32,8,-5,-2,31,-4,-2,5,-15,-4,11,7,-5,13,7,-10,-21,-9,-5,13,12,4,11,4,4,1,-1,-5,7,-14,-5,-14,-13,-8,-2,1,-6,-19,-19,-9,-1,-5,5
1,-1,-1,-2,0,1,1,2,-3,-4,-6,-3,-3,-1,-4,-2,2,4,3,4,-1,9,1,-1,-2,-1,3,1,-2,-2,-11,1,5,4,-1,3,5,7,1,-4,-3,7,5,-3,4,2,7,2,28,18,13,9,15,5,14,8,1,0,1,1,2,2,0,0,-4,0,13,4,1,-5,-3,-6,-3,-5,-6,-1,0,3,1,5,-4,-3,8,15,11,-3,0,-9,7,-9,8,-14,1,0,14,-6,-5,5,6,4,19,-5,9,2,-3,12,20,10,6,18,14,-2,2,-3,14,34,10,-7,3,7,12,19,-11,-9,2,13,3,-6,-2,-6,-3,2,11,3,-5,6,-4,-6,3,-1,2,5,1,-8,13,-8,6,16,-7,10,-5,10,-4,15,-3,2,10,-2,-8,2,12,9,14,2,6,21,4,-4,2,4,0,17,3,0,13,7,3,14,-1,21,19,-8,6,10,1,11,10,-1,3,14,-15,0,3,8,12,3,-3,5,13,3,15,9,-4,3,9,7,23,12,-2,-1,0,17,8,21,13,4,8,13,16,5,-8,10,5,15,5,2,2,6,6,3,11,5,17,9,15,-4,18,16,18,12,7,-1,5,-2,8,15,8,10,20,6,4,15,9,-2,17,13,13,13,10,16,14,8,9,19,18,-3,10,-1,21,9,28,20,-1,0,7,24,1,23,5,36,10,20,19,-3,21,8,29,38,9,13,-7,3,12,35,13,16,7,9,5,17,-1,1,38,15,14,12,18,22,19,16,7,2,17,11,16,18,20,24,23,6,1,0,1,1,-2,1,1,-2,-21,-22,-9,-17,-9,1,11,4,-7,2,0,-3,0,-13,5,-21,0,0,-2,2,-5,2,-3,-5,-3,0,1,-7,10,-5,-1,-5,-3,0,1,-6,10,0,-6,-3,-1,2,-1,2,-3,4,-6,-6,1,-1,1,-2,2,-2,1,2,1,3,-9,-1,-15,10,9,0,-6,-13,1,-12,-18,-24,12,-8,9,1,-2,-5,-14,-11,-11,-3,4,-3,5,1,14,-65,-4,-17,2,-3,-15,-9,-9,-9,-11,-8,-2,-6,-4,-14,2,-7,-2,-13,3,-5,1,-4,-10,-5,-1,-7,1,-2,-12,-13,6,-6,-14,-4,3,-19,-10,-6,8,-25,0,-30,-5,5,5,-11,-14,-17,17,0,-6,1,4,-7,3,-23,-3,-9,1,-1,-17,-1,-27,-4,-5,5,-2,-10,-4,-17,1,-5,-5,-18,-2,3,-20,-6,-2,1,0,-1,-4,-18,0,6,-6,-7,-2,4,-22,-7,9,0,11,-4,-12,3,-19,-5,-17,-3,4,-15,-20,-21,-2,-3,-9,-54,-1,15,42,-17,-11,-19,-18,-4,-12,-19,-38,-21,5,8,3,2,15,-7,4,-8,11,-4,-2,-3,-3,-6,-31,-12,2,5,-10,-5,1,-8,-13,-9,-2,-12,-16,0,2,-15,-13,1,-3,0,2,-4,-7,8,-18,-12,-11,-18,-48,-8,-16,-26,-25,-26,1,1,4,-37,-5,-6,44,-12,-26,-26,-13,-47,-37,-16,-23,-15,11,22,-4,-2,16,-31,23,-23,4,-28,-19,-15,-6,-9,-36,-9,8,1,-1,-9,11,-3,7,-18,5,-10,-10,8,-6,-13,5,18,0,11,11,-9,3,31,-5,-10
-2,1,-1,-1,-1,1,-2,1,3,-3,3,5,5,-2,9,-3,-1,2,-16,2,-12,-2,-1,-2,3,3,0,0,1,-5,-3,-2,0,-1,-2,-2,0,2,-2,-2,0,0,1,-5,-4,1,0,3,8,-11,0,-11,-27,-2,-2,-21,1,-2,1,0,-2,-1,-2,1,-10,12,9,12,0,-4,10,-5,13,7,0,-3,19,15,10,-1,-5,-17,7,-8,-1,-7,9,-7,8,1,-3,-2,-5,0,-4,5,-6,3,14,-3,4,-13,4,-8,-4,-3,-8,5,-26,-7,-3,-25,-10,-6,-10,-25,-9,-4,-15,-6,-6,-30,-13,-14,-23,-27,-20,-7,3,-22,-1,-6,0,-6,-4,10,-7,-4,20,10,3,-6,15,-8,-4,-17,-8,-11,-2,14,-6,-24,-10,0,-2,5,12,-3,-16,-2,0,-8,1,13,8,-19,-2,-15,1,-4,17,1,-8,9,-13,1,-27,1,-7,-20,-6,-33,4,-55,3,6,-11,-11,-8,-9,-17,10,1,-2,13,-5,8,0,6,1,10,2,6,2,13,10,-1,5,10,10,7,11,15,-10,16,20,-5,3,9,18,7,0,11,12,-10,-8,4,9,12,-5,5,4,-13,-5,-1,-7,-2,-13,-13,2,7,-15,-1,-6,-5,-16,-15,9,-9,17,-1,3,18,2,-25,7,12,3,7,-14,-2,-11,1,6,10,8,13,21,2,-21,-15,3,-5,16,4,-6,13,1,9,13,-15,17,30,4,1,-26,11,-2,23,-2,25,17,32,17,7,12,6,7,8,19,-11,5,-6,4,-16,3,-6,-3,-6,-6,-27,-12,-16,6,11,8,-12,8,-6,-2,0,0,1,2,0,0,0,-1,-24,-11,12,4,22,-25,12,-1,-11,-4,15,-5,25,-27,7,-4,-10,-20,14,-23,21,-14,5,-3,-5,-7,7,-14,1,-10,0,-1,-5,-6,5,-9,3,-6,3,-1,-4,-3,6,1,2,1,3,-4,-2,-1,-2,-1,2,-2,0,-1,-8,0,-24,-13,0,-16,-2,-1,-11,4,-2,6,-26,-3,-14,-6,-7,-5,9,4,-5,1,-9,5,9,-13,-9,-9,2,-9,-6,2,10,-16,5,-6,-2,-13,0,-2,-4,-2,-8,-12,0,-2,0,-2,-7,-8,4,0,-8,-6,-14,-3,-7,-2,-4,0,-2,1,-6,-2,-19,-9,-9,-22,-5,-26,-14,-3,-6,-7,4,-50,6,-14,-6,-16,-13,1,22,-1,-5,13,-11,5,0,-2,-7,-16,1,-7,-10,-12,-22,-11,-10,-9,-22,-3,-6,0,-8,-11,-9,-8,-9,-18,-9,-6,-14,-4,-9,-6,-7,-11,-13,-15,-1,-3,-2,-1,-9,-6,-2,-22,-10,-11,-1,-18,-11,-20,-13,7,-17,-17,4,-15,-15,-8,-1,-20,-22,-2,26,3,4,14,1,0,6,-9,-12,-17,12,-13,-11,3,-8,7,-15,-5,-11,-30,-16,-7,-6,-6,-9,-15,-18,-5,-3,2,2,7,-4,-6,-1,-1,5,-5,-6,-5,-5,-4,-10,-1,2,4,-33,-23,6,5,-8,-55,-40,25,1,-35,-18,-30,-5,-36,-11,-13,-46,-10,38,4,-2,34,-15,12,11,-25,-33,-45,24,-35,-63,-47,-8,-1,-30,21,-31,-45,-28,-26,-11,-26,-24,-30,-30,-38,-9,-6,-21,17,-30,-25,-32,-32,-14,-28,10,-21,-14,-18,-25,-20,-21,8
1,1,-2,0,-2,-1,-1,-2,0,-1,0,-2,1,-2,2,8,-1,-1,-2,-1,-2,0,2,14,-2,-2,-2,-2,-2,-5,14,41,-2,-1,-2,0,-1,5,22,51,0,0,2,1,0,-6,4,-54,3,-4,3,-3,-8,2,5,-38,2,-2,-1,1,0,-1,1,-2,-5,-8,-3,-9,0,-3,-3,-11,-4,-7,-4,-3,-1,-2,-6,-7,-13,-7,-6,-6,-3,-3,-8,-1,-8,-9,-8,-3,-9,-6,0,-4,-10,-10,-14,-12,-8,-4,0,-14,-8,-8,-9,1,-3,-6,-9,-7,-7,-13,-14,-18,-4,-1,-7,-18,4,-17,-8,-6,6,-8,-10,-6,1,0,1,-4,-1,-2,1,-7,2,-2,3,-2,-3,-3,-3,-11,0,-6,2,-3,1,-6,-2,-3,1,-9,-3,2,1,0,-4,-7,-5,-6,-6,-1,3,1,0,-2,-4,-4,4,-5,0,1,3,0,-7,-9,-9,-6,-2,-1,7,-1,-4,-2,5,-8,-9,1,-2,-2,2,0,2,3,1,5,7,10,-2,1,0,0,3,0,3,8,-4,-4,2,2,0,2,2,7,-4,-4,1,-1,6,-2,0,1,-4,1,0,-6,2,-4,-5,-21,-7,-17,-10,-3,-6,-6,-11,-18,0,-2,-7,-8,3,-4,-1,-10,-4,-5,4,-2,-2,-3,-3,-8,13,5,14,6,-3,1,4,-4,0,7,11,9,2,5,6,-1,5,0,-2,8,-7,-16,3,1,-18,7,-12,-29,6,-3,-6,-31,5,11,2,3,-20,-5,-8,8,7,15,-1,-12,-7,-5,-25,-2,0,13,0,-5,-18,-17,-33,-10,-6,-1,-13,-10,-9,-3,-7,-3,1,-1,0,2,-1,2,-2,2,-23,-18,-10,-13,-22,-6,-10,-21,-8,-1,-8,-5,-5,-1,-4,-8,-1,-1,-1,-1,2,2,-2,-16,2,3,1,3,1,4,-16,-56,2,3,3,2,3,0,-37,-94,3,3,4,2,2,1,-31,-41,-1,0,0,0,0,-1,-2,-2,3,6,0,1,-1,1,1,1,4,3,3,3,0,-4,-3,-1,7,3,1,-1,-2,-2,-18,-19,3,2,2,0,-5,-10,-12,-8,3,2,1,-3,-4,-18,-5,-60,3,2,-2,1,-6,-9,1,-33,1,2,3,-5,-2,-11,-10,-14,2,2,-3,-3,-6,-10,-48,-15,-15,-14,-21,-23,2,-9,-10,-4,-9,-14,-17,-32,-13,-6,-10,-7,-4,-10,-13,-13,-20,-13,-4,-10,-8,-4,-7,-12,-4,-29,-23,-18,0,-7,-3,-4,-15,-3,-13,-32,-2,1,-4,-4,-6,-12,-20,-63,-4,-6,-2,-4,-11,-25,-27,-19,-3,1,-3,-5,-18,-18,-6,-17,-13,-12,-14,-22,-16,-13,-20,-28,-13,-10,-12,-12,-17,-14,-25,-32,-13,-12,-19,-12,-16,-18,-25,-35,-12,-13,-15,-10,-18,-16,-16,-55,-10,-9,-11,-13,-15,-25,-11,-36,-12,-8,-16,-11,-12,-11,-10,-41,-10,-13,-14,-15,-18,-17,-16,-41,-15,-17,-14,-18,-15,-16,-12,-34,-32,-32,-35,-55,-59,-52,-73,-34,-44,-34,-33,-35,-42,-42,-32,-50,-42,-48,-44,-67,-45,-35,-41,-40,-57,-29,-33,-28,-39,-72,-31,-38,-14,-46,-39,-31,-47,-36,-6,-68,-35,-35,-47,-37,-30,-43,-8,-73,-38,-25,-26,-40,-26,-39,-51,-44,-40,-27,-14,-34,-36,-51,-28,-59
2,-2,1,1,1,0,1,1,4,4,4,4,3,5,4,4,3,4,2,3,2,1,4,3,5,2,2,3,1,1,0,2,1,0,1,-1,-2,-1,-3,3,7,7,1,3,-1,-3,3,3,7,9,13,2,7,4,9,5,0,-2,-1,1,-3,-1,1,2,9,8,12,11,12,11,9,8,6,5,14,11,12,12,4,8,9,8,10,7,10,9,7,6,4,10,8,12,6,8,5,7,6,10,11,13,9,11,11,2,3,6,15,19,8,6,5,-6,5,3,-1,-13,14,3,6,-4,4,1,-6,1,-3,-3,12,4,8,10,10,9,10,10,11,13,11,12,10,10,12,14,11,7,9,11,12,12,14,10,13,9,6,9,11,13,12,9,8,6,6,8,8,12,11,12,8,12,11,9,10,11,10,10,14,10,10,10,-14,9,3,12,7,8,11,5,4,13,13,5,7,9,18,19,24,19,17,20,19,18,18,16,18,16,15,19,17,19,20,19,19,17,19,20,17,18,19,21,18,12,14,19,17,19,20,21,15,14,17,21,15,17,18,19,20,14,17,22,16,15,19,17,15,16,17,19,18,16,18,16,20,16,17,18,18,14,35,31,36,31,35,39,23,39,38,31,31,31,35,42,30,28,35,34,32,32,38,28,34,32,35,39,30,30,36,36,37,34,37,28,41,36,31,39,13,35,40,38,34,27,39,44,44,32,33,35,23,41,45,37,24,27,21,24,41,8,30,24,23,31,0,-2,2,2,-1,2,0,-1,1,6,9,-28,-5,-2,-13,6,-3,-8,-4,-6,-6,-5,-13,-1,-5,-6,-2,-6,-7,-5,-9,-4,-3,-4,-5,-3,-4,-2,-6,-3,-2,-3,-4,-3,-2,-2,-2,-1,-2,-2,-3,-4,-3,-1,-3,-2,2,-2,-2,2,-2,1,0,-1,-13,-24,-17,-26,-12,-20,-14,-15,-18,-6,-21,-30,-18,-17,-9,-15,-20,-18,-14,-16,-11,-13,-21,-10,-11,-16,-12,-11,-15,-12,-18,-10,-13,-10,-13,-15,-15,-12,-11,-13,-11,-10,-11,-13,-8,-13,-10,-12,-11,-13,-11,-13,-10,-8,-13,-11,-7,-11,-9,-12,-12,-8,-10,-2,-11,-7,-18,-16,-18,-16,-11,-15,-11,-14,-14,-30,-16,-13,-16,-9,-18,-6,-17,-19,-18,-15,-16,-14,-8,-12,-15,-11,-17,-14,-11,-15,-5,-8,-8,-13,-11,-13,-16,-11,-12,-11,-15,-12,-12,-11,-11,-16,-6,-14,-10,-13,-12,-10,-13,-14,-14,-12,-12,-11,-12,-13,-11,-9,-16,-18,-29,-27,-20,-25,-18,-18,-18,-19,-21,-26,-17,-21,-17,-19,-23,-24,-22,-22,-20,-21,-18,-20,-19,-20,-20,-19,-23,-17,-24,-21,-20,-22,-18,-21,-19,-21,-18,-19,-23,-24,-24,-22,-21,-24,-21,-23,-19,-21,-19,-24,-22,-23,-20,-22,-20,-19,-18,-21,-19,-21,-19,-21,-30,-24,-32,-43,-34,-31,-20,-33,-21,-14,-14,-21,-18,-13,-16,-19,-9,-10,-19,-31,-21,-19,-18,-14,-22,-17,-13,-17,-22,-13,-15,-27,-25,-19,-10,-21,-16,-21,-14,-16,-20,-30,-22,-26,-23,-25,-23,-24,-27,-27,-30,-27,-30,-27,-24,-25,-24,-34,-30,-31,-29,-30,-22,-28
1,1,0,2,-1,-2,1,-1,-1,1,-2,3,-3,-3,4,0,1,1,1,-3,5,-11,2,0,-1,4,3,1,-1,-16,-4,-4,4,3,2,-1,0,-11,-12,-7,-2,-4,4,-2,-5,-7,5,4,5,2,17,5,-8,-13,-21,-14,-2,-2,1,-1,1,-1,2,-1,-4,2,-12,5,-3,0,-1,-6,-1,4,3,2,0,-3,8,-2,1,-5,-5,7,-2,-11,-4,12,-1,5,3,-4,-9,9,5,-8,-3,-1,2,-2,1,-14,9,3,6,-1,13,-15,10,2,-1,-3,7,6,-2,9,-8,-7,3,18,1,-3,-4,-3,-6,-2,-2,5,0,7,-5,1,-3,0,8,0,6,-7,2,-2,2,1,4,6,-4,0,2,-4,5,2,15,5,-4,-10,3,1,2,-7,5,4,-7,5,9,-1,-3,-13,-14,-10,4,2,9,5,-19,0,-9,1,9,-7,24,2,0,7,-4,-9,-4,-15,-3,-1,0,-5,-15,0,4,6,6,6,5,12,6,6,4,3,12,7,6,28,7,6,2,4,-13,9,8,26,13,7,8,2,6,15,15,29,15,16,10,8,12,7,12,24,12,16,8,9,7,9,-2,11,4,2,11,20,3,16,4,16,11,20,16,16,12,6,18,18,20,19,7,12,8,14,12,16,20,26,7,-3,15,14,20,33,14,27,19,-1,-3,22,26,38,40,20,9,-14,9,29,15,31,35,23,15,11,9,20,9,7,42,36,1,7,13,4,-4,-11,31,40,19,-5,27,8,25,-5,11,23,21,11,24,1,18,11,18,23,2,2,1,2,0,-2,0,0,-28,17,11,0,-35,-13,-6,-10,4,2,6,-1,-8,-13,-6,-8,6,5,3,2,-3,-16,-4,-3,1,-1,4,5,-5,-14,-12,-7,0,4,0,5,6,-3,-6,-6,-2,1,2,0,0,0,-1,-3,0,-2,-2,0,1,-2,-2,2,-2,10,-2,1,-21,-6,16,-3,-1,0,4,-15,-11,3,11,1,-15,-9,-3,-4,6,-9,2,0,7,-4,-5,-8,-11,10,-8,-3,-2,-3,0,14,-18,-17,-20,7,-3,3,-7,-8,-10,-13,-18,-2,-10,-6,-7,-3,-9,-5,5,-1,7,-8,-9,-14,-6,-1,-1,2,0,1,-8,-4,-2,-5,2,4,-11,-3,-19,-3,-8,3,-9,-3,-4,-15,-2,-14,-2,-6,-14,-4,-10,10,-1,-16,-20,1,-13,-13,2,-10,-1,8,-21,-26,-23,-5,0,0,-2,-4,-5,-10,-50,-29,2,-2,-13,-2,-12,-3,-13,-3,0,-6,-1,-4,-10,-8,-1,-1,-12,1,-14,-7,-9,-6,-5,-3,-9,-7,-9,-12,-5,-4,-9,-6,-21,-24,-31,-15,-6,-8,-32,-10,-8,-7,-12,-7,-7,2,-21,-16,0,-9,-10,7,-8,-47,-20,1,10,6,-8,8,3,-11,-31,-34,3,-2,-4,6,-10,-14,-6,-2,-4,6,-3,6,0,-1,-8,-9,-31,-14,-30,-17,-28,-7,-21,-31,-31,-21,-25,-22,-19,5,-17,-27,-32,-22,-18,-30,-5,2,-28,-13,-20,-42,-27,-47,-46,13,-22,-14,-3,-23,-16,16,-32,-17,-29,7,2,-13,-14,-14,5,-12,-31,-26,1,-6,-14,1,-33,-8,-19,-6,-12,3,3,6,-6,5,-13,-17
2,0,0,0,-2,0,-2,-1,2,1,4,-2,1,2,3,1,2,0,3,0,2,2,3,0,2,1,-1,-2,-4,1,5,3,4,-2,5,-69,-2,-1,4,2,7,1,-9,-2,-10,8,11,10,8,7,14,5,12,5,8,4,0,1,-2,-2,0,-2,-1,-1,-17,3,-5,9,6,0,1,2,9,-4,10,3,5,1,13,5,-2,-2,26,3,24,-1,1,1,1,34,5,3,3,23,3,8,-9,1,-1,27,4,11,2,13,4,15,-5,10,-15,29,4,9,-2,-13,33,14,22,0,2,9,6,-9,4,-16,9,0,5,2,-2,11,0,0,2,1,-2,14,23,-1,6,0,5,0,7,-4,-1,21,-1,5,2,6,-1,-1,11,4,23,2,16,6,4,1,-5,6,6,38,-2,12,5,8,11,1,17,9,-3,2,16,5,-2,19,0,13,4,18,7,7,39,10,-11,6,16,6,21,4,1,5,8,8,6,7,5,4,2,-10,-3,5,9,1,3,4,2,16,5,14,13,6,5,5,-11,12,-1,8,21,6,-1,-1,-1,5,-6,28,16,14,5,3,13,17,9,9,3,0,0,8,-1,4,5,15,6,12,12,-1,11,13,-4,21,11,3,9,7,12,11,4,8,-3,7,19,11,25,9,9,9,9,8,11,2,4,27,3,21,9,15,6,-14,2,-15,29,14,29,12,14,9,13,29,27,51,34,20,15,10,17,19,37,23,26,26,22,20,9,17,16,22,23,30,-27,18,44,13,21,25,25,11,29,10,-2,1,0,1,1,1,2,1,-17,3,7,-12,2,-10,-2,-9,-5,-7,7,0,1,-4,1,-5,-2,0,2,-3,3,0,4,-2,-1,6,2,1,0,6,2,2,0,1,-60,13,-69,4,1,0,-3,4,-7,19,-13,2,0,-1,0,1,2,1,1,2,1,0,-6,-12,-6,4,2,2,-12,-1,-14,-7,-8,-2,-5,0,-1,0,-9,5,-18,-6,-12,-2,-1,-4,0,-19,3,-5,2,-18,0,2,-9,-10,-1,10,-5,5,3,-5,-8,-9,-10,5,-12,-17,-3,-2,-10,4,-25,1,-19,1,-6,-4,8,-7,-5,-8,-1,-1,-7,9,-8,11,0,7,5,3,1,-18,-10,2,-6,-12,2,-2,-15,-4,5,-2,-6,9,7,-14,-1,-4,-6,4,-23,6,-16,-2,1,0,-7,-10,-1,7,-11,-3,1,5,-2,14,-38,6,-29,5,1,-2,-2,-34,3,-3,5,-15,1,-5,-19,-10,-1,-1,7,0,0,-1,-5,12,-3,-5,-4,-16,2,0,-2,-2,-1,-8,-3,1,0,0,2,9,2,9,16,3,0,2,-1,8,-9,3,-1,5,-6,6,-7,-3,-12,10,-18,-14,2,-7,-12,-1,-14,-15,-12,0,0,0,-5,0,-1,-5,2,5,9,1,2,-1,-13,-4,0,-6,6,-1,-2,7,2,-10,7,-23,-8,-6,-11,7,-7,-45,-17,-14,-16,3,-1,10,-7,7,12,-4,-6,-7,-6,6,-6,3,8,7,-11,-7,-8,-8,-9,10,-7,-7,-3,4,-13,3,-14,-15,-18,2,-4,-3,-10,-5,-5,-18,0,-9,-8,-17,-13,4,-12,-12,-2,-12,-5,3
0,2,1,2,0,-2,1,0,5,0,3,1,5,0,-5,8,7,-2,9,-2,-3,0,-1,2,4,-7,10,4,0,6,-4,8,4,-3,20,-9,10,11,-3,21,3,-3,-9,-11,1,-10,-14,5,-2,6,8,-9,-3,-22,26,-3,1,-1,-1,0,-2,-1,-1,-1,-11,4,0,-1,-6,14,2,5,12,-5,3,5,-2,-10,0,-7,-7,-3,-2,2,-5,13,-7,-3,-13,-2,-4,-4,16,3,-17,14,-1,6,-7,-1,13,10,-13,-8,1,6,8,-4,22,-17,18,16,-2,0,-5,-7,16,33,-14,-13,1,-10,1,-11,6,19,-18,12,2,9,-3,-7,10,-1,11,-14,2,-3,-2,2,-5,18,-2,16,8,-7,9,6,-4,-3,15,0,-8,-8,-5,0,4,9,-28,22,0,-1,20,-8,12,0,-7,7,-8,11,4,3,-5,14,-3,5,-2,6,29,0,19,-6,14,1,-6,12,4,-21,11,33,-39,8,1,2,1,1,4,-2,6,6,4,-7,0,5,-2,0,16,0,-1,11,-6,7,1,2,6,8,3,-2,12,17,-22,1,6,2,9,-23,-16,-6,7,-2,11,9,9,-1,2,9,14,15,16,16,8,10,0,29,-2,-3,17,19,-3,18,-21,19,-10,4,29,-15,3,2,2,-1,12,12,20,4,3,-1,-3,2,-5,6,14,19,-1,3,5,-2,-8,-3,14,12,-4,-2,-13,1,0,5,-5,23,-11,-33,3,-1,8,-18,15,9,2,-7,31,-24,12,22,-6,15,10,-2,24,30,7,3,36,19,4,-1,13,13,29,5,12,16,1,2,-2,0,-2,1,-3,1,-12,-5,-18,-2,5,0,-17,-19,0,3,1,8,-10,3,-2,-2,1,0,-7,-1,1,-2,-6,0,-2,1,-5,3,2,3,0,0,2,2,3,1,-2,0,6,-1,-2,-1,-3,5,2,-4,-3,-2,2,0,0,0,0,0,-1,0,-9,-5,-13,-8,3,-11,2,3,-10,-8,-20,24,-16,-8,-8,10,-18,-13,17,2,-22,-30,10,0,-1,6,-12,4,-12,-8,-13,-8,-8,-1,-8,1,5,-7,12,-25,-7,3,-3,1,-23,-4,17,-4,4,6,-7,-3,-5,-14,2,-8,5,-2,-12,-1,-3,-6,-3,9,1,-24,-1,-5,-11,0,3,-8,0,-10,-14,-7,3,-33,3,4,1,1,-2,4,-30,3,19,-1,-7,11,-10,-1,-1,-16,-12,-3,-7,-1,-6,-1,1,-9,6,-15,-4,8,-4,15,-14,-9,23,-8,0,-2,-3,-1,-6,-6,1,-12,2,0,0,-4,-15,0,0,6,1,-21,0,-21,12,-2,-1,-15,6,-14,-7,1,-25,3,-8,3,-1,-3,-3,-18,-36,3,29,-19,-15,23,-9,-2,-14,-57,-24,-1,-8,11,-6,-9,14,-17,17,-18,3,17,-19,25,-30,-4,32,-4,2,-11,-17,-6,-12,-15,1,-15,-1,-6,-12,3,-5,-4,-12,6,-19,-33,-51,-7,11,-5,30,-10,-33,-52,-23,7,-55,-29,-18,41,-27,-12,3,-11,-40,-36,37,-38,-39,35,-23,-13,-63,-66,-27,31,-38,-7,-13,16,22,-14,34,-47,-19,1,-11,32,-38,-30,52,-23,5,-23,-22,-1,-9,-17,14,-19,10,-17,-11,10,-19,-4,-5,30
0,-2,-2,-1,1,2,-2,2,-1,8,5,-6,9,-1,7,-5,-3,10,-7,0,0,0,3,-4,-2,5,2,-1,3,-1,0,-3,-5,3,17,-11,11,8,-7,10,2,-11,-5,-3,2,-3,28,9,16,11,-11,-3,0,4,-34,13,1,-2,2,1,0,-2,-2,-1,-3,6,5,-8,2,-1,5,0,-1,16,3,-3,4,10,-1,-5,-1,4,5,-4,-7,0,-6,-1,-5,-9,17,-9,6,5,2,7,9,12,14,-8,14,8,14,-5,-10,23,-4,-4,-6,0,-13,-5,4,26,-11,-28,-3,5,-6,-3,-2,0,2,1,23,19,-16,11,1,17,8,3,5,5,-12,2,-3,13,25,13,10,-3,12,-14,3,1,11,19,-4,2,9,1,0,19,1,-18,28,6,15,-8,-9,7,4,-2,1,24,4,4,-4,-14,-3,-7,-5,-1,18,3,-23,-5,4,-6,0,-2,-11,17,6,3,-11,-3,11,2,12,6,-2,1,0,8,7,8,2,4,4,-1,0,11,-3,-2,-9,2,11,4,8,8,18,6,13,4,18,-2,-5,14,-3,20,4,-4,2,1,2,14,-9,-7,-5,-1,11,3,12,9,19,13,0,5,12,-1,4,16,7,15,11,1,6,3,3,7,0,6,10,3,5,4,2,5,13,2,3,-11,9,0,3,11,11,-9,10,-7,10,-2,7,7,2,-3,18,10,15,13,-4,2,2,-10,17,8,2,28,6,13,-24,17,-11,3,26,-3,14,-4,5,-4,23,10,8,6,25,2,22,28,13,16,19,4,3,-10,30,29,19,-7,-1,2,0,2,2,2,-2,-2,-21,15,7,2,-10,4,-11,-49,3,8,-7,0,-9,5,-10,-5,-3,-12,2,-4,-3,0,-1,-7,1,-7,5,2,1,0,2,-2,-2,-2,-4,5,1,-2,0,2,-2,0,0,-2,-1,-1,2,3,2,1,1,1,2,0,0,2,-4,-2,7,-3,2,11,1,-7,-12,-13,-2,13,0,-1,2,5,13,-11,-15,18,-15,6,3,0,-8,-11,2,-3,-4,-19,-7,3,4,-19,-10,2,-2,-2,-6,-9,-3,-10,-4,13,-11,-5,14,-3,-1,-3,-4,-3,-5,3,1,6,-6,-4,-10,-6,-4,-1,-2,8,-10,-15,-10,-2,-2,0,-10,-4,-9,-7,-16,-11,-3,-7,-1,-15,2,-10,0,14,-7,4,-17,2,6,-6,12,-11,7,-13,-1,-3,13,-16,-16,0,0,5,-19,-12,-3,-13,1,24,-6,-10,19,0,1,2,-2,0,-6,2,-1,14,-9,-7,1,-3,-15,-5,3,1,-9,-9,9,5,11,-3,-3,4,-15,-22,-15,-8,-13,-5,-36,-39,29,-35,9,29,-3,32,-31,26,19,-18,1,-3,-2,3,-19,-8,20,-23,-16,-5,2,12,-14,-12,-17,-26,-5,30,-21,-18,23,-10,-10,-3,-8,-5,-7,2,-7,23,-3,-9,2,-6,-11,-11,-5,-10,-5,-34,-9,-19,-34,-28,-25,-11,-20,-22,-50,-48,2,0,-30,-24,36,-45,13,40,-17,23,-49,33,26,-24,16,-12,14,-4,-26,-11,30,-33,-49,-15,-16,-8,-34,-31,-25,-30,-29,36,-49,-28,39,-46,-12,-18,-20,-12,-31,-9,-34,43,-3,-18,-23,-17,-34,-22,-22,-18
0,1,-2,1,2,-3,-1,-1,-4,0,-3,-4,6,1,1,1,-3,-5,-4,4,3,6,6,1,-3,6,-7,0,7,0,-1,-1,-6,2,-14,0,1,0,2,6,-6,5,19,-6,-11,-3,2,4,23,-6,-1,-12,-9,-7,14,-15,2,2,-2,2,1,1,0,-2,0,4,0,9,-4,0,-3,-4,-2,-6,-1,-6,10,0,13,-5,-5,12,2,7,-3,-3,-1,-1,-4,2,36,5,3,-3,0,-2,2,-3,-5,2,-4,27,-5,3,-8,-22,27,-5,-12,10,-13,-13,1,-3,-9,0,-1,-6,-9,-16,-3,-3,-3,-5,-15,-13,4,-8,6,-4,16,2,8,-1,4,-27,-16,7,-2,0,4,-8,-4,5,-3,1,5,-4,0,-1,-3,1,12,11,-5,3,8,24,-1,3,0,14,-23,1,7,5,4,6,14,-4,-1,-2,-10,-4,-2,9,10,-1,11,-2,-20,-7,-1,-6,11,15,8,-4,-2,1,-10,1,5,4,-1,7,4,-5,2,-4,7,1,3,-4,12,12,9,-3,4,1,7,3,-3,15,2,1,7,8,10,15,-5,-13,3,6,3,22,8,0,-5,1,9,-12,1,17,-19,0,1,6,11,-1,7,-8,3,14,5,5,-12,15,3,31,1,17,10,15,-14,-5,6,-1,15,6,5,-10,-9,-19,10,7,3,11,9,7,6,4,16,5,14,0,18,12,-5,-19,11,37,-10,34,17,20,13,-4,24,22,22,-1,18,-10,-1,12,24,34,-21,6,-4,26,2,3,21,5,31,0,6,8,34,26,8,10,36,-11,11,14,-17,21,-2,-1,2,0,-3,2,-2,1,-15,4,-11,12,-28,-8,19,-41,-5,3,-1,-4,3,-12,33,-27,-5,1,-2,-4,4,4,6,-5,3,0,-3,0,-7,-2,-5,2,2,-5,-1,3,-3,2,0,7,2,1,-3,1,0,-1,0,3,1,2,1,0,0,-1,-2,1,-4,-4,-10,-11,-27,-1,-10,-3,-6,0,-20,5,-15,-10,9,-10,1,-17,-7,-9,2,-12,16,-18,-3,1,-13,-9,4,26,1,-22,9,-12,-1,-2,4,-2,-26,-2,-1,-14,-6,1,-20,-2,-3,2,-7,9,-2,1,-2,-8,-7,-1,-3,2,-2,4,6,7,-1,11,-12,-7,-11,4,4,7,-13,8,-15,14,-4,13,-10,-45,8,-3,12,-10,-13,6,-1,-11,3,-6,-12,-2,1,-9,6,27,-2,-10,6,-5,-11,-14,-4,6,-5,4,-3,-16,-5,2,-3,-6,8,7,-2,10,-2,0,-4,-5,-2,8,2,-4,0,-4,-1,-5,-3,-7,-20,-30,-12,-14,-16,-33,-9,-38,-15,13,-3,14,5,-7,7,4,10,-22,-21,-3,10,3,15,0,-9,-20,-19,-9,3,23,16,-15,20,-11,-15,-7,-3,-11,-28,-9,-12,-15,3,-3,-14,-17,0,10,5,-3,-5,3,-8,-16,-3,0,-8,-2,-7,-4,-3,-8,-6,2,-32,-16,-12,-33,-30,-26,-36,-31,-15,28,-12,30,-54,-27,-16,-15,31,-52,-22,-9,11,-10,7,-31,-12,-28,-28,-30,-4,31,9,-24,26,-20,-35,-17,-5,-10,-52,-27,-8,-21,22,-2,-52,-47,-19,28,-17,18,-49,-1,-23,-29,4,-8,-23,3,-8,-16,-22,-38,-7,-22
-2,-1,-1,2,1,1,0,-2,1,-5,1,-3,-2,-3,2,0,-2,-4,-1,2,-4,4,5,0,-1,-3,-2,-3,-1,2,1,3,-1,-1,1,4,0,9,0,0,1,-3,-4,-4,7,0,9,-2,1,-5,-7,-9,-12,0,-8,3,2,0,2,1,0,0,1,-1,-20,2,-7,2,-11,6,-1,-1,0,0,-6,-7,-7,7,0,0,-5,2,3,-3,3,11,-3,6,-1,-12,-8,-4,-4,-7,7,5,-8,-8,9,-9,-6,4,24,-6,8,-8,-14,8,-5,10,11,3,1,-2,-8,16,-11,-6,-5,14,0,3,-4,15,-6,6,5,5,2,-2,3,-6,9,-3,-2,-2,-7,-2,1,2,4,3,0,2,1,-2,3,5,4,5,0,-5,-6,-2,6,-14,-8,0,-7,-3,0,-6,1,19,-3,10,0,-6,-4,-15,-2,-9,-2,-1,9,-4,4,-15,-4,-2,5,0,-10,-11,7,3,-4,-6,0,-2,-2,-6,2,4,2,4,4,3,8,4,0,-3,0,2,12,2,10,8,0,-1,0,-2,7,-5,-2,14,3,0,14,7,-2,3,22,15,-8,3,6,-1,6,-1,1,20,8,6,5,11,9,12,4,7,2,8,10,4,16,12,16,19,2,-1,2,10,-5,-1,-3,16,2,12,-3,3,14,-1,3,8,9,2,6,9,9,-5,9,9,2,9,1,-17,4,1,18,18,8,-14,-10,5,16,20,15,21,-5,2,3,20,4,-18,-14,8,4,15,14,12,22,18,8,18,19,15,27,11,15,15,-10,22,18,11,13,21,-23,28,4,9,-2,1,1,-1,-1,-1,0,2,-32,-35,-35,21,-71,-18,-5,1,-7,-10,-9,7,4,-4,-7,-3,-1,0,1,-2,9,-4,-3,0,0,4,-2,-1,0,0,-5,-2,3,3,-2,-4,1,4,-2,-2,2,3,0,-2,-1,0,-4,1,0,1,-2,-2,0,-2,2,-1,3,-1,14,36,-4,-13,-21,-1,7,-35,-3,4,-6,-50,-9,4,-11,0,-82,-11,-45,-16,-5,3,-4,6,-12,-5,-9,-14,-7,2,-3,-4,0,-12,0,-11,0,-2,-5,0,-4,-10,2,-6,-10,-3,-1,5,-6,-6,-8,4,-8,-1,-9,-1,-4,0,1,-2,-1,-19,-2,-7,-6,27,-7,-9,-9,-2,-5,-3,-56,-16,-67,-2,-4,7,2,-57,-11,-11,-9,-77,1,-6,-27,1,-7,-4,13,-13,-89,13,2,-10,-8,-6,-3,-3,6,-33,3,-6,-3,-9,6,-2,0,-4,-7,-3,-9,-9,-9,6,-5,10,-2,-7,-5,-9,-19,-2,-2,2,-16,-15,-8,60,-25,-64,-22,-16,-13,-7,-15,3,-1,-7,-13,6,-15,-6,-15,-88,-12,-10,-9,-6,-6,-10,-10,-69,18,-30,-10,17,-5,-14,-15,-64,-5,-13,8,-12,-4,-2,-19,-26,7,-4,0,-4,-5,2,-8,-34,-13,7,-9,1,-3,1,-8,-89,-9,-4,-5,-4,-21,-65,-37,67,-37,-79,-62,-6,-23,-38,-49,7,-65,-27,-46,17,-20,-28,-44,-58,-26,-43,-38,-18,-50,-38,-36,-63,20,-30,-58,21,-18,-41,-30,-46,-27,-37,11,-47,-24,-21,-29,-59,9,-22,-14,6,-29,-7,-45,-31,-26,16,-19,17,-18,-3,-34,-29,-28,-4,1,-19
1,0,3,2,2,2,2,1,0,6,0,-1,11,-5,-4,-2,2,-3,-1,-5,-7,-7,-4,0,-3,6,-1,6,9,-1,0,1,5,-9,1,5,3,1,-4,2,1,-6,2,-4,-5,5,12,-2,-4,-17,4,0,17,15,-1,14,-2,-2,0,-1,1,0,2,-1,1,2,10,-3,6,-7,9,0,2,11,2,13,-4,7,0,8,9,5,-5,2,2,0,1,2,3,-15,5,7,-10,11,2,-2,9,-13,-4,-1,8,-6,5,-21,-18,-8,-6,4,2,-8,4,0,-8,9,-7,8,-3,-3,2,2,-12,3,3,6,-2,6,7,9,2,13,7,9,5,1,10,6,10,12,3,2,13,-5,6,-4,1,19,0,3,-6,9,8,0,8,6,14,2,18,8,7,-7,5,0,-2,17,9,-23,8,10,3,8,9,8,-4,9,7,5,-2,-6,7,-15,13,12,10,5,-16,2,-9,12,3,9,-4,0,-2,7,6,12,7,8,4,11,-1,-1,-2,-4,1,12,8,11,14,2,12,16,18,17,6,11,-1,11,-5,16,12,11,2,2,-3,-7,12,-11,-7,5,-23,3,4,5,4,12,9,10,-2,10,6,4,5,18,14,8,12,4,16,13,8,16,17,14,8,13,-38,12,9,9,1,8,19,10,26,4,9,6,26,6,25,8,16,12,11,17,11,30,16,24,-1,7,15,23,26,31,3,21,-2,8,2,3,26,23,11,3,25,24,-7,25,8,25,-14,2,19,4,-28,3,14,-4,-10,0,28,19,13,15,9,11,8,27,-1,-1,-1,-2,1,-1,1,1,-21,-4,3,-9,5,-7,-9,8,-4,0,2,-2,3,-1,-6,9,-2,0,-6,3,-8,-4,-11,-2,-1,-11,1,-2,-3,-2,-3,-3,-2,3,9,-4,-3,0,5,-2,-9,-11,-10,2,-8,1,-7,-3,-1,0,2,2,1,0,0,-1,-1,-2,-1,-1,-2,4,-5,2,-7,-11,1,-21,-35,-13,-10,0,5,-1,6,-8,4,1,-19,-7,-3,-2,9,4,-7,-24,-1,1,-4,-2,-4,5,-1,2,-18,0,-8,7,-5,3,-9,2,-3,4,-3,-3,-1,3,7,6,-5,7,4,-2,-5,6,19,11,7,0,3,-18,6,-5,-4,-6,-10,4,-24,-5,-13,4,-11,-7,-13,14,0,-18,11,-9,-12,6,-21,-6,-10,0,-1,-1,-22,-5,-8,4,8,-17,-5,-11,4,-10,-9,0,-29,4,0,2,-5,5,1,-16,6,4,0,7,9,5,1,13,12,-13,-5,4,18,1,4,9,-3,-4,-6,-7,-10,-13,-12,10,-18,-22,-20,-9,-2,-1,-7,7,-1,3,-5,-9,-12,1,-16,-4,-11,-13,11,-17,-32,-8,-10,-7,4,-30,-7,3,-6,-6,-5,-9,0,-1,1,5,-1,-9,1,-2,-31,-15,-6,-11,-2,1,-6,-7,-14,-13,-17,5,-3,2,1,-3,-1,-24,-50,-10,-43,-3,-22,9,-23,-41,-22,-29,-1,-21,-20,11,-11,-14,-28,11,-24,15,-62,-13,-37,-29,8,-31,-14,-23,-15,-30,0,-55,-9,9,-3,-3,-22,-8,-24,-20,-21,-19,-3,-18,-16,-12,-31,-16,-23,-24,-11,1,-18,-9,-25,-25,-36,-14,-16,-17,-6,-6
0,0,-2,-2,0,1,2,1,1,-5,-15,-1,-1,6,3,1,1,-9,-13,-6,-2,1,3,4,-3,-16,-20,-9,1,2,3,2,-3,-16,-21,-6,-1,0,6,6,-7,-26,-24,-20,-4,-1,8,4,-8,-14,-18,-32,8,8,6,0,1,0,1,-2,2,2,0,2,12,7,7,3,7,0,0,-2,5,15,5,3,6,5,0,0,11,-6,5,4,0,4,-2,-1,1,-6,8,1,1,-4,-1,9,-7,3,-2,5,1,12,-6,-1,-5,11,-8,-3,16,-5,9,-4,-2,-19,8,-5,-1,0,-2,8,1,-29,-1,-2,0,-31,-8,-3,-1,-5,1,8,10,5,10,8,0,-1,3,6,8,15,8,6,6,5,3,2,6,3,3,-2,8,6,8,9,4,3,-2,2,21,2,5,3,5,-5,4,-1,8,11,-2,-1,0,1,-7,13,9,0,0,-23,3,-2,10,-4,3,1,-23,-3,0,4,-1,10,12,9,11,12,10,8,7,8,9,16,8,7,7,9,4,2,8,2,-4,5,0,10,16,2,6,13,19,15,15,4,11,16,11,5,11,9,-7,6,8,11,3,7,10,10,14,14,10,0,8,6,11,8,-1,10,4,-13,8,9,6,9,12,6,7,0,19,14,11,17,13,2,5,13,6,16,15,7,13,11,4,19,11,0,2,8,13,22,19,12,14,26,27,12,19,16,-6,10,39,14,17,20,7,-17,0,6,19,36,18,15,7,-11,-16,12,28,33,4,-7,-3,-10,-9,0,17,12,3,3,9,-8,-23,-12,2,1,-1,-2,2,-2,-1,2,-3,-24,-5,2,-7,-26,2,-9,7,-6,-4,1,-1,-6,-7,-7,9,-2,2,8,-4,-2,-2,-4,2,-11,-15,-6,-2,0,-1,-2,-3,-4,-22,-1,3,2,2,-1,-2,-7,-22,-6,5,7,4,-1,0,1,1,-2,-2,-2,1,2,-3,-10,0,-14,-4,-10,9,12,1,-44,-12,1,-5,9,3,24,-14,-11,-9,-25,4,3,-5,-2,-8,-13,7,-13,-11,-8,-2,6,-18,-26,-22,-21,-4,-5,2,-4,-10,-9,-20,-4,-6,1,-3,6,-7,-1,-7,-5,-2,-4,-1,-3,-14,-8,-8,-5,-4,3,0,-1,6,-5,14,-2,-1,-1,-5,-1,-2,-21,2,-6,2,-3,5,-21,-5,-9,9,-12,-2,-9,2,-13,-1,-4,-9,-5,-18,-20,-6,-3,-13,-11,-17,-18,-1,0,-13,-3,-8,-16,-18,-7,-4,-4,6,3,-5,-11,-5,-8,-8,1,-1,-5,-15,1,0,-7,-6,2,-4,3,-2,-10,8,-1,-33,2,3,-3,4,-22,-15,2,1,-10,-9,-1,-2,-7,-1,-17,-8,-17,-4,-7,9,4,-5,-3,-9,-5,3,5,-5,-35,-32,-10,-10,-1,-6,-12,-12,-16,-20,-4,-14,-2,2,8,-9,-19,-17,-7,-1,-2,14,2,2,-14,-37,3,4,21,8,1,0,6,7,10,-13,-6,5,7,8,-16,-6,7,3,-7,-8,-10,-42,-12,-6,-26,-8,-20,-9,-32,12,-28,-26,-9,-29,-14,-13,2,-21,-26,-35,-23,-6,0,-18,-4,-15,-18,-33,-11,-15,2,5,8,-12,-27,-14,-6,-1,2,9,0,-4,-19,-13,-9,6,24,2,6
1,1,0,0,-1,1,1,2,5,4,0,6,6,15,7,12,3,2,2,4,7,11,11,11,0,0,7,4,6,9,2,8,-5,0,-3,1,-4,-7,-1,-10,-6,-6,-9,-10,-9,-22,-19,-16,-7,-15,-8,-13,-19,-4,-25,-32,-1,-2,-2,-2,1,0,2,-2,10,6,18,4,12,10,5,8,7,7,4,9,6,11,22,11,3,1,5,9,5,8,-1,6,6,4,7,6,2,9,4,23,5,5,6,4,11,11,-1,4,9,8,7,2,-5,-4,25,7,5,5,-11,-6,4,5,1,-2,0,3,0,-16,6,-10,-2,2,4,-9,1,-6,1,3,3,1,-3,1,-8,0,3,12,-6,5,-7,-1,1,-14,-6,-4,-17,-15,-5,9,1,1,-9,-2,-6,3,6,-6,1,-6,-2,-21,-2,0,-7,1,-5,-26,-1,-2,-15,-8,1,-3,-4,-9,6,1,-8,-7,-14,13,2,7,-6,-52,-19,-2,6,5,8,4,5,4,4,-4,9,2,1,1,4,5,-8,-3,3,6,2,0,0,0,-4,-8,6,9,9,9,13,7,-15,1,3,3,5,4,-6,10,-7,10,10,-4,5,-24,9,-7,0,2,6,5,-2,4,-6,0,-18,9,5,-3,7,3,-1,1,0,7,19,20,25,24,21,26,14,28,24,18,25,18,21,22,1,11,21,21,10,14,10,7,-1,9,28,19,23,24,15,7,29,8,15,24,18,6,27,29,4,48,10,28,29,12,14,26,31,27,2,4,12,2,6,11,9,-1,10,5,2,5,13,17,23,10,-1,1,-2,-2,-1,2,-2,0,7,-60,-8,0,-8,-24,-16,-45,1,-1,-6,-5,-9,6,-9,-6,2,4,1,-2,-2,10,0,1,0,0,-3,-1,-1,3,-15,2,4,-1,5,-5,-2,1,-9,-2,4,0,5,-5,-2,-2,-8,-4,-2,-1,2,2,-2,1,2,2,2,-21,-24,-22,-18,-19,-29,-26,2,-3,-15,-33,-33,-3,-10,-24,-8,-6,-3,-23,-2,-4,6,-36,-12,1,7,-15,-2,19,-1,4,-2,-2,-7,2,2,-4,-8,-10,-11,-6,-6,-10,-12,-7,-11,-8,-6,-9,-7,-8,-6,-4,-11,-19,-8,-10,-11,-4,0,-10,-8,-10,-5,-12,-6,-5,-12,-17,-20,-3,-3,-5,-7,-14,-14,-28,-5,-8,-8,-2,-3,-11,-6,-2,6,-26,-8,-6,-3,-10,-4,6,5,4,0,2,-11,1,-3,-8,0,-13,-2,-12,1,-6,-8,-6,-13,-9,-10,-8,-11,-6,-5,-8,-8,-15,-7,-7,-5,-5,-5,-8,-4,1,-10,-18,-32,-6,-31,-32,-38,-38,-16,-28,-40,-24,-37,-42,-38,-44,-12,-17,-4,-9,-10,-11,-5,-32,-11,-15,-16,-20,-19,-13,5,-1,-15,-6,-20,-10,-13,-11,-1,-22,-16,-9,-7,-16,-9,-12,-17,-20,-11,-17,-11,-13,-10,-10,-22,-23,-15,-13,-10,-11,-9,-10,-13,-11,-18,-42,-44,-25,-11,-35,-37,-23,-39,-33,-31,-60,-53,-36,-29,-36,-34,-24,-36,-39,-26,-17,-22,-50,-23,-26,-30,-55,-31,-27,-21,-15,-23,-25,-35,-25,-19,-39,-22,-36,-31,-24,-30,-29,-38,-31,-34,-32,-24,-35,-22,-26,-23,-30,-36,-30,-30,-21,-24,-24,-28,-18,-31,-16
2,2,1,-1,-2,1,0,1,0,1,-2,2,-5,4,-2,5,0,5,0,2,2,4,0,3,4,2,6,5,6,9,2,5,2,11,11,-6,7,8,20,1,-1,5,-15,2,10,24,7,11,17,-1,-7,0,17,-6,17,8,-1,1,-2,-2,-1,-2,-1,2,10,1,-3,2,0,9,0,15,7,5,7,1,6,2,5,2,3,-4,-3,-3,15,1,33,-1,-1,10,3,5,9,10,0,19,10,14,2,11,2,20,12,36,14,4,-6,10,18,24,17,8,4,-12,15,7,9,15,25,15,6,11,9,15,21,10,-8,7,11,7,3,4,11,4,0,9,15,9,10,5,3,-5,5,7,3,6,5,2,5,-3,9,-2,-1,-2,3,3,12,6,-5,5,2,3,2,-1,-4,17,10,16,11,-2,12,5,-3,1,7,-2,7,3,13,14,16,8,14,9,5,4,5,-7,8,15,10,5,4,7,2,14,3,5,10,4,7,0,9,4,14,0,14,3,6,1,3,4,6,-3,17,4,-13,-8,-6,4,3,-4,13,14,-9,5,6,8,13,11,20,7,0,17,24,10,14,1,-18,7,-2,6,10,21,8,20,1,2,10,15,16,28,17,8,28,4,3,15,7,20,8,17,18,23,14,6,18,13,25,5,19,16,13,16,12,23,21,21,29,24,3,-4,12,12,23,26,17,22,-13,-7,8,16,9,37,34,43,-3,15,-3,8,22,24,46,32,0,18,25,21,29,25,26,31,17,12,21,22,35,34,37,16,-1,-2,2,2,-2,-1,-2,1,23,23,-15,11,-25,0,8,-7,7,-9,-10,-10,2,-16,15,-8,0,-4,3,-2,2,-9,7,-12,0,7,1,-4,-4,1,-4,0,0,4,5,4,-5,11,-33,-2,2,1,4,5,2,3,-6,-1,2,2,1,-2,0,1,-1,1,0,-3,-15,9,1,0,-4,-2,1,1,7,-2,-8,-8,-4,-14,-28,-14,-11,5,-9,-9,0,-10,-4,-9,-2,-24,-3,-21,-1,-1,-3,7,1,-4,-1,-5,-9,3,-4,7,0,4,-9,-1,-16,-1,0,1,-6,0,-8,-5,-7,-3,1,2,-3,-5,-10,1,-6,-7,-3,-11,-13,2,9,0,1,-9,-9,4,-16,13,-13,1,9,5,-6,-15,6,-18,-1,-31,17,-6,-5,5,-4,-1,-6,-5,-29,7,5,5,0,1,-1,-8,-1,-8,0,5,2,12,-10,1,-24,6,6,-8,8,-1,1,-14,10,-13,-10,2,-6,-2,-7,0,-11,6,1,2,-1,1,-14,5,4,-9,0,-14,-17,-11,-8,-34,-19,-18,-7,-8,-1,-12,5,-30,10,-7,-4,-16,1,-6,2,-19,-15,-11,-12,1,10,3,-3,-17,-2,-2,-1,5,6,15,-7,-10,3,-13,-3,-8,3,-3,-3,-9,-6,0,-3,-2,-7,-7,-3,-1,-14,-5,-9,-20,-5,-13,-13,-9,-13,-10,-24,-21,-26,9,-17,-31,-22,-6,-15,-29,9,-70,4,-18,-4,-18,-22,-10,-11,-21,-7,-17,-8,-11,-11,-7,-1,3,-1,-6,-12,-4,-4,-7,4,5,-12,-4,2,-13,-5,-10,-4,-10,-4,-26,-1,-4,-14,2,-8,-6,-8,8,-22,2
-1,1,1,2,-1,-2,2,0,-3,-1,0,5,5,0,2,-2,0,-1,-3,-5,-1,10,-3,11,-3,-8,-7,-3,0,0,1,1,0,-1,-11,10,7,1,17,-9,-6,-20,-7,3,-9,4,-13,-4,5,18,-16,18,25,-6,-1,8,2,-2,-2,-1,1,-2,0,-1,4,6,-13,4,11,-2,1,6,9,-25,-7,-4,6,-1,-6,13,-9,-17,-4,-6,21,-2,0,-7,9,16,-26,31,7,-6,-4,10,0,-4,-19,16,-3,2,-4,8,-24,-2,-32,11,-20,7,-7,14,18,-1,19,10,16,-11,32,15,6,-1,-32,0,-6,-3,27,-7,3,15,5,15,8,4,10,-2,16,6,10,15,15,-11,2,5,6,2,5,11,0,5,-13,19,8,1,-3,1,13,3,20,2,-11,9,-15,11,11,15,18,15,-5,-18,-2,-10,9,-5,15,-1,-14,17,-12,31,-10,7,12,10,1,-1,4,7,3,2,-1,1,3,-1,8,5,0,6,3,-2,-3,-1,21,8,8,6,0,3,4,10,19,2,17,8,11,1,0,-15,12,7,19,14,-8,15,-7,-17,20,-5,22,-1,2,21,-1,-11,26,12,9,3,8,15,-12,-22,13,-18,-21,-13,-7,-1,-3,8,21,-7,-6,8,3,-16,9,15,5,13,7,0,1,12,5,13,17,22,-2,-9,-1,-1,9,3,11,8,2,-18,1,-16,8,-6,0,-18,5,-1,1,5,6,3,18,-16,-1,14,5,-4,0,-20,-6,-39,16,-25,-16,-4,-20,-1,24,14,18,1,12,7,-13,-1,8,-13,-6,7,-27,-4,0,2,2,2,-2,-1,-1,0,-11,-2,6,-14,4,-13,-24,-3,6,-5,7,-2,-1,3,-2,1,2,-5,4,-5,0,-1,4,-6,-1,-1,-1,-5,2,3,-5,0,1,-2,-1,-4,0,3,-7,1,1,-2,4,-2,2,-1,-3,2,2,0,-2,0,1,-2,0,-1,-10,-7,-4,-42,-9,-23,-1,-3,2,-3,10,-10,-13,1,-5,-5,5,-11,19,1,-8,13,-19,-3,-9,0,-11,-10,-15,-5,8,-2,2,-17,-6,-11,-3,8,-6,-2,-1,-5,4,-11,7,0,-8,9,-7,-8,-2,2,3,-8,1,6,-2,1,3,6,4,2,-1,3,-8,-9,7,-6,-11,5,-15,-8,-5,-6,7,-1,-4,-5,2,-1,-6,-33,22,-11,0,7,-2,-15,-16,-8,-3,-13,-11,-6,17,-2,-15,-13,-7,-11,-6,-2,-12,-9,2,-12,0,-11,7,1,-12,4,-4,-10,0,-9,0,-12,-8,-11,-14,5,5,-8,-2,0,2,-1,-28,-16,23,2,-9,-19,-26,-5,-4,-15,17,-10,-12,-8,-22,-3,-14,-13,29,-7,-15,19,3,-13,-6,-8,-8,-9,-18,-7,32,-2,-9,-19,-33,-16,-16,22,-14,-13,-11,-9,11,-11,10,24,-18,8,-10,-11,-18,-17,0,-23,-12,-3,2,-5,10,-8,7,-2,-7,-6,-39,-33,24,-5,7,-53,-54,-10,-22,-22,21,-13,5,-42,-39,-35,-32,-49,41,-19,-15,21,-62,-40,-43,-19,-33,-44,-39,-56,36,-32,-42,-39,-49,-43,-67,36,-25,-30,-18,-35,31,-40,22,42,-48,20,-22,-37,-25,-46,-1,-49,-31,-13,17,-25,14,-16,15,-12,-23,-9
2,1,-1,-1,0,1,1,0,1,-1,0,3,0,0,-2,-2,0,0,-1,3,-1,2,-1,-2,-3,3,-122,8,-61,4,-4,-2,-1,1,-1,5,0,-1,1,-4,1,-3,8,-3,8,-5,5,-3,7,-11,13,-10,9,-6,4,-3,2,-1,-1,0,2,-1,0,-1,1,-3,5,-7,5,-3,0,-2,-2,-5,1,0,-3,2,-3,1,-4,10,-113,8,-65,2,-5,1,1,-10,1,-18,-1,-68,0,-7,1,-3,0,-9,-1,-4,1,-7,7,-58,9,-9,2,-67,-2,-4,-9,9,-105,6,-61,6,-7,-1,-7,4,-5,8,-7,-1,-1,-1,3,-3,4,-3,2,-3,6,-4,-11,6,-3,3,-1,7,-1,0,8,-36,10,-8,11,-9,6,-1,-3,3,-47,5,-12,5,-2,1,4,-4,5,-6,1,-3,2,-1,-12,11,-105,9,-49,7,-7,3,6,-12,12,-16,12,-20,10,-7,-4,4,1,3,0,4,-8,6,0,3,2,2,-1,3,1,3,1,1,-3,2,2,0,2,1,-1,-3,-2,-5,-1,-2,-2,-2,2,-8,-2,-13,-3,-1,0,-2,-5,3,-22,10,-59,1,-9,-6,1,-4,2,-2,-5,0,1,-2,3,2,6,1,3,-1,0,2,5,0,-2,-2,1,-2,3,-1,3,6,2,4,5,5,8,0,1,1,1,4,0,5,3,-5,2,-7,5,-3,4,-4,7,3,1,-3,-3,0,2,5,-1,5,4,7,-17,-15,-3,-9,0,-4,-4,6,-6,6,-8,7,0,5,8,1,2,1,9,-12,0,4,-4,3,-2,4,2,-3,-2,8,0,1,0,1,0,-1,1,-1,-8,2,0,6,-5,2,-8,2,-3,-2,-2,-3,-1,-2,0,-1,0,-1,0,1,-1,0,0,0,-1,0,-2,-2,-1,-1,-1,0,1,0,-1,0,-1,0,-1,-1,0,0,0,0,1,-1,0,1,-1,-2,2,-2,0,-2,0,1,-5,-3,-6,-3,-1,0,-4,-2,2,-1,0,-3,3,-5,-2,0,5,-9,6,-7,6,-1,2,0,2,1,2,-5,0,4,-3,0,-4,22,-11,47,-7,7,-3,4,-3,5,-2,2,-2,2,0,-1,2,-3,5,-3,5,-4,2,-1,2,-3,5,-5,4,-4,0,0,-4,1,-7,-6,-4,-4,-3,4,3,-7,-2,0,1,-2,1,-1,-3,-1,-3,-2,-1,1,3,0,3,-8,1,-4,1,3,-3,-1,-7,24,-8,58,-6,4,-6,2,1,-1,1,0,0,-2,1,-4,-5,-1,-2,-2,-1,-4,-2,2,3,-3,-2,-5,-1,-3,0,-4,-3,-2,-5,-3,-4,-5,-7,-4,-1,-5,-1,-5,1,-5,-1,-3,-1,-5,3,0,0,0,4,2,3,-10,-3,-6,-1,-6,-4,-2,-3,35,-9,68,-11,12,-6,6,-3,1,1,-1,-1,-4,-2,-4,-3,-5,2,-2,-2,-6,-1,0,0,-4,0,-4,-1,-2,0,-1,-5,5,-13,-11,-33,-18,-8,-7,8,-16,0,-11,16,-11,-6,-8,-8,-30,10,-13,-3,-14,-1,-6,13,-21,2,-12,-3,-3,-17,-3,-19,111,-23,104,-16,21,-11,2,-5,-6,-4,-6,-8,-12,1,-4,-7,-6,-8,-5,-6,-11,-8,-3,0,-9,-1,-6,1,-7,3,-3
-2,2,0,-2,0,1,0,-1,-4,-5,-3,-2,-3,-4,-4,-4,-3,-4,-1,-5,-3,-5,-4,-3,-2,-3,-4,-4,-3,-4,-4,-2,0,-2,-2,-3,-1,-2,-3,0,-1,0,2,0,0,0,0,1,2,2,-1,-1,-2,-1,-1,1,0,-1,-1,1,0,2,2,-1,-20,-19,-19,-19,-19,-16,-20,-19,-21,-20,-19,-18,-18,-21,-20,-21,-20,-20,-19,-15,-17,-18,-18,-18,-20,-19,-21,-16,-17,-18,-21,-20,-19,-21,-19,-18,-18,-18,-18,-18,-19,-25,-23,-20,-23,-21,-19,-23,-20,-18,-23,-26,-18,-23,-18,-21,-18,-18,-21,-22,-17,-21,-21,-10,-19,-21,-22,-22,-21,-22,-17,-21,-17,-22,-20,-20,-21,-19,-20,-16,-19,-17,-19,-21,-21,-22,-18,-20,-18,-17,-16,-17,-16,-22,-20,-18,-18,-21,-16,-16,-15,-18,-19,-21,-22,-18,-22,-21,-17,-18,-17,-23,-17,-15,-17,-26,-17,-20,-18,-16,-20,-19,-23,-19,-18,-21,-20,-16,-30,-31,-29,-29,-30,-29,-31,-30,-29,-29,-30,-28,-27,-28,-28,-31,-27,-24,-26,-26,-26,-28,-26,-29,-25,-25,-27,-24,-30,-24,-26,-27,-22,-28,-28,-26,-21,-27,-24,-24,-24,-30,-31,-26,-31,-23,-27,-31,-25,-27,-33,-24,-35,-29,-25,-25,-22,-21,-20,-20,-18,-24,-20,-19,6,13,8,12,4,14,-2,-2,7,16,10,9,9,3,13,-2,17,14,16,14,16,10,13,7,13,15,15,17,22,20,13,7,-2,4,16,10,26,20,13,11,13,10,17,22,15,14,12,13,-4,8,13,10,17,1,7,4,0,-2,10,-6,3,-6,11,6,-1,-1,0,2,2,1,-1,2,-7,-5,-8,0,-3,-6,-4,-6,3,1,0,2,1,2,1,2,5,4,2,4,5,3,4,5,5,5,6,6,7,7,6,6,5,5,6,8,6,6,6,5,5,6,6,6,8,5,7,7,-2,0,0,-1,0,0,-2,-1,13,9,11,16,15,13,10,9,15,14,14,13,15,8,15,15,12,15,13,14,14,7,15,13,17,13,13,9,12,10,13,11,15,13,15,13,13,14,9,11,14,14,14,15,12,12,14,14,16,15,14,13,14,12,15,11,17,12,13,13,13,14,11,13,17,16,13,18,17,15,15,17,16,13,11,16,15,14,14,14,16,16,15,13,12,13,19,15,13,14,13,13,17,13,11,15,15,14,13,13,16,15,13,16,17,16,16,15,14,18,14,15,14,16,17,14,16,15,15,14,17,15,14,14,16,14,15,15,14,10,7,7,5,5,6,16,16,15,17,14,17,16,16,10,14,14,11,8,11,20,6,14,19,18,12,8,9,11,11,16,13,13,15,11,12,15,11,16,20,18,20,11,12,16,18,18,14,19,16,18,18,18,18,16,16,18,19,16,16,17,19,17,-23,-25,-20,-18,-24,-21,-27,-23,-21,-25,-20,-20,-16,-19,-24,-22,-23,-23,-22,-18,-20,-23,-16,-16,-18,-19,-22,-21,-25,-21,-21,-21,-20,-15,-20,-16,-21,-19,-18,-20,-20,-22,-21,-24,-17,-23,-25,-26,-25,-24,-30,-30,-33,-24,-25,-26,-19,-22,-28,-33,-22,-27,-29,-28
1,1,1,2,-1,-2,0,2,2,1,2,3,6,2,-4,1,2,2,0,2,3,3,-6,-3,4,2,-1,1,-1,-6,-11,1,0,7,1,0,-10,1,11,0,3,6,5,-7,3,4,1,1,-8,-5,1,-1,-2,7,9,26,-1,1,-1,2,-1,1,0,-1,2,10,3,12,-1,7,1,9,4,12,3,3,-2,7,-3,6,10,0,6,1,3,2,0,16,8,1,4,8,0,4,-2,1,1,14,5,6,0,0,26,-1,-6,-3,-1,-1,0,10,-2,7,4,-2,2,7,-5,-6,3,-5,-2,-6,8,-9,14,5,9,2,16,3,7,14,5,11,8,12,-1,9,13,4,10,2,6,-1,9,9,7,9,0,8,-1,8,7,-2,13,7,14,3,-14,2,4,19,8,15,-8,3,4,13,15,7,9,2,7,7,9,6,2,20,9,19,10,4,4,8,2,3,7,-16,14,6,15,0,16,7,7,9,5,15,9,7,6,11,9,21,6,24,6,10,10,2,6,6,17,14,11,26,13,12,6,20,13,16,12,18,10,19,-6,13,9,19,2,7,7,-7,-1,20,10,6,-4,18,14,-6,9,11,17,12,10,11,5,1,9,3,11,8,-4,6,26,19,15,22,21,16,22,18,5,21,11,20,25,28,23,13,-7,8,8,18,15,25,37,23,10,-17,19,15,26,28,6,12,0,9,15,22,15,22,24,22,23,5,-2,25,11,-13,20,21,-31,16,17,-15,28,26,26,18,-1,-8,2,11,-3,13,15,15,0,2,-1,0,0,0,0,1,4,-10,-32,12,-17,13,-20,3,7,2,-16,9,-18,18,-30,14,12,-13,-2,1,-4,9,-31,11,2,-5,-5,1,-8,2,-12,12,-4,-1,-4,11,1,4,-4,7,-2,-5,-3,5,-6,1,-1,9,2,1,-1,1,-2,2,-2,2,-22,-16,-6,-10,-15,-2,-3,-9,4,-7,-10,-4,-11,3,-7,0,7,-21,-13,6,-7,2,-12,-23,1,0,-7,3,-7,-1,-2,-9,-7,2,-1,-2,-7,-12,-3,-11,-1,-6,5,-13,5,-5,-2,-2,1,4,-2,-1,-6,1,-1,-9,-4,-1,-3,-1,-2,-11,-5,-16,-18,5,-49,-1,-18,-1,-12,12,7,-31,1,2,-5,-8,2,-8,-2,-2,-17,1,-17,4,-21,-5,11,-8,1,-21,14,-7,-12,-22,-13,0,-11,-1,-17,-7,-17,-13,-3,-13,-1,-14,3,-20,-8,-13,-6,1,-6,-4,-11,-1,-14,5,2,-10,-8,-12,-4,-13,2,-24,-2,-8,-35,-7,-25,-3,-32,-13,-6,1,-8,-6,-9,0,-11,-21,7,0,-5,-3,-7,-3,-10,-5,2,-9,-14,-10,4,-23,-12,-15,-4,-6,-7,-6,-14,-11,-23,-14,-1,-7,0,-13,4,-5,-15,1,-9,-13,-13,-3,-7,-7,-20,1,-12,-15,-11,-5,-9,-14,-14,-9,-30,-13,-42,-31,-47,-41,-38,-21,10,-49,-23,-20,-36,2,-39,-15,-13,-43,-36,-22,-14,-10,-32,-30,-23,-21,-18,-31,15,-21,-25,-23,-19,-25,-19,-15,-29,-38,-24,-28,-17,-23,-21,-27,-13,-30,-27,-11,-16,-23,-22,-28,-23,-22,-26,-5,-21,-25,-26,-26,-29,-29,-29,-30
2,-1,-2,2,2,1,1,-1,10,4,-1,-5,-4,1,10,-4,6,5,-4,-11,-1,-4,2,4,-3,5,3,8,-4,0,7,3,-3,-2,1,-8,-9,-6,1,15,-3,-9,-3,-3,2,1,9,-4,-16,-4,-6,13,-2,-23,5,28,1,0,2,1,2,2,-3,1,11,7,13,-11,4,2,9,-19,9,1,0,1,2,-2,8,8,-6,2,8,1,1,1,4,2,7,-6,2,0,-2,21,2,-11,13,4,5,-12,7,3,2,-6,4,8,-2,-9,0,2,1,-1,1,5,-14,-4,7,11,-2,-13,1,3,1,0,-14,-24,11,5,-2,-3,5,17,-18,-9,-12,-19,-5,12,0,-6,4,-1,3,2,-5,9,-11,-9,15,-3,-8,-4,14,11,5,5,-2,-1,14,-13,-24,-2,-3,-2,-8,-19,12,7,-14,1,-15,3,4,19,5,-5,1,1,-5,12,21,23,3,-14,1,-17,2,8,-10,14,12,11,-4,-3,-1,-11,12,4,0,17,3,-2,-5,4,1,13,1,3,7,9,18,10,6,-3,16,-1,2,13,3,5,-16,-2,-6,-3,5,9,-1,-5,1,12,9,12,6,-17,-7,7,-10,-8,1,1,-2,-9,9,-15,5,1,3,2,3,-1,-16,-11,-9,16,-5,-21,-9,-3,1,16,10,5,-5,19,11,14,-6,8,9,14,9,-1,2,11,-1,3,21,6,-5,-9,8,2,4,-7,7,3,7,-5,8,-5,-1,-10,2,-18,-20,24,-12,-17,2,7,13,-12,0,-29,2,16,-22,5,1,-7,-8,-4,2,12,-4,-16,-14,6,-5,-14,1,1,1,0,2,-2,-2,-2,1,-16,6,-21,-13,-22,-53,-22,2,3,-6,-2,1,-1,0,0,5,7,-7,-9,-3,-2,5,2,1,0,-2,-1,-3,-1,6,-2,1,-4,0,3,0,2,-1,-6,0,0,-1,0,-4,3,-2,-1,-2,-1,1,2,-2,0,-1,-1,-1,-21,-8,-15,-12,-5,13,-9,-9,-12,5,-4,6,-22,-19,10,6,15,-13,-17,14,-4,-30,-4,14,10,-13,-8,-19,-11,-14,-7,-9,-6,1,-5,-7,-12,4,6,-5,-3,1,-10,-7,-4,7,-6,-2,6,-5,-3,-3,7,-1,-8,-8,0,4,3,-4,12,-6,0,-30,-29,-14,-19,-11,-5,9,-20,-8,-28,1,-20,14,-5,-24,2,9,14,-24,-6,-17,0,-13,10,14,-14,-22,-31,-22,-13,-8,-5,-31,-13,3,-2,-13,-19,-6,1,-7,-13,-11,-13,-14,-6,0,0,-7,-6,-12,-6,-4,-5,-7,-32,-10,-12,-2,-7,1,-4,-21,-12,-7,-17,9,2,-15,8,7,-8,1,-29,-28,-13,12,-19,-26,14,21,20,-42,-29,-6,10,-21,6,15,-14,-28,-24,-15,-12,-5,-16,-2,-12,16,9,-14,-18,-15,19,-9,3,1,-1,-3,2,8,-5,-8,-4,-10,-2,2,19,-1,-8,-7,-8,5,-2,-6,-6,-4,-1,-28,-38,-5,-2,-21,6,26,-31,-33,-59,-32,-19,17,-36,-32,8,34,35,-38,-22,-30,27,-38,4,18,-37,-65,-32,-48,-43,-13,-7,-31,-31,19,13,-5,-43,-27,23,-28,-33,-16,-19,-19,-15,-10,-14,-27,-10,-20,-14,-17,12,-11,-63,-42,-17,-4,-11,-17,-41,-4,-14
-1,1,-2,0,-2,1,1,0,3,2,5,4,4,3,2,4,3,3,6,5,2,3,2,2,2,2,3,4,4,4,4,3,2,2,4,2,3,1,3,1,0,-1,-4,2,-1,0,0,-1,-9,-10,-10,-6,-11,-8,-9,-4,0,-2,-2,-2,-1,2,2,2,4,5,8,8,8,5,8,9,5,6,8,7,8,10,6,7,6,8,7,7,7,7,8,8,6,1,7,6,6,7,7,7,10,4,5,7,7,5,8,5,7,2,2,7,4,0,9,7,4,6,1,-1,13,-1,5,10,-1,-1,-3,-2,3,7,-2,2,7,14,5,6,8,7,4,9,10,7,9,8,8,6,8,4,7,8,4,4,6,9,8,8,8,6,10,4,11,6,8,11,10,6,9,11,12,9,2,6,3,6,9,6,3,7,11,4,8,9,1,5,6,5,4,4,9,5,3,-21,5,-3,5,6,9,11,8,11,17,10,9,9,7,11,10,9,3,10,8,11,13,8,11,9,9,7,9,13,10,14,6,11,7,-7,6,14,9,10,4,2,8,-11,3,7,10,7,2,-6,13,1,0,9,14,7,8,14,9,-2,4,10,8,9,7,-10,5,11,-1,12,29,27,31,29,39,27,25,24,28,28,27,32,29,32,25,27,34,29,33,21,29,27,32,26,24,32,26,27,27,26,15,37,30,28,0,20,23,0,6,25,24,13,-16,27,42,-3,38,-2,25,11,26,8,34,29,4,12,14,26,29,24,-5,15,27,19,-1,-2,3,0,-2,0,2,1,-36,14,-25,-66,10,-96,-12,1,-2,1,1,-1,-6,-4,-1,2,-1,-4,-1,-2,-2,-3,-3,-2,-2,-3,0,-1,-1,-1,-1,-2,0,-3,1,0,-1,-1,-2,0,0,-1,1,1,1,0,0,-1,0,0,1,1,-1,-2,1,0,-9,-16,9,14,36,-18,-1,2,-2,-18,-92,-14,-3,-9,-54,-7,-23,-6,-17,-103,-11,-76,-3,3,-17,-2,-19,-5,-6,-10,-8,-11,-7,-14,-3,-2,-6,-5,-4,-9,-9,-11,-10,-6,-8,-7,-10,-7,-10,-8,-8,-8,-9,-7,-12,-10,-13,-10,-9,-9,-11,-9,-10,-10,-3,-12,-4,8,37,-6,-13,-9,-15,-6,-33,-81,4,-90,-11,-9,-12,-11,-76,-7,1,-11,-57,-1,-10,-86,-7,-6,-5,-9,-8,-69,-68,-8,-6,-7,-5,-9,-4,-8,-8,-6,-7,-4,-8,-4,-3,-5,-9,-9,-7,-8,-9,-8,-6,-10,-9,-8,-9,-9,-9,-7,-9,-8,-55,-36,-93,8,54,-81,-98,-57,-14,-18,-33,-28,6,-23,-22,-18,-17,-12,-17,-19,-65,-21,-18,-19,-18,-15,-19,-10,-18,-14,-20,-16,-13,-14,-19,-9,-17,-16,-13,-14,-16,-17,-9,-12,-14,-18,-14,-16,-13,-15,-14,-11,-16,-13,-15,-14,-15,-15,-13,-13,-20,-12,-14,-16,-43,-53,-52,16,64,-41,-54,-52,-35,-36,-58,-59,8,-29,-38,-40,-30,-32,-33,-31,-42,-37,-36,-40,-32,-33,-45,-27,-36,-34,-32,-35,-31,-34,-32,-31,-34,-33,-29,-33,-32,-30,-33,-31,-35,-33,-31,-29,-31,-32,-32,-34,-31,-30,-28,-33,-34,-32,-32,-34,-32,-26,-32,-29
-1,-1,-2,-1,1,0,-1,0,2,0,-1,1,-3,1,-3,2,5,-5,3,-4,-3,-3,0,-1,-1,2,-2,1,-1,-1,-2,2,-1,4,7,12,-2,3,-2,0,-3,-11,18,4,18,10,8,14,-14,-3,-10,8,14,17,15,-11,-2,2,1,2,-1,-1,2,-2,15,5,2,7,-4,2,4,-3,-8,11,3,12,-1,3,-4,0,6,4,5,3,18,1,3,6,21,-11,10,4,1,-5,2,-1,13,-2,0,13,4,8,4,17,3,18,-3,11,15,10,11,13,-14,1,-1,-11,-3,9,23,12,21,-6,-3,11,0,9,16,2,8,2,6,6,-4,-1,-5,-2,9,3,11,11,-4,1,-6,4,10,7,13,-1,9,-7,2,-2,17,8,2,-4,-7,0,-9,6,28,-9,11,-6,-6,2,3,-4,-8,-4,14,11,3,18,2,13,3,1,-3,10,10,26,20,-1,-9,20,-5,12,3,17,3,9,6,14,6,8,4,5,6,7,4,10,1,13,9,9,6,7,12,18,15,6,9,4,-5,10,15,11,9,-10,12,-6,13,1,5,14,0,8,-8,5,11,7,11,13,11,3,13,-8,5,-13,24,21,2,13,8,14,0,15,-1,16,0,17,2,-3,7,3,32,34,14,25,11,18,13,-3,32,17,30,15,13,6,11,22,15,41,16,14,19,17,14,18,25,23,29,20,28,15,37,19,26,13,22,10,3,13,5,16,4,27,18,17,12,14,12,2,25,27,21,20,23,18,15,18,14,21,13,14,2,26,28,20,0,2,0,-1,0,2,1,1,-11,-26,-24,-6,-27,-14,1,-11,-5,14,1,-5,-15,-1,-4,10,-4,-2,-3,-9,2,-9,-3,5,2,-13,5,-5,6,-3,0,3,5,-6,13,2,1,5,-5,3,-3,-2,-12,7,-1,2,-2,3,-1,1,-2,0,1,-2,-2,2,-7,0,1,10,0,-10,-9,-7,4,10,-7,-23,2,4,-1,3,-14,8,-35,0,-7,-17,2,-2,-3,2,-10,-21,-7,5,-6,2,-3,-25,-8,-18,-6,-8,-5,-13,-10,-5,0,-15,-6,-9,-4,-7,-9,-8,-7,-5,-4,-2,1,-8,-3,0,-8,-6,-3,1,-7,-1,-5,2,5,-9,0,-14,0,-12,-22,12,-38,0,-15,13,-25,14,9,-10,-7,-23,4,-21,2,-20,-17,15,-15,-7,-20,4,-23,13,3,-20,2,-20,2,-26,-2,-32,-26,5,-6,-5,-15,2,-21,-3,-9,-1,-9,-6,6,-16,13,-28,0,-7,-12,-2,-2,4,-14,1,-15,11,-18,5,-25,-8,-17,-5,-9,-2,15,-19,-17,-12,-14,6,-8,4,-7,-36,-11,-18,-8,-15,-4,8,-17,-21,-25,-9,-32,-6,-3,-14,-9,-6,-12,-11,-3,-12,-6,5,0,-11,-6,-10,-9,0,-9,-14,-5,-6,-4,-7,7,-4,-4,-10,-9,-3,2,-4,-6,1,-13,-6,-24,-33,-32,-55,-23,-27,-9,10,11,-22,-34,-39,-35,-1,-4,7,-12,-45,-60,-31,-21,-26,-11,15,-24,-24,-47,-27,-63,-18,-10,-24,-17,-22,-19,-39,-14,-28,-29,-9,-18,-26,-19,-15,-20,-9,-29,-19,-20,-6,-11,-20,1,-24,-20,-42,-30,-21,-5,-18,-18,-40
0,0,0,-2,0,-2,0,0,-2,0,7,-9,-7,-2,-1,-4,3,3,-4,1,1,3,0,-2,0,0,0,2,4,5,9,-3,3,1,5,2,4,11,7,2,1,6,4,1,4,5,27,6,6,5,3,4,15,21,-42,18,1,-1,0,2,2,-1,0,-1,-6,-19,-8,-30,-14,-21,-18,-7,-7,-16,2,-11,-14,-9,-17,-2,-12,-5,-1,-2,0,2,-10,-14,-3,4,3,4,4,-5,-5,-1,-6,-7,5,-4,-3,3,5,-6,8,-6,1,-9,-1,-7,4,3,2,-3,-9,-14,-3,-8,7,13,-3,1,5,-15,-6,-5,-4,-5,-3,1,-25,4,-18,-4,-9,0,3,1,0,-18,-1,-12,5,-2,-32,6,1,0,-7,3,-3,3,9,0,1,-3,6,-2,4,-8,2,1,0,7,3,2,-8,3,0,-4,9,-2,6,0,2,-1,0,2,8,7,3,11,2,7,-1,7,6,0,-3,-1,8,2,23,23,22,20,16,14,17,16,12,23,22,15,14,26,17,18,19,23,22,17,24,8,19,22,24,17,16,12,16,22,4,16,16,21,17,18,20,17,18,19,14,20,10,14,4,-13,-12,10,7,11,11,9,-1,8,0,-4,19,14,-7,11,17,-3,1,4,20,44,37,34,-25,27,16,15,30,50,27,29,-2,33,25,29,8,50,16,-1,26,-15,31,27,9,22,21,13,12,19,6,-12,15,24,1,-1,16,-13,12,12,31,19,-1,9,15,0,15,5,15,24,23,14,4,7,16,6,-11,6,-5,14,11,17,6,13,-2,1,0,2,0,0,1,-1,9,-4,-23,-6,-13,-3,-9,12,6,-7,-13,-16,-25,-13,-6,4,4,1,-13,-7,-10,-10,-9,4,6,1,-4,-2,-5,-5,-13,4,4,2,-3,-4,-6,-11,-16,3,3,1,-2,1,-4,-10,-43,0,-1,0,2,-2,2,-1,0,0,-2,-8,0,-3,-10,-6,-5,-7,-6,-8,-14,-15,-9,-27,-9,-22,-6,-7,-9,-4,-11,-11,-17,-11,-7,-15,-12,-11,-3,-6,-15,-10,-7,-6,-9,-10,-13,-10,-8,0,-17,-5,-10,-10,-10,-8,-12,-3,-3,-11,-3,-7,-12,-10,-18,-7,-11,-8,-20,-9,-7,-5,-4,-6,-45,-15,-18,-7,2,1,-3,-11,1,-31,-11,-12,-4,-12,-10,-7,-6,-5,-24,-7,-10,-2,-14,-3,-9,-6,0,-42,-8,-14,-6,-3,1,0,-7,-1,-4,-6,-16,-1,0,-6,-6,-9,-3,-26,-11,-20,-3,-7,-2,-6,-14,-2,-63,-6,4,-2,-6,-9,-1,-12,3,-20,-3,-11,-7,-6,-5,-2,-8,-4,-4,-4,3,-11,-6,-5,-7,-2,-2,-13,-8,-1,-6,-6,-10,-7,-11,-15,-12,-7,-8,-5,-11,-9,-7,-12,-8,-2,-18,-6,-11,-8,-16,-15,-10,-9,-12,-11,-12,-18,-20,-11,-10,-9,-17,-17,-31,-17,-25,-24,-16,-14,-11,-9,-14,-13,-45,-32,-40,-34,-19,-28,-7,-5,-15,-15,-9,4,-34,-9,-48,-12,-24,-45,-17,-9,-4,-18,-26,-17,-25,-8,-15,-27,-16,-9,-49,-13,-20,-16,-12,-41,-17,-21,-44,-59,-5,-19,-69,-45,-19,-58,-33,-34,-14,-11,-69,-28,-15,-42,-38,-40,-60,-46,-20,-41,-40,-17,-27,-57
-1,1,1,-1,-2,-1,-1,-2,-1,1,1,-1,-2,0,0,-2,1,-1,2,-1,0,0,0,-1,-3,0,0,-2,-2,-1,-2,-2,1,2,-3,-1,-3,4,-3,-3,2,-2,4,27,-3,-11,-4,3,-12,-10,-10,20,102,13,-11,-6,2,2,-1,1,1,0,2,2,-8,0,-9,-5,0,-1,-2,-8,4,0,0,-2,-6,-5,-5,-6,-5,-7,-1,0,-2,-3,0,-17,-6,6,-11,-5,-6,-11,-6,0,-6,-4,-1,-2,-2,-12,-4,-1,-5,-8,-2,0,-9,3,0,-9,-20,-9,-2,-19,-18,1,-5,-11,-3,-5,-1,-6,-10,-4,-9,-4,-18,-13,0,-8,-8,-7,-4,-5,-8,-4,3,-4,-3,-8,-7,-3,-8,-3,-5,2,-12,-1,-4,-3,2,-7,2,-3,-3,-7,-3,-5,-4,1,-9,-4,2,0,-10,1,-8,-16,3,-10,-3,-5,2,0,-7,2,0,-1,-9,-1,-26,-15,-7,0,3,-17,-60,-10,-3,3,-6,-3,-5,5,2,-9,-4,-7,-6,-3,0,-1,2,-6,-11,-9,-8,-7,2,5,4,-9,0,-8,-8,-13,-7,0,2,-3,-14,-12,-13,1,-5,3,-3,-15,-2,-9,4,-1,2,-13,-7,-24,1,-10,3,3,-4,8,-7,-9,8,-14,-1,-1,2,-2,-50,2,0,-3,2,-6,-10,-3,6,-10,6,-3,8,-13,-16,7,10,-8,6,5,-29,6,-7,-34,-11,3,-3,-4,0,1,-2,4,9,-21,-8,-28,2,4,-15,11,-5,8,-9,3,6,-19,8,1,-9,4,-10,-15,-2,-3,2,8,-7,-23,3,-15,5,-7,2,3,4,1,3,8,1,-2,-2,1,0,-1,1,0,-7,-3,-5,0,-5,-16,-9,-3,3,4,2,5,1,-2,-1,0,0,-1,-1,2,0,-1,3,1,0,-1,2,1,2,0,-1,0,-1,0,7,0,3,0,-1,2,1,5,6,-9,2,2,1,2,3,-1,0,1,2,-1,-1,2,-5,5,5,2,5,4,-1,4,-2,-4,3,5,4,3,8,0,9,5,3,-9,9,-2,6,-3,4,-2,6,1,5,-11,4,0,-8,1,-6,7,-5,7,-9,5,10,-5,-4,-80,-13,-90,8,-8,3,-3,-78,-12,9,-10,-70,7,7,5,12,-33,-93,-22,7,-3,-8,3,-2,9,-11,16,-15,10,13,-1,3,-5,6,-17,8,0,-3,8,-4,8,-10,9,-10,3,-73,0,11,-9,7,4,-3,-3,-9,-75,-7,11,-5,1,-5,-64,12,-13,-84,-2,0,-12,-72,-5,-7,10,-7,-89,-1,-62,-5,5,16,5,7,-21,-109,-1,16,-6,0,9,10,-5,-53,0,0,2,1,-5,1,-6,-55,-4,-7,-1,1,-4,-7,-8,-63,-14,5,3,-1,-7,-4,-14,-77,-5,-10,-2,-5,0,0,-10,-64,-9,-5,-5,2,-4,4,-10,-72,-11,-6,-5,-3,-7,10,-16,12,-4,-11,-2,-60,-73,-75,-17,-88,-15,-74,-74,-9,-7,-4,-5,-41,-33,-9,0,-2,-12,-22,-33,-33,-15,-8,-12,-22,-14,-33,-42,-60,-37,-6,-11,-56,-17,-15,-36,-59,-24,-35,-10,-14,-55,-29,-27,-68,-18,-29,-44,1,-20,-75,-28,-86,-10,-55,-5,-11,-16,-5,-80,-21,-81,-23,-23,-61,-69,-63,-16,-81,-21,-65,-51
0,-1,0,1,0,0,0,0,0,0,1,4,5,3,0,0,0,0,1,-3,1,0,1,0,0,0,0,-1,0,1,3,-1,1,-3,0,1,1,-2,2,1,0,1,-1,0,-2,7,6,5,-10,6,-4,2,-5,1,8,9,-1,-2,1,-1,3,1,1,-2,3,0,3,-3,-29,9,4,2,2,-2,5,8,8,4,5,6,-2,3,4,2,2,3,2,-1,4,3,5,2,3,3,5,3,5,2,2,6,4,9,4,0,-6,4,15,-4,3,11,4,6,2,4,-3,7,5,16,2,6,0,-4,-1,-8,3,2,-15,-4,5,-6,1,-7,-3,10,9,1,6,1,6,8,2,10,1,2,4,-2,2,3,-1,2,10,2,2,10,4,6,-1,4,11,5,1,6,11,3,6,5,4,4,5,6,6,4,11,9,5,5,0,0,8,7,17,6,-4,6,0,8,7,2,3,18,6,6,3,4,0,1,-8,19,12,11,5,5,2,5,7,7,7,13,4,9,5,-4,10,8,2,8,6,12,7,3,11,14,13,15,11,13,9,17,18,16,3,8,11,8,11,8,12,15,14,12,9,10,13,11,8,8,9,13,9,5,7,2,13,8,4,13,14,5,7,6,19,23,27,14,3,10,-1,8,12,22,10,23,20,1,-3,5,23,6,16,13,14,28,16,16,11,22,18,18,7,18,26,16,21,22,17,16,28,19,33,25,23,26,22,29,23,18,26,11,11,26,21,18,17,21,35,36,31,9,19,12,1,-2,0,2,2,-1,-2,-1,-28,-11,3,46,-8,50,-10,-31,-9,-9,2,-1,9,-3,5,-9,-2,0,-4,-5,-4,-3,-2,-2,-2,-3,-1,-2,1,0,-2,-1,-2,-1,-2,-1,-1,0,-1,-1,-3,-1,-2,-2,3,-1,-1,0,2,0,-2,2,2,-2,-2,1,-14,-4,14,5,-34,-3,10,0,-8,5,67,-13,0,-9,50,4,-13,-16,15,57,-9,38,-3,-7,-8,-7,-9,-5,-2,-15,4,-4,-2,-7,-6,-7,-7,-6,-8,-7,-3,-5,-4,0,-7,-3,-1,-1,3,4,-6,-4,-2,-3,-2,0,-8,-2,-5,-12,1,3,-1,-6,-10,-10,13,1,14,-2,-7,-6,0,-7,1,43,-6,63,-14,0,-5,-11,24,-5,0,0,31,-6,-3,-10,-4,3,-9,-8,-3,18,-1,-3,-3,-6,-5,-8,-7,-3,-5,-5,-4,-7,-4,-6,-3,-4,-12,-7,-5,-2,-3,-4,-6,-4,-4,-4,-3,-6,3,-4,-3,-2,6,13,29,22,9,33,-26,-26,-6,-15,2,-11,41,-7,-1,2,-2,-7,4,-8,8,2,-9,-14,-7,-10,-1,-4,8,-11,-1,-5,-6,-12,-4,-3,-16,-1,-7,-4,-6,-7,-18,-9,-2,-2,-14,-5,-3,-6,-7,-4,-5,-6,-7,-3,-5,-5,-4,-2,-9,-6,-4,-4,2,7,27,17,8,0,-24,-23,-14,-10,-4,19,40,39,-6,-1,-1,-5,6,-3,5,-8,9,-18,-7,-13,-4,-2,-2,-7,-14,4,-5,-4,-1,-6,-5,-5,-6,-10,-9,-9,-15,-11,-3,-7,-10,-10,-12,-7,-8,-8,-9,-8,-20,-14,-25,-9,-13,-15,-16,-16,-7,-8
2,-1,-1,1,-2,2,2,1,5,1,-1,-6,-1,4,7,8,-3,4,3,10,5,0,-1,-4,2,-1,-3,-3,-2,5,-3,4,-1,8,-5,-7,-9,-7,-6,-5,-1,4,-7,-1,6,-7,14,-8,-3,-23,-14,-7,20,11,-11,-1,-1,-1,-1,1,-2,1,2,0,4,17,4,3,3,7,4,-1,0,-3,10,15,22,1,-7,-2,3,12,-5,-14,-1,1,2,-2,0,1,-5,-9,25,-12,-26,-3,9,10,13,-6,-4,-10,22,13,-9,-12,-12,7,13,10,-25,-6,-18,-17,19,5,-15,-12,5,18,-8,-5,-4,-5,-38,-3,-16,4,-4,3,5,-2,-1,4,-8,-6,5,9,-11,-11,5,5,2,2,1,4,1,7,18,-7,-15,-7,2,8,14,11,-10,-4,-10,3,8,4,14,19,-7,-13,-7,10,1,12,-5,-6,0,-5,23,-5,-2,-2,-10,-6,14,12,7,9,5,-6,-6,4,5,11,9,5,9,3,9,11,3,1,7,-1,7,9,5,-2,-2,6,-1,13,11,10,12,17,16,17,15,12,13,-8,0,-3,1,22,5,5,4,-17,-3,-12,6,8,-4,5,-1,-26,7,-5,-9,3,-14,3,17,-2,12,20,19,10,2,-2,12,-15,-6,2,-34,7,-23,2,10,8,17,4,9,10,-3,0,6,16,14,4,3,-1,2,22,11,6,27,10,24,7,-7,8,5,13,14,7,3,0,-1,11,5,3,11,11,-5,10,-2,2,5,12,3,-28,-5,2,5,13,-8,2,3,13,9,2,-7,-3,14,1,-3,-24,14,9,-4,3,-2,2,2,-1,0,-2,0,-2,1,-11,-9,5,0,-8,6,-24,4,0,6,-9,-1,1,4,3,0,-3,1,-2,-6,-1,1,-4,2,-2,-1,-2,-5,-1,1,-4,4,-6,2,-2,-1,0,-6,-3,5,0,0,0,0,4,-5,-3,0,2,-1,1,2,1,1,0,0,6,-5,-19,-18,-8,10,-4,-6,-21,-23,-3,-23,-6,-9,-16,2,-2,-9,-11,-11,-8,16,-5,-14,-12,10,1,7,-6,-18,-7,-8,-10,0,-9,-22,-4,5,-7,-3,-4,-3,-17,-5,-5,-5,-8,-1,1,-5,-4,-2,8,-3,2,-7,-6,-11,3,0,2,-3,-4,-4,-1,-14,-10,-18,-15,0,6,4,-33,-13,7,-2,-30,0,-20,9,6,-2,-5,-21,1,8,4,-14,-15,11,-3,2,-12,-15,-23,-17,-1,2,-3,-23,-13,5,-3,7,-16,-5,-23,-3,-6,-19,-12,-9,1,-4,0,-10,13,-14,-2,-3,-18,-4,-11,-6,-4,-7,-18,12,0,1,-47,-41,-12,17,-33,-6,-25,-18,6,-31,-8,-13,-10,19,6,6,-14,-17,4,10,1,-23,-16,16,14,15,-7,-27,-16,-22,-16,-2,-8,-32,-14,12,-5,4,-9,-15,-22,-17,-12,-22,-20,9,-10,-6,-6,-29,13,-16,1,-8,-12,-11,-3,5,2,-4,-8,30,5,-10,-43,-15,-50,-32,-19,-4,-47,-47,23,-61,-18,-16,-66,23,-3,13,-38,-54,-7,24,5,-49,-41,27,21,10,-21,-55,-44,-45,-46,-3,-39,-70,-42,8,-35,18,-32,-42,-37,-25,-16,-65,-41,-6,-28,-25,-28,-22,19,-35,7,-20,-61,-30,-15,1,-7,-18,-16
0,-2,2,-2,0,0,1,2,1,0,0,-3,9,-4,2,6,1,2,0,1,3,1,2,4,1,0,1,1,1,2,-2,2,1,1,0,1,-1,0,0,3,3,2,5,2,2,2,5,3,1,10,2,0,8,0,7,9,0,2,-2,0,0,-2,0,0,0,4,2,-2,1,-60,-70,0,3,7,3,4,12,5,1,5,3,-1,2,10,12,3,6,0,4,8,6,6,5,11,7,7,1,4,6,1,8,7,12,-2,8,5,4,4,8,0,7,5,3,10,7,9,2,4,6,4,10,8,7,-3,11,7,12,3,3,-9,0,3,-2,-62,-68,0,3,1,-2,7,12,13,1,15,0,0,7,4,5,7,6,0,-3,2,7,0,2,7,9,9,6,3,8,4,5,-1,6,6,5,-4,8,9,1,6,-1,4,2,6,2,4,4,8,3,5,1,1,-1,-4,5,3,4,7,0,2,1,-2,-7,-42,51,56,1,0,2,1,8,2,-11,-26,7,0,-3,3,6,-2,-7,-16,-1,1,4,1,7,-3,6,-23,5,0,0,5,9,0,-17,5,4,1,-1,6,2,5,-8,7,-2,-7,6,-5,7,8,-2,-5,0,-4,5,-4,5,4,0,-4,13,14,8,13,12,-17,-1,46,20,10,11,10,22,13,9,-1,26,14,12,15,10,18,12,14,5,20,18,11,20,18,11,23,18,16,20,18,24,14,18,16,7,13,23,14,14,25,21,21,16,16,18,15,19,19,24,25,10,16,20,23,17,-6,22,17,-2,2,1,0,-2,-1,2,-1,6,6,10,8,25,-9,14,11,-4,1,-5,1,-1,-5,-13,10,-2,-1,1,-2,-1,1,0,2,-2,0,-2,-3,-3,1,1,1,0,-3,0,-4,0,-1,2,1,-2,-3,-4,-2,-4,1,0,0,-2,1,-1,-2,2,-2,0,1,1,2,6,12,13,11,-15,6,1,-15,-12,1,-35,-19,-15,17,-8,-2,-8,-3,-9,-15,-10,-43,-4,-5,-9,-8,-5,-13,-4,-10,-5,-7,-4,-7,-6,0,-5,-2,-3,-10,-6,-7,-5,-4,-6,-1,-8,1,-8,-4,-6,-4,-2,-4,-3,-7,-8,-1,-3,-2,-4,-7,-2,1,3,16,12,16,-5,3,-3,-8,3,-25,-28,-26,13,-3,-3,-7,-9,4,-15,-26,-2,-29,2,-7,-9,-10,-4,-8,-10,-6,-2,-1,-10,-7,2,3,0,-2,-7,-9,-2,-5,-2,-5,-1,-1,-7,0,-8,-4,-5,4,-6,3,6,-6,-3,-4,1,-6,-6,-8,-7,-6,5,4,18,20,12,1,-25,-28,-25,-16,-32,-30,-23,11,-1,-7,-3,-9,-8,-6,-1,-23,-9,3,2,-3,-9,-4,3,-3,-1,-5,2,-6,-9,-4,-1,2,-7,-4,-8,-8,-13,-1,0,-3,-7,-5,-2,-3,-5,-5,0,-3,-4,-4,-8,-4,-13,-5,-2,-4,10,6,7,12,19,23,9,1,-29,-22,-24,-41,-83,-44,-29,11,-25,-31,-17,-17,-40,-43,-7,-74,-12,-24,-22,-23,-26,-28,-10,-24,-16,-18,-20,-21,-18,-19,-17,-14,-15,-17,-13,-15,-9,-10,-5,-7,-16,-23,-19,-11,-13,-6,-7,-10,-8,-19,-13,-14,-13,-14,-18,-13
0,0,-1,1,0,1,2,0,11,10,10,10,10,8,10,9,9,9,7,9,7,8,8,8,7,8,9,8,8,10,10,8,7,8,8,6,8,7,10,9,8,9,7,7,7,9,9,8,4,10,9,8,5,8,8,7,2,-1,1,1,-1,2,2,-2,12,11,10,12,10,9,11,14,11,12,12,9,11,10,13,8,13,13,11,14,10,12,11,10,11,9,13,13,12,11,12,10,12,12,15,11,13,11,12,10,10,14,13,13,13,13,16,14,17,12,14,14,15,14,12,14,12,14,16,16,13,21,10,13,7,9,9,11,10,9,8,5,13,9,13,9,11,11,11,7,9,10,8,12,8,11,7,13,10,10,13,9,11,7,12,11,11,13,10,11,9,12,9,11,12,10,9,9,10,13,10,7,10,12,12,8,9,8,12,11,11,8,12,9,12,10,12,9,16,20,19,22,21,20,18,15,18,18,21,18,22,23,17,17,19,23,24,23,21,25,22,20,24,27,24,25,20,24,22,21,22,24,25,27,27,27,28,25,26,26,29,28,26,29,31,21,24,27,25,26,28,27,26,27,25,22,21,26,25,26,24,27,-17,-25,-28,-18,-13,-29,-34,-29,-16,-13,-15,-24,-20,-24,-31,-31,-17,-11,-25,-12,-22,-23,-27,-25,-9,0,-12,0,-4,-8,-17,-17,-15,-5,-20,-13,-7,-4,-19,-5,-20,-20,-2,13,4,8,-3,-18,-11,1,-11,3,9,4,-2,-14,0,3,1,12,10,4,-2,-1,1,-1,0,3,2,-2,-1,0,-29,-20,-16,-18,-25,-23,-21,-28,-4,-10,-8,-3,-6,-1,-7,-11,-8,-7,-7,-6,-7,-5,-6,-9,-7,-7,-7,-6,-7,-6,-7,-8,-5,-7,-7,-8,-9,-7,-8,-8,-7,-8,-8,-5,-7,-8,-8,-8,2,-1,0,2,2,-2,1,2,-13,-24,-20,-24,-18,-21,-19,-14,-22,-23,-17,-14,-18,-17,-19,-17,-15,-14,-18,-18,-19,-16,-12,-20,-19,-20,-20,-19,-19,-21,-16,-18,-19,-18,-19,-17,-17,-18,-19,-19,-20,-19,-19,-17,-17,-16,-17,-19,-19,-17,-16,-16,-16,-18,-16,-17,-17,-18,-17,-17,-17,-18,-16,-19,-20,-17,-18,-19,-21,-20,-22,-18,-16,-20,-15,-18,-16,-20,-13,-15,-21,-15,-17,-12,-17,-15,-21,-18,-16,-17,-17,-15,-14,-19,-18,-17,-19,-18,-18,-14,-17,-15,-16,-15,-17,-20,-17,-18,-17,-19,-14,-16,-17,-15,-22,-17,-21,-17,-20,-16,-15,-15,-19,-17,-14,-21,-15,-19,-33,-33,-29,-35,-29,-25,-29,-31,-34,-33,-36,-33,-36,-37,-39,-32,-36,-32,-37,-37,-38,-41,-35,-36,-36,-40,-41,-39,-38,-42,-37,-36,-35,-37,-37,-36,-35,-39,-37,-37,-36,-35,-37,-32,-34,-33,-35,-35,-35,-34,-36,-31,-33,-33,-32,-32,-34,-33,-33,-32,-31,-29,-33,-34,-82,-87,-68,-68,-74,-64,-69,-68,-65,-55,-81,-73,-71,-69,-60,-69,-83,-57,-75,-67,-84,-41,-77,-72,-81,-77,-72,-56,-75,-71,-71,-81,-88,-80,-64,-77,-80,-74,-86,-65,-68,-81,-94,-92,-88,-78,-70,-75,-66,-84,-88,-71,-69,-69,-84,-79,-80,-91,-80,-83,-75,-70,-88,-72
0,0,-1,2,-2,-1,0,-2,-1,-3,-4,2,-3,7,3,-1,4,2,1,-8,3,-2,5,1,-1,4,10,6,6,9,9,2,1,5,13,18,1,-2,7,11,-3,8,-9,1,-13,11,18,-4,-1,-2,-8,13,-5,0,3,1,-2,1,-2,2,-2,-3,-2,-1,5,4,12,-2,7,0,5,-5,1,12,8,12,-8,9,2,5,3,14,2,15,1,7,4,3,10,3,-7,5,3,2,20,1,9,9,18,1,19,10,5,15,8,16,-1,3,17,10,3,3,2,9,17,22,0,10,4,14,7,-1,0,-3,3,13,12,-10,1,9,5,4,3,8,3,2,12,7,7,8,-6,12,2,8,13,-1,4,10,12,2,6,4,-4,5,0,7,28,10,25,4,11,7,13,12,11,10,5,13,-16,11,0,2,2,10,16,1,11,10,0,11,5,-4,5,8,17,9,-2,5,1,-2,5,5,-2,3,9,1,3,-6,6,0,2,-8,4,-3,0,6,-21,1,-5,5,-7,7,11,8,-4,4,-4,-4,0,-1,6,5,18,1,14,2,11,24,10,6,3,14,13,8,22,4,11,2,6,6,-2,-1,8,3,17,18,5,14,-1,-28,-1,5,13,-15,-3,-1,9,19,16,10,2,20,-9,-2,6,10,0,13,5,13,0,-3,6,10,17,11,14,19,18,4,4,-18,7,18,17,18,-3,-1,33,0,23,17,33,13,-26,17,-25,11,-6,34,18,9,18,-14,26,14,9,18,0,25,21,13,2,-2,7,5,35,24,28,22,0,0,1,0,1,1,2,0,-18,-1,7,-4,-1,-4,2,-22,-4,-6,3,-3,-18,37,-4,-5,-3,-4,-3,-2,-15,4,-3,-5,1,4,3,-1,-1,-4,0,-3,1,-13,-8,-23,2,-2,4,6,6,8,5,6,3,-2,-1,1,0,1,2,2,1,-1,2,-2,6,-19,-12,10,-3,-9,-6,-15,-22,-15,2,-9,-19,5,-4,-11,-10,-32,-19,-2,5,13,-2,-13,0,-8,-23,-1,-18,6,1,6,3,9,0,1,-5,-2,2,1,-5,-5,-6,-6,3,-12,4,-1,-6,-7,0,-3,2,-12,-5,-1,11,-6,-2,-2,-8,1,-7,-7,-1,-1,-2,-14,-20,-7,-33,-2,-18,-14,-19,-13,-10,-7,4,-15,-5,-8,-10,2,-1,13,-6,-6,-8,-6,10,-17,-15,-12,-5,-2,-7,-5,-7,2,6,-5,-7,1,8,2,1,-6,0,-3,0,3,-11,-9,-7,5,-4,-17,-10,7,-1,-12,10,-11,1,-6,-11,-14,3,9,-7,-10,-9,-16,-18,-5,-9,-1,-9,-18,-5,13,3,-3,-5,-13,-3,-5,-4,-9,0,-1,3,-1,-2,1,-7,1,-2,-14,0,3,17,-1,-2,5,-2,-1,-15,-4,0,-11,8,-9,5,3,9,-2,-4,-3,-14,-9,-4,13,1,-6,-2,-14,1,-3,-5,-3,-8,-12,-17,-16,-32,-37,-18,-9,-66,-22,-16,-19,10,-32,-8,-5,-21,-17,-35,2,13,-5,-7,3,-36,-27,-10,-7,-35,-27,-17,-8,-14,-8,7,4,11,12,2,-13,-12,-1,6,-4,5,-2,-5,5,-10,-9,-9,2,-6,-13,-7,8,5,-7,-3,-10,-7,-7,-24,-21
1,-2,1,1,-2,0,2,-2,-1,1,3,11,2,-1,1,-1,0,3,2,0,-1,0,-1,1,2,-2,-1,-3,4,0,-2,-1,0,2,-7,-48,0,4,2,6,-6,-8,12,59,8,15,13,10,7,4,7,41,18,20,15,14,0,3,-1,0,2,2,1,1,-3,3,-1,3,-4,-2,-1,2,0,-3,7,1,-6,4,-3,0,1,6,6,-3,0,5,8,0,1,2,9,6,8,7,13,10,1,-2,5,5,5,15,9,8,-6,3,5,14,9,8,5,12,-9,9,9,17,20,8,13,7,-12,17,13,13,3,11,5,5,-1,5,-4,6,1,4,11,5,4,7,7,11,-3,12,8,8,8,5,11,6,8,8,7,6,9,10,8,11,4,10,1,16,8,4,10,6,5,3,10,5,-6,8,9,7,1,14,5,14,4,-8,11,21,12,11,10,-5,7,-17,6,9,4,2,-1,2,2,9,7,13,10,13,12,9,0,6,2,16,9,6,12,4,2,12,15,16,19,7,14,7,10,14,11,17,10,17,19,15,18,11,20,21,10,12,18,11,17,14,17,16,19,16,6,5,11,15,9,-50,11,12,8,14,20,15,20,14,13,13,19,9,28,16,14,22,5,15,8,21,21,11,20,23,12,23,24,-17,6,14,20,23,28,16,15,-8,22,16,11,33,21,26,41,31,2,24,32,27,29,34,28,29,3,13,24,27,22,8,42,42,17,11,20,39,5,39,24,29,19,23,21,23,27,34,21,28,0,-2,0,-1,-1,-2,1,-2,10,1,-8,2,-4,-4,9,6,2,4,1,11,-4,-1,0,0,2,0,4,-2,-1,0,2,1,-1,-1,0,2,-6,-1,-1,-3,0,-2,-1,7,-3,-5,-1,-1,-1,-1,-6,-60,-7,-3,-3,-5,2,2,1,-2,0,-1,1,-1,-1,0,-11,3,-4,5,7,2,1,-3,6,7,-21,-9,-4,3,-3,4,1,2,1,-3,-10,-2,5,1,-5,-4,-11,-10,1,-7,1,7,-10,-8,-16,-6,-3,-7,-4,-10,-7,6,-9,-12,-8,-2,-5,-23,4,-47,5,-11,-4,-7,-4,-35,8,-17,9,-15,-7,-26,-11,0,-7,-5,-18,-3,6,1,2,-13,-6,-4,-1,-35,-1,-5,1,1,-11,2,-38,-1,-2,-24,-5,-9,-4,-8,-6,1,-5,-7,-10,-9,-20,4,-3,-5,-18,2,2,-17,-9,5,-18,-9,3,-7,-16,1,-5,-45,12,-2,-16,-5,-3,-24,-16,-39,-6,-1,-11,-23,-6,-4,-5,-17,-6,-8,-4,-3,-4,-5,0,-16,-9,3,-11,0,-2,-1,-1,1,6,-7,-8,-14,5,2,-3,-4,-9,-3,-14,-3,-5,-6,-1,-24,3,1,-7,-3,-12,-4,0,-9,-11,-3,3,-3,-5,-20,-9,-13,-1,-10,0,-5,-17,-12,-6,-31,5,0,-4,-11,5,-13,-2,-12,7,-13,-3,-11,-8,-12,-3,-4,-17,-5,-47,-51,-2,-15,-10,-20,-11,-10,-18,-11,-5,-6,-18,-7,-31,-3,-16,-6,-13,-16,-20,-15,-5,-8,-4,5,2,-8,-8,-23,-37,-20,5,0,-13,-12,-16,-29,10,-12,-21,-12,-1,-28,-10,-36,-2,8,-6,-14
-2,-1,-2,1,-2,-2,2,1,7,5,6,5,-5,4,-33,1,7,4,6,2,3,2,-2,-2,6,4,4,4,1,4,-3,-1,5,3,6,2,3,2,0,3,8,4,4,7,4,9,-4,6,7,7,12,8,7,11,2,12,0,2,-2,2,-2,-1,2,-2,11,5,6,5,-7,-1,-8,3,8,8,9,-2,6,-16,-1,1,9,7,5,7,-2,-1,-17,5,6,7,6,4,4,-13,-1,-13,8,7,6,10,0,9,-10,7,11,4,15,7,9,-1,2,0,2,7,9,7,1,8,2,0,6,6,12,7,6,-2,2,6,10,4,12,-2,9,-25,13,-16,7,9,4,12,-5,5,-48,9,8,2,8,0,8,-16,-3,-11,4,4,2,6,-18,11,-21,6,10,1,15,-4,8,-7,7,-2,0,13,-2,12,2,6,-3,7,11,-7,10,-1,11,-3,5,2,-4,7,3,5,3,11,2,12,4,5,5,2,0,-4,-28,-5,5,5,3,1,3,-24,-9,-26,3,2,4,0,-6,5,-37,-3,2,2,1,-2,3,-9,-11,-13,2,2,3,4,-3,-5,-13,-10,3,2,10,5,4,-1,-7,-13,8,4,1,11,10,5,1,-5,1,2,3,0,1,5,-7,-9,12,13,14,9,10,-18,-17,-24,11,14,11,12,-4,-28,-30,-30,8,10,8,1,-2,-34,-33,-19,8,6,-2,6,-20,2,-29,4,8,4,11,-9,0,0,-5,-7,4,4,-14,-11,-10,3,-4,-4,10,-10,6,2,-16,6,-4,-3,-2,-5,-2,11,-12,2,-7,2,0,-2,1,2,0,-2,-1,2,0,5,-11,1,-1,3,36,16,-5,0,-4,-2,-1,-6,6,2,-2,-2,-2,-2,-7,-2,-6,-3,-2,-3,-2,-4,0,-6,-3,-3,0,-2,-2,-1,-4,-2,-4,-3,0,-2,-1,-2,-2,-3,-2,-3,-1,-2,-1,-1,-2,1,1,1,-5,-3,-7,-2,1,1,14,-2,1,-3,-7,-4,-1,-13,31,4,0,-6,-2,-2,-12,26,-9,28,-9,-5,-6,-4,-4,-3,-6,2,-5,-12,-6,-9,-3,-9,3,-5,-6,-7,-4,-7,-5,-6,-5,-7,-3,-7,-10,-4,-8,-6,-8,-6,-5,-5,-6,-7,-5,-7,-7,-4,-5,-3,-5,0,-4,4,1,13,-6,-5,-10,-7,1,-10,45,2,-2,-10,-1,-2,-10,36,-13,37,-12,-7,-3,-5,0,-7,8,-4,-5,-6,-8,-7,-5,1,-4,7,-6,-8,-3,-9,-3,-5,-6,-6,-12,-1,-8,-4,-8,-5,-8,-6,1,-6,-1,-6,-6,-8,-6,-8,-1,-5,-2,2,0,25,39,51,1,-1,-3,-4,6,4,43,39,-5,-12,-9,-5,-13,35,9,46,-8,-12,-9,-14,2,-5,9,12,-6,-11,-8,-7,-5,3,0,12,-5,-10,-8,-8,-5,-5,1,2,-6,-10,-9,-11,-10,-4,-4,2,-6,-8,-6,-8,-8,-4,-2,-2,1,5,5,12,7,42,48,63,-8,-4,-10,14,30,6,74,55,-11,-12,-14,7,-5,64,16,65,-16,-16,-11,-18,18,-3,30,36,-9,-12,-10,9,-6,10,4,29,-5,-6,4,-7,3,3,4,10,-5,3,-6,7,-7,-8,4,14,10,-4,7,-3,0,0,2,14
0,0,-1,-1,1,-1,-1,2,4,4,-1,4,4,3,5,3,3,6,-2,3,5,2,4,2,2,3,7,7,3,1,3,1,0,5,8,5,1,1,1,-3,1,-1,3,3,0,1,-1,-2,-12,-14,1,-2,-7,-6,-34,-19,0,-1,-2,2,1,1,0,-1,7,13,9,9,5,13,10,10,17,10,5,3,10,9,7,8,10,9,17,10,13,8,7,9,9,12,8,13,12,8,0,2,10,14,10,10,2,6,9,4,7,7,5,3,0,12,-11,6,0,3,9,-12,11,2,14,0,6,5,0,1,16,1,1,-2,8,7,4,15,9,9,13,7,10,3,11,6,7,15,9,13,8,3,26,7,12,8,13,7,7,13,11,10,4,9,11,6,6,8,8,9,6,11,11,10,10,10,6,15,9,12,15,7,1,0,19,10,20,11,8,7,6,14,1,-19,3,6,-15,1,11,9,11,10,12,9,12,10,13,14,12,9,9,14,4,10,13,3,19,10,8,8,5,11,2,11,4,15,-1,8,3,12,9,9,12,12,-5,5,2,13,6,12,15,15,8,7,21,16,5,4,3,8,-5,-3,15,13,0,0,4,-5,1,-30,0,5,21,15,21,23,19,15,-17,17,27,15,24,22,15,21,15,9,20,20,57,27,26,19,13,20,8,25,12,18,15,14,3,-13,29,-4,18,7,2,-11,2,24,-26,-1,8,17,-38,18,15,13,2,0,1,-23,2,26,9,14,-17,-2,-37,6,-8,8,-26,4,1,0,1,0,1,0,1,-1,-17,-55,-2,-42,-20,-12,-10,-29,3,-11,38,-7,-9,-5,-7,-5,-4,-54,-2,-52,0,-3,-4,-5,-4,-3,-5,-5,-8,-1,0,-3,-4,-1,-6,-2,-7,3,0,-1,-5,-4,-3,-1,-2,2,-1,-1,-1,2,1,2,-2,-2,1,2,4,-45,-8,-42,-12,-10,-6,-10,-26,-23,6,-2,-51,-16,-18,-4,12,5,49,-23,-44,-5,-5,-5,-55,-13,-9,-9,-49,-9,-12,-5,-9,-38,-3,-37,-9,-8,-5,-7,-11,-5,-6,-2,-5,-8,-10,-6,-9,-11,-8,-7,-7,-7,-10,-9,-4,-8,-8,-4,-8,-14,-6,-15,-28,-40,11,1,-35,-25,-11,-14,-5,-39,8,-30,-8,-12,-14,-9,-72,-12,36,-2,-42,-7,-6,-1,2,-19,-11,-34,-9,-9,-4,-1,-17,-4,-5,-3,-26,-7,-12,-5,-9,-9,-5,-10,-1,-25,-7,-13,-11,-8,-9,-3,-11,-7,-18,-12,-10,-17,-9,-9,-2,-14,-9,-26,-13,-2,13,1,-30,-16,-8,-6,-5,-15,-61,2,-15,-15,-13,-8,-59,-9,50,-18,-37,-22,-18,-9,-1,-3,-10,-8,-6,-7,-5,-5,-2,-4,-2,-9,0,-8,-5,-9,-4,-3,-8,-7,1,-10,-3,-10,-4,-7,-7,-2,1,-5,-5,-7,-7,-7,-13,-5,-3,-6,-5,-8,-19,-68,-63,-3,-39,-16,-46,-31,-21,-31,10,13,-39,-20,-28,-28,-74,-7,43,-22,-34,-23,-43,-23,-20,-18,-5,-29,-23,-28,-18,-20,-22,-10,-25,-24,-27,-28,-22,-19,-21,-21,-22,-24,-22,-26,-24,-24,-19,-21,-21,-24,-22,-17,-17,-18,-28,-26,-25,-23,-18,-21,-24,-28
-1,-2,2,-1,-1,0,-3,-1,1,1,3,5,6,-74,-7,-4,1,1,3,1,5,3,-75,3,1,3,1,2,3,-1,-2,-5,1,3,3,3,-1,0,-7,-2,1,0,2,3,-2,3,1,0,-1,2,0,-4,3,-4,2,-7,2,-1,2,1,0,2,0,-1,8,5,5,8,2,-10,2,-30,4,5,9,10,-1,-43,-31,5,6,4,6,-1,11,-5,-27,-5,7,9,8,8,-20,5,-9,7,5,7,5,5,1,-70,-1,-9,9,7,0,7,2,3,-4,10,10,0,15,1,1,1,-2,5,5,4,8,6,4,5,4,5,4,-9,5,14,-69,9,-4,8,4,4,1,8,10,-63,1,-10,5,7,4,6,-2,6,-45,4,6,8,7,-2,6,-13,8,-67,8,4,4,2,-6,7,-13,1,7,3,3,4,4,3,2,5,-4,3,-5,5,-4,9,6,10,-2,1,-3,-10,3,0,8,2,9,8,15,15,20,-2,1,1,7,4,6,11,11,-27,-17,-2,7,7,-5,11,4,-24,-4,-33,11,2,12,7,4,-12,-61,7,11,3,6,2,3,0,0,-8,3,0,5,11,5,1,-15,-7,5,8,-2,11,20,9,-3,-7,10,1,4,13,17,-3,-6,-1,6,14,12,18,-32,5,0,-4,9,7,13,10,8,-31,-8,-17,16,15,12,11,4,6,-4,-33,12,5,12,11,8,-7,-22,-17,17,16,9,9,-6,0,-25,-3,6,14,8,14,9,1,-4,-2,13,14,2,2,16,-1,-4,1,7,3,6,-5,12,9,12,4,-2,2,0,2,-2,-1,2,2,-11,-8,15,1,6,0,1,-6,-8,1,-1,0,6,-1,-54,3,-3,-1,0,0,-1,-2,-3,-19,-1,-2,-1,-2,-1,-2,-11,-7,-1,0,-3,-1,-2,-13,-3,-8,-1,-1,-1,-1,-9,-2,-2,-5,1,0,0,-1,0,0,-1,-2,-4,-3,-3,-3,-4,-11,-4,7,1,6,-19,-10,1,-9,-6,2,-15,-3,4,-12,2,-17,-42,6,-5,-4,-1,-5,2,-5,2,-8,-4,-3,-6,-1,-5,3,-5,3,-5,-3,-4,-5,-7,-10,-3,-2,-3,-4,-6,-5,-10,-8,-9,-3,-9,-5,-4,-6,-5,-3,-3,-11,-5,-5,-10,-18,5,-7,-9,-3,-1,-8,0,-15,4,6,-4,9,3,-5,-2,2,-7,1,64,8,-2,-4,-3,-13,-3,7,-1,70,-4,-1,-2,-3,-1,-3,4,-2,-2,-6,-4,-2,-4,3,-4,-2,-1,-3,-1,-2,4,-1,-3,-6,-6,-4,-4,-5,-4,-3,-10,-2,-14,-18,-11,-3,0,-25,-18,-9,-14,-10,-16,-7,-1,-27,-5,6,-16,-18,-17,-2,-5,-5,-7,3,-6,-4,1,-10,-1,1,-5,3,-8,-10,-3,2,-11,-6,-3,0,-2,-5,-1,-1,-5,-5,-1,3,-7,-7,-9,-5,-9,-2,-7,-2,-6,-7,-8,-4,-2,-4,-5,-3,-8,-11,-19,-15,0,-75,-7,-2,-4,-20,-20,-36,-12,18,-4,10,-26,-2,-8,-10,-4,-4,73,10,1,-4,-11,-12,-2,10,-3,65,-6,-9,-19,-11,-6,-5,1,6,-6,-6,0,-7,-8,4,-6,14,-5,-11,-4,-8,1,-1,1,8,-8,-6,-11,4,-9,-2,-13,1
1,0,-1,-2,-2,1,1,0,-15,-15,-12,-11,-7,-10,-9,-6,-11,-10,-10,-10,-11,-11,-8,-7,-8,-8,-8,-8,-8,-7,-6,-7,-4,-8,-5,-5,-6,-6,-4,-7,-5,-4,-2,-1,-5,-3,-2,-4,-8,-10,-8,-8,-9,-7,-6,-5,1,2,3,0,1,-1,-1,0,-11,-7,-7,-6,-6,-10,-5,-5,-7,-2,-11,-7,-8,-7,-4,-13,-5,-10,-8,-2,-11,-10,-8,-3,-10,-11,-8,-14,-6,-7,-9,-13,-9,-6,-21,-7,-9,-10,-15,-5,-9,-15,-8,-10,-11,-8,-9,-5,-16,-19,-9,-17,-16,-7,-8,-6,-8,-15,-14,-4,-10,-8,-4,-10,-3,-4,-4,-2,-7,-2,-7,1,-9,-5,-8,-8,-5,-13,1,-7,2,-5,-5,-8,-9,0,-6,-2,-4,-11,-6,-7,-2,-8,-8,-11,-9,-4,-11,0,-10,-6,-14,-5,-6,-11,-3,-15,-4,-10,-7,-8,-7,-2,-8,-7,-12,-9,-14,-8,1,-12,6,-6,-4,-7,3,-5,19,19,18,15,17,19,20,19,14,17,16,12,15,16,17,18,11,16,11,15,14,9,13,16,16,10,16,17,12,12,18,18,12,13,13,11,13,14,8,15,16,12,14,13,13,11,11,13,15,9,16,13,17,16,13,3,21,11,17,15,14,15,17,11,-7,-38,12,35,16,13,41,47,36,6,26,-46,44,-20,26,41,41,20,34,33,32,39,30,44,-42,1,11,46,29,31,23,25,-13,31,26,8,13,25,16,25,-4,21,38,11,9,-14,15,16,18,22,41,20,21,27,5,15,35,39,41,-46,33,30,30,33,1,-2,-1,-2,1,2,-2,2,-22,-23,-22,-18,-28,-24,-25,-19,-28,-51,-28,-39,-26,-37,-25,-28,-31,-33,-40,-33,-39,-31,-35,-35,-30,-51,-44,-62,-64,-68,-29,-42,-23,-53,-69,-60,-72,-67,-44,-43,-26,-65,-47,-78,-56,-64,-46,-42,2,1,-1,-1,1,2,-2,-2,-7,-8,0,-5,-5,-3,-5,-3,5,-5,3,-2,1,-1,0,-6,-9,-1,-1,1,-1,4,1,1,-3,-2,1,0,2,3,1,3,-2,-4,0,1,1,3,2,2,2,-2,-1,1,3,6,1,1,-5,-4,-5,1,2,1,5,1,-5,-4,-3,-5,-4,1,3,-1,-17,11,-15,10,-16,12,-18,12,12,-15,12,-12,13,-11,14,-14,-14,11,-14,8,-9,13,-7,15,12,-9,12,-10,9,-9,16,-7,-15,11,-8,15,-9,8,-11,14,15,-10,16,-10,14,-11,11,-15,-13,16,-11,15,-15,12,-15,9,12,-20,14,-13,16,-11,13,-12,-14,-12,-12,-12,-14,-11,-13,-14,-10,-12,-10,-13,-13,-11,-10,-10,-15,-15,-13,-17,-14,-13,-10,-11,-14,-13,-15,-12,-14,-11,-11,-13,-16,-17,-13,-16,-16,-15,-15,-13,-17,-14,-15,-19,-14,-16,-17,-16,-14,-15,-15,-16,-13,-15,-16,-13,-15,-15,-17,-15,-14,-14,-11,-11,-28,-27,-28,-37,-42,-38,-37,-39,-39,-24,-42,-32,-26,-18,-21,-37,-33,-35,-30,-24,-28,-19,-33,-34,-34,-31,-27,-28,-34,-38,-36,-28,-39,-34,-34,-19,-20,-37,-29,-37,-15,-26,-26,-36,-27,-18,-38,-22,-25,-36,-25,-10,-68,-33,-28,-30,-56,-20,-25,-19,-14,-35,-22,-52
2,0,-2,1,-2,-2,1,-2,1,-1,1,-1,0,5,-26,2,0,-1,1,-2,-9,-1,77,2,0,-1,1,-2,0,4,-17,6,-1,-2,-1,-1,1,1,-10,2,1,-2,-1,-2,0,-1,-9,0,2,-6,5,-6,4,-6,-2,-5,2,-1,-2,-2,0,-1,2,-2,6,2,1,1,2,3,3,-5,3,-2,5,2,-3,2,-11,4,2,5,0,-3,4,1,-14,-1,-1,2,0,1,0,6,1,11,2,2,-2,-3,2,-1,1,-4,-3,-4,8,1,3,-9,-7,1,-1,5,2,2,2,7,1,0,1,0,4,2,5,-2,-1,-1,4,1,2,4,-5,10,5,6,4,6,1,-2,5,-6,8,-29,2,3,3,4,3,7,50,11,3,0,2,2,4,1,1,-1,4,3,1,3,-2,2,-6,6,3,0,2,-1,3,1,-1,3,1,2,-2,4,-3,2,1,3,5,-7,1,-5,5,-1,2,2,5,5,5,2,6,4,2,4,5,2,4,5,3,3,-5,7,3,6,3,4,4,-2,4,-11,1,5,-1,-1,-8,5,-9,10,4,6,2,4,5,3,9,3,3,7,5,9,8,1,0,4,1,7,6,9,1,0,1,2,2,5,8,1,2,1,3,3,10,8,9,10,6,8,3,8,8,12,8,8,10,5,-2,-5,2,8,8,10,8,3,-25,-12,5,9,9,0,2,4,-5,3,5,8,5,9,4,4,5,6,1,5,4,0,0,6,7,-5,8,3,7,1,0,7,6,4,5,-2,-1,10,1,5,3,4,0,0,-2,0,1,-2,-2,0,-6,-6,-4,-9,-5,-2,7,-2,-4,-3,-3,-3,0,-2,-24,-5,-4,-3,-4,-2,-3,2,-4,-15,-1,-1,-2,-2,-1,-1,-1,-3,0,-1,-2,-1,-2,-4,-3,-2,-1,-1,-2,-2,-3,-1,-3,-1,2,-1,0,1,1,-2,-1,-2,-4,-6,-4,-5,-7,-13,-7,-10,-4,-7,-8,-7,-2,-8,16,-7,1,-6,-6,-4,-5,-10,-3,7,-9,-7,-3,-10,-9,33,-11,37,-6,-8,-5,1,-10,-4,-5,0,-4,-5,-4,-6,1,-5,10,-6,-5,-4,-4,-6,-3,-6,-1,-6,-4,-4,-4,-2,-6,-2,-4,-1,-3,-3,0,-3,-6,-8,-13,-5,-6,-4,-5,-4,-8,-5,-2,24,-4,-6,-8,-8,2,-12,-6,-9,-6,-3,-11,-11,-11,35,-11,36,-10,-8,-6,-8,-5,-9,-1,-4,-4,-8,-9,-1,-7,-2,-3,-2,-6,-6,-3,-6,-3,-5,-3,-5,-6,1,-7,0,-3,-3,-7,-4,-6,-9,-9,-5,-11,-3,-8,0,-10,-10,-10,-15,-11,-7,-12,-12,-9,-5,-14,-9,-13,-11,-16,0,-10,-8,-10,-9,-5,41,7,43,-8,-13,-12,-4,-15,-4,-5,-9,-7,-11,-6,-6,-8,-5,2,-7,-7,-8,-9,-8,-9,-5,-5,-4,-5,-5,-7,-5,-6,-5,-5,-4,-4,-5,-7,-1,-16,1,-14,-6,-19,-17,-17,-16,-15,-16,3,-7,-12,-2,-30,-16,-10,-22,-12,-22,-19,-22,-26,-25,-30,46,-3,50,-12,-18,-17,-12,-21,-11,-4,-17,-11,-16,-15,-7,-16,-7,-1,-16,-10,-14,-7,-10,-9,-7,-13,-16,-9,-4,-8,-3,-8,-12,-11,-3
3,2,-1,-2,1,-1,0,1,0,-1,-1,-3,-4,0,-3,0,-1,-1,-1,-4,0,-3,-3,-1,0,-2,0,-1,-4,-2,-4,0,0,-1,0,-1,0,-13,-8,8,2,-1,0,0,2,0,-73,4,-2,-3,1,-4,2,6,20,7,1,-1,-2,1,-1,-2,0,-1,-9,-3,0,-3,-1,-6,-2,-4,-4,-6,-3,-2,1,-2,8,-5,-4,0,-3,-2,-7,4,-3,2,-5,-10,1,1,-9,32,-13,42,-2,-1,-5,1,30,-6,-3,0,5,-2,8,-5,5,-11,55,-8,-4,5,-13,5,30,9,-9,12,-5,-11,11,-13,-7,45,-5,81,0,11,-2,5,-5,-1,-4,-1,-5,-4,10,-3,9,-2,2,-5,-2,-12,-2,11,-4,7,-3,2,1,-1,0,-3,17,-8,6,-3,-3,2,1,4,-4,22,-6,21,1,3,6,-8,7,-17,28,-3,7,3,-1,8,8,13,0,12,-11,-6,6,-3,-2,-26,1,2,-3,-1,-4,3,1,-2,2,-2,-7,-2,1,3,0,1,1,-3,-2,-5,-8,-7,-4,-2,4,1,-6,-14,-8,-5,1,-17,10,1,-9,1,-14,6,-11,-1,3,-5,-3,13,8,10,18,22,-17,30,-11,-5,2,6,9,-3,23,23,-3,7,12,-19,12,2,0,-5,-2,15,0,5,-2,4,19,4,8,-4,20,3,3,3,24,-24,-2,2,2,24,5,4,33,7,4,-13,1,-3,34,3,31,0,4,0,-6,6,5,34,38,37,16,-8,20,18,21,55,63,58,-25,-18,-18,4,22,32,48,38,-40,-8,14,7,35,18,49,-1,-2,-1,-2,-1,1,0,1,2,-1,-3,-2,-9,0,-1,-17,-3,3,-3,-2,-3,-1,0,0,-2,0,1,-1,0,-4,-2,-3,-2,2,1,1,0,-2,-8,-11,0,2,1,4,-1,-1,-2,15,9,1,2,1,6,8,-65,11,-67,-1,1,0,-1,-2,0,1,3,-3,-5,-7,-26,2,0,-5,-2,1,5,-3,-5,-24,2,0,-6,1,-5,-11,-6,0,-10,-4,-5,-3,0,0,1,-5,-20,-6,-27,3,-1,1,0,-24,-7,-10,-2,3,5,0,-4,-2,-1,26,-1,6,5,3,8,-39,-9,0,2,1,4,0,4,10,-51,0,-46,-3,-23,1,-7,2,6,-15,-3,-6,-1,-12,-2,6,-3,2,4,-3,-9,-3,-13,3,3,-1,-6,-5,-1,-7,-8,-25,5,-6,3,-9,-3,-2,-4,1,-39,-6,-52,0,-4,1,2,-13,-3,19,1,-1,1,-5,2,7,-42,2,-56,1,-5,2,5,-76,7,-26,6,-2,7,-1,6,-32,-15,-36,0,-6,0,1,-4,4,-1,-4,-4,-5,-2,-4,9,-11,2,-22,6,1,3,1,6,-3,8,-20,12,-2,-5,-8,1,5,-12,-35,6,-2,-11,-10,-12,-15,-40,35,-42,3,1,-3,7,9,-20,-51,7,3,4,4,7,4,11,-22,11,0,-6,-11,-6,-49,5,-53,-18,-25,0,-13,-10,-34,-21,-18,-9,-11,-1,-16,-23,-6,-14,-29,-16,-14,-3,-16,-6,-26,-5,-21,-3,2,-8,0,-7,-3,-38,-16,-40,3,-1,-5,-9,-23,-33,17,-65,6,4,5,2,5,-23,-34,-55,5,0,4,10,-30,11,-44,4
0,0,2,-1,2,-2,-2,-1,3,-1,3,-4,1,5,-2,6,16,-3,10,2,0,17,-4,15,1,-4,2,1,1,0,-9,0,-4,-3,0,3,-4,2,0,-8,-3,-10,1,1,-3,0,6,-17,-12,-3,-5,-7,7,-2,-14,4,-1,-2,-2,1,0,-2,-2,-2,7,-1,3,-3,-2,9,1,0,18,-2,13,1,3,22,5,20,-1,-6,-1,7,16,0,6,3,-2,-8,-4,5,0,1,-9,-8,-5,-10,8,11,14,3,5,-2,18,-2,14,-11,-7,17,-10,18,6,-10,-3,-19,-1,-2,1,-2,2,-12,-5,-2,-6,-41,-4,5,4,7,4,8,10,3,0,7,-10,4,5,8,12,-5,4,-11,12,-1,12,2,-3,20,-7,18,-7,-3,-7,-4,0,-3,-2,-4,16,-4,12,6,-9,20,-4,14,-10,-12,-4,11,9,-7,-5,-8,-1,-10,-8,0,9,-16,-12,-7,-3,-25,10,-10,-14,6,1,4,3,1,3,1,3,1,7,7,2,8,2,-8,1,-3,15,4,0,8,-10,-5,8,-2,8,11,11,-2,17,12,13,16,0,8,-6,5,-9,-9,-1,-2,8,-11,-12,3,-5,-11,-13,-19,2,-15,-7,-2,-8,-21,1,-11,7,-7,6,-3,0,-6,-21,-3,9,4,0,9,8,9,13,7,5,9,4,13,7,8,12,8,19,12,11,11,7,6,7,21,13,14,14,13,17,9,16,16,19,15,12,7,17,10,-5,21,-4,4,-6,-27,-1,6,19,-9,17,-18,2,4,10,19,15,5,12,11,15,-1,-6,18,-15,21,16,-8,1,0,0,-1,-1,2,-2,0,-2,-2,7,-4,-25,9,1,-5,0,-3,-7,-9,-9,-6,0,-5,-1,3,1,-4,-1,-2,6,-4,-4,-1,-1,0,-1,-3,-1,-7,0,-2,-2,2,-1,-2,-1,-1,0,-3,1,0,-1,-1,-1,1,2,-2,-1,-2,1,-2,2,2,-2,-12,-5,-3,-12,3,-2,-18,-22,-6,-13,-11,4,-8,-3,-25,-17,-9,-19,-8,-18,-10,-5,-21,-2,32,-6,-14,-14,-16,45,-8,-4,-5,-9,-6,-12,-6,-8,-14,-5,-6,-6,-7,-4,-8,-9,-6,-8,-7,-4,-3,-7,-4,-5,-3,-11,-3,0,-2,-6,-11,-2,-2,-5,-7,-5,-21,-2,-10,-4,-12,-9,-9,-4,-8,-4,0,-25,-13,-7,-15,-20,-4,-23,-35,4,-9,-6,43,-17,-19,-10,-12,48,-7,5,-6,-9,-7,-5,-11,-4,-6,-6,-14,-6,-6,-1,-4,-9,-9,-10,-6,-8,-7,-5,-6,-4,0,-8,-5,-4,-3,-11,-2,-2,-7,-21,-18,6,-12,-37,14,-5,9,-8,-21,-12,-20,4,-33,-8,-4,-10,-14,-30,-15,-7,-13,1,-3,-10,51,-15,-21,11,-18,51,-20,-18,-10,-11,-17,-18,-14,-7,-27,-9,-12,-12,-6,4,-19,-12,-11,-11,-5,-8,-7,-8,-4,-10,-8,-4,-7,-4,-3,-8,-7,-6,-6,-18,-29,-37,-19,-49,3,-11,-2,-29,-28,-38,7,8,-47,-15,-32,-25,-16,-50,-18,-23,-36,33,-15,-34,56,-64,-55,29,-30,59,-53,-29,-29,-41,-30,-29,-36,-30,-30,-23,-25,-22,-24,1,-20,-35,-23,-19,-19,-14,-20,-13,-11,-13,-10,-12,-11,-14,-9,-11,-17,-27,-14
2,1,-1,0,0,2,-1,0,0,1,15,-4,-6,12,11,1,2,-2,2,-5,2,2,3,-3,0,3,-1,-1,3,5,-5,2,6,-1,1,-1,2,2,5,-3,-6,0,11,6,4,0,1,1,6,20,7,2,7,-7,-1,-3,1,1,2,-2,2,0,-1,-2,20,8,-4,0,11,2,3,4,-3,-8,14,-8,-5,0,10,10,6,13,-10,-3,9,-1,-5,4,-14,7,-2,1,4,3,8,5,6,9,-1,-15,3,5,-1,1,6,7,6,14,4,-7,-9,-2,12,18,20,-2,5,18,1,-1,-5,3,19,16,4,6,-6,2,18,-3,-6,-5,-1,-5,-2,-21,7,4,-6,-7,-9,-4,3,-2,-6,-1,-1,-3,-17,-1,2,6,-3,-4,-6,-6,-13,-19,-10,-9,3,-8,-18,-7,3,-3,-3,-11,-8,-5,-9,-5,-2,-1,-32,-10,-7,0,-3,-3,6,-12,2,-3,-4,9,6,2,4,5,-6,-15,1,6,-12,31,-7,-16,-13,-3,3,-13,2,-34,-5,-6,-23,-14,3,-13,5,-18,-2,-13,-15,2,-9,-2,-2,-54,7,-2,-9,-7,4,2,16,19,-3,-9,-31,-1,4,8,6,10,-11,-20,-20,-1,8,-1,10,7,6,9,-12,2,4,6,6,11,0,11,-10,-3,19,0,14,37,21,-2,-28,-19,2,7,1,5,17,15,11,-20,29,1,2,2,8,8,23,-1,2,0,-10,-6,6,-9,9,13,24,12,1,-23,-14,-12,-2,25,0,-14,5,-23,0,-20,1,-27,3,-1,-1,-2,10,1,-10,6,9,-23,7,14,13,0,-5,-2,-2,0,2,-1,0,-2,-1,1,1,-35,-44,-18,-25,-20,-27,-24,-10,-10,12,-11,-17,1,-3,-18,-6,-3,-3,0,-5,1,-3,-4,-5,5,-1,0,0,6,3,-6,-7,2,-1,0,6,6,-5,-3,-2,-1,-7,-3,-1,4,2,-3,0,2,2,-2,-1,-2,2,0,10,-14,2,0,5,13,-17,6,-5,4,3,3,0,-14,6,-6,-5,5,-25,6,-5,21,-4,12,-2,3,-22,12,-10,-4,14,9,4,1,6,1,4,3,2,-1,5,2,-1,4,3,-3,-7,-1,-3,5,1,4,-3,2,-4,8,7,-1,1,2,-5,2,-3,-8,7,-12,-2,-10,8,-1,-2,-10,-9,-26,0,-3,-23,6,-9,-10,-11,-8,-8,-9,-6,-7,-6,-1,-12,-1,-9,3,-3,-10,-19,-4,0,-1,-7,-2,-3,-3,4,-12,-10,-1,-6,-3,-5,-3,-1,2,3,-4,-5,1,-9,1,0,-4,4,-6,0,-6,-9,-8,-12,-2,10,-15,-10,-9,-6,1,-22,-40,-32,-9,-7,-8,-22,-9,-7,-12,-16,0,-29,-6,-9,-5,-8,-5,-46,-13,-26,-10,-20,-19,-13,-35,-8,-9,-24,-6,-17,-7,1,-11,-12,-11,-15,1,-10,-11,-9,-9,-13,-12,-9,-10,-13,-4,1,-12,-4,-7,-12,-4,-5,-9,-16,-13,27,-17,11,-14,13,16,-42,-13,-45,-33,-18,16,-30,-40,-24,-36,-28,5,-20,-8,-9,-5,-14,-20,-49,-34,-45,-10,-68,-72,-42,-26,-11,-23,-29,-16,-47,-21,-13,-34,-14,-17,-15,-5,-20,-27,-21,4,-24,-13,-9,-2,-15,-27,-14,-40,5,-7,-1,1,-12,-7,-18,9
0,1,1,-1,0,0,2,-1,9,4,7,2,3,1,6,9,4,4,2,4,1,3,1,8,7,4,4,1,3,2,2,7,9,5,2,2,3,3,2,6,11,5,9,0,2,1,8,3,9,3,7,2,4,5,1,16,2,-2,-1,0,1,-1,0,2,-7,2,-4,-43,-2,1,2,-8,-4,3,-1,0,0,-2,-1,3,-1,-5,-1,0,-2,1,-4,-1,-3,0,-2,-3,-3,-1,-2,-3,-5,-3,-3,-3,-5,0,-3,-2,-6,-5,-3,-4,-2,-7,-6,-6,-1,-4,-5,-3,-5,-3,-2,-4,-5,-1,-3,-7,-6,-9,-7,6,4,-8,2,-34,3,2,-2,-2,-35,0,-45,1,-29,2,-19,5,3,-31,1,-34,0,-32,3,-34,-36,-3,-35,0,-41,3,-25,0,-2,-28,1,-38,-1,-39,2,-23,-25,1,-37,0,-34,-2,-23,3,1,-35,-1,-29,0,-41,0,-29,-25,-1,-25,2,-31,3,-35,1,5,5,7,5,7,5,5,7,1,10,4,3,-5,0,6,1,3,7,6,8,5,1,8,0,-1,7,4,-3,-2,6,1,4,2,3,5,5,6,2,6,3,6,5,9,6,5,3,7,7,9,9,8,10,6,8,12,13,8,7,12,4,7,7,8,10,7,15,24,51,-4,31,-33,15,43,14,8,41,33,41,21,-29,11,18,-35,14,-1,33,14,13,26,-1,8,-38,13,10,-20,-21,20,-19,6,-14,-13,-14,22,25,4,-28,6,-24,11,6,2,8,24,9,-27,-22,11,17,4,14,22,-15,12,4,-23,11,2,8,-2,-2,2,0,2,-2,0,-2,9,-14,12,-5,2,-16,6,-10,-6,-5,-2,-5,-2,-21,-2,2,-4,-3,-5,-1,-5,-2,-1,-4,-1,-4,0,-3,0,-3,-2,-6,-4,-3,-1,0,0,3,-3,-2,0,-4,0,-1,1,-3,-2,-6,2,-1,1,2,-2,-1,-1,2,-18,-5,-16,-6,-17,-7,-10,4,-8,-14,-15,-8,-12,-14,-10,-9,-7,-13,-20,-15,-16,-12,-8,-2,-12,-17,-14,-16,-12,-12,-8,-10,-9,-10,-15,-8,-13,-14,-7,-5,-7,-10,-10,-12,-9,-5,-7,-6,-8,-11,-9,-7,-8,-6,-1,-1,-3,-7,-5,-11,-6,-6,-6,-3,-2,-17,-6,-18,-8,-21,-1,-19,-14,-5,-16,-8,-20,-11,-16,0,-7,-18,-6,-16,-4,-15,-2,-14,-15,-8,-16,-1,-16,-4,-17,-2,-3,-16,-5,-16,-2,-16,-4,-17,-10,3,-18,1,-15,-1,-11,0,2,-14,4,-17,2,-12,2,-8,-13,0,-11,0,-21,3,-12,2,-30,-35,-33,-29,-23,-21,-24,-28,-33,-34,-38,-36,-28,-31,-25,-25,-38,-35,-33,-31,-44,-17,-34,-42,-41,-39,-47,-38,-43,-34,-41,-40,-44,-58,-59,-40,-27,-40,-35,-33,-37,-39,-47,-60,-42,-47,-37,-40,-34,-43,-37,-61,-37,-26,-32,-37,-35,-35,-43,-35,-37,-40,-36,-32,-45,-54,-56,-48,-38,-28,-41,-48,-49,-37,-43,-23,-40,-36,-37,-24,-35,-35,-32,-39,-22,-34,-41,-48,-29,-40,-36,-43,-43,-37,-25,-27,-22,-26,-53,-32,-55,-47,-23,-35,-28,-28,-35,-31,-31,-39,-30,-34,-34,-34,-22,-40,-39,-30,-25,-18,-25,-55,-35,-25,-55,-46,-33,-45
-2,-2,1,0,-2,0,-2,-1,4,-1,4,2,-5,-2,1,-3,0,-4,2,7,-7,3,0,-3,2,-4,3,2,31,-4,-3,1,0,-1,1,-2,-11,-3,-2,-3,-5,-11,-10,-8,-6,4,-15,4,-6,-10,-12,-19,-16,-17,-3,-8,-2,1,1,-2,2,0,-2,-1,-11,6,4,-7,8,-1,6,-4,-2,0,-4,26,-2,3,3,0,-1,4,10,5,3,3,7,1,5,3,2,8,-12,3,-9,10,-6,-6,13,-12,-15,9,1,11,15,-5,-22,6,9,2,-4,6,-9,13,2,6,7,-15,-4,-5,-6,1,2,-29,11,-5,-17,-12,-4,3,0,4,-9,7,0,3,-5,2,14,0,0,-7,4,-5,-1,-10,5,6,-4,-2,0,4,3,-4,0,-7,15,-3,-12,-8,-7,-3,-7,-14,5,-15,0,-4,-10,-11,-17,-9,4,9,6,16,2,-8,3,-15,-12,-5,-6,14,3,-15,-18,-10,-21,1,-6,13,2,5,-2,2,-2,1,8,2,-1,7,-4,2,9,17,3,11,6,-2,6,3,0,-6,7,-8,0,1,2,8,-7,-4,12,0,4,9,5,13,5,-5,16,3,2,21,-3,5,-30,-6,18,7,0,5,-12,-2,0,7,-8,4,-25,-11,-10,-7,-19,-2,2,-16,-3,1,-1,8,1,11,-1,5,8,-3,8,2,5,12,11,2,-2,-3,1,6,4,7,5,5,2,-3,4,13,2,1,-7,3,-7,3,5,27,4,-1,3,-4,-36,-20,20,3,-1,-23,18,-11,14,12,-13,-3,-3,4,2,-9,16,-6,-23,-4,-13,20,-1,3,2,1,2,-1,0,1,-2,-2,-8,27,-15,2,1,-1,-2,-14,-7,12,-13,6,-10,-2,0,0,-3,0,-1,2,-1,2,0,-2,0,-1,3,0,1,0,1,-1,2,-4,-1,-4,-3,0,2,-1,-1,-4,2,-5,-2,-2,2,-1,-1,2,1,2,-1,-2,1,-1,-5,-17,-1,-4,-7,6,2,-10,-22,-10,-6,-15,-12,-7,10,6,-16,10,-6,-12,-17,-6,-14,-4,-4,-4,-6,-8,0,-14,-10,1,-11,-10,-6,24,-9,17,-13,-12,-7,-3,-5,-5,-17,-6,-4,-2,-6,-8,-3,-5,-3,-9,10,-3,3,-6,0,-2,-14,-8,-5,-9,-8,-6,-12,-5,5,-4,5,-14,-21,-10,-13,6,-3,-2,6,-2,-6,17,-10,-15,-14,-7,-11,-1,-4,-15,0,-12,38,-16,-5,2,-15,-13,-3,32,-12,19,-8,-22,3,-1,-3,-4,-9,-6,-8,-3,-14,-4,3,-5,-7,-2,6,0,-1,-4,-2,3,-2,-2,-7,-7,-9,17,-18,-28,-11,-8,-6,-11,-9,-21,-9,-5,-10,-5,16,-5,-19,20,-24,-18,-12,-6,-17,-12,-4,-6,-7,-11,32,-17,-32,-1,-11,-15,-10,39,-15,37,-43,-23,-7,-7,-11,-7,-41,-11,-8,-5,-12,-25,-21,-6,-18,-7,21,-11,-6,-9,-7,-5,-5,-2,-5,-7,-28,14,-38,-25,-48,-4,-40,-37,-37,-26,-26,-2,-12,-30,38,-28,-39,35,-42,-44,-51,-12,-44,1,-35,-23,-3,-37,41,-50,-52,-15,-29,-37,-37,51,-56,51,-44,-58,-9,-26,-25,-28,-64,-31,-24,-15,-35,-47,-14,-23,-41,-32,35,-26,-28,-13,-21,-15,-29,-33,-46,-35
-2,1,0,2,1,-2,2,0,-4,-5,2,-1,-3,0,3,-1,-3,-2,4,10,-6,5,7,3,-2,3,14,15,14,-2,0,-2,1,4,7,-3,0,-4,-7,-5,-4,14,2,22,-4,-6,-12,6,7,-44,9,-11,21,8,5,-20,-2,-1,-3,-1,2,-2,-2,1,-3,1,11,10,-3,0,6,1,-1,12,3,5,1,14,10,8,2,-4,6,6,-7,6,9,6,14,13,6,6,3,-2,-6,-12,8,-4,-1,2,0,-2,-5,8,4,-9,-12,9,5,18,3,-4,5,3,4,2,-8,-11,15,0,9,11,19,4,13,-6,11,-4,14,7,9,-1,6,5,4,0,-2,8,-3,0,5,9,3,-3,9,1,2,-1,4,14,8,1,8,3,-1,11,-2,-1,12,16,10,3,-9,1,0,7,9,11,5,18,5,9,2,-5,13,13,1,-17,-4,-3,21,14,8,4,6,-2,-5,29,12,17,4,9,6,11,1,3,8,4,4,8,16,12,11,6,0,-2,9,1,13,4,3,-5,4,4,3,11,-5,-17,5,13,-8,6,15,18,4,11,0,2,16,-4,3,13,-15,-9,4,6,0,-6,-6,12,2,23,12,15,4,7,8,4,-9,6,14,7,14,4,9,10,27,28,15,10,26,12,20,-1,26,26,14,13,12,18,18,5,27,19,18,8,15,26,9,20,8,-1,19,20,19,4,16,16,0,5,-25,-13,6,-4,27,7,12,-19,21,7,13,8,2,29,12,5,9,-1,-4,-6,23,-9,2,9,3,1,-8,0,24,26,0,-1,0,2,-2,2,2,-2,18,15,-6,-1,-3,-15,1,-36,-13,-1,-12,2,-2,-3,-4,-8,-6,-1,4,2,3,4,-6,-3,-3,3,-2,-8,-6,-1,-3,-2,-2,2,3,6,3,0,-2,2,1,0,-1,-2,-6,0,-3,-1,0,-1,2,1,2,2,-2,-2,-4,5,1,-3,-6,3,-7,3,9,24,-25,-21,0,17,-11,-11,-4,-9,-22,4,-14,-16,-16,-7,-12,-2,-14,-7,6,-8,-3,1,-7,-2,6,11,-16,-4,-9,-1,-3,0,-2,6,-8,-2,-10,-5,4,-9,6,-6,-2,-10,-1,-7,-8,-2,-4,0,1,3,-6,4,-2,-13,-4,2,-14,-10,10,-3,5,31,-12,-19,-4,-9,-23,-6,-5,-21,-19,2,1,-14,-12,-4,-14,-7,2,-19,10,-4,-5,3,-11,9,13,11,-4,3,-11,-2,1,1,-4,2,-13,-9,-5,-7,12,-7,8,0,-2,-19,-6,2,-4,3,-6,-2,2,-1,-8,0,7,-40,-7,13,-16,-9,-4,-3,37,47,-38,-36,-7,-28,-43,-7,-32,-21,-22,-9,-21,-21,-22,-3,-31,-26,-9,-11,11,-3,7,11,-22,-11,21,16,-4,2,-10,-1,-13,6,8,-6,-12,-1,-13,-7,-7,-7,16,-2,3,-19,-10,-13,-12,-9,-10,0,1,-5,-10,-6,-22,-43,-22,-5,-11,-23,-21,-10,6,40,-29,-71,-20,-47,-31,-11,-66,-62,-31,-15,-26,-28,-25,-5,-38,-28,-8,-32,18,-15,-5,18,-27,-31,25,15,-12,-11,-30,7,-34,-4,-13,-24,-40,-27,-35,-34,-12,-21,-5,-16,-12,-23,-21,-3,-27,-22,-21,-12,-3,-14,-17,-27
-1,0,-2,-2,-2,1,-1,1,-26,-38,-36,-26,-22,-19,-15,-18,-25,-27,-22,-20,-18,-14,-11,-13,-23,-23,-20,-18,-15,-14,-12,-13,-20,-19,-18,-16,-15,-14,-10,-12,-22,-18,-16,-14,-12,-10,-7,-12,-18,-18,-17,-21,-13,-11,-10,-12,1,-1,2,-1,-2,0,-2,-1,-17,-16,-19,-21,-27,-17,-20,-17,-19,-16,-21,-18,-20,-20,-21,-29,-13,-21,-18,-15,-19,-24,-23,-22,-17,-16,-18,-19,-20,-18,-23,-19,-15,-17,-17,-18,-19,-19,-21,-23,-14,-15,-17,-15,-15,-13,-19,-19,-15,-16,-14,-18,-13,-16,-18,-19,-12,-9,-16,-14,-17,-18,-14,-15,-20,-13,-22,-12,-18,-14,-17,-17,-16,-21,-15,-19,-14,-18,-12,-23,-20,-13,-17,-9,-20,-15,-18,-15,-16,-18,-17,-18,-10,-21,-16,-18,-21,-16,-19,-13,-15,-14,-20,-18,-16,-21,-17,-17,-12,-21,-12,-19,-19,-16,-21,-13,-21,-14,-24,-11,-17,-24,-16,-21,-15,-16,-16,-14,-21,-25,-21,-19,-19,-23,-24,-22,-20,-20,-20,-20,-19,-15,-23,-20,-21,-20,-23,-22,-17,-26,-25,-18,-25,-18,-22,-20,-20,-20,-24,-22,-17,-20,-16,-21,-18,-13,-17,-23,-21,-19,-17,-19,-23,-19,-14,-20,-17,-20,-13,-16,-17,-24,-17,-27,-18,-17,-19,-16,-19,-18,-20,-21,-33,-17,-13,-29,-9,-14,-10,-18,-23,-24,-18,-13,-5,-17,-13,-7,-12,-28,-14,-15,-14,-11,-9,-3,-26,-9,-16,-8,4,-11,-2,-14,-9,-17,-17,-12,-14,-5,-9,-7,-21,-22,-9,-6,-23,-11,-13,-2,-20,-9,-14,-5,-12,-22,2,-5,-12,-8,-10,-14,-10,-9,-18,-5,2,-1,0,0,0,-1,-1,1,-7,-5,-4,-4,-3,-3,-3,-4,-7,-4,-6,-4,-4,-5,-3,-4,-8,-4,-5,-6,-5,-5,-6,-5,-8,-6,-9,-8,-9,-8,-8,-8,-10,-9,-10,-10,-10,-9,-10,-10,-12,-9,-6,-8,-7,-7,-5,-11,2,1,0,-2,-1,-2,-1,2,-8,-12,-7,-2,-5,-2,0,-4,-7,-4,-4,-2,-2,-1,0,-1,-9,-4,-3,-4,1,0,1,0,-4,-2,-1,-1,2,2,1,0,-7,0,0,2,2,3,1,-1,-5,-5,-1,2,0,2,1,2,-1,-2,-3,0,1,2,2,1,-8,-1,-1,-1,-4,1,0,-3,-1,3,1,6,2,4,-2,2,3,0,6,1,7,3,5,2,0,3,-1,4,2,6,4,4,3,1,4,1,6,3,4,2,3,7,1,3,0,4,4,8,5,-1,4,1,4,2,4,1,1,3,0,4,0,3,-3,5,7,0,2,0,3,-1,3,-1,-2,-2,0,-1,0,1,2,-1,-4,-1,-3,-4,-1,-2,-2,-1,0,-1,-3,-4,-1,1,1,-1,-3,-1,-2,1,0,3,2,-2,-3,0,-2,3,5,3,6,1,1,1,1,0,4,2,2,1,0,1,0,1,2,2,2,0,0,3,2,2,0,2,3,2,24,19,19,16,20,14,18,21,12,13,17,13,12,16,19,18,22,27,23,21,15,15,27,21,28,27,28,25,21,21,26,22,25,27,22,28,26,21,29,15,31,16,31,25,29,31,20,22,20,31,27,27,27,22,19,19,32,31,34,33,24,29,25,23
2,-2,-1,0,1,-1,0,0,0,-1,2,-2,1,-5,-6,0,1,0,0,-1,-1,0,-1,1,1,1,1,0,1,-3,-3,0,1,4,-1,-1,0,-2,0,3,1,-3,8,4,12,0,2,0,4,3,2,13,6,8,0,1,-1,-2,0,0,0,1,-1,0,-6,1,-5,-5,14,24,-6,-14,1,1,3,4,9,6,-1,-3,0,-4,2,-7,10,1,8,0,1,5,3,4,-7,2,-9,-1,0,6,1,5,4,-1,0,1,5,10,-2,14,-3,-2,-3,2,7,-1,13,2,15,6,13,1,-2,3,-4,6,-1,3,0,2,6,0,4,-1,3,23,-24,-5,-11,0,12,0,6,0,-1,7,2,-4,4,5,-1,-1,-2,9,6,2,2,1,2,-2,-2,-1,8,3,-2,0,1,-1,6,4,7,-7,3,-1,-5,5,2,1,-3,3,6,5,-3,14,6,1,-5,4,-4,-5,14,1,-1,7,-3,-10,-1,-6,20,41,14,5,2,0,-5,-2,-8,-10,-6,-7,1,-4,-13,8,2,-9,-10,3,3,5,11,11,3,1,-7,1,6,-5,-3,6,6,-3,5,-3,10,0,5,16,11,12,14,10,10,-5,1,10,15,5,10,13,1,4,9,17,8,3,11,6,1,4,5,5,20,58,26,11,8,12,9,5,10,5,-6,23,21,11,-4,14,1,-3,4,16,15,8,16,9,12,17,5,4,9,13,9,3,-2,9,6,13,10,-6,0,7,6,-4,16,23,2,-2,8,-6,-1,15,4,4,6,2,2,13,-9,21,-1,8,-2,2,2,1,1,1,-2,-1,-9,-12,-10,5,-55,4,-65,-22,-9,-9,-5,-5,0,-2,2,4,-2,-4,-4,-1,-1,-2,1,2,-2,-4,-3,3,-4,0,0,1,1,-4,-1,2,1,-3,-2,-2,1,-1,-4,2,0,-1,-1,-1,0,-2,2,1,2,3,2,0,-12,-10,-4,10,0,23,0,-3,-8,-10,-18,-47,-14,-13,-16,-45,1,-4,-11,-18,-42,-25,-35,6,-1,-5,-3,-6,-2,-4,-9,-4,-4,-4,-5,-9,-11,-7,-13,-5,-2,-5,-2,-8,-5,-3,-4,-8,-6,-3,-7,1,-3,-5,-6,-11,-10,-3,-14,0,-4,-1,-3,7,-11,-12,-11,15,10,23,17,0,-10,-7,-15,-30,-33,-9,-28,-18,-4,-16,-16,-28,-13,-10,0,-43,-6,-8,-44,-9,2,-2,-6,-9,-4,-29,-8,0,-1,-1,-4,-10,-33,-8,-1,-4,-5,-2,2,-7,-6,2,-9,1,-3,9,-6,-10,1,-12,-1,-10,1,-2,1,-1,-48,-60,-49,14,25,48,16,9,-20,-11,-9,-2,-8,1,5,-1,-17,-15,-29,-12,-22,-32,-5,-9,-22,-10,-18,-14,-12,-29,-4,-3,-16,-8,-20,-18,-17,-28,-15,-4,-5,-9,-8,-9,-14,-12,-3,-8,-12,-16,-10,-4,-8,-16,-7,-9,-7,-10,-9,-8,-1,-18,-11,-8,-57,-60,-60,28,20,53,26,20,-32,-34,-47,-45,-17,-27,13,-17,-25,-63,-33,-27,-48,-27,-24,-16,-39,-48,-53,-43,-19,-27,-18,-19,-40,-35,-47,-33,-16,-22,-34,-40,-11,-32,-12,-23,-13,-20,-11,-15,-35,-16,-17,-18,-14,-23,-12,-28,5,-18,-11,-16,-7,-23,-27,-15
-2,0,-2,2,-1,-1,0,1,-1,0,-2,3,0,5,5,3,-3,2,0,5,0,0,1,3,-2,0,-2,-2,-2,-1,-1,0,-2,-2,0,3,-3,-9,0,-2,0,-1,-2,-1,-3,-4,-6,8,-3,-24,-4,5,0,-5,-5,2,0,-2,2,-2,1,0,2,1,-6,-1,3,4,7,2,3,0,1,0,6,13,2,8,3,6,4,10,1,-5,-5,2,1,-3,15,0,7,5,8,-6,-15,4,1,5,-1,18,4,-15,15,-10,-17,-13,-27,-10,4,0,-23,-12,3,6,-18,-1,-9,5,-1,6,4,9,-3,-2,-5,13,0,-4,12,21,4,10,18,6,7,0,14,5,10,12,4,17,6,12,8,7,8,12,5,5,2,9,8,7,10,13,13,0,2,5,6,8,12,12,8,16,3,6,0,14,-6,-7,13,17,10,13,6,-43,11,0,2,-3,15,12,19,14,11,-10,9,2,12,5,11,11,16,13,4,8,3,10,9,11,9,9,6,15,13,-8,-1,8,3,-7,-53,6,1,-11,3,-26,6,1,1,0,6,2,-6,8,3,12,2,17,22,6,10,11,11,13,7,10,20,0,8,3,9,5,5,6,7,-54,5,7,-4,-12,6,5,0,-24,12,32,38,33,14,21,18,21,35,34,29,30,11,25,7,22,-30,26,17,26,-3,2,14,12,-5,19,20,-22,18,0,-9,11,1,2,27,-4,6,19,12,10,16,23,-6,4,9,23,13,14,8,24,4,-7,19,0,15,12,-5,7,9,10,20,21,-10,8,-1,-1,2,-1,2,1,1,-2,21,11,-11,-11,-23,-3,1,-29,-2,-8,-11,-3,-17,-4,-4,-7,3,-9,4,2,-3,-8,1,-3,6,-10,-2,1,0,-9,-2,-3,5,-5,1,1,0,-7,-2,-7,3,-3,0,-2,-3,-7,-3,-6,0,2,-1,-2,1,1,0,1,20,2,-1,-17,-4,-3,-7,-9,11,-2,27,-25,-5,-3,-6,-18,-27,-8,-19,-26,-14,4,-7,-16,-15,-14,-5,-6,-7,-7,-6,-8,0,-14,-6,-6,-5,-4,-5,-4,-5,-4,-3,-2,-6,-3,-8,-2,-7,-10,-1,-6,-8,-2,-7,-2,-17,-2,-8,-4,-9,-7,-3,-5,20,32,24,4,8,3,0,-4,12,10,9,-8,-14,2,-4,-25,-28,-5,-12,-19,-8,9,-6,-6,-5,-6,5,-8,-2,-4,2,-15,-11,-2,-8,-2,-5,0,-12,-2,-2,-8,-2,-5,-1,-6,-6,-10,-17,-3,-2,3,-9,1,-4,4,1,-7,-1,-6,-3,-10,4,-12,-5,18,-38,-39,-11,-4,10,-35,6,7,3,-12,-13,-9,-17,-16,-15,-8,-1,1,-8,-5,-8,-11,-5,-9,-2,-9,6,-14,-15,-17,-4,-19,-4,-15,-8,-12,-18,-16,-8,-9,-4,-10,0,-13,-11,-11,-7,-27,-9,-5,-14,-12,-6,-10,-15,-21,-7,-9,-13,-14,-12,-17,6,23,-23,-35,-22,25,26,-48,-8,10,6,-21,-38,-54,-50,-26,-27,-13,0,-17,-19,-16,-15,-15,-36,-14,-7,-21,-38,-17,-35,-30,-27,-22,-19,-25,-17,-30,-26,-35,-12,-17,-21,-17,-19,-19,-38,-32,-19,-31,-10,-14,-23,-15,-14,-6,-24,-27,-19,-15,-23,-17,-30,-22
2,0,-2,0,-2,-2,-1,-2,-1,-2,6,-6,3,-4,6,3,1,1,0,1,-3,-3,0,2,-1,0,-1,0,-4,-9,-1,4,-6,8,-9,3,-1,13,-2,10,-4,-20,10,-5,23,26,18,2,-7,-14,13,14,15,19,19,11,2,-2,2,1,-2,0,0,2,-3,1,-13,0,-8,-5,0,4,-1,3,0,-5,-2,4,-9,7,-2,-3,1,10,-10,5,-3,14,-2,15,2,-5,10,12,10,-3,-16,9,-19,11,30,-12,0,-2,18,-21,31,-4,15,6,26,15,-5,9,-3,31,16,28,16,24,0,23,20,13,-25,22,-24,16,3,6,16,-2,-2,4,8,5,6,15,6,12,-5,2,11,9,5,9,10,5,6,-3,13,-1,1,10,10,6,9,5,-5,1,-10,2,16,11,10,-6,12,13,2,-8,2,2,14,16,16,35,7,-13,20,17,13,12,19,21,0,-7,-3,13,20,1,15,-13,7,4,8,6,0,13,3,3,6,5,8,6,9,18,4,6,6,-3,-7,-12,0,17,10,3,2,-15,-14,-5,-6,4,12,15,11,2,1,-23,-22,30,15,18,1,-4,-2,-12,14,11,13,10,-9,4,6,4,12,-1,10,7,12,6,6,16,18,4,0,9,16,20,22,8,19,10,21,12,14,5,6,14,6,16,23,20,19,13,0,0,9,19,3,7,5,6,3,-3,-2,24,12,-5,-13,-11,1,-11,10,6,2,27,-28,-28,-9,22,22,-12,12,28,8,-37,-8,-11,12,12,5,-3,-9,-16,-11,0,10,5,4,13,0,1,-2,2,0,2,-2,-2,-1,27,16,-20,-11,5,3,-7,-5,-3,-1,2,-13,-3,-7,-2,-2,0,4,-2,-1,-3,-4,-2,1,1,0,-4,0,-3,-2,-2,1,7,4,-1,6,-13,1,-12,-1,1,1,0,6,2,-4,-8,2,1,2,-1,-2,-1,-1,-1,0,-8,-6,-11,2,-14,-6,1,9,10,-6,-8,1,16,-10,-8,-1,-5,-12,-1,-17,-10,2,1,-21,6,-5,-12,0,-3,-16,-3,0,-10,-7,-5,0,-6,6,-13,-3,-7,8,-6,2,-15,9,-6,-8,-2,-7,-4,4,4,-2,-7,-9,-2,-3,3,3,0,-12,-19,-9,-10,-6,-13,-3,-2,2,1,3,5,-11,-5,-13,8,-5,2,-10,-9,-32,3,-35,-7,-29,-2,-6,-6,-14,-23,-7,-9,-11,-29,2,-3,-18,-9,-10,-12,-13,-13,0,-9,5,-8,-1,-13,5,-10,-10,-4,-10,3,2,3,-13,4,-12,-11,-4,-14,-5,-2,5,-15,-4,-16,-1,-8,-15,-14,-4,-13,5,-3,2,7,-22,-7,-14,-12,9,-6,-15,11,-24,-10,-22,0,-7,-8,-15,-11,-12,-1,-8,-3,-11,-7,-16,-5,-4,-26,1,-15,-1,-4,9,-15,-1,-15,5,-2,-5,-4,1,3,20,19,-4,-17,-7,4,-8,5,13,11,-1,-1,13,-32,12,9,24,4,-3,1,22,11,-26,-8,-46,28,-8,-12,8,-50,-21,11,-23,-40,-35,16,-19,3,-46,-28,-26,7,-27,-21,-12,-30,-45,-34,-12,-19,18,-25,2,-19,7,-12,-4,-2,26,3,-1,-25,-17,5,11,42,-1,2,-14,7,-17,5,12,14,16,-4
0,-1,2,-1,1,-2,1,1,-3,5,2,0,2,5,0,-3,1,5,4,5,3,4,1,-2,2,4,9,5,8,4,-4,2,1,7,5,8,10,0,-12,-1,1,7,15,15,16,10,-27,-5,-8,-4,-6,16,1,1,53,32,-1,1,-1,0,-2,1,-1,2,2,10,9,4,8,6,5,-6,7,8,14,9,8,3,7,3,7,11,4,4,5,3,6,4,13,7,11,9,6,12,3,7,13,9,18,12,20,8,23,7,13,10,6,21,15,17,6,11,3,12,19,19,8,14,7,8,5,13,-2,22,16,22,12,20,-3,5,12,1,8,6,8,2,4,10,7,11,2,15,7,13,19,6,12,-1,11,-3,8,12,11,14,10,12,12,11,0,13,20,11,13,13,10,0,10,0,1,14,15,22,9,7,-9,15,6,11,8,12,2,6,16,5,2,5,2,8,10,19,9,4,2,2,9,4,5,1,9,-1,1,2,1,7,-2,11,12,1,2,3,1,1,4,8,13,4,6,7,3,8,4,11,8,-5,0,1,-5,7,-2,4,14,4,2,7,8,9,-3,9,10,1,14,12,-5,12,10,5,14,12,8,13,6,1,4,11,23,19,-1,11,25,20,13,20,31,19,16,14,16,27,16,27,5,23,24,13,10,8,9,17,21,28,19,10,12,4,14,22,15,27,21,18,29,21,-1,24,16,28,6,12,25,40,28,26,19,15,17,31,29,30,23,18,-18,21,35,21,10,7,20,13,1,10,2,1,-2,-2,2,0,1,3,-32,-10,6,-29,-27,-12,12,-21,-10,-10,-2,-8,-18,-5,1,-14,-3,-3,-1,-2,-3,0,-2,-4,-2,-3,-6,-3,-3,1,-9,2,1,-3,-2,-3,-1,-2,6,7,1,-2,-7,-2,-5,3,11,8,-1,-1,-1,1,-2,2,2,2,-11,1,-6,-20,-10,4,-3,-15,-26,9,4,-17,-28,-10,13,-23,9,-38,-12,-20,-4,-14,-2,-20,-8,-6,-6,-10,-15,-10,-15,-7,-4,-1,-5,-2,-4,-2,-14,-6,-2,-5,-5,-6,-3,-7,-3,-7,-6,-6,-5,-6,-4,-3,-1,-10,-2,-2,-1,-8,-7,6,-10,-7,-10,-8,3,-9,-8,-9,0,-5,-17,-3,-4,-6,-4,-13,6,-15,-10,-18,-6,-10,-23,-10,-3,-9,-15,-6,-3,-2,-6,-12,-9,-15,-2,-4,0,-3,-2,-8,-8,-8,-6,-6,-8,-2,-8,-6,-8,-12,-2,-2,-6,-4,-9,-7,-2,-13,0,-5,-6,-7,-4,-7,-16,-1,11,5,13,2,3,11,10,-5,-3,-9,-10,-13,-11,-8,-3,-17,-2,-15,-2,1,7,-2,0,-1,8,2,4,-3,11,-2,8,-1,3,4,4,4,6,-1,7,-25,0,2,-4,-3,4,-4,-10,-3,-5,-3,0,-2,-8,1,1,2,3,-1,-5,-2,1,8,3,-5,-8,-17,-9,-48,-14,-23,3,-17,-23,-12,-20,-9,-37,-15,3,-2,0,-23,-13,-12,-17,-12,-17,-4,-12,-14,-13,-26,-12,-18,-9,-5,-2,-4,-7,5,1,-6,2,-15,-3,1,-6,1,-2,-6,-12,-7,-5,1,2,-4,-6,-7,-4,-14,-4,-1,-5,-6,-12,6,-4,-4
-2,2,2,2,2,-2,1,2,0,1,-2,0,-7,3,5,3,-2,1,1,-5,4,4,1,2,1,1,-1,-5,-4,3,0,2,0,-1,-4,-14,-4,-4,-1,-1,3,3,9,-6,0,-9,16,7,9,12,11,2,6,4,1,14,-1,0,1,2,2,2,-2,1,-9,-1,8,-3,2,-4,5,12,-6,11,2,2,-9,7,-6,5,2,-3,0,7,-2,8,9,4,3,6,-3,2,1,-2,-15,7,18,-2,1,-11,3,-5,10,0,6,8,6,17,-1,2,-24,-6,17,-15,-5,15,10,-20,3,6,0,-3,-16,21,4,-6,3,11,-4,-5,7,4,3,14,6,-1,-1,4,3,5,0,10,7,-11,-3,-9,9,2,2,1,12,4,-6,0,7,11,1,-4,4,13,6,0,3,-16,4,12,8,1,-1,3,1,-9,8,1,2,3,2,3,-8,13,0,3,10,7,3,-12,7,6,6,1,7,1,6,1,3,5,13,-5,-3,-2,2,6,4,1,-4,1,-7,-12,3,17,12,10,-6,7,-5,-7,10,21,17,31,14,5,9,12,26,24,18,19,12,23,21,22,7,7,-1,9,-6,14,8,10,1,20,10,13,11,17,13,9,18,19,10,19,-1,5,-4,14,17,8,-2,3,8,8,10,1,9,12,6,11,-6,-2,11,7,-3,15,10,10,8,21,6,10,16,8,29,31,47,11,6,18,26,30,34,33,17,27,31,25,35,29,30,34,45,19,11,18,31,39,38,37,26,35,13,27,34,36,43,49,40,39,39,25,-1,-2,2,0,0,-2,-1,-2,2,-3,5,-9,10,-22,-10,-6,-2,10,-9,4,-3,6,-6,4,-4,1,1,-3,-4,6,1,2,-1,3,-4,-9,-3,0,-3,1,-6,-6,-5,-10,-4,0,-6,-3,-1,-3,-1,-8,-1,4,-5,0,-1,2,0,1,-2,-2,-2,-1,-2,8,1,8,-1,3,-9,3,6,8,-8,4,12,-8,-2,2,12,0,18,7,-6,-3,-8,22,6,-3,11,-2,-4,13,14,-9,1,8,-2,1,-4,0,8,4,-2,-9,-9,-28,-15,0,2,-1,0,2,-13,-6,-12,0,-1,8,-4,3,2,5,-3,3,2,4,-13,-2,-5,4,-5,-17,-12,-13,-6,5,-14,-8,9,-17,-8,-4,-2,1,-32,13,-1,0,-6,10,-15,-13,-1,4,-18,9,-1,-6,-10,7,0,-9,-11,-3,2,6,-3,-5,-20,-17,-13,-16,-13,-6,1,-5,-9,-5,-16,-1,-4,1,-6,3,-2,-3,-3,-3,-11,-7,-2,2,-10,-4,32,-9,-17,0,-6,1,-12,-4,-4,-5,-9,-7,-3,0,-2,-3,-9,5,-5,6,0,-3,-5,3,-9,11,-6,9,1,3,-8,-18,-7,3,6,-1,-9,-5,-6,-32,-30,-6,-8,-6,1,2,-30,-9,-21,4,-1,8,-4,1,-10,-11,-10,-6,-8,-2,-12,-14,-29,-12,16,-7,-12,-6,-15,-9,-26,-26,-38,-33,-17,-30,-1,-30,-37,-10,-19,-20,-35,13,-9,-18,-11,-8,-37,1,-13,-23,-9,7,-1,-3,-10,-17,1,-23,-22,-13,-8,-19,-33,-11,-22,-8,13,-1,-18,-12,-22,4,-2,12,-20,4,3,-11,-12,-19,-23,-19
1,1,2,0,-2,-2,1,-1,-14,-16,-18,-14,-14,-15,-15,-13,-10,-12,-13,-12,-12,-13,-11,-11,-9,-8,-10,-7,-8,-8,-10,-9,-7,-6,-7,-7,-6,-7,-8,-8,-4,-3,-5,-2,-6,-4,-4,-4,6,6,6,1,2,0,0,1,0,1,-2,-2,1,0,-1,1,-19,-26,-26,-28,-24,-26,-26,-25,-27,-26,-22,-31,-30,-29,-29,-28,-28,-26,-28,-27,-27,-26,-23,-28,-26,-28,-30,-26,-30,-30,-26,-26,-25,-26,-28,-28,-27,-27,-26,-26,-27,-28,-21,-29,-27,-28,-25,-22,-25,-22,-26,-29,-34,-26,-29,-24,-20,-32,-22,-25,-25,-21,-26,-20,-24,-23,-25,-25,-26,-22,-25,-24,-23,-25,-26,-27,-26,-25,-23,-24,-26,-27,-25,-26,-27,-26,-27,-25,-28,-27,-26,-27,-28,-26,-26,-26,-23,-28,-25,-25,-25,-27,-23,-28,-26,-25,-26,-25,-26,-24,-27,-27,-27,-25,-25,-29,-27,-27,-23,-27,-25,-22,-25,-30,-28,-27,-26,-26,-29,-30,-30,-30,-29,-30,-29,-30,-35,-35,-33,-34,-34,-33,-35,-34,-37,-33,-34,-32,-33,-32,-31,-33,-33,-35,-34,-31,-31,-44,-36,-34,-36,-32,-36,-37,-36,-38,-40,-41,-34,-38,-38,-35,-34,-35,-36,-34,-35,-35,-33,-32,-31,-31,-35,-32,-34,-36,-33,-35,-32,-31,-35,-32,-42,-50,-44,-50,-54,-43,-58,-37,-58,-50,-42,-52,-61,-41,-47,-42,-46,-25,-40,-53,-48,-45,-50,-42,-39,-30,-34,-18,-31,-30,-37,-40,-38,-34,-41,-49,-41,-47,-35,-57,-45,-21,-44,-38,-50,-29,-30,-47,-40,-28,-50,-41,-42,-51,-34,-35,-45,-56,-43,-33,-53,-51,-49,-46,0,-2,0,0,1,-1,0,0,4,10,9,8,4,3,6,2,9,10,12,8,5,8,6,6,9,11,10,9,8,9,9,8,6,8,7,7,6,7,9,6,3,4,5,4,4,5,4,4,1,2,2,2,2,3,2,2,-1,-2,2,-2,2,-1,-2,-2,-5,-3,-2,-2,-5,-3,-1,-5,-4,-2,-1,1,-2,-1,-1,-7,-1,1,-1,-2,0,0,1,-1,-1,-1,1,0,-1,-1,-3,-2,-3,-2,-3,-2,-1,-1,0,-3,-5,-3,-2,-2,-2,-3,-2,-5,-6,-4,-4,-5,-4,-5,-4,-4,-3,-7,-5,-5,-6,-6,-5,-3,-3,-3,1,-2,-2,-4,-2,-6,-4,2,-3,1,-2,-2,-2,-4,-2,-3,2,1,-2,-1,-4,-5,-3,-2,0,0,-1,-1,-2,-5,-5,-2,1,-1,1,-1,1,-2,-3,0,-2,-1,-2,-2,-3,1,-2,-3,-3,-3,-3,-4,-1,-2,-3,-3,-3,-1,-5,-3,-5,-2,5,4,6,6,6,5,8,5,8,9,7,7,7,7,8,7,11,8,11,11,9,7,10,10,8,8,11,8,11,8,10,7,5,8,9,7,8,8,8,6,2,3,4,6,4,6,6,2,3,3,3,2,3,4,1,4,-2,0,0,1,0,-1,1,-1,7,8,10,12,8,10,8,8,15,14,13,19,19,15,13,15,10,12,11,12,11,16,11,13,5,8,9,11,14,14,10,12,11,7,13,7,14,9,7,14,12,12,10,15,9,15,15,9,14,8,8,16,12,15,10,12,5,3,10,8,14,12,11,10
-1,-2,-1,2,-1,-1,-2,-2,0,2,3,1,-2,-5,-1,-4,0,1,1,-2,-2,-17,-6,-10,0,1,-3,1,2,9,8,6,-3,0,4,0,5,-6,-3,-1,-4,2,-9,1,2,13,-6,11,8,8,19,8,0,21,2,-8,-1,0,2,2,-2,0,0,1,4,8,-2,-1,2,-10,11,7,14,-2,7,3,-1,3,10,3,4,1,-2,-1,-7,7,-9,17,8,0,-3,-7,13,8,-14,0,-4,-7,-3,-4,2,13,-8,9,17,13,10,-2,24,1,2,-7,10,-14,12,4,7,9,9,-2,20,-2,-5,0,5,-33,4,4,14,5,2,7,6,15,-4,10,4,12,-5,10,10,5,12,2,-1,1,7,1,3,10,0,27,3,1,12,5,-1,2,24,1,-2,10,2,5,8,8,2,-4,0,9,13,-5,-6,15,-9,10,-13,11,18,7,7,12,9,3,-1,-1,0,9,7,15,-6,5,10,8,4,12,14,9,14,8,5,8,9,2,10,6,3,10,6,3,4,12,-17,12,19,19,3,4,6,3,-6,-3,7,3,-9,10,13,7,13,-1,15,6,-13,-9,-2,7,-5,-3,10,-3,8,9,9,3,22,5,14,14,18,15,19,24,5,-8,31,20,10,5,10,20,18,6,-7,10,1,11,9,20,16,19,14,20,21,3,12,10,9,15,14,16,14,8,12,19,-8,18,11,-15,6,3,11,2,12,5,5,5,-9,-23,9,-5,5,24,0,19,-1,-21,11,-3,1,11,17,16,7,3,23,11,9,32,5,7,1,-2,0,-2,-1,2,2,2,-1,-14,-23,-14,-19,-4,-12,-2,-5,-7,-5,1,-5,6,3,4,1,-3,3,-1,-2,11,-53,1,2,0,0,-4,1,-4,0,2,3,2,2,-1,-3,-7,1,-4,4,1,4,-4,-3,-3,0,-3,1,1,2,-1,-1,-2,-2,-1,-1,-12,15,4,5,-9,-20,-16,2,-10,-24,-4,9,-57,-8,-21,1,-13,-4,-3,-35,-10,-47,19,-12,1,-3,-9,-44,-13,-67,-2,-1,-8,0,-11,-5,-14,6,-2,-6,-4,1,-1,-8,-4,-6,-8,-5,-7,-2,-9,-8,-4,0,-9,4,-4,-7,-5,-3,-6,-6,1,2,-3,6,3,0,-4,3,-34,-9,-40,-6,3,-7,-2,-5,-6,-6,-9,1,-3,-6,-7,-10,10,-4,-1,-12,-4,-22,-7,-53,2,-11,-6,12,-8,-7,-17,8,-5,-7,7,-4,-6,-15,-3,-8,-3,-6,-13,-5,-9,-5,-8,0,-17,-11,2,-7,-3,-1,-10,-21,-10,7,-14,-5,-18,-2,0,-25,-16,-17,-49,-14,2,-5,4,11,-64,4,-14,9,-25,-13,-19,-42,17,-11,-11,-16,-40,-36,-14,-19,-10,-4,-23,-10,-5,-17,-8,10,2,-5,-11,-17,-19,-4,-15,-21,-8,-4,-13,-13,-9,-8,-22,8,-21,0,2,-1,-5,-4,-13,-11,-10,-34,-48,-26,1,-30,7,-33,-35,-50,-48,-45,3,-59,-11,2,-40,-24,-12,-14,-30,-35,-21,-47,-2,-38,-21,-33,-73,-67,-58,-34,-14,-26,-32,-18,-20,-38,-13,-3,2,-30,-11,-16,-24,-23,-35,-44,-34,-27,-25,-17,-12,-20,-36,5,-31,-1,0,-8,-7,-5,-20,-20,-28
1,0,-1,-2,0,-1,1,-2,0,1,0,-1,-2,-2,-1,2,0,0,1,-2,-2,-1,-1,0,1,0,0,-1,-2,-1,-1,-1,-2,-1,-1,-1,-2,-2,-24,0,-1,-1,-6,-3,-1,-58,1,-3,-7,-23,8,0,29,-11,-13,3,-1,2,2,-1,-2,-1,2,2,-1,-1,-3,2,-6,3,-1,1,-3,2,0,-2,-1,-2,-9,-1,0,-3,-2,0,-7,-1,1,0,-2,-4,-4,-6,-3,-6,-4,-2,-3,1,-4,-2,-2,1,-11,-2,-2,-10,-1,-2,15,-36,-2,-14,-3,24,1,-3,-54,16,-1,-5,-1,-6,-1,-8,-4,-9,-13,-13,-8,-2,-4,-11,-17,1,-7,2,-8,-6,2,-2,0,-20,0,-5,-6,4,-3,1,-5,1,-13,2,7,0,1,-8,2,-11,0,57,8,-3,-5,2,-2,5,68,1,-1,23,1,-2,-2,66,0,-5,-12,1,24,6,62,2,-13,5,1,-15,-4,-14,-15,-8,5,-12,1,1,-1,1,0,-1,1,-1,1,2,-5,5,-4,-9,1,0,1,2,1,8,-9,1,1,-2,2,2,4,3,-2,-2,-3,0,-4,6,-14,9,-1,-2,-8,-10,3,-9,10,-2,-4,-41,-4,-10,-2,-9,-6,16,-11,4,-5,-12,-1,11,21,-6,8,-1,11,8,1,0,0,1,4,-1,3,2,2,-6,1,-2,2,2,0,-8,0,-2,-2,0,-3,0,-14,-8,-3,-1,-6,-6,-8,-6,-2,20,6,-11,-6,-10,-7,-12,19,-3,-6,-2,-1,-13,-24,19,-3,-3,-13,-12,2,28,17,5,0,-4,-2,-3,3,-2,6,9,2,-6,1,-2,1,1,-1,2,2,0,0,-3,4,2,-3,0,-4,-4,0,0,-2,-2,-8,-1,-1,-2,0,0,-2,-2,-1,-1,-1,2,0,0,-1,-3,0,-1,-3,-1,-1,-1,-2,-3,-1,-74,0,1,-1,-1,-2,-4,-73,0,1,-1,2,2,2,1,-1,-1,0,0,-4,-12,-11,-4,1,-8,-15,-3,-6,-5,-7,-9,-8,-18,-6,-7,-8,-9,0,-8,-3,-19,-3,-1,-1,-2,-7,-4,-4,-8,-2,2,-3,-3,-4,-4,-6,1,-17,0,-2,-3,-3,-1,-2,-70,-2,0,-3,-6,-8,-4,-84,-4,-4,0,-6,-3,-2,11,0,-4,-2,0,1,-7,-9,-2,-1,-7,-7,0,1,-12,1,-14,-2,-10,-3,-3,-5,-4,-4,-10,-8,-5,-8,-2,-2,-3,-4,-3,-7,-11,-4,-5,-9,1,-2,-3,-7,-2,-43,-2,-1,-3,-2,-3,-1,-75,-10,-5,-5,-3,-12,-3,-76,-4,0,-10,-1,-3,0,6,-11,-2,0,-6,-4,-18,-17,-8,-9,-16,-14,1,-16,-6,-17,-15,-5,-6,-13,-4,-10,-6,-20,-7,-6,-3,1,-18,-9,-18,-16,-33,-6,-4,-6,4,-10,-8,-9,-11,-4,-8,3,-3,-4,-9,-8,-13,-1,-73,-4,-4,-7,-6,-10,-3,8,-5,-3,-2,-5,-7,-5,26,-6,-4,-2,-1,-9,-9,-2,-3,-13,-21,-19,-16,-12,-25,-28,-31,-43,-21,-13,-42,-19,-24,-18,-21,-14,-18,-8,-12,-24,-20,-15,-29,-31,-26,-12,38,-19,-15,-12,-21,-10,-21,33,-18,-13,-23,-23,-23,-13,36,-23,-5,-11,-19,-13,-11,46,-20,-17,-12,-13,-20,-19,66,-23,-3,-17,-8
-1,2,-1,-2,0,1,2,0,-2,-2,-1,-5,-3,-2,-1,-1,2,2,7,-14,19,-4,-3,-3,0,-5,3,38,-2,-7,-3,-1,0,7,26,-10,8,-8,0,-3,2,3,-9,-12,-2,-14,5,8,-1,9,0,-20,-4,29,-1,-5,-1,1,-2,0,0,0,1,-2,10,3,-4,3,-10,-2,4,6,6,6,5,2,0,1,6,-6,5,11,2,-7,2,-2,-1,6,-8,7,4,-3,4,5,-8,10,13,11,16,1,4,9,8,1,4,-15,9,10,-2,6,1,-20,1,15,4,-2,-7,12,7,-4,0,3,6,12,13,-14,13,3,-9,1,3,-9,-5,14,6,12,2,2,4,1,8,-2,14,3,9,-5,8,-5,0,6,0,11,3,0,1,2,0,-6,2,0,1,1,16,3,12,-1,3,-1,8,-23,-5,-4,4,10,-9,5,-3,-8,8,-1,12,11,7,-5,1,4,7,1,14,10,-4,2,6,1,1,7,1,3,4,4,0,2,3,0,4,8,-3,5,9,-4,4,-17,11,7,0,2,2,-9,-1,-5,4,7,7,4,-13,-13,18,11,1,-2,-14,3,5,19,18,9,17,8,9,-3,-4,-6,-6,0,-7,-6,-2,0,6,-14,11,11,5,4,-6,2,0,11,10,11,9,14,14,23,4,13,4,7,8,13,8,10,-3,6,14,0,4,15,6,12,4,-1,3,14,4,2,9,7,-17,3,9,12,11,1,-1,5,-6,-3,0,-12,6,33,5,4,-3,-11,15,1,-25,5,6,3,10,-7,18,-2,-5,6,14,-1,0,-2,0,1,-1,1,0,0,3,-9,-4,-6,-13,-11,-8,7,-6,4,-2,-1,-9,-9,4,1,0,3,1,-4,3,-6,-2,-1,-3,3,1,-9,2,-2,3,-1,0,2,-4,-7,-10,0,3,3,0,-1,2,-4,-1,2,1,3,0,-1,1,1,1,1,2,1,-14,-17,2,-16,-10,2,-13,2,-2,-5,-14,-15,-22,-8,-2,-10,-23,-8,-23,-5,-19,-3,-3,1,4,-8,-6,26,-13,-6,-6,-14,-5,-7,0,-10,7,-7,-14,-7,1,1,1,7,-4,-5,-4,-3,-5,-4,-7,1,-4,-5,-3,-9,-8,-5,-3,-9,-1,-7,-1,12,2,8,-10,-9,-4,-1,-2,0,-4,-12,-6,-10,-8,-5,3,-17,-9,-14,-7,-1,-22,-13,-13,3,-7,-8,-6,21,-12,3,-12,-7,-10,-5,12,-10,3,-2,-17,-10,10,-3,1,10,-6,1,-3,0,-13,-4,-2,-4,-7,-4,-3,3,-9,-13,-5,-1,-6,-6,7,1,-4,-9,-1,-11,-35,-6,-14,-11,-8,-10,-17,-20,-4,-16,8,-14,-21,-5,-20,-12,-19,1,-42,-7,-6,4,-4,25,-16,-2,-19,-17,-9,-14,8,-3,5,-9,-23,-10,-2,-2,-13,16,-7,-10,-28,-9,-10,4,-10,-6,-24,-10,-7,-13,-9,-6,-6,-5,-7,-10,-4,-5,-4,-14,15,-19,-14,-5,-45,-1,-13,-30,-45,-10,-17,-31,29,-37,-27,-46,-58,-31,-39,-11,-46,32,-15,15,-35,33,-38,20,-41,-31,-23,-19,31,-17,19,-29,-48,-21,13,-9,-18,30,-22,-34,-32,-3,-17,-11,-19,-21,-20,-23,-24,-40,-24,-1,-16,-11,0,-21,-11,-5
2,-2,1,0,-3,0,0,-1,-1,-1,-4,-5,1,-1,-4,0,2,-1,-7,-8,-1,-3,-3,-1,-2,-6,18,-10,10,-5,-6,1,-1,-2,-8,-82,-12,0,11,0,-6,-4,8,9,2,1,-2,2,-7,0,-8,9,11,6,17,-17,-2,-2,2,-2,-2,1,-1,-2,5,9,4,-1,10,-1,-3,-14,10,7,-2,-1,3,6,0,1,7,0,13,1,16,-3,3,0,4,12,-2,-3,2,7,7,4,-11,12,-16,-27,-5,-1,-1,1,1,14,2,-6,-8,-3,14,7,-1,-10,10,-3,17,0,-3,10,10,0,16,-32,9,-12,9,7,5,7,2,1,3,12,-2,11,18,0,-7,1,10,-11,16,11,7,7,0,-3,4,18,3,16,-48,-23,22,0,13,-1,12,-2,-6,4,-24,7,-2,8,2,4,0,-21,15,1,17,-3,-7,-4,-3,11,-6,17,-4,21,3,-18,19,-14,-7,11,-14,2,23,0,4,5,6,15,4,3,1,2,1,15,6,6,1,15,-5,4,2,-6,0,-2,10,7,-1,-1,-7,-3,-8,3,-16,-6,-4,-3,-6,18,6,-5,8,6,-3,15,-12,-2,2,6,4,8,-17,9,12,8,-3,11,-10,2,-13,-10,9,-5,8,-7,-8,1,-19,12,1,6,7,14,7,8,12,7,8,9,8,11,4,15,30,16,23,6,-1,7,17,14,18,12,-4,-4,9,2,14,5,14,13,-1,-7,-17,15,22,20,1,24,2,-27,-13,0,11,-13,-2,14,16,14,-2,0,-39,-18,20,1,13,2,10,5,13,-3,-9,17,0,0,-2,0,1,-2,2,-1,-1,-12,-51,2,-4,3,-10,8,-8,4,-11,-1,-4,-1,-4,-2,0,-6,-2,-15,0,-4,1,3,2,-2,-1,25,-4,-4,-4,0,-2,4,-21,22,-17,5,1,0,-1,2,-7,17,-9,0,1,3,-2,-1,0,2,-1,0,2,-2,1,7,3,-17,-1,8,-9,1,3,-11,-31,-9,2,-8,-14,-11,-7,-4,-15,-19,-33,-10,-2,-10,-17,-15,-17,-13,-5,-14,-11,-17,-8,-2,-11,31,-17,-14,-11,-18,-8,-15,-7,-5,-13,-8,-5,2,-9,-7,-7,-2,-10,-4,-2,-4,-9,-4,-3,-9,-5,-6,-3,-9,-12,-7,-7,-24,3,-7,-15,-22,3,-10,-19,6,-14,12,17,1,-5,-37,0,-13,-7,-12,14,-3,-9,-5,-12,-29,-24,-6,-11,1,10,-2,-19,30,-9,-7,-4,-15,-13,-4,-13,0,-20,2,-7,2,2,-20,7,-2,4,-14,-3,-13,-13,2,-3,2,-9,5,-27,-3,-2,4,-2,-8,-18,1,-24,9,2,-2,-10,4,1,-9,-3,-15,-20,-3,-39,-7,-38,-40,-13,-11,-5,-13,5,-28,-22,-15,-5,-15,-4,8,-22,28,-20,-28,-16,-11,-4,-13,-10,-11,-9,-6,-9,0,-5,-9,-5,-1,-15,-10,-7,2,-2,-9,2,-7,-12,-3,-3,0,-13,-10,-24,-60,-14,6,-39,20,8,-11,-21,-2,-4,-15,24,-23,-22,-55,-18,-34,-34,-18,-15,-6,-19,-15,-34,-21,-52,-44,-17,-27,-19,-25,-36,50,-22,-19,-23,-26,-15,-16,-22,-15,-12,-13,-17,-12,-13,-25,-12,-12,-13,-24,-18,-15,-23,-11,-12,-18,-15,-10,-21,-15
0,-1,-1,2,1,0,-1,-2,-3,-1,-1,-2,2,1,7,11,1,0,-1,-2,1,-3,-2,12,-1,-1,0,0,-2,-2,-10,18,-1,-2,0,-1,3,-1,-20,15,-2,2,-2,5,-4,12,-40,29,-2,-2,0,-2,-2,-8,-43,62,2,0,-2,-1,0,1,-2,-2,-6,-2,1,4,-1,6,7,2,3,4,3,5,1,-1,2,-6,7,0,2,0,-1,4,-4,1,0,6,1,-3,3,0,-4,-7,0,-10,6,1,4,-2,-1,-3,2,1,-11,-5,-6,-5,4,-16,0,-2,-12,-3,-16,-7,0,-10,-5,-5,-3,-12,-10,-4,-13,-29,1,6,2,2,1,-1,-12,-5,1,-2,-1,1,0,3,-3,-5,-5,0,2,0,-4,0,1,2,-1,-2,-1,1,-5,-4,1,-4,-1,-6,-4,0,-1,-4,-8,-5,-1,0,-2,-3,0,-2,0,-4,-4,-4,-2,-2,-3,0,-19,2,-1,-9,-4,-3,3,-4,-9,-2,-1,-3,-2,-2,-2,-4,-3,0,-9,0,-3,-4,-4,1,-3,4,2,-5,0,-4,-3,-3,-2,2,-5,-4,-7,-8,-3,-1,-1,-6,-3,-11,-5,-12,-2,-13,-7,-1,-8,-6,-2,-2,-8,1,-7,-2,-9,-9,-10,-11,-13,-12,-9,-10,-8,-7,-17,-14,-2,-7,-5,-5,-5,8,0,0,-19,-4,-4,-12,-2,0,-8,-6,-3,-12,-2,-7,-3,-7,-9,2,3,-10,-5,-6,-6,-3,-7,-4,-12,-17,-6,-20,-6,1,-11,-14,-6,-20,-3,-1,6,-14,-18,-15,23,-3,-4,-21,-11,-13,-11,-22,-17,-8,-9,-20,-16,-9,-5,-15,-15,-13,-15,-18,-1,-2,-1,-1,-1,-1,-2,1,1,0,-3,-23,8,-24,-13,-28,-2,1,0,1,1,2,-9,-12,1,1,2,-1,3,4,-4,-22,2,0,2,-1,0,4,-4,-28,1,1,2,1,-1,6,-7,-36,2,1,2,0,2,3,-25,-57,-2,-2,-2,-1,-1,3,1,0,5,2,3,3,-1,8,2,-1,1,5,1,5,-1,4,-2,-4,4,0,3,-2,5,-1,-2,-4,2,1,-1,-2,5,-13,0,-10,1,-1,3,3,-8,0,-8,1,4,0,3,-2,1,-7,-91,-9,4,0,-1,-2,0,-104,0,-20,5,0,4,-16,2,-12,7,-46,-91,5,-26,5,-23,7,-15,6,-2,-93,5,-1,6,-30,5,-31,-10,5,-60,3,-19,6,-26,7,6,-6,2,-42,1,-17,6,-25,-16,4,-12,0,-92,-20,-27,1,4,-27,2,-17,-1,-88,-3,-19,-12,3,-18,5,-25,-1,-81,-17,3,-28,1,-29,1,-32,-10,-107,-17,-18,-17,-23,-8,-12,-21,-58,-16,-19,-12,-16,-13,-10,-12,-60,-16,-22,-13,-17,-13,-25,-14,-60,-24,-20,-14,-26,-35,-17,-23,-66,-32,-29,-30,-29,-29,-33,-10,-74,-24,-28,-22,-33,-34,-25,-26,-81,-36,-33,-38,-39,-39,-46,-17,-60,-71,-97,-103,-95,-92,-95,-30,-92,-27,-33,-45,-36,-13,-27,-31,-49,-14,-39,-15,-30,-31,-31,-35,-47,-18,-38,-77,-64,-40,-24,-31,-52,-34,-31,-38,-21,-43,-38,-36,-65,-42,-41,-23,-46,-56,-30,-29,-53,-24,-28,-32,-24,-12,-33,-43,-62,-17,-59,-27,-30,-43,-54,-61,-42,-35,-37,-64,-57,-46,-61,-12,-60
3,-2,1,0,-2,-3,1,-1,2,2,2,5,2,4,-2,0,1,-2,0,4,-1,7,1,3,1,0,-1,4,2,1,2,0,1,2,-1,6,5,3,3,-1,1,9,22,13,22,8,3,0,19,24,35,28,23,26,2,2,0,2,0,0,0,-1,-1,1,6,5,2,5,2,-1,0,-17,-1,9,3,3,3,6,5,3,4,1,6,3,11,4,3,0,9,12,13,5,11,8,3,2,4,10,8,12,14,8,1,9,15,15,30,15,27,18,7,14,12,29,17,15,16,21,21,13,10,9,1,6,12,2,9,6,2,10,1,12,-2,4,0,2,7,1,2,6,11,10,-1,4,7,4,6,13,9,14,9,20,23,13,1,8,11,3,16,9,19,16,17,9,13,20,16,26,14,23,17,13,27,13,26,9,8,10,22,19,5,16,10,4,3,11,9,10,8,9,1,5,-4,1,3,-1,-1,-1,1,0,-5,-3,-2,2,3,7,-4,-1,-1,-12,4,-7,6,10,4,-6,3,10,1,2,1,14,7,-5,-1,14,12,15,7,1,12,14,11,8,15,19,4,16,17,18,25,33,21,28,29,28,35,28,31,34,30,35,26,36,46,38,7,-6,-5,-12,-7,1,-1,3,5,-6,-3,-12,-14,-5,-17,-11,8,-1,-9,-2,-5,-8,-14,-3,5,4,-12,-15,5,-2,-10,-5,23,-20,18,12,26,28,26,5,11,21,-4,41,26,28,6,15,33,37,40,39,31,36,37,25,21,45,44,48,27,36,44,37,2,1,2,-2,1,1,2,-3,-2,-1,1,0,-9,5,-4,-5,-1,1,1,2,-4,3,-3,-2,2,2,0,0,1,-3,0,-3,1,-2,-1,2,0,-2,0,1,0,1,-2,0,-3,-4,-1,0,1,1,-9,-5,-5,-4,0,1,-1,2,1,0,0,2,2,-2,0,6,-2,-17,10,3,7,-1,1,0,-2,5,-10,3,8,2,3,0,1,4,7,3,6,-1,-1,-7,2,-1,0,-2,4,5,-4,-3,-8,-3,-6,-6,-13,3,-6,-9,-7,-14,-9,-10,-6,0,1,1,-6,-13,-11,0,2,-3,-10,2,-5,-8,-7,-8,2,4,-2,-3,-14,-9,-4,-2,-6,-3,-10,-7,4,0,-2,7,0,-6,-6,-7,2,-2,-2,4,3,-8,-6,-2,1,-7,-4,-12,3,-7,-4,-2,-12,-4,-6,-8,-7,2,-3,-10,-19,-15,-16,-13,-4,-10,-7,1,-3,-8,-10,-7,-3,-6,5,-2,-7,-12,-6,-5,7,1,4,4,1,9,-1,9,9,0,2,-4,3,-8,-7,7,7,0,4,-1,6,6,-2,-6,4,1,6,0,-11,-1,0,-8,11,4,-1,-1,-8,4,-1,3,-3,2,-2,-3,-4,-3,-8,-4,-4,-2,1,-11,-8,-6,-11,-7,-6,-1,4,6,1,4,8,-6,-2,-2,-2,5,-3,9,-10,6,0,2,-16,-4,2,-5,7,-4,3,-3,-8,5,5,6,-7,-11,-14,-5,3,-12,-2,-7,-22,-52,23,0,4,-8,-21,-12,-15,17,-1,0,-5,-7,-16,-13,-11,-9,10,-7,5,6,13,35,-12,14,2,4,19,18,20,30,26,10,10,24
2,2,1,-1,1,1,1,-2,-2,0,-3,-3,-1,2,-2,-2,-2,1,2,0,3,0,-2,-1,-1,-2,-1,-2,1,2,1,0,-2,-2,-4,1,2,2,0,0,-6,20,-22,0,0,5,3,4,-70,86,5,33,10,19,4,18,0,3,-2,-1,2,-2,2,0,3,-2,0,0,-3,4,-3,-5,-5,5,-2,-1,1,1,-7,0,-2,7,1,-4,-5,-2,1,-4,-8,0,-1,-13,-2,-3,-2,1,-7,8,2,-4,1,0,-8,-9,-13,-15,3,-2,3,-8,-3,-6,-8,3,-28,6,0,6,4,0,3,-46,-28,-15,-17,-7,-16,-4,2,2,2,1,-6,1,-1,-4,-4,-12,1,-7,-3,-2,-7,-13,-11,0,-5,-3,-6,-1,0,-3,-16,1,-3,-4,-2,4,-11,-4,-19,-8,1,-7,-4,-5,-1,-9,-7,3,-8,-3,-5,-9,-9,-4,-9,-6,-30,-19,-13,-1,5,1,4,-57,-10,-14,-11,-14,-3,-2,-5,3,-7,-2,-1,-5,-2,-7,-14,3,-8,-17,-3,3,-7,-6,-15,8,-7,2,1,3,-3,-1,-32,9,-7,-5,1,-4,-5,-4,-6,8,-13,-17,-8,-1,-7,-10,-12,5,-5,1,-7,-19,-17,-16,-6,-12,-19,-10,-11,-3,-12,-7,8,-58,2,-21,4,-9,3,-7,0,0,-5,10,-1,12,-5,3,-8,-5,0,10,-4,6,-9,-10,-10,17,-5,14,15,11,-1,-1,3,7,5,4,-1,-5,-5,6,-5,-1,0,-12,-5,2,-3,-7,-8,-1,12,1,0,-10,6,6,-7,-5,9,1,6,-1,-6,-11,11,-22,3,-17,-1,-16,5,-3,-2,-2,2,-2,2,-1,-2,-1,-27,-3,-25,-13,-18,-10,-16,-7,2,2,-2,2,2,0,4,2,1,2,-2,2,1,2,-1,0,1,1,-1,-2,3,0,-4,0,-1,0,1,0,-3,-5,0,1,6,-13,2,-5,1,1,0,-2,2,0,-2,-1,-2,2,-1,1,1,2,-2,-7,-8,-7,-12,0,6,2,0,6,-9,3,-4,6,-13,-3,-21,-5,-7,-8,-2,7,8,4,3,-5,0,2,-6,-11,0,7,3,8,-2,8,-7,0,-84,13,-77,8,-25,2,-12,-1,12,-31,7,-78,-13,-13,-3,-4,15,-97,14,-11,-2,-5,4,-10,3,-3,7,4,6,3,1,2,0,4,7,1,9,1,12,-37,1,4,0,2,5,0,-49,13,6,1,7,-1,9,-52,13,-22,-13,7,-3,8,-52,11,4,2,1,-8,5,-71,8,-4,8,1,-69,-16,-70,11,-17,0,-3,-5,-8,-83,-5,-2,-9,-5,3,-2,3,-66,-2,-10,-3,2,11,-4,5,-51,2,-8,4,2,2,6,4,-47,1,-13,0,3,2,-6,4,-58,3,-3,2,1,1,-1,6,-50,2,-2,-3,11,0,-4,0,-67,8,0,3,3,-1,5,11,-10,12,-2,1,6,-2,3,-18,-96,-4,-105,-98,-95,-99,-101,-8,-54,-7,-16,-7,-17,-18,-12,-8,-42,-1,-15,-23,-21,-16,-21,-13,-59,-20,-3,-2,-10,-31,-4,3,-60,-21,-10,10,-60,-12,-26,-9,-53,-2,1,-54,-11,-8,-1,-2,-50,0,-63,6,-31,-7,-21,-44,-24,-60,6,-20,5,-7,-10,-23,-70,-7,-66,-50,-49,-36,-55
-1,-2,0,1,1,-2,-2,1,-1,-10,27,-12,-4,0,-2,-1,2,29,23,2,0,-2,-2,-1,5,6,-2,-6,-6,-3,-4,-1,-4,-1,-4,-5,-3,1,-1,2,2,-12,-4,3,7,2,-1,-3,5,-6,-2,17,6,23,-10,-1,-2,-2,-2,-1,0,2,-2,1,-17,7,-8,0,3,-2,2,-6,18,-10,2,-11,9,10,-7,-5,0,1,4,13,8,-2,12,-6,1,13,2,-1,-3,-3,-5,-6,6,3,-5,13,3,-2,-4,-5,12,-1,15,12,-5,-3,8,-5,5,-5,6,-4,5,-4,-7,-4,0,1,-1,-6,-6,2,2,-6,-8,-3,8,-9,6,4,4,5,-24,-4,2,-5,4,0,10,0,11,12,19,3,0,8,-1,0,-8,17,9,-2,1,-7,6,8,11,1,6,6,-9,3,1,1,11,-6,1,6,11,1,12,-4,-2,6,13,5,8,18,-2,8,2,-3,9,-1,0,-5,11,-4,2,9,-3,10,7,4,9,5,-5,-43,-4,-11,6,9,1,4,-20,-9,4,-5,9,2,-4,3,15,32,21,21,2,14,20,5,9,3,16,1,2,3,21,5,0,-3,1,-50,4,-4,-4,11,-5,-2,9,2,-2,2,10,3,6,20,13,-3,6,-9,14,-2,0,-5,8,4,14,2,5,3,-12,-11,-4,-1,-5,6,19,10,12,-31,30,6,6,16,8,-4,13,19,9,12,-22,11,14,-4,22,8,10,17,-8,27,8,2,-5,-5,16,-5,16,5,3,8,12,32,17,30,-33,14,-11,2,15,-11,32,-5,18,12,23,-11,-2,0,-1,1,2,1,-2,-2,-19,-11,0,-12,-3,-5,2,-8,5,-5,24,-3,-3,0,1,-4,1,16,23,-10,0,-3,-4,-2,-7,0,-4,-3,1,-3,-3,1,-4,-3,-4,2,0,1,-3,-2,-3,-3,0,-4,0,1,1,-2,-1,-1,-2,0,-1,-2,2,2,-9,-32,-2,-21,9,0,-6,7,-16,-10,-8,-9,-5,7,14,7,-20,2,-7,10,-20,-12,-3,0,-1,8,14,-1,-11,-6,-8,-9,17,-21,2,-20,-1,-9,3,3,-2,-6,-9,-8,-6,-1,2,-13,-12,2,-8,-3,-6,4,2,1,-6,-5,1,1,7,7,-2,3,1,-1,-1,-16,-10,-9,-8,-3,-4,-6,-15,-7,-1,-4,-4,-11,4,16,-6,0,-10,-9,-3,-13,14,6,16,-7,-6,-9,-8,-12,-2,0,-15,-5,-4,0,-13,-11,5,-17,-3,-10,0,-9,-7,-14,-9,-18,-15,-5,0,-3,-8,-5,-2,-8,-6,-3,-2,-2,2,1,-11,-2,2,-20,-10,-9,-1,13,-10,16,3,-15,-23,-7,0,9,-3,6,4,11,-11,-20,-2,-6,14,30,15,0,-11,-12,-9,-8,8,2,-13,-19,-6,-20,-24,5,-11,-6,-10,-12,-1,-2,-1,-12,-5,9,-7,-5,7,-2,-4,-1,-2,1,0,-2,1,-3,7,-3,-4,-21,22,-39,-27,5,1,22,-12,22,-58,14,-20,-25,5,-24,-6,11,-18,25,-21,-30,-6,-24,18,45,29,-1,-28,-1,-9,-22,3,22,-24,-25,-21,-15,-26,0,-7,-30,-22,-12,-6,-7,-8,-6,-59,-16,-14,-7,10,3,-13,-36,-6,3,2,-3,8,-4,-1,-7
-1,2,-1,-2,1,2,1,1,-1,-4,2,4,6,-2,-2,0,4,2,1,5,-1,-5,1,-2,-1,-2,2,3,4,-1,-3,1,-1,0,8,0,4,-4,-6,4,-4,8,-1,2,2,5,9,-3,1,-4,-21,-18,-2,-22,-1,11,1,1,-1,1,-2,1,-2,0,2,5,5,-6,4,-3,8,2,7,4,-3,-1,8,10,-1,3,4,6,-1,11,-5,3,6,3,0,2,-1,0,8,-2,-1,0,4,8,4,-1,3,-16,6,3,9,1,-15,3,-9,-12,14,-7,4,7,3,10,-9,15,-13,6,-2,-21,-12,7,6,3,-3,3,3,8,8,-11,3,-2,7,11,0,3,-6,4,-5,4,5,7,20,5,3,-7,9,-4,0,-7,-6,2,2,6,1,2,-18,-3,-2,-3,5,2,-2,0,6,-3,-7,1,2,-14,-11,-1,-4,4,-3,-2,-20,-36,10,-24,6,-5,7,-5,-6,-5,-21,5,0,-2,18,5,10,14,14,10,9,17,5,13,8,2,3,-36,8,4,10,3,6,8,1,-13,-17,3,-16,-1,11,5,-9,-32,-2,-2,4,14,8,-1,4,2,-2,9,12,3,12,-13,10,-8,4,-4,15,2,15,-3,-7,15,-4,15,11,8,7,8,-13,1,9,-3,26,16,19,18,4,9,23,37,6,15,20,20,3,9,21,13,32,23,11,6,11,4,-34,1,16,12,15,16,16,-9,-26,2,36,24,29,7,-16,17,24,14,21,17,2,24,5,21,15,10,37,2,2,20,36,11,23,19,25,4,18,25,0,3,-13,22,-1,-2,0,-2,-1,-2,-1,-2,6,-12,-1,-8,-12,-32,-50,1,0,1,-9,-1,-2,-9,1,-3,1,-4,-3,-4,3,-1,-3,-2,1,3,-2,-1,0,-3,-3,-1,0,-4,-1,-4,1,-3,0,0,4,1,4,-2,3,1,-1,2,0,2,1,-1,2,-1,-1,-1,4,11,22,-15,0,-1,14,12,8,2,-33,12,6,-26,-2,4,2,-21,-1,8,2,-3,-18,3,-3,0,-21,-14,-11,2,-19,-3,-15,-6,5,-5,-3,-5,-4,-5,-8,-5,-6,-2,-8,-3,-1,-6,-5,-7,-5,-3,-4,-3,-9,-7,0,-9,-4,-9,-6,-10,-3,-3,-16,7,13,-9,3,2,15,5,9,-12,5,-1,6,-22,-57,3,-2,9,-11,1,-17,-20,6,-8,-6,-1,-13,-26,-25,-4,-21,1,-13,-10,-9,-10,-7,-8,-6,-12,-13,-9,-14,-6,-13,-11,-7,-18,-17,-15,-5,-7,-7,-14,-12,-7,-11,-1,-7,-11,-7,-6,-11,-16,-57,-57,23,-54,-74,-51,23,50,-1,-10,-9,5,-6,-6,-15,-16,-5,-17,-18,-5,-18,-14,-8,-21,-25,2,-21,-22,-8,-6,-21,-7,-14,-16,1,-5,-14,-8,-16,-53,-11,-1,-12,5,-10,-6,-9,-17,3,-2,-10,-5,-6,-6,-6,-6,-6,-10,-10,-8,-13,-5,-11,-4,-28,-19,29,-49,-72,-40,25,48,2,-15,-22,-39,-50,-48,-39,-26,-40,-44,-36,-29,-28,-48,-21,-35,-43,-29,-40,-49,-66,-34,-49,-34,-26,-41,-1,-34,-46,-42,-40,-41,-35,-14,-39,-16,-29,-17,-27,-30,-20,-30,-24,-20,-24,-25,-26,-27,-26,-21,-27,-23,-27,-18,-25,-18
0,2,1,-2,-2,0,1,2,-3,-4,0,-1,0,-2,-4,-4,-3,-5,-4,-3,-3,-4,-4,-4,-3,-6,-5,-3,-3,-5,-3,-3,-2,-8,-6,-2,-2,-1,-3,-2,4,-6,-4,-1,-4,7,2,10,-8,9,7,1,10,0,12,-13,-1,2,-1,0,0,-1,1,2,-10,-7,-5,-4,-2,-2,-6,0,-4,-5,-3,-5,-5,-8,-5,-5,-2,-7,-5,-5,-3,-3,-1,-2,-5,0,-3,-5,-3,-5,0,-1,0,-2,-1,-1,-5,-4,3,-1,-13,8,3,-4,-10,-15,-9,7,-3,-2,-10,2,-12,-8,-3,-6,2,0,2,2,9,1,-9,-7,-3,0,-7,-1,1,-5,-8,-1,1,-7,-2,-7,-4,-4,-7,-6,-2,-6,-10,-5,-5,-2,-7,-1,-2,3,-8,-6,-1,-7,-3,-4,1,-3,-2,-1,-7,4,0,-2,-1,3,2,0,-7,7,-5,5,-6,-12,1,-8,3,-15,8,3,1,-16,5,5,-4,4,5,-5,-18,-17,-12,-13,-11,-14,-15,-17,-14,-22,-21,-10,-11,-13,-14,-14,-18,-15,-13,-5,-15,-21,-13,-14,-23,-19,-18,-10,-10,-12,-15,-12,-16,-28,-16,-25,-28,-12,-10,-23,-39,-9,-9,-8,-18,-13,-13,-19,3,-7,-10,-10,-6,1,6,-3,-7,-3,-8,-15,-7,5,2,-20,31,37,40,36,39,36,28,30,41,37,39,33,35,40,29,37,39,37,32,41,37,38,39,35,34,45,35,36,38,45,29,32,35,44,38,30,37,41,42,35,32,38,40,40,41,29,37,34,35,32,35,21,30,37,47,41,25,30,34,36,24,27,23,21,-1,1,2,-1,-1,2,1,0,-7,-2,-6,-8,-2,-8,-8,-7,1,-5,-1,-4,-1,2,-1,-1,3,1,0,0,-3,0,0,2,2,2,1,0,-3,0,2,3,3,0,-1,-2,-1,1,1,3,2,1,0,-2,-2,-1,2,5,2,-1,3,-2,0,0,-2,1,4,-2,2,2,7,3,9,6,0,2,5,8,0,1,5,6,-1,-3,-3,-5,2,0,3,12,6,-1,0,5,-4,0,3,12,7,-1,1,-4,-7,-3,-2,2,6,7,0,-3,0,3,1,6,7,7,5,-2,3,-2,12,3,10,5,2,3,-4,-1,7,8,7,3,3,8,5,5,2,2,3,7,6,4,6,13,10,10,0,-7,2,5,2,2,-8,1,13,4,0,6,-5,-3,6,6,4,-3,2,6,-4,0,-2,11,10,11,8,3,8,2,2,8,4,12,7,6,7,-1,12,15,13,3,11,11,6,9,4,13,7,-4,2,-4,4,4,9,7,5,0,6,3,-5,6,10,8,4,-2,1,0,-1,-1,5,2,6,-8,2,5,-3,0,4,9,6,1,-3,3,-1,2,1,6,9,1,-1,-2,-1,0,1,16,12,14,4,4,6,-2,18,19,16,16,10,10,7,14,14,17,-27,-21,-11,-24,-39,-28,-22,-23,-56,-62,17,-15,-10,3,13,-31,-17,-23,1,-11,-23,-4,-11,-12,-44,-26,-18,-20,-41,-18,-18,-21,-31,-10,-33,-23,-33,-22,-15,-23,-24,-28,-26,-54,-28,-29,-24,-26,-58,-20,-46,-27,-32,-25,-21,-17,-19,-18,-25,-27,-27,-37,-22,-22
2,-2,1,-1,1,-1,3,2,-2,-8,-9,-2,5,6,10,5,-5,-6,-7,0,2,6,6,7,-3,-4,-2,-1,3,3,4,6,1,-3,-2,3,3,3,6,3,2,2,4,0,1,1,3,-1,-2,0,2,3,-1,-4,-3,-3,-2,-2,-2,2,2,2,2,-3,0,-1,-4,-2,6,4,9,5,-2,-4,-4,-1,2,6,8,11,-4,-5,-4,-2,0,6,3,7,-5,2,-4,-4,2,4,4,9,0,-6,-1,-4,4,3,15,8,1,-10,-10,2,-1,6,8,9,1,-4,-3,-1,6,2,10,12,2,8,-4,4,8,14,6,10,6,6,1,4,3,4,8,3,2,-4,2,-4,4,7,6,5,-3,3,-5,7,5,10,4,5,8,-5,1,-4,6,2,5,4,1,3,0,3,-4,9,6,9,6,6,6,-4,6,1,8,1,3,10,0,5,1,8,2,4,12,3,10,7,1,6,3,2,12,10,8,11,15,17,15,11,14,8,10,12,14,17,17,16,9,12,9,15,15,11,17,17,8,10,4,13,13,13,16,13,13,13,9,10,17,16,16,16,4,10,8,13,19,15,15,13,9,7,11,13,19,16,18,15,12,3,13,10,15,12,13,13,16,13,6,4,13,15,17,17,13,14,9,9,16,17,15,15,6,14,15,17,15,16,19,12,10,11,12,9,17,16,13,15,8,16,12,17,21,23,22,18,3,20,10,14,17,14,16,22,14,5,12,16,15,26,17,22,18,10,13,13,30,17,24,21,1,0,-1,-1,2,0,-1,-1,4,13,13,12,-13,-11,-11,-9,14,18,15,16,2,-12,-10,-7,8,12,13,7,4,-6,-5,-4,1,3,2,3,-3,-4,-4,-2,-3,-3,0,-2,-2,-2,-2,-1,-4,-4,-5,-2,-4,-2,-1,0,0,2,0,1,-2,-2,-2,0,19,8,9,14,7,1,-2,-15,14,4,9,1,6,-5,9,-13,19,15,10,15,2,-4,-16,-18,16,26,12,12,1,-2,-5,-20,13,18,16,12,2,-6,-12,-10,9,8,6,5,-1,-6,-10,-8,3,3,0,-1,-5,-7,-16,-10,7,-1,-2,-4,-6,-7,-8,-8,14,8,5,6,2,1,-1,1,11,9,8,9,-1,-4,2,-3,14,12,12,11,2,-7,-1,-12,12,12,7,9,5,1,-6,-2,13,4,5,3,7,9,0,-8,4,2,-4,2,4,9,11,5,-2,-5,-3,-2,0,4,6,9,-2,-11,-6,-4,0,0,4,8,16,14,18,16,8,13,11,8,20,18,18,18,13,5,14,9,16,16,17,8,6,7,0,3,11,14,14,5,3,-8,-9,-5,7,14,13,6,-1,-10,-14,-9,5,11,10,4,-3,-5,-10,-9,7,8,9,-1,1,-7,-8,-11,3,9,8,1,-1,-1,-6,-8,37,26,20,17,26,30,24,11,42,37,44,36,24,11,22,14,40,39,37,34,19,-5,7,2,43,40,41,33,13,14,7,16,37,40,33,24,16,11,15,7,26,25,23,19,14,14,15,10,18,19,11,8,9,-3,22,27,13,16,9,7,7,10,10,25
-1,2,0,0,2,0,-2,0,-4,0,-4,1,5,-2,6,-2,5,-2,7,-4,16,-7,-1,-2,-1,-8,5,-3,-5,-3,7,-2,0,6,-9,7,-9,-8,-5,-1,-1,2,-4,-12,15,20,0,8,12,-16,6,10,-5,1,13,-7,2,0,-2,2,0,-1,-2,1,-14,-7,8,8,12,2,13,5,4,6,2,6,3,4,-3,3,-10,0,-5,11,-13,-2,26,8,-6,3,5,12,2,1,-13,5,6,-4,-13,2,4,3,-2,5,-3,-15,41,-16,13,-10,21,1,2,18,13,-13,12,9,9,-1,-9,16,7,21,17,-9,-8,-11,9,0,10,0,11,-2,8,6,-1,1,-13,5,15,-15,9,-27,19,1,16,0,10,9,-6,-4,5,5,-3,0,-1,-16,6,-1,10,11,1,2,6,-17,1,-1,-7,-3,-5,-9,6,-6,-1,5,-9,2,-19,6,12,-8,1,-8,4,7,13,-4,20,5,-28,-4,3,10,4,5,5,6,2,7,5,-3,10,8,-2,15,-6,9,0,3,2,5,13,19,8,5,1,-2,5,6,18,17,-6,15,-2,3,2,7,13,16,1,15,1,5,-7,7,10,-2,-8,9,-6,-1,8,3,3,-3,-10,13,-3,8,5,-27,20,9,-4,11,13,14,14,6,8,3,1,16,-4,5,6,7,14,3,16,8,29,14,17,2,16,19,12,21,6,6,-6,2,12,-3,1,-2,-14,27,-27,9,11,13,-6,-5,9,23,5,-9,6,41,9,19,2,25,19,6,7,-2,-8,4,17,12,-2,21,26,11,-13,6,-1,0,1,-2,0,-1,-1,0,-23,-13,-4,-26,8,-9,-40,-3,-18,1,-9,5,3,5,-10,3,-7,0,-2,3,-9,7,-14,0,-1,0,-2,3,3,6,-3,3,2,-5,-6,-5,1,0,-2,-1,1,-2,-2,-4,4,0,0,-1,2,-2,1,-2,1,1,-1,-1,-15,2,1,-6,8,-3,7,2,-14,5,-16,-10,12,-4,-9,3,-8,-22,-15,-15,-14,5,-20,11,-5,5,-12,3,-18,2,-19,-8,-3,-19,-2,-1,-4,-10,-10,3,-3,-11,-2,-14,-5,-3,-5,-5,2,-11,-13,0,2,-3,0,-13,-19,-2,-13,-10,-7,-4,-1,-2,-10,-15,-8,-5,-1,2,3,0,-12,22,0,-1,11,6,-13,7,-13,-14,-15,-15,-6,17,-13,15,-16,7,-4,20,-15,17,-11,-12,3,-4,-2,-3,-17,-1,-18,8,-3,0,-1,-16,0,-6,-7,-9,9,-8,-9,-6,0,0,6,-5,-12,6,-4,1,0,-4,6,8,-11,-9,-2,-15,-3,-2,-16,21,-29,7,-26,-5,4,3,-13,-4,-14,-36,-23,-16,-18,21,-11,12,-11,7,-17,10,-11,15,-21,-9,-6,-1,-10,-10,-30,5,-16,16,-6,-27,20,-17,-25,-8,-11,-18,0,-17,-20,0,-2,-1,4,-14,-6,-9,-12,-2,-7,-1,-9,-1,-42,-23,-16,-27,-3,-30,-31,11,-46,27,-39,-8,2,-12,-31,-24,-36,-41,-38,-41,-14,32,-33,9,-25,17,-36,17,-29,23,-30,-46,-16,-27,-40,-26,-23,-15,-40,17,-12,-36,25,-83,-21,-37,-46,-36,-4,-30,-35,-14,-4,-26,-12,-42,-22,-14,-24,-5,-17,-11,-33,6
-1,-1,1,1,2,-2,0,2,0,0,1,1,-1,1,1,-1,-2,0,1,0,-2,0,1,-1,0,1,-1,-2,-4,-4,3,0,2,-1,4,0,-23,1,0,0,-1,-1,-6,3,11,8,17,6,5,16,-8,11,15,5,12,18,-1,0,-1,1,1,-2,0,1,-8,0,2,-3,-2,7,-3,-2,-3,-16,-1,1,0,-5,-1,-11,-3,-1,-1,13,-1,11,-3,-5,-4,3,6,-2,-8,-3,11,3,-1,1,6,-1,40,1,4,2,5,-4,7,0,2,-5,6,1,-17,1,-3,12,-4,40,-4,0,6,9,-2,8,6,4,11,13,15,0,-2,6,-3,1,4,-1,10,6,-5,2,0,-2,1,-2,1,14,15,0,-2,-4,0,-1,4,6,4,9,0,10,-1,11,7,2,1,5,23,6,5,-8,6,-4,-23,10,6,15,12,7,8,5,2,-8,-1,2,11,-4,1,15,0,7,-15,12,7,0,1,-1,3,4,6,2,0,0,-1,2,1,4,9,4,2,-2,-3,5,-5,15,4,-3,4,-3,3,4,-9,3,13,3,-4,3,3,2,23,18,23,19,6,11,4,13,10,8,9,11,-2,8,8,16,22,13,3,9,8,21,15,12,20,10,24,3,1,6,3,4,1,5,13,9,6,13,17,12,2,2,16,11,10,28,4,8,31,9,31,18,31,11,3,9,4,34,32,35,19,18,27,35,36,37,58,39,33,31,15,42,19,41,36,45,23,39,28,40,43,41,43,20,61,48,26,40,47,26,51,36,43,43,1,2,-2,1,0,0,0,-2,0,7,-4,10,-16,-1,11,-1,1,-3,2,-2,-5,-5,1,-7,-1,0,0,-1,-2,4,3,1,0,0,2,0,14,3,-1,4,1,1,1,-42,-5,-42,-1,2,1,1,2,-3,-8,0,-2,2,0,0,-2,-1,1,-1,-1,-2,4,8,-12,10,2,13,2,2,-5,7,7,3,8,11,-2,-3,4,9,3,-7,3,-6,-1,-7,4,1,1,-1,-8,8,-31,-7,2,0,-2,-4,23,-2,-17,3,1,3,-26,-12,-10,-10,-33,-2,5,2,2,-27,-6,-33,-2,4,8,-1,-1,-7,-4,-9,-1,8,-1,-2,3,12,15,-17,8,-1,-6,-5,-4,5,-5,-8,5,-4,0,-7,6,0,4,6,-14,-3,-3,-2,-1,-11,-3,1,-2,-12,5,3,1,2,20,5,-5,1,1,-1,1,-22,-7,-51,-1,-3,9,-2,-7,-1,-3,-6,-23,2,-1,-2,-1,-2,-51,-2,-2,0,-2,3,4,3,3,-10,5,4,3,2,10,1,-2,-7,-5,15,8,6,1,9,-2,6,1,12,7,7,10,-1,-2,5,2,5,3,0,6,3,10,-17,-1,2,-3,-4,-7,-3,-20,-11,-6,-1,2,-5,-5,-10,-20,-1,-6,5,-2,0,2,0,-27,-20,2,12,1,-3,1,14,2,-2,3,1,5,0,-11,-15,-16,-28,-15,3,2,-15,7,1,8,-21,4,-1,1,-4,6,-31,-11,2,-5,-5,4,-8,-10,-23,16,-7,-3,1,4,-2,-3,-19,-12,-39,-4,-2,3,0,-20,-4,-26,-6,-10,18,-4,6,3,-2,-36,-16,-7,19
-2,-2,-1,0,-2,-1,2,1,4,3,6,9,1,2,1,3,5,9,10,3,3,-3,2,3,4,8,9,7,0,5,2,3,3,8,6,6,6,2,4,1,5,-5,4,-12,5,-14,-3,-5,7,13,2,-6,-23,11,9,0,-1,0,-2,-2,1,2,1,1,4,6,2,8,11,11,6,7,6,3,17,5,9,3,14,8,5,24,6,18,0,11,-2,8,6,15,5,6,11,2,12,8,14,2,10,8,7,10,14,-6,19,14,19,7,25,7,23,1,4,7,4,5,-8,21,10,8,-6,-1,10,11,-2,16,4,5,5,9,9,11,12,8,13,8,4,9,14,8,11,3,14,-1,8,21,10,16,2,15,6,9,10,7,5,1,7,10,12,13,7,10,13,13,6,7,4,12,15,-12,12,7,3,4,13,-6,-4,6,-1,7,11,19,8,-5,11,-2,9,7,11,13,5,-2,8,6,7,4,6,6,9,5,10,10,13,-10,17,-6,11,5,11,13,13,22,-6,8,9,7,12,14,8,-3,7,0,-1,0,16,11,-2,6,3,6,-2,12,5,5,-6,-6,-3,-11,-1,-36,16,10,-5,12,-23,-5,-4,-18,-3,1,0,8,2,17,-6,11,16,16,11,19,19,11,20,14,17,23,17,2,27,14,13,11,18,23,20,39,2,34,18,9,18,18,12,-27,-21,23,10,15,5,13,-23,8,-4,3,-6,11,15,-3,9,-3,1,20,-6,2,-5,-14,20,-2,9,0,20,-14,7,3,12,6,4,7,0,-26,-1,-1,2,0,2,2,2,-2,33,25,27,-19,-8,7,16,-5,4,12,1,-36,26,-11,-1,-6,-13,-4,-54,-12,-34,-4,-9,-1,-6,-1,-7,2,1,-3,1,-1,-3,-3,-5,-5,1,-2,1,-1,-2,-4,-4,-4,3,-2,2,0,2,1,1,-2,-2,1,2,-2,22,18,-12,-10,-29,1,-6,0,4,-2,0,-18,-9,-15,-9,-7,2,36,-10,-29,-8,5,-4,-3,-4,-6,-3,-8,5,-17,1,-18,-5,0,1,-6,-5,-4,4,-6,-6,-3,-5,-5,-3,-3,-6,-6,-4,1,-5,2,-5,-2,-13,0,1,-6,2,-8,4,6,-3,-8,-5,8,-1,-23,10,-7,1,-14,10,-2,-8,-28,-8,-8,-2,2,-5,23,-9,-21,3,-16,-4,-9,-11,-3,-21,-5,-25,4,-29,-1,-8,-12,0,-11,-6,-22,3,-18,-7,-6,-6,-5,-5,-9,-15,-1,-19,-10,-10,-7,-6,-7,-11,-23,-1,-1,-5,-3,-4,-3,-1,-6,-3,-29,-32,1,-14,-11,1,-9,-10,-22,-4,-22,-7,-11,-15,-13,2,29,-2,-28,-14,-19,-14,-11,2,8,-1,-9,4,0,-14,-14,-5,3,0,2,-2,-2,-1,3,-6,-15,-7,-3,-3,-9,-2,-8,-12,-1,-15,-9,-8,-8,-10,-7,-7,-6,-16,-6,-9,-6,-10,-7,-9,-49,-2,-7,-2,-1,-4,-6,1,10,-14,-14,8,-22,-7,2,6,35,17,-39,13,-29,-20,10,-10,11,-5,12,-15,10,-12,-6,-9,20,7,-17,4,-19,11,-7,-5,-17,-3,-6,-11,-11,-19,-12,-23,-1,-19,-12,-13,-16,-18,-6,-7,-14,-13,-13,-9,-9,-5,-11
2,2,0,-2,1,2,-1,-1,-1,1,4,3,-2,3,3,-1,-2,-2,2,-5,14,2,3,6,-1,-2,-2,-8,-5,0,-2,1,-4,-8,-6,-4,-8,-5,-4,-5,-4,-9,2,-8,-13,-10,-12,-2,4,-12,-3,-3,-12,-3,-3,5,0,2,0,0,-2,0,1,0,-11,6,2,11,7,-5,0,11,2,-9,-7,0,10,10,-1,9,0,-7,2,-3,2,2,-4,6,-2,-1,-13,-14,9,-12,3,6,-15,7,0,3,20,6,-10,1,11,-1,-4,-22,-20,15,-23,9,-4,-4,-9,14,-3,-29,-22,-1,-13,12,-1,10,-5,23,-2,-8,6,1,-4,-3,6,1,-7,2,-4,-8,6,5,-3,19,4,5,-2,-5,4,5,14,1,5,13,10,-2,0,-8,5,-4,1,-3,0,2,-27,-2,8,13,-4,15,0,-10,24,-1,7,-5,3,-8,14,-4,-25,18,-19,9,-8,-1,2,-17,14,-10,5,-4,-9,3,15,-6,7,4,8,6,6,4,1,10,11,11,6,12,5,8,8,9,-3,16,11,-1,10,9,-4,7,6,-14,11,9,0,8,-2,-17,-7,-3,3,-6,15,-9,-1,3,-11,-1,9,6,2,10,11,3,3,2,15,15,4,-3,21,14,7,24,10,4,13,8,31,5,11,5,12,14,-6,-9,16,12,15,18,9,23,1,-1,21,17,7,18,23,4,11,23,3,5,22,-1,8,13,12,25,8,7,-3,17,0,9,-5,3,-1,5,-1,7,14,7,13,5,29,8,-17,-23,18,-11,-11,-5,11,-4,20,-5,4,17,12,4,1,1,2,0,-2,2,-1,2,19,-38,14,-4,-10,-1,-6,-2,9,-33,11,1,-14,5,-12,4,6,-15,-1,-10,-5,-1,-3,-2,0,4,-1,0,-2,-1,-1,-3,-1,0,-3,0,-3,-4,-2,-1,1,0,-2,2,-4,-5,-3,-1,0,1,0,-2,1,2,-2,1,-11,18,5,-17,2,-8,8,-6,26,-8,-54,16,-30,-2,-3,-5,-9,-17,47,-8,1,-1,0,-3,-1,-8,-10,20,-23,0,-1,-9,-8,3,-7,-8,-10,-1,-3,-15,-3,-8,-6,-1,-2,-4,-8,-6,-8,-5,-1,-3,-4,-5,5,-5,8,-2,-8,-10,-1,4,-5,-5,-27,12,-10,11,-33,0,-3,2,22,-16,-4,-21,-6,9,-10,-1,-9,-7,37,3,8,-18,-12,-13,-5,-10,-19,14,-11,9,12,-7,-12,-4,-7,-15,-9,-8,-6,-14,-5,-15,-3,-5,-12,-18,-12,-2,-8,-6,-4,-3,-7,-13,-9,-10,-6,-3,-5,-5,7,-5,-11,-5,-8,-34,-8,-35,7,-25,-18,-6,14,-4,-11,-13,-10,-1,-14,-9,-38,-16,19,-7,1,-18,-14,-18,-20,-11,-21,11,-27,9,7,-20,-11,-10,-15,-15,-29,-6,-7,-19,-18,-14,-12,-12,-21,-14,-2,-5,-10,-5,-13,4,-18,-17,-9,-5,-2,2,-2,-8,1,-7,-1,-7,-54,26,-32,-39,8,-21,-27,-6,36,-29,-28,-18,-82,12,-43,-20,-78,-20,30,-7,-8,-38,-13,-30,-31,-35,-43,26,-41,25,17,-21,-26,-28,-36,-37,-35,-19,-19,-39,-36,-20,-29,-26,-29,-27,-7,-13,-35,-13,-20,19,-23,-18,-18,2,-23,15,-15,-16,0,-20,6,-30
1,1,0,-2,2,-2,1,0,0,8,3,7,1,-1,-1,-2,0,4,0,-4,0,6,0,6,-1,16,8,4,5,-4,-3,0,0,3,3,-6,14,4,5,-5,-7,16,3,9,-6,-3,-13,-3,-18,-23,19,10,28,-6,0,-3,-3,0,-1,-1,-2,0,-2,-2,12,0,-6,6,4,0,-3,2,0,4,-1,-1,11,4,8,9,-1,22,-8,-11,20,-4,-3,-2,0,-6,1,-9,16,0,1,6,-5,22,-10,1,-9,3,-17,12,4,1,26,-18,52,8,-12,-15,0,41,-11,-15,-1,35,-14,-17,-1,-9,-17,-18,30,-20,-1,-12,-5,-16,-4,8,9,7,1,8,4,7,-9,12,5,3,4,10,-11,5,15,-6,0,13,10,7,-14,23,-1,-1,7,8,-6,-7,23,-1,-21,-7,33,-3,5,2,-5,46,-6,12,-10,-10,-2,2,-8,0,35,-13,35,-7,0,-17,10,22,-1,17,4,-22,0,9,3,2,4,3,-2,0,4,3,0,1,7,9,3,5,-2,6,-3,-1,-12,14,-6,-3,7,1,2,-19,1,4,-19,10,-3,11,0,12,15,15,-10,-4,4,-6,5,1,21,-15,-25,-12,6,6,2,-6,6,28,-5,6,-3,3,4,-18,17,2,-2,-3,-3,2,5,-3,-4,4,1,9,11,17,-2,3,-1,8,6,9,-3,17,8,-3,12,1,2,4,16,6,6,13,-13,1,14,-3,-1,-5,5,12,17,0,-1,-8,-4,-16,2,-2,19,25,-32,-19,2,8,-19,-14,-31,15,-15,-2,-1,-8,-18,-2,-3,-2,-22,-42,-27,-5,2,-1,2,-2,1,2,-2,-2,-7,-4,9,1,-23,1,13,9,-10,-2,-8,-3,-2,-11,2,-2,-4,-2,-1,2,0,0,5,0,2,-1,3,2,-1,1,-3,-3,0,-3,1,-1,-3,1,0,1,0,0,-1,4,0,1,1,1,1,2,-2,0,2,2,2,1,-4,2,0,2,-14,-14,6,-5,-5,-1,3,-6,-11,-17,4,-4,-9,4,22,-3,-18,-26,-17,-35,-17,-5,-9,-1,-11,-1,13,-1,7,-3,0,8,-7,-3,-8,-2,-2,-3,-2,11,-3,-1,-1,-3,-5,-13,5,-1,0,-3,-6,-8,-12,-3,4,3,-12,1,-3,-6,3,8,3,7,-20,-5,-3,-2,-6,-10,9,-34,-13,-9,21,-15,-14,8,16,2,-13,-6,-12,-14,-1,-12,-8,-11,-16,-5,12,-6,7,0,7,7,-16,-3,-17,-2,-8,-10,-4,9,-4,2,2,2,2,-6,-8,-3,-3,-7,-1,-9,-9,-15,-3,4,-4,1,-6,-5,12,-12,-20,4,1,-15,4,-5,-31,-12,-1,-12,-27,-3,18,-25,-21,-10,35,-7,-47,-12,-22,-9,-7,-18,-25,-11,-37,2,15,-9,27,-9,22,23,-25,-8,-15,-7,-5,-12,-6,23,-14,8,-4,-3,1,-12,17,-17,-32,-16,0,-14,-8,-5,-6,12,-11,2,-7,-2,-13,-45,-7,-52,-3,-27,-11,-12,-34,-30,-36,-24,-24,-29,49,-39,-40,-26,47,-24,-37,-41,-27,-27,-37,-35,-45,24,-56,14,35,-52,41,-17,14,50,-57,-33,-46,-27,-43,-51,-13,32,-24,20,-40,-16,16,-21,32,-8,-19,-40,10,-19,-40,-66,-29,22,-16,-10,-16,-26
-1,2,-2,1,-2,-1,0,1,-3,-5,-3,-2,-1,-2,-2,1,-2,-5,-2,-4,0,1,-2,0,-1,-4,-3,-4,-2,-3,0,1,-4,-3,-2,-2,-5,-4,-7,-3,-7,-40,-2,-2,-1,3,37,2,1,72,2,-13,-5,4,-18,22,2,2,2,0,-1,1,2,1,-11,-2,-11,11,12,-13,-2,-5,-4,5,-6,-3,-3,-6,-5,1,-1,-14,-4,8,4,-1,-3,-2,9,-11,3,-8,-9,3,-1,11,-3,-5,-5,-8,0,-12,-2,4,5,-44,-14,-5,-10,0,-13,16,-7,-22,-2,-3,-10,-2,-5,2,-11,-12,-8,5,12,-6,2,-5,11,-12,19,-4,-13,5,-3,5,-17,9,-15,-7,0,-7,2,5,19,-10,16,-2,-4,12,-7,7,-1,-17,-8,8,1,2,-4,0,-5,-3,0,-2,10,-7,-10,-2,-12,5,-3,-4,-1,-3,12,-8,6,45,-4,-33,-21,-3,-3,3,-2,-3,-5,0,-9,-2,-2,2,2,8,-5,-1,1,-4,6,2,9,5,15,12,4,11,5,10,-5,4,-9,-6,4,-4,6,-1,-7,7,-13,-12,-8,-3,-2,-4,-1,-1,-14,3,-14,-12,6,-1,-12,0,1,-3,2,-4,2,-6,-4,8,-3,-15,7,-13,7,2,11,21,-4,14,14,19,9,11,10,3,12,-4,3,7,2,-3,5,-12,8,-1,0,8,2,1,7,6,4,-10,-14,8,3,3,-1,-1,-13,-5,-24,6,-5,-13,-2,6,4,6,-5,1,1,-1,-29,-11,7,-19,2,1,-4,-8,-31,39,-18,8,-22,-8,14,3,8,-12,-12,-6,11,-7,5,10,0,-2,1,-2,-1,1,-1,-1,-5,37,-11,-1,4,-12,-2,-14,-34,-1,-26,-7,3,-1,-1,-2,1,-4,-2,-2,0,-1,0,0,0,2,-1,2,3,-2,-2,-1,-1,-1,1,-1,2,-4,-1,-3,0,-4,-1,-2,1,4,-1,1,1,-2,-2,0,3,1,-1,1,-4,6,-7,-13,3,-8,-11,0,-6,43,-9,-7,-2,-1,15,-5,-4,-13,-12,-17,-4,0,0,4,-10,-8,-22,-5,-3,-3,-2,-2,-4,-7,-11,-3,-4,-7,-6,-9,0,-6,-2,-7,-10,-4,-7,-4,3,11,-6,-5,-2,3,-2,7,-1,-2,6,-5,-5,1,-1,-11,-20,-15,-18,-7,6,-9,-4,1,-2,46,-9,0,3,-14,26,-1,-27,-19,-22,-12,-5,-2,1,-4,-7,-11,-10,-25,-4,-4,-3,-8,-7,-8,-4,-8,-21,-8,-3,-9,-1,-7,-6,-3,-5,-12,-9,-5,-2,0,-4,-3,-1,12,-15,3,10,-20,0,1,-10,-1,1,-15,-10,-34,-4,8,-2,-4,2,-6,-23,59,-29,-22,-15,-28,21,-5,-17,-44,-5,-15,-8,-4,-10,-17,-7,-19,-14,-27,-7,-2,-11,-16,-7,-21,-8,-10,-4,-4,-5,-2,-1,-40,-10,-9,-17,-11,-10,-3,-9,-23,-4,-4,-4,15,-13,10,11,-37,7,-15,-7,-5,1,-2,-22,-54,-24,-21,-2,-5,-31,-1,-22,61,-17,-18,0,-53,42,-25,-57,-31,-44,-35,-27,-39,-10,-30,-20,-30,-41,-8,-41,-34,-18,-14,-15,-30,-14,-20,-22,-17,-30,-6,-5,-26,-31,-6,-25,-15,-15,-21,-15,-24,-8,-13,-7,9,-30,10,22,-33,0,-5,-13,1,3,-9
-1,1,2,-1,-3,0,-2,-2,-1,10,-2,4,0,-1,10,-1,7,-5,15,2,2,7,-2,-3,-5,-3,-3,-5,-2,-3,-4,1,-2,-8,-13,-5,8,-3,1,-2,28,0,36,-6,17,0,-10,-2,-16,10,-29,10,-29,-12,12,-10,-1,2,-1,1,-1,2,-1,0,-13,5,-12,-8,10,-6,9,-1,8,-2,17,2,10,2,-15,3,1,9,-1,-5,-10,1,5,-6,-6,0,-6,-10,-1,2,3,1,4,11,14,14,16,-1,16,9,-5,1,-2,15,-7,6,-6,-5,-7,4,-10,2,-22,-18,0,-7,-1,7,4,7,0,-6,6,10,17,2,1,-3,-1,10,12,16,1,18,-3,12,3,1,14,6,8,-5,8,0,1,7,-1,6,-2,2,-10,0,-1,-5,5,1,0,-7,18,-3,14,-4,3,2,14,-3,19,-7,-5,-7,-17,-15,13,-12,-20,-10,-6,-24,4,-4,4,7,15,-30,-10,6,-9,6,2,3,-1,2,3,2,3,-2,3,-2,4,10,-3,3,-11,1,-3,20,-2,7,4,6,18,3,-3,6,18,-5,-13,9,-4,-6,-11,2,-17,5,-12,5,-3,-8,-22,7,-3,6,-8,-4,-3,-22,8,8,17,5,-14,17,1,5,-7,7,-22,-44,-10,-2,-14,-1,-1,-3,-6,5,3,9,10,25,0,-3,4,3,4,-7,11,-9,-7,1,9,-2,-16,12,-8,-5,-24,-7,4,-7,-4,-17,11,-13,-7,-7,-1,20,-2,-27,-19,1,-17,-7,3,-26,-23,-9,-3,-14,24,13,8,15,-5,-8,3,0,5,-29,11,3,11,4,-17,-12,-2,2,1,-2,-2,0,1,1,-15,-13,-18,3,-9,-8,5,-25,-1,0,-5,-1,-6,0,3,-1,-1,2,-5,8,1,1,-2,-4,-1,2,-3,0,-5,0,0,-2,-1,-2,-1,2,1,-2,-1,1,-1,3,-6,3,0,0,0,0,0,1,0,-2,-1,2,-1,-2,-2,3,8,13,3,0,-10,-5,-1,-3,1,2,5,-8,8,-10,13,-2,15,0,-14,9,-1,1,0,5,-8,13,3,-3,-6,-11,-5,-10,-4,-4,-8,-1,-2,2,-2,-7,-4,-3,-3,-2,-7,-2,3,19,-11,4,1,3,-1,5,-19,1,-3,-4,-22,1,-1,5,4,-16,5,-3,-9,-10,-11,2,-7,-2,-12,6,-3,-9,4,9,13,-13,18,-6,-4,8,-3,-14,-4,7,-12,13,12,-18,-13,-7,-26,-8,-7,-14,-13,0,-7,-14,-7,-6,-5,-6,-7,2,-4,-5,-3,18,-4,6,-2,8,-2,-10,-3,-5,-3,-8,1,0,-7,2,-16,-45,-9,-5,-14,-16,-23,-15,-14,-4,-14,-2,-25,-6,-5,-16,13,-22,29,-3,-7,8,-14,10,-19,27,-22,26,7,-11,-30,-24,-16,-25,-17,-18,-10,-18,-17,-11,-10,-12,-4,-14,-24,4,-12,-16,-9,27,-30,11,0,1,-15,-13,-3,-8,-16,-10,-7,-5,-6,-2,-5,-24,27,-17,-25,-25,-49,-20,-39,-33,-29,-3,-22,-39,24,-32,30,-47,42,-28,-30,41,-48,42,-39,38,-54,41,17,-41,-24,-23,-50,-52,-37,-53,-43,-27,-21,-35,-31,-41,-42,-28,-27,14,-36,-30,-26,33,-51,23,-23,13,-33,-16,-23,-30,-24,-23,-18,-11,-31,-27
1,0,-2,1,0,0,1,2,-2,-17,-1,-4,-2,0,-1,0,-5,-31,-1,-2,-2,-1,-1,-1,0,79,3,-5,-1,-1,-2,0,5,1,7,-4,-1,-3,-1,-3,0,-22,-2,0,-3,-3,-3,-5,0,-16,0,-8,-2,-7,-10,-3,-2,-1,-2,-2,0,2,-1,-2,2,5,0,2,0,2,2,-3,4,3,8,1,3,3,0,3,3,-12,4,0,5,3,2,2,-3,-5,-4,3,-1,-1,3,-2,7,-1,5,2,2,3,-1,1,-5,3,-1,4,-4,0,6,-2,2,-11,4,-2,0,8,-3,0,-7,0,1,5,0,4,6,-1,1,3,2,0,-1,3,2,1,-2,2,-2,-2,2,-3,2,-1,-5,4,-2,-1,-4,-2,4,0,0,42,-2,3,-1,2,1,1,-4,0,8,-1,-3,-2,2,-1,-2,-16,4,-5,0,-3,-3,1,-3,-3,0,4,3,-6,-1,-2,4,1,-1,-12,-12,-7,-1,3,1,7,3,6,4,5,4,5,4,-1,4,6,9,4,2,3,9,0,7,4,7,2,-2,4,-9,-9,-1,11,5,1,2,5,2,-12,2,-2,-2,-1,-4,-1,6,0,0,3,3,0,0,2,5,5,0,6,3,3,1,1,-4,-5,4,3,8,2,3,-6,12,10,11,12,7,10,7,6,17,6,16,8,10,12,11,0,8,15,8,11,7,8,7,8,7,-5,8,9,10,7,2,3,4,3,10,6,6,4,5,1,11,-12,0,4,4,4,-3,1,5,4,-1,10,7,7,6,-1,2,-1,7,1,0,2,7,3,0,2,-1,2,1,1,-2,-1,-2,-14,-7,-11,-10,-8,-11,-6,0,-15,-2,-5,-4,-5,-3,-5,1,-22,-4,-1,-3,-2,-2,-3,-9,-7,-1,-2,0,-1,-1,-3,-6,-6,-3,0,-1,0,-1,-1,-5,-5,-2,0,0,-1,0,0,-2,2,2,0,-1,1,-1,1,-4,-12,-5,-8,-13,-3,-6,-3,-14,-10,-11,-13,-4,-6,-8,-4,-11,4,-14,-8,-12,-12,-8,-7,-6,-20,-9,-7,-4,-8,-4,-7,34,-25,34,-7,-3,-4,-7,-5,3,-11,2,-9,-3,-4,-4,-3,-6,1,-9,-3,0,-7,-2,-5,-8,-1,-7,-3,-6,-4,-3,-3,-7,-11,-11,-7,-11,-8,-10,-7,-6,-12,0,-14,-8,-5,-12,-5,7,-11,-12,-7,-9,-9,-2,-7,-11,-23,-13,-9,-9,-9,-6,-7,37,-15,33,-5,-6,-4,-8,-7,4,-8,-3,-6,-7,-6,-4,-7,-10,-7,-5,-6,-4,-4,-7,-3,-4,-8,-3,-1,-8,-4,-6,-9,-3,-28,-12,-11,-9,-8,-11,-6,-9,-17,-7,-11,-6,-8,-14,-8,-12,-37,-20,-17,-11,-16,-9,-11,-1,-6,-18,-17,-12,-13,-13,-9,35,-7,34,-6,-8,-10,-11,-9,-2,-7,-1,-11,-11,-6,-10,-12,-7,-10,-9,-8,-8,-10,-10,-7,-6,-6,-7,-6,-8,-6,-6,-6,-15,-37,-34,-18,-20,-18,-18,-14,-28,-8,-10,-38,-20,-26,-32,-19,-37,-36,-42,-38,-17,-36,-20,-11,-15,-1,-41,-26,-29,-26,-27,-21,43,-35,44,-23,-19,-27,-21,-26,-7,-17,-9,-16,-22,-16,-22,-17,-20,-17,-17,-12,-11,-20,-18,-14,-14,-15,-10,-10,-11,-13,-17,-23
0,2,0,-2,0,-1,-2,-1,1,-1,-1,0,-3,-6,-13,3,2,0,0,-1,-4,0,1,1,2,0,-1,-3,-1,-1,0,1,4,2,0,-1,2,1,0,1,-1,-4,5,2,0,-1,0,8,-7,4,-1,6,6,1,12,-1,-2,1,0,-1,-2,-2,2,-1,3,-2,12,-14,15,-52,66,-48,1,-11,-1,3,4,-12,9,-4,0,-8,1,-31,8,4,9,6,-5,4,-2,7,-3,-4,0,5,-8,0,-6,-3,-7,1,-4,1,1,-9,4,-5,1,-5,-5,-3,-6,1,1,6,0,2,-7,-6,-1,8,3,11,2,-5,-3,3,-3,0,3,-5,10,-4,27,-9,4,1,-1,5,0,8,-14,20,0,-3,-3,-1,9,-9,12,0,0,9,-1,12,-3,1,-9,4,-3,1,20,-2,1,2,-1,3,3,12,2,13,-4,0,-1,5,15,-6,7,1,11,6,8,1,-9,7,-3,1,-9,10,7,-4,6,4,8,13,10,7,25,-121,6,6,2,3,3,16,5,9,4,0,-4,-2,2,-1,-2,-3,0,-3,-2,-3,-4,14,13,11,0,-4,-9,6,3,6,3,2,9,-5,-6,2,3,6,14,-10,8,-7,-1,7,16,1,12,12,4,-3,4,4,-10,6,13,-5,17,12,11,8,9,-33,28,-3,1,18,7,5,11,2,16,15,18,7,-2,7,2,2,13,11,12,-5,-8,15,-7,4,10,19,5,35,11,-1,23,-4,16,4,10,18,9,15,0,8,8,12,1,1,14,13,16,9,12,18,10,8,7,12,9,13,11,1,2,0,-1,2,1,-2,-2,1,11,-9,-1,-8,3,-78,55,-83,15,-9,-4,-9,-5,-10,6,-10,6,-3,-1,-4,-8,-9,-5,-5,1,-2,-4,-3,-6,-1,-4,-1,-1,-1,-3,-3,-3,-1,-3,-3,1,-1,-3,1,-2,-2,-1,-1,2,-2,-2,2,0,-2,-3,1,12,-1,-6,-5,-3,3,7,0,2,-4,-10,-11,-2,23,5,-9,0,-14,-16,-16,-1,-3,22,-12,-1,-1,-8,-1,-2,-4,-7,-12,-4,-8,-2,2,-1,-1,-8,6,0,1,-2,-3,-1,-4,-4,-1,-2,2,-5,-3,0,-2,4,1,-4,0,0,1,-5,-1,-1,-9,3,-8,-9,-5,5,2,16,-25,-11,-10,-7,-4,9,-15,47,-25,2,-2,-8,-15,-25,9,-9,5,-6,-4,-19,-21,7,-10,-4,-5,-3,-4,-14,-7,-12,-2,-9,-5,-6,-16,-3,-8,-7,0,-9,-5,-21,-2,-7,-3,-7,-14,-4,-20,-5,-5,-5,-4,-1,-3,-8,-3,2,3,-16,-5,-21,7,-4,8,-6,-16,-8,-12,-2,-25,-42,-12,-13,-10,-15,-15,-10,-7,-7,-4,-12,-12,-7,2,-5,-25,-21,-7,-7,-17,-9,-9,-3,-14,-20,-9,-8,-7,-8,-7,-15,-7,-14,-6,-9,-12,-5,-12,-5,-17,-18,-15,-8,-9,-8,-9,-10,-9,-14,-9,-9,5,-10,2,-3,12,1,8,3,-29,-29,-22,-1,-20,-12,-30,-26,-29,-27,-37,-17,-7,-27,-5,-16,-22,-22,-37,-20,-34,-26,-12,-13,-30,-31,-9,-29,-18,-34,-12,-7,-16,-10,-24,-14,-12,-21,-17,-11,-13,-22,-13,-11,-23,-13,-33,-15,-17,-13,-10,-11,7,-28,-17
-1,-2,-1,-2,2,-2,-2,0,0,1,1,0,1,1,-5,-1,3,2,4,2,1,3,2,-1,2,1,-3,0,0,2,2,0,3,4,3,3,0,0,0,5,8,-1,12,-15,15,1,11,3,6,-25,83,28,35,-3,9,11,0,1,0,-1,2,-1,0,2,14,2,3,6,8,2,-13,9,-3,3,6,2,-9,5,-13,5,-2,7,-5,-3,4,-4,8,3,-12,0,4,6,7,2,4,1,4,1,5,-8,7,9,-15,11,5,8,0,-12,7,-12,4,12,-5,-7,9,5,-5,10,-1,-1,5,-3,-17,-18,-31,-4,4,-2,4,2,0,-5,-2,3,-3,2,-5,-2,-1,4,11,-11,1,-18,3,-7,-3,3,3,1,5,4,-16,-1,11,-4,3,-5,7,-1,2,9,1,5,0,5,1,-8,9,10,11,-16,14,-7,-15,0,2,-3,-8,-5,-1,-14,-5,-7,-3,1,-64,-16,-28,6,-3,10,4,-6,5,2,0,5,-3,-1,7,-18,-1,-4,-5,2,-5,-8,4,0,8,5,2,10,-4,-6,12,-2,7,-1,1,-12,-1,-7,14,-3,-5,6,5,-9,1,1,4,-21,-8,0,1,10,-8,-1,3,-3,-19,-8,-1,0,-11,4,10,10,-42,6,-9,9,-6,11,-1,21,1,-8,-16,-5,-18,-6,11,16,-16,2,28,20,30,-20,8,6,-1,32,-1,-6,-6,19,-14,5,-17,8,16,-2,19,-6,-3,24,10,-1,8,18,-7,1,16,0,6,-10,-6,4,-25,-13,11,19,-7,2,-18,-4,-16,20,16,-2,-20,-3,-7,7,-7,1,-2,0,-2,-2,-2,-1,2,-1,1,-29,3,-17,1,21,0,12,2,-1,4,-5,4,7,5,3,1,2,1,-1,0,2,0,3,-2,0,-1,-1,-4,-1,-1,-2,-3,-2,-3,-8,-5,-1,-2,-5,-1,0,-10,1,-7,-1,-3,-2,-1,1,-2,-2,2,2,1,0,11,-9,1,-1,5,8,-10,5,11,2,3,-5,-2,4,3,-4,8,-1,6,3,-17,3,6,-7,-5,6,-5,-11,-3,1,-8,6,5,-1,1,2,-5,-1,4,-2,2,-75,-4,-62,3,-8,-6,1,-73,-3,-36,0,-63,0,-11,-1,-3,-17,-76,-10,-14,-9,-10,0,-1,0,3,-1,0,0,2,1,4,-8,5,-11,4,7,-3,-1,-7,-4,-12,-7,1,3,7,-78,-1,-4,-5,-7,-6,5,-2,-11,-4,-7,-7,0,-7,-60,-6,-11,-68,-1,0,1,-63,-5,-8,0,-1,-53,-38,-53,-24,-1,-13,3,3,8,-60,-28,-10,-10,2,-13,7,-5,-21,-4,-11,2,2,-2,-7,-9,-30,-5,-9,1,-5,3,-2,-1,-46,-1,-8,-5,-3,-1,-1,4,-34,-11,-6,-5,0,2,0,0,-55,4,-16,3,-8,0,-4,-5,-40,-14,-5,-5,-4,-6,-10,-7,-13,5,-9,-2,-1,0,-62,-12,-88,0,-88,-75,-92,-94,-6,-18,-22,-24,-20,5,-8,-21,-34,-25,-45,-34,-30,-1,-21,-9,-25,-18,-45,-4,-24,-39,-29,-36,-29,-4,-38,-29,-37,-38,-25,-21,-28,-34,-46,-26,-18,-54,-34,-38,-72,-42,-66,-36,-65,-55,-52,-9,-22,-47,-40,-59,-23,-44,-12,-24,-42,-26,-70,-5,-66,-55,-60,-68
1,0,-2,1,-2,1,-1,1,1,2,1,-11,2,-1,0,0,1,3,1,-9,0,-2,1,0,1,2,-1,-8,-2,-1,1,0,3,5,9,-8,7,-1,-2,0,2,5,20,-14,-4,-1,-7,-7,10,25,13,13,-7,-19,-13,0,3,1,-2,-1,-2,-2,0,-1,-12,-3,-10,5,3,1,-1,-17,1,12,-3,6,-2,4,-3,-1,5,-1,1,-4,0,0,3,-3,9,3,40,-8,37,-7,1,-4,17,33,5,-9,4,31,-3,-4,5,11,-2,35,7,-3,0,1,13,41,13,12,-10,26,-5,-3,7,-15,61,10,33,0,-34,5,4,-10,1,6,9,-2,10,0,-16,2,-1,-2,-2,7,-4,13,15,-8,2,-6,7,-4,10,0,-22,9,-7,-4,-2,12,-6,15,3,-3,7,-25,9,-11,5,-6,-1,11,6,29,-4,-8,7,2,8,18,17,2,1,-12,-14,-3,-15,-6,17,5,-1,15,-5,-1,3,2,3,12,4,0,0,-1,3,8,6,12,15,4,-1,-1,5,4,3,9,4,5,0,-1,-2,-6,1,5,15,6,-7,5,3,-10,1,-4,7,-2,5,1,8,-15,21,11,11,10,15,13,8,6,8,-21,18,19,0,19,-8,-7,-4,6,24,10,-19,8,10,4,9,10,6,7,16,17,3,10,8,17,8,11,8,22,27,13,7,16,9,11,24,13,10,19,5,17,19,25,5,18,18,4,8,21,17,9,9,15,10,32,21,17,41,27,26,25,20,29,20,26,17,17,10,14,-6,10,15,41,21,13,10,-1,0,1,0,1,2,-2,1,2,-17,7,-15,-10,15,-13,-3,-7,-4,7,-2,-9,2,-4,-4,0,0,0,5,-7,-2,-4,0,-2,-1,-3,6,-12,0,-4,-1,-2,1,-1,9,15,0,-4,1,-1,-1,1,-69,12,-51,-3,-2,-1,2,-1,-2,2,1,1,1,1,-3,-11,10,-5,-1,2,-12,-4,0,-20,-8,0,11,-2,-7,0,0,5,-10,-2,2,-10,-7,4,1,-5,-16,-16,-15,-6,-2,-10,-11,-37,0,-3,-9,-26,-2,0,2,1,-1,20,2,-2,-3,-4,-4,-33,-4,1,6,-39,-5,0,0,1,-36,5,-25,1,0,-13,-5,8,-9,14,2,-4,-6,2,7,-8,-5,-6,0,-7,7,-7,-11,4,-3,2,-5,-1,-10,1,9,-19,15,-5,3,-7,2,-1,-10,1,-18,4,-19,-2,-1,-7,4,0,2,16,0,0,-2,-2,4,10,-41,11,-28,11,-2,-5,3,-30,7,-5,9,-23,9,-11,-13,-5,-7,-46,-2,-32,-30,1,-3,-5,6,2,-15,4,-12,-2,-6,-6,-1,-3,-10,-10,1,-3,0,1,3,-13,-16,-4,-10,-14,1,6,4,-18,-1,3,-4,-5,-8,1,-7,20,-40,-4,-17,-7,-2,2,-8,-16,-5,-2,-3,-7,3,5,9,-7,4,-3,-2,-2,7,2,8,-11,-9,-8,-5,5,15,0,4,0,4,-11,8,6,2,-16,-8,1,4,-7,2,-2,3,-5,10,-9,2,-5,0,-1,-1,12,1,-8,-14,4,-4,-2,10,-2,-8,17,-16,-7,-1,-12,1,6,-13,-9,-10,4,-4,-14,3,-10,15,-5,15,-9,-1,-2
1,1,-2,-2,-2,-1,1,2,-1,1,1,-67,0,0,-1,-1,0,1,1,0,-68,0,0,0,0,1,0,0,0,-30,0,0,0,-1,0,-1,1,-1,-1,-1,1,-1,-1,0,-1,1,0,-1,-1,1,2,-3,-2,-2,-3,2,-2,-2,-2,-2,-1,-2,0,-1,3,1,0,2,3,-2,0,2,0,1,1,-64,0,1,1,1,1,0,1,-1,-54,1,-1,0,0,3,-1,-1,1,-41,3,1,2,-1,1,1,1,0,-12,3,4,-1,1,3,2,0,3,5,-1,-2,-1,-4,-2,0,3,5,1,4,5,-8,2,0,3,1,-12,-1,67,1,-4,1,-29,3,4,-9,4,66,0,-30,2,-26,-22,-2,-8,1,64,-1,-18,1,4,-24,2,-27,0,61,-4,2,-30,1,-9,-1,-15,0,61,3,-1,-5,-6,-16,0,-21,0,63,-17,-1,-17,-9,-9,0,-21,-2,-3,-12,-2,-15,5,-6,-2,-31,2,2,0,3,3,2,0,1,1,1,3,-64,2,1,1,1,1,1,0,2,-47,-2,2,2,2,4,3,3,2,-32,-4,3,-3,0,-3,0,-1,-2,-10,3,-3,5,7,1,-2,5,-2,2,3,2,1,7,-7,0,4,5,1,3,-7,-4,-3,3,2,4,5,4,8,5,6,3,3,-5,3,4,4,-20,4,5,7,2,0,2,2,4,-26,4,2,7,2,5,6,3,4,-5,2,3,-2,1,7,6,4,1,-8,7,3,-12,10,-8,-2,10,9,7,-3,4,1,12,-11,2,6,-8,2,2,2,7,10,14,4,14,-2,-1,-1,0,-1,1,-2,-2,-9,-11,5,-52,0,-7,8,-4,0,-1,0,0,-65,-3,1,0,0,-2,-2,-2,0,-71,-1,0,-1,-1,-1,-1,-1,0,-18,-1,-1,0,-1,-1,0,-2,1,-2,-1,-1,0,0,0,-1,-1,1,2,-1,-2,2,-2,1,0,-2,1,-4,17,-3,-14,1,-2,-4,4,-3,-4,9,-4,-6,-11,-4,-2,-2,-1,-4,22,-6,-1,0,-3,-3,-6,-3,-3,17,-5,-1,-2,-7,-3,-4,-3,-4,16,-3,-2,-1,0,-2,-6,0,-4,5,-3,-1,-2,-1,0,-4,-2,-6,-5,-2,-3,-1,-3,-1,-7,-7,-3,-1,-16,-2,-5,0,1,-3,-2,-2,-3,-55,-14,1,-4,-4,-1,-5,-7,-8,18,-6,-3,-4,-3,-17,-5,-2,-4,21,-3,-2,-1,-4,-3,-3,-4,-2,16,-3,-1,0,-4,-3,-2,0,-4,13,-5,-2,-4,-2,-3,-2,-5,-4,-2,-4,-1,-3,-6,-4,-3,-3,-27,-33,41,-27,-15,-12,-6,-8,-16,-26,-18,38,-6,0,-5,-5,-4,-8,-10,-28,29,-17,-3,-13,-3,-14,-6,-26,-8,28,-8,-10,-5,-6,-7,-12,-10,-6,26,-6,-4,-6,-4,-6,-4,-18,-8,19,-4,-5,-4,-6,-3,-5,-2,-3,-4,-4,-5,-4,-6,-4,-4,-4,-35,-25,47,-9,-11,-23,-36,-27,-31,-22,-42,46,-16,-12,-12,-14,-18,-13,-20,-14,50,-13,-9,-13,-12,-9,-12,-14,-29,50,-20,-15,-15,-11,-13,-11,-15,-16,47,-13,-7,-11,-13,-11,-44,-19,-10,39,-10,-10,-10,-6,-10,-9,-11,-3,-11,-9,-5,-6,-8,-15,-11,-13
1,0,0,1,-1,0,2,0,-5,-4,0,-2,-2,-1,-2,-1,-4,-4,-1,-1,-1,-1,0,-2,-4,-5,-1,0,-1,-2,-3,-1,-4,-2,2,-2,5,0,0,-5,6,9,8,12,17,0,-5,-9,14,14,18,11,11,4,-1,-8,2,0,1,0,-1,-2,0,0,-6,-4,-3,-8,-17,-1,-6,-6,-2,-9,-4,-2,-5,-5,-15,-6,-5,1,-2,-2,-7,-4,-12,-4,-1,-4,-2,-4,-1,-3,-13,-8,-13,-3,-1,2,4,-2,1,-10,12,3,4,7,-1,-20,0,-22,0,5,-2,-4,5,-2,9,5,19,9,-3,-13,-11,-3,-1,7,-4,-12,-7,1,-13,-3,4,-3,-8,-9,0,-5,-1,-6,-5,-3,-3,-3,-4,-2,-6,-2,2,0,11,-2,-1,-4,-3,-2,-1,-5,0,4,0,0,-1,2,0,-4,2,4,5,7,4,-5,-3,-13,6,4,5,-6,-9,7,9,-1,13,0,-1,-10,-12,-19,-6,-8,2,7,4,7,-1,-4,-7,-5,3,6,7,9,5,-1,-9,-3,5,12,12,8,8,-7,0,-1,8,18,6,3,5,-14,-22,-18,10,15,18,10,1,-6,-12,-15,21,17,17,12,9,7,-10,-34,24,24,17,7,11,10,15,-13,40,36,18,14,25,20,26,40,21,17,14,8,10,12,13,3,12,24,14,20,12,10,19,6,35,27,26,19,14,13,11,14,30,34,23,25,28,19,22,-7,39,35,29,37,26,31,-10,10,43,49,42,37,29,29,14,-48,47,51,48,36,48,33,22,10,52,54,38,39,43,46,21,-1,1,0,2,-2,0,-2,-2,2,3,-4,-2,6,11,21,11,12,-5,-3,2,1,-3,-1,6,4,-5,-3,-1,0,4,6,3,2,-2,-3,0,0,1,4,4,4,-4,-5,-4,2,4,5,6,5,-5,-10,-9,-8,11,14,8,3,1,1,-1,-1,-1,-2,0,0,2,7,-10,5,3,5,2,1,0,9,5,6,4,5,-3,7,-19,-2,-2,-5,-1,6,12,6,0,-2,-5,-1,2,2,4,0,0,-1,-6,-2,-1,2,7,7,-7,-13,-13,-12,-5,7,5,8,-1,-10,-16,-16,-4,8,15,10,4,-8,-28,-51,-15,5,7,12,5,9,1,6,2,-10,7,0,2,5,4,2,-3,-2,1,0,1,-2,2,-2,0,-3,6,0,-7,5,2,0,-3,-1,-1,-2,-8,-3,-1,-6,-4,1,5,2,-3,-21,-15,-3,-2,8,8,4,-2,-12,-21,-8,6,14,7,12,-3,-12,-12,-40,-11,15,9,8,7,-6,1,-8,5,10,9,9,-6,-4,1,-5,2,2,5,-2,-1,4,0,-4,3,10,1,10,0,-10,-8,5,1,10,5,6,-1,-12,-3,-9,3,6,4,6,-1,-8,-8,-10,-3,5,6,4,-5,-15,-17,-15,2,17,13,10,-11,-13,-20,-23,13,27,19,12,15,1,-3,-16,6,3,6,2,7,3,-5,-8,-20,0,0,3,12,-19,-5,-7,-7,-10,3,1,-11,-6,-13,-6,1,-2,-15,10,-6,-9,-6,-4,3,0,3,9,-10,-13,-13,-9,4,8,9,16,-6,-40,-16,-18,4,16,17,7,-12,-4,-19,-24,18,27,24,18
0,-1,-2,0,2,2,-1,-1,2,3,6,4,3,2,2,2,0,7,2,5,2,2,2,-1,1,4,6,4,5,3,0,1,0,2,3,4,6,4,2,-2,-1,-1,6,-2,5,5,2,2,9,7,0,4,13,8,2,13,-2,1,0,1,0,1,-1,-1,0,9,9,5,8,-3,6,-1,7,5,9,9,8,4,-3,3,9,8,6,7,3,7,7,8,8,2,10,5,2,8,7,7,-3,2,6,-2,3,6,9,7,11,8,6,10,4,8,11,12,-2,0,1,8,13,8,9,6,-2,8,-5,12,10,6,6,9,9,12,9,4,7,6,-5,3,10,9,6,7,5,2,4,2,9,6,4,11,8,5,0,9,4,15,8,8,2,7,-3,7,4,6,-1,6,2,4,6,5,6,2,7,5,5,11,9,12,6,4,10,8,12,6,7,-2,9,8,5,14,12,11,4,0,18,16,19,20,22,14,16,15,21,14,16,22,19,20,16,14,15,16,15,17,19,15,7,12,13,10,8,9,14,8,-4,7,11,0,8,13,9,9,15,13,16,12,18,14,16,10,27,16,6,8,17,7,15,6,4,4,5,16,22,7,15,10,2,8,25,26,26,28,35,27,33,21,29,21,25,30,35,31,25,34,30,27,29,28,27,33,22,23,24,35,30,27,31,25,18,32,30,27,28,30,20,29,26,24,26,26,32,42,26,33,24,30,18,5,31,31,31,31,24,19,18,37,20,32,21,37,33,34,2,3,1,-2,0,-2,1,1,-2,-2,9,10,7,11,19,22,-3,0,-6,6,6,16,12,17,-3,-6,-1,-8,-5,-2,2,5,-2,-4,-5,-4,-7,-3,-4,-2,-2,-5,-1,-4,-4,-4,-9,-2,-2,0,-2,0,-3,-3,-4,-3,-2,0,1,1,0,-2,-1,0,-2,1,7,8,12,-3,11,12,-9,-9,-4,13,8,-10,-1,4,2,-2,10,3,9,15,18,25,1,0,-9,6,-8,20,0,14,-5,0,-2,-5,-6,-7,-1,-7,-7,-7,-8,-8,-12,-11,-10,-10,-12,-7,-12,-9,-11,-12,-8,-15,-3,-8,-10,-9,-11,-10,-9,-15,-16,4,8,-37,4,7,8,9,-1,-6,8,-2,8,4,8,13,3,13,14,11,8,19,1,13,-2,-9,-3,16,0,-5,-14,-1,-8,-4,2,14,-2,-16,-12,-16,-12,-3,2,-4,-8,-6,-13,-15,-10,0,-11,-6,-8,-16,-3,-16,0,-13,-8,-12,-7,-8,-6,-12,6,12,22,12,18,14,24,28,17,13,7,21,16,16,23,24,6,10,8,-1,8,-1,20,6,-1,-11,4,3,-1,7,7,1,-4,-3,-4,2,7,-2,11,-10,-9,-7,-2,-4,-6,-8,0,-2,-11,-16,0,-7,-7,-11,-5,-8,-14,-11,-14,-8,-12,-8,-3,-7,-14,4,4,11,4,5,8,23,-7,-33,-20,-5,7,-1,15,20,-8,-9,-12,-26,-19,-6,3,-1,-21,-18,-11,-21,-12,-15,-14,-7,-5,-3,-11,-5,-20,-17,-10,-22,-3,-1,-3,-1,-1,-9,-4,-5,2,1,5,0,0,-6,-3,-7,1,2,-4,-1,0,-6,-3,2
0,1,1,-1,0,-2,-1,-1,2,3,1,0,-1,2,-1,4,5,-5,-10,0,-2,1,0,-1,9,15,1,7,4,-4,3,-3,-8,-3,-1,-1,0,0,-7,0,-4,-11,-7,-11,-2,-12,18,6,-6,-32,-12,-15,-23,-15,-10,3,1,-1,1,0,0,-1,-2,-2,8,6,0,7,-3,3,-2,2,13,-17,3,-13,4,-2,-14,2,4,18,-16,6,-3,-2,13,-6,7,-38,-1,10,9,-15,-10,8,-3,10,-11,6,-7,-6,-9,-4,5,-23,12,11,-12,-21,-13,30,0,6,2,-7,7,-19,8,-4,-9,-10,-11,-12,-4,0,3,11,7,-4,-3,1,17,1,-23,-2,6,-5,3,18,-2,-11,0,-15,14,-23,20,7,4,-2,-12,11,8,21,-10,7,-12,-12,5,-2,0,-5,-8,-8,-11,-13,-6,-5,-3,5,-4,-16,-4,-4,9,6,1,-4,6,3,-1,-5,4,2,-1,-12,0,10,8,6,-11,3,0,2,-2,-2,-5,8,-2,1,-5,0,8,-11,-6,2,1,2,5,19,-12,-2,-13,7,-1,-4,18,0,14,-14,-28,12,-12,-3,10,19,9,16,10,0,9,8,5,2,-14,-42,0,2,-15,-1,-22,11,-11,-24,13,5,-12,-5,4,-23,-6,-11,-13,20,-25,13,6,-1,2,1,12,16,0,-10,0,-4,10,17,4,4,-6,-24,17,6,16,11,-4,12,0,16,23,29,18,-8,-3,6,-4,-23,25,24,23,9,0,-12,14,5,1,32,18,-17,4,4,12,6,9,3,1,-1,3,-10,11,18,-11,-21,25,-11,8,21,-24,-1,-1,2,-2,-2,-1,-1,-1,-1,5,-17,-15,-16,-10,12,-27,-3,13,12,3,-5,2,2,-7,-2,-2,-31,5,-3,-2,-1,-7,-2,5,4,0,1,-1,3,-5,1,-1,0,-5,6,-3,2,-3,1,1,-1,-3,-1,-4,1,-2,0,-2,0,1,-1,2,2,-2,-1,1,-7,-19,-9,-8,-2,-17,-7,-7,4,-14,-6,-7,3,-5,-12,2,0,-3,-6,-14,-7,-15,-11,-2,-16,3,-7,-4,-14,-6,-11,3,21,6,-9,-5,5,-2,-11,1,-7,-5,-1,2,-4,1,-5,1,0,-5,-1,-3,2,0,-1,-11,-3,-7,-9,0,0,-3,-2,-12,-7,-5,-8,-8,-17,-18,-6,-4,-11,-7,-9,-22,9,1,-7,-11,-11,8,-10,-11,-6,-4,-6,-10,-19,-16,-13,-3,-9,-7,3,1,18,3,-9,-10,15,-9,-14,0,-10,-11,1,-3,-10,3,-6,-6,-7,-1,-4,-4,1,-4,2,4,-7,-7,-1,-8,-2,-2,-10,-8,-17,1,-23,-35,-4,-26,-16,-11,-12,-35,-6,-5,-4,-17,-18,-50,-14,35,-27,-22,-23,-13,-13,-16,11,-25,-23,-8,-26,-14,-13,20,26,21,-24,-26,19,-19,-21,-9,-16,-7,-16,-5,-20,-11,-13,-7,-20,-21,-4,-10,6,-10,-4,-7,-7,-18,-1,-5,-4,-7,-3,-56,-37,-50,-20,-35,-21,-28,-22,-38,-26,-33,-14,-33,9,-21,-21,-42,-48,50,-38,-39,-53,-8,-26,-25,38,-39,-48,-42,-37,-35,-53,39,49,45,-47,-39,51,-46,-36,-39,-23,-16,-33,-25,-52,-19,-48,-23,-39,-38,-28,-27,1,-48,-16,-13,-19,-32,-30,-23,-36,-13,-10
1,-1,2,0,2,1,2,0,2,-1,2,-1,2,1,-1,-1,1,0,0,1,-2,1,0,-1,3,-4,0,-3,0,-3,0,-1,9,-4,18,-1,23,-1,6,-1,18,21,-10,19,-9,-11,-3,2,-19,-3,-3,-15,-3,-11,-12,-14,0,-1,2,0,0,-2,-1,-1,3,-1,-3,-7,-10,-2,3,1,-1,-4,0,-4,3,0,4,-3,-1,-3,-2,-4,0,1,0,-1,20,-3,61,0,13,-3,17,-5,-3,20,-20,25,-9,-17,-2,16,9,4,-20,-15,0,-1,-15,5,-28,-23,15,30,-6,-13,0,15,26,-16,6,0,13,13,-3,-5,11,4,-2,2,-2,0,8,1,-6,1,0,-4,3,6,-1,-5,3,2,-7,-1,2,-1,11,-3,-1,-12,0,22,2,-10,1,-4,23,-2,11,0,25,-4,6,-2,1,15,1,6,-11,-9,-3,-6,1,-2,1,-8,3,7,6,-1,0,13,-2,28,4,-3,3,8,4,5,6,8,5,4,7,7,2,3,0,3,-11,0,3,1,5,2,-6,0,2,3,1,4,1,1,4,-2,-13,3,4,-9,3,11,11,12,-13,5,-1,-2,25,1,23,10,3,-2,14,4,11,24,1,10,16,-8,1,7,0,0,8,-1,-15,-8,-7,1,11,12,2,5,2,6,-4,10,8,1,4,3,2,8,-1,9,8,4,-8,3,0,4,9,19,-2,-13,3,7,-2,-15,4,21,13,-10,-5,-6,26,-12,8,9,-6,26,33,19,11,-23,-6,-1,1,21,0,-27,5,-18,9,13,-3,12,8,18,-6,-16,-5,11,2,0,1,-2,-1,1,3,0,0,-10,-16,12,-13,1,6,-2,-1,-2,-1,-1,-2,2,3,-4,-1,-4,-3,-2,-4,-2,-2,-3,0,-3,-3,-2,-3,-3,-1,-1,-2,1,0,2,-1,0,-1,-2,-6,-4,3,-2,0,-3,0,-2,-1,1,-1,-1,0,0,0,0,-9,-9,-16,-2,-7,-2,-3,-9,4,-6,-12,-17,1,-2,-2,-1,-7,-6,-19,-11,1,-18,1,-7,5,-7,-13,-3,-3,-9,-8,1,-2,-3,-6,0,-4,-5,-3,-3,1,3,-2,-7,-1,-3,-10,-6,-5,-12,13,-4,-7,-2,0,-3,-18,-4,-13,-6,-4,-13,-2,-1,-7,-11,-14,-2,2,4,8,-6,-12,-2,-15,7,-18,-5,-5,-12,8,-10,-16,-3,7,-5,-7,-10,-4,-5,-4,0,-7,-13,-5,2,2,-14,-7,-3,1,-6,-4,-4,-9,22,1,1,-2,-1,-9,-4,-10,-4,-1,-3,-2,-4,-3,-6,1,6,-6,6,-6,-1,2,3,-2,-34,-43,-11,-14,-5,-3,-17,-10,1,-26,-6,-10,-15,-7,-22,1,-13,-22,-12,6,-8,-28,-8,-11,-24,-15,-57,-16,-23,-13,-4,-8,-14,-29,-3,-3,-3,-27,-6,-13,33,-14,22,-14,13,-13,-16,-13,-2,41,4,-18,-4,-11,-7,-3,-5,-7,-8,-5,-5,-6,-6,13,-48,-42,28,-22,-21,16,-15,-55,6,-52,-7,-36,-59,-27,-47,-9,-50,-34,-42,-5,-45,-32,-28,-35,-54,-45,-19,-62,-50,-44,-14,11,-39,-49,-33,14,-61,-57,-45,-34,54,-47,51,-36,58,-16,-49,-6,-40,55,-23,-37,-55,-13,-31,5,-23,-28,-20,-8,-20,-26,-35
-2,-1,0,-2,0,0,2,0,0,5,-2,4,0,2,1,-1,6,2,-1,3,-3,-1,-2,-3,-2,5,4,4,3,-2,-9,2,9,-6,-12,4,1,10,7,2,10,-2,22,0,-3,-11,-2,-2,15,29,6,7,2,-13,-12,-6,2,-1,2,2,-1,2,-2,-1,-5,10,4,0,1,2,4,10,15,-4,11,-7,-3,12,-1,-8,2,10,0,9,-2,3,9,-1,17,5,4,3,8,12,-9,7,-1,-3,23,-13,-5,-3,8,-20,18,32,-18,-7,-11,-14,-21,3,-8,-5,32,-8,-7,-18,-6,-10,-4,-14,-7,13,-23,9,-11,5,3,11,6,1,-5,12,3,8,15,8,10,10,-1,8,11,-7,14,19,-4,-8,9,-4,-5,16,4,9,2,12,-1,1,12,7,12,0,-2,15,0,25,1,-6,17,-14,23,-1,17,-7,-2,9,5,28,-9,19,-11,16,-13,6,7,5,31,5,4,11,12,-5,3,1,3,1,-2,8,16,4,-3,0,-3,-7,13,0,-4,22,5,15,5,20,6,6,5,1,-1,-10,24,0,8,-2,3,11,9,4,-3,-9,1,-36,-9,14,-16,4,21,0,15,10,20,14,2,6,17,2,18,-14,7,15,-3,12,8,14,-7,11,8,9,-2,2,12,8,14,24,13,1,-4,10,11,11,15,19,16,26,13,23,-2,10,0,18,6,7,6,12,16,2,5,1,11,13,15,18,-14,8,-10,15,5,8,8,9,12,5,13,19,9,15,27,16,-25,18,-12,-2,7,17,-29,19,14,-15,-14,3,-9,8,1,0,-1,-2,0,1,-2,2,-32,9,9,-32,-6,-2,-22,-18,-3,-3,6,-5,-7,2,-15,1,0,2,-9,-4,1,-2,-7,-3,-1,-8,-2,-2,2,-3,-6,0,2,0,4,-3,3,-1,3,-1,1,2,3,-5,4,-4,0,-2,-1,1,-2,-1,-1,-1,-2,-2,-4,-8,-2,-9,-13,-45,-11,3,-6,-8,-7,-62,4,20,4,-21,9,-20,21,1,11,-11,-19,6,8,3,-11,-26,13,-10,-22,-9,-10,-8,2,3,-11,-10,1,-9,-5,-7,-7,-15,6,-5,1,-2,-13,0,-5,0,-9,-6,-9,-2,-7,-2,-5,-11,-2,-16,-4,-8,-7,-3,-6,-1,-7,-13,-32,4,-21,-7,-5,-23,-3,-4,6,-12,11,-9,18,-3,-2,-6,-27,-1,3,4,-14,-22,-7,-26,-18,-8,7,-18,5,2,-13,-10,2,-16,-14,-4,-5,-14,12,-5,-2,-4,-24,4,-12,-5,-7,-10,-6,-5,-5,5,-7,-5,-13,-9,-6,-10,-12,-14,23,-25,-1,-17,-21,12,-8,-25,-14,1,-20,-5,21,-23,6,-11,0,-16,8,-20,-37,16,8,-8,-13,-10,-4,-24,-15,-4,-28,-20,22,1,-20,-18,-16,-17,-9,-13,-26,-16,17,-21,-2,-1,-10,11,-12,2,-14,0,-5,-9,7,-7,12,-13,-7,-12,-7,-12,-26,-59,-35,-56,14,-43,-43,24,-48,-50,-53,-25,-52,-20,24,-29,7,-60,13,-66,25,-39,-48,22,13,-7,-20,-33,-35,-43,-25,-14,-25,-32,29,-6,-46,-26,-15,-47,-16,-18,-48,-23,24,-30,-11,2,-14,14,-16,5,-19,-25,-19,-13,17,1,10,-14,-19,-26,-18,-51
0,2,1,2,0,2,1,0,11,-2,3,-2,6,1,5,2,3,-1,2,-2,-5,0,1,0,3,-3,0,5,-2,8,-1,0,0,1,-5,12,-2,29,-1,4,1,-8,0,-9,-9,-7,8,-1,-7,-6,-18,-15,-10,2,-16,-19,-1,1,2,-2,0,0,-2,1,15,1,10,14,1,3,5,1,2,0,-8,27,3,-5,15,1,-5,-6,1,9,3,5,3,2,8,-3,16,12,-12,10,12,11,1,-7,10,0,2,7,14,-3,5,-1,-2,-23,-6,-16,9,-19,-5,7,26,-3,-6,-9,16,-2,4,-3,-2,-3,-19,27,-7,3,10,13,8,14,9,1,0,-3,12,5,3,-1,12,7,4,8,8,-2,14,0,-3,1,9,6,8,-7,11,4,-6,2,-14,-6,-7,-1,-4,6,-2,27,2,7,4,-1,0,-3,-7,8,-3,-13,-12,2,-4,0,-17,33,-9,0,4,11,0,-2,-19,-21,15,-4,4,11,-1,4,4,4,6,4,9,-2,9,-3,9,12,4,1,10,10,6,17,13,12,1,14,2,9,-7,-14,11,9,-2,9,0,8,-6,-2,17,15,-5,3,2,18,-4,-18,9,8,-6,2,-14,-5,-9,-3,10,-16,-17,3,-2,-8,-5,-1,0,-33,-3,9,3,19,9,17,15,-1,11,15,3,2,16,0,13,14,11,-1,22,17,10,0,2,5,-2,31,4,-13,-5,-6,8,-20,5,5,1,21,4,17,14,9,-2,-7,2,12,-4,18,-1,9,-10,3,7,16,1,-2,-13,8,8,9,13,13,-23,0,3,12,-6,7,0,2,1,1,-2,2,2,1,-9,6,-16,12,-23,7,17,-3,-9,10,-13,0,-3,-6,0,-3,-4,-1,0,-3,2,-5,-1,-2,-1,-4,-1,-1,-2,2,1,1,0,-1,-4,0,-1,4,1,1,-2,-1,-2,0,0,0,0,1,-1,2,0,-2,-1,0,1,1,-6,1,-13,-5,-33,10,-14,4,-6,10,0,1,-8,-10,-16,-6,-11,27,-27,-3,-35,0,-6,-7,-8,-1,-12,-16,-9,-13,-8,-1,-5,-16,-19,-14,11,0,-18,0,-1,-9,-3,-9,33,-3,4,-8,-4,-3,-4,-3,-3,-6,-8,-1,-9,-5,-5,-14,-6,-11,-3,-8,-8,1,6,-2,-2,19,-6,-2,4,28,-5,0,-12,-10,-15,0,-2,31,-23,-9,-9,22,-2,-12,-7,-4,-1,-15,-6,-9,-7,1,-3,-13,-18,-4,17,-10,-3,-17,-8,-14,-3,-10,25,-2,11,-9,-14,-5,-7,-4,-2,2,-7,-4,-1,-14,-6,0,-2,-4,-4,-6,-22,-13,-20,-39,-32,28,-29,-19,-16,29,-14,-10,-12,-6,-4,-5,-14,26,-4,-18,-16,24,-3,-22,-16,3,-12,-14,-9,-23,-8,1,-11,-6,-28,-9,26,-11,-22,-11,-5,-18,-11,-20,31,-18,23,-11,-10,-11,-13,-15,-7,-15,-9,1,-7,-10,-10,-9,0,-10,-10,-8,-37,-12,15,-58,-56,44,-22,-30,-18,31,-45,-30,-40,-17,-30,-16,-44,39,-55,-27,-43,42,3,-47,-34,-11,-14,-44,-29,-40,-11,12,-29,-43,-62,-31,37,-38,-36,-38,-15,-27,-26,-27,37,-41,22,-35,-24,-25,-26,-20,-13,-35,-29,-6,-8,-19,-24,-15,-4,-15,-18,-32
2,-2,-2,-2,1,1,-1,-1,3,-4,4,-5,8,-1,2,-1,3,-5,6,-8,9,-3,4,-1,2,-2,7,-7,10,-6,6,-3,6,-8,20,-86,23,-39,13,-8,4,-2,8,-3,10,-5,4,-1,2,-20,12,-12,12,-13,7,-9,-1,0,2,-1,0,0,1,2,-7,-7,-7,-1,-9,0,-7,-4,-2,-11,-2,-6,-6,-5,-6,-7,-6,-5,-7,-8,1,-7,0,-7,-7,-19,9,-19,1,-20,5,-14,-16,-3,-37,10,-18,5,-23,-5,-7,-29,4,-15,-1,-19,-6,-9,-20,6,-43,-7,-47,0,-20,-8,-3,-16,9,-77,-4,-36,1,-1,3,-13,2,-11,5,-13,6,-7,-19,0,-11,3,-12,4,-8,0,8,-16,8,-15,4,-7,7,-17,-21,9,-27,13,-21,10,-29,7,14,-24,18,-41,15,-36,12,-25,-19,6,-30,6,-21,4,-22,9,12,-60,19,-83,15,-58,13,-25,-9,7,-37,12,-22,8,-36,17,-3,-2,1,-1,0,0,1,0,-1,-1,-1,1,4,-3,-1,1,-6,-3,0,-2,0,-2,-4,0,-1,-3,-4,2,-1,-2,-1,0,-6,1,-10,0,-7,2,0,0,-4,-11,-8,-18,3,-11,1,-9,-11,-6,-16,7,-10,-2,-8,4,-8,-12,-10,-12,-9,-18,-9,-5,-6,-10,-2,-8,2,-12,-1,-3,-11,-4,-5,-5,-6,-4,-2,-2,-1,-4,6,-9,-2,0,-2,-7,-9,-3,-2,8,-10,0,-14,-7,-6,-10,-6,1,11,-4,1,-1,-8,1,-12,-2,-4,5,-3,0,-1,-4,-3,-15,-7,-11,0,-10,-10,-17,-13,-13,-17,-12,-17,-12,0,1,0,0,-1,1,2,0,-5,2,7,-10,-1,-3,-1,-15,0,4,2,2,-1,1,-3,-1,0,2,2,6,-1,2,0,0,-2,0,1,0,1,0,1,2,-1,1,-2,3,0,2,0,2,-3,-1,1,-3,2,-1,0,3,1,0,-2,2,-2,-1,1,1,-1,-10,2,-6,-3,6,-10,-10,1,7,4,7,7,4,-8,-2,1,7,1,3,-1,5,-4,2,9,-2,14,1,11,-1,4,1,10,-1,8,-7,9,1,5,0,8,-8,10,-14,31,0,15,-3,1,8,2,7,0,10,2,2,2,5,0,6,4,9,0,9,-1,0,-9,1,-4,-7,-5,-2,3,3,11,-7,11,-2,1,2,3,5,2,1,-3,6,1,6,7,-4,9,3,13,0,6,-2,3,-1,2,-4,12,2,4,3,10,-7,10,-11,34,3,15,-1,-5,6,3,4,2,7,2,9,8,-4,4,0,6,3,9,6,3,-3,-2,-12,-5,1,-10,-4,6,-7,6,-7,1,-3,5,-2,1,1,5,4,0,1,-9,3,14,0,19,-1,17,-4,11,-1,2,4,5,-3,4,-2,10,2,14,-12,28,-23,47,-6,26,-3,5,15,4,9,-2,9,2,12,12,7,13,6,11,7,10,6,-6,-33,-26,-19,-26,-27,-12,-31,-8,-48,-45,-37,-9,-14,1,-32,-22,-27,-3,-28,-55,-23,-62,-12,5,-34,16,-34,8,-49,3,-12,-20,2,-15,-22,-1,-20,5,-13,42,-42,60,-83,71,-37,28,-28,1,6,-10,8,-16,17,-14,14,33,-8,22,-5,16,-24,34,0
-1,0,-1,1,2,0,0,-1,-5,1,0,2,2,1,1,1,-5,1,2,3,2,1,0,1,-6,-1,-1,2,1,0,1,1,-38,-6,5,4,2,1,-1,0,70,-5,-6,1,-2,2,3,-1,70,6,-1,5,3,-3,-3,-3,2,2,-2,2,-1,-1,2,-1,0,-1,4,-4,-1,-1,2,-5,0,-1,-1,2,-2,1,3,7,1,0,1,-7,0,1,-3,2,-4,0,0,4,-1,-3,-7,-6,0,-1,-5,3,0,0,1,0,-11,6,2,-6,-2,-2,-6,-5,-3,-1,7,2,-1,-2,-5,-2,33,4,0,5,-7,7,-5,2,3,9,1,1,2,5,3,14,2,1,6,2,6,0,8,3,-1,8,5,2,1,11,-1,6,3,3,6,0,8,-3,-1,-3,4,6,-1,10,1,4,-3,4,8,-8,11,1,5,3,1,-1,-2,12,-4,0,-5,4,-3,2,9,8,2,-4,-3,-5,3,2,7,6,4,2,5,4,5,4,9,10,3,2,7,8,5,3,7,7,3,2,1,2,1,5,9,10,-2,-2,7,3,6,0,9,7,8,6,-3,2,-1,4,12,6,3,-3,5,7,6,2,-17,12,2,7,-4,14,9,15,10,13,11,12,13,14,13,15,22,3,7,5,4,7,19,8,16,1,12,9,8,9,15,7,13,5,13,5,9,4,8,4,13,12,-2,3,0,4,-8,10,15,9,5,3,-6,-1,-12,2,10,9,25,-2,12,-14,-5,0,-10,10,17,1,1,3,2,-7,19,-3,5,10,18,2,-13,2,2,-1,-2,1,-2,1,-2,-1,18,-6,-2,-3,-10,1,-2,-8,4,-3,-2,-2,0,-3,2,-5,3,-2,-1,2,0,0,0,-2,0,0,1,1,-1,1,-1,0,-1,3,2,0,0,1,0,0,-70,3,0,1,1,-1,0,-1,0,1,2,2,1,0,-1,-2,-2,-5,-6,1,-4,0,0,5,-8,-1,-5,-9,-6,-3,0,-12,0,-9,3,-4,-7,0,-2,1,-7,-6,0,-5,-3,-5,-1,2,-8,-24,-4,-2,-5,0,-2,-2,-5,-17,-9,-2,-4,-2,-3,-2,-46,7,-20,-4,-2,0,-3,-3,-42,5,-20,2,-2,3,1,-1,-4,-10,-4,-4,-2,-3,-10,-13,0,-6,-3,-1,3,-13,-11,3,-3,-7,-7,0,-9,-9,-1,-3,-5,-4,-7,-16,-10,0,-3,-2,-8,-6,-16,-15,-1,0,-3,-5,-2,-25,-15,1,-1,-2,-3,0,-42,-9,1,-3,0,-2,-2,-3,-36,-11,1,0,-1,3,1,-5,-56,-12,-2,-6,-10,-4,-3,-7,-55,-11,-12,0,-8,-5,-2,-11,-56,-7,-7,-9,-7,-3,-7,-6,-53,-9,-9,-4,-2,-5,-7,-6,-56,-13,-7,-6,-9,-3,-6,-5,-50,-23,-10,-12,-6,-3,-7,-6,-77,-2,-20,-11,-13,-9,-8,-10,-122,-8,-17,-11,-13,-12,-11,-11,-32,-11,-11,-22,-28,-24,-23,-19,-38,-29,-25,-14,-44,-20,-26,-15,-42,-30,-23,-32,-34,-17,-15,-20,-52,-38,-27,-28,-28,-24,-15,-20,-81,-27,-33,-17,-21,-19,-15,-23,-52,-60,-31,-17,-17,-18,-16,-27,-57,-10,-31,-22,-19,-13,-25,-19,-51,-18,-29,-25,-18,-17,-22,-24
-1,-2,1,0,-2,-2,1,-1,4,5,4,3,1,-5,-2,1,6,4,5,6,0,-4,-2,0,3,3,5,2,3,1,0,0,4,2,3,3,2,3,1,3,3,3,0,3,0,2,2,3,4,8,2,7,3,2,5,-3,-1,1,0,-2,0,2,1,-1,19,9,11,10,11,9,6,4,10,16,14,11,8,3,0,7,13,13,10,6,9,4,5,8,11,14,5,9,6,3,6,9,15,7,13,6,7,2,4,8,13,16,5,5,6,1,5,9,8,17,9,4,0,3,5,11,14,8,6,2,0,5,-6,11,17,14,10,11,11,10,14,14,17,13,15,9,7,10,8,13,17,13,7,5,8,8,8,10,13,11,9,10,6,7,4,9,8,10,11,7,6,5,8,4,8,15,8,7,6,7,11,13,13,10,9,8,6,8,7,14,6,6,10,12,13,10,13,16,11,10,9,8,7,4,13,16,10,13,6,5,11,7,8,10,15,13,20,6,12,7,7,11,13,18,17,15,11,7,5,11,16,16,17,10,16,3,7,8,12,15,12,15,10,8,7,10,20,17,16,8,10,8,5,12,18,15,14,12,10,8,14,18,20,22,18,13,15,16,26,27,19,20,16,16,14,19,22,26,18,19,27,9,18,9,21,27,19,11,12,11,10,18,17,21,15,17,17,8,11,20,10,16,19,14,2,7,-8,12,18,15,17,12,12,12,20,7,9,16,27,8,-1,2,10,-13,8,20,1,-1,-1,1,1,1,2,2,-12,-3,-33,-15,0,-2,-4,2,-2,-12,-16,-13,-1,10,9,6,-3,-7,-8,-8,-1,3,2,3,-1,-4,-6,-5,-5,-3,0,2,-1,-2,-5,-2,-2,-2,-2,-1,0,-4,-3,-3,-2,-4,-2,-1,1,2,-2,0,-1,-2,0,0,-13,-11,6,21,17,11,-9,5,-14,-14,-8,15,13,-2,-19,2,-20,-21,-9,-5,3,-20,-4,7,-12,-11,-10,-13,-4,1,17,9,-12,-11,-7,-5,-4,1,0,3,-6,-10,-8,-5,-4,-1,2,3,-8,-4,-7,-8,-6,-3,-1,-1,-8,-6,-6,-7,-3,-2,-5,0,1,-1,9,19,12,7,4,2,-10,-7,-6,-2,8,2,-3,4,-7,-21,-8,-9,-1,-7,-4,4,-13,-12,-3,6,1,-7,-6,-1,-10,-7,6,-1,2,-6,-9,-2,-3,2,2,0,-5,-1,-5,-1,4,0,3,-5,-6,-3,-7,-5,2,5,-3,-4,-4,-6,-6,-4,-4,0,6,6,8,5,-3,-1,10,6,6,10,11,15,13,9,7,5,4,6,9,10,7,10,0,-1,-7,-19,-4,4,7,1,-8,-13,-15,-16,-13,2,5,1,-3,-8,-10,-12,-9,3,3,0,-4,-6,-15,-11,-8,-2,2,-2,-7,-6,-8,-7,-4,-4,1,-5,27,24,33,15,27,33,27,22,22,39,28,28,40,39,49,40,37,32,30,25,33,40,45,40,37,26,30,31,25,29,35,29,10,22,25,15,28,27,26,29,13,3,9,4,11,13,19,19,2,3,-8,-6,-6,1,11,7,-4,1,-7,-8,-10,3,4,8
1,2,1,1,1,2,-1,1,3,-2,-2,-1,4,5,4,3,3,-1,0,0,5,1,3,2,1,2,-1,3,2,1,2,1,2,0,-3,-2,-2,0,-1,1,3,-1,-3,-2,-3,-4,-5,0,-9,-4,-1,-4,1,-6,-14,-7,2,-1,0,-1,1,-1,1,1,10,7,10,-4,7,-2,3,-8,1,8,-55,6,-8,2,6,-1,4,23,1,6,5,3,8,0,1,7,-2,5,2,1,-5,4,4,4,3,6,3,5,5,0,-2,1,0,-1,6,-3,-1,0,-4,0,2,2,-3,3,8,4,1,2,-1,19,5,6,-7,1,1,6,3,13,-1,3,-2,0,-12,5,-67,3,1,0,5,1,2,16,3,-1,3,0,1,2,7,1,-3,2,3,9,4,-3,3,2,3,0,-3,3,4,5,-1,4,-2,6,-6,8,1,8,-5,1,2,6,0,-5,6,0,-1,4,7,1,7,8,11,-2,10,4,11,4,6,5,8,5,-9,14,-32,11,-6,8,12,2,1,14,7,5,11,12,8,6,4,7,4,11,4,3,10,5,12,12,9,3,5,2,6,4,10,11,5,7,5,4,11,9,1,9,14,19,6,9,17,-2,9,10,15,5,7,1,10,2,20,22,14,15,12,17,17,-7,8,16,-57,19,12,18,19,6,17,35,16,17,15,13,9,18,16,15,14,18,1,13,21,-34,4,23,23,21,19,21,10,16,8,5,-2,10,18,22,17,24,9,17,17,18,-28,-11,2,10,-14,6,15,16,19,22,13,1,0,2,-2,1,-1,1,2,-1,-19,-29,22,24,-25,-29,13,-29,-33,47,-96,55,-71,-20,16,-15,-15,12,-54,4,-9,-6,-2,-6,-5,3,-4,-1,0,-3,-2,-1,1,0,-2,-1,-2,0,-1,0,0,2,-1,-1,-2,-2,-1,0,0,1,-2,2,0,0,-2,0,-25,-32,14,-10,-21,-10,-5,-10,-32,-18,-33,-20,-39,-17,2,-3,-16,-12,-5,-35,-2,-10,0,-18,-25,21,-30,7,-7,-10,-6,-6,-22,-12,-14,-4,-6,-2,-4,0,-5,-6,-7,-6,-12,-2,-7,-2,-8,-7,-7,-6,-5,-6,-4,-2,-1,-6,-3,-2,-1,-2,-3,-4,-14,5,-13,-25,-20,-3,0,-7,2,-19,-23,-5,-30,-11,-3,-5,-15,9,-21,10,-17,-4,1,0,-1,-4,-4,-14,-5,-10,-7,0,-10,-3,-6,-10,-6,-1,-9,-4,-4,-6,-4,-5,-7,-7,-8,-5,-4,-4,-5,-5,-6,-8,-8,-13,-3,-4,-6,0,-6,-6,-9,-6,-16,-24,-30,-22,-27,-40,-29,-30,-30,-6,-11,-7,-21,-18,-2,-4,-11,-5,-10,-15,-8,-8,-11,-6,-10,-9,-10,-6,-7,-12,-7,-4,-8,-11,-13,-10,-8,-11,-9,-11,-8,-10,-14,-12,-10,-12,-13,-7,-4,-6,-20,-12,-13,-8,-8,-6,-8,-9,-9,-11,-8,-9,-7,-8,-12,-15,-24,-27,-33,-25,-41,-42,-47,-44,-44,-6,-52,-31,-40,-37,-15,-27,-24,-17,-5,-23,-13,-13,-18,-19,-22,-23,-31,-14,-20,-8,-9,-13,-27,-11,-30,-30,-15,-15,-13,-17,-19,-15,-18,-16,-25,-23,-12,-16,-15,-18,-18,-13,-25,-19,-16,-18,-17,-16,-25,-21,-26,-15
0,2,2,0,1,2,2,-2,1,3,1,0,-1,2,4,4,2,1,3,3,2,2,3,6,2,2,1,3,3,4,4,7,0,4,3,2,3,1,11,4,8,7,7,11,6,4,-5,7,5,22,24,28,9,-26,1,-17,-2,1,1,2,-2,0,-2,-2,7,6,8,8,11,9,10,3,8,7,11,9,8,5,4,8,9,15,7,5,4,6,2,8,9,14,7,7,5,5,3,4,9,11,11,11,2,-3,-5,4,12,9,25,5,14,-1,10,-1,9,13,18,13,1,4,-11,-19,20,20,21,6,4,-14,-10,-13,11,8,9,11,12,10,18,11,10,12,8,8,12,12,12,13,16,9,13,4,10,9,15,8,14,12,5,5,3,13,15,14,10,7,14,7,10,4,9,2,5,13,9,13,10,6,10,12,11,18,19,16,11,-18,10,-20,8,11,10,3,-6,4,-16,13,12,10,9,10,7,8,4,4,11,2,14,15,8,3,5,4,11,10,10,7,12,10,2,3,14,10,10,11,9,4,-16,1,9,15,7,13,5,1,-13,-9,13,11,13,7,3,-1,-17,-25,13,16,22,18,7,0,-33,3,31,25,27,29,11,7,-4,-6,18,22,15,24,22,27,14,6,16,24,20,13,21,13,28,19,18,22,16,15,20,21,20,15,23,19,18,17,8,13,13,12,20,18,12,29,17,-14,9,3,27,35,24,11,6,19,-38,-11,20,32,22,19,14,10,35,-30,24,35,35,27,2,32,18,4,2,-1,-2,2,0,-1,2,-2,2,-13,-3,6,-20,5,-19,-28,1,-6,-1,-8,0,-5,-1,-3,-1,-3,-1,-3,-4,-4,-4,-2,-3,-3,-5,-5,-4,-2,1,3,-2,-4,-3,-1,-2,-4,5,10,-1,-3,-2,-4,-3,-4,6,13,-1,2,-1,-1,0,1,2,-1,-2,-11,-14,3,-22,-6,-3,0,0,-17,-12,-12,-7,-15,-6,-10,-2,-6,-36,-7,-61,-7,-10,-9,-9,-6,-7,-9,-3,-11,-11,-7,-11,-8,-12,-14,-7,-10,-3,-7,-10,-16,-10,-5,-15,-8,-6,-1,-8,-9,-8,-9,-8,-11,-7,-4,-5,-7,-6,-10,-13,-12,-6,-13,-6,-7,-8,-10,-2,-11,1,-11,-6,-18,-11,-3,-14,-9,-13,-11,-7,-15,-1,-7,-14,-8,-7,-5,-11,-1,-7,-1,-3,-9,-13,-2,-3,-4,-7,-13,-8,-4,-2,-8,-8,-11,-13,-11,-12,-9,-2,-2,-5,-12,-10,-8,-9,-9,-4,-1,-9,-7,-10,-5,-14,-7,-6,-11,-5,-19,-11,-4,-39,-3,-5,0,0,-12,1,-18,7,-26,7,-3,-11,-9,-11,-13,-17,-7,-15,-5,-2,-8,-6,-6,-7,-12,-12,-6,-7,-8,-9,-13,-8,-6,-1,6,-11,-11,-9,-5,-11,-12,-10,4,-9,-10,-7,-11,-14,-20,1,4,-11,-14,-15,-12,-16,-15,-4,11,-20,-23,-27,-14,-45,-50,-14,-23,-17,-24,-22,-19,-3,-31,-23,-16,-39,-25,-22,-21,-32,-23,-22,-26,-20,-18,-21,-17,-12,-22,-19,-21,-18,-25,-24,-21,-19,-15,-14,-14,-27,-28,-29,-29,-26,-20,-22,-22,-24,-25,-26,-25,-23,-22,-12,-18,-23,-21,-24,-23,-21,-12,-12,-8
-2,1,2,2,0,1,0,0,-4,-1,0,0,-48,-1,0,-5,-4,0,-2,-1,0,-64,2,-6,-3,0,-2,-2,-1,-1,-69,-5,-6,-4,-4,-5,-5,6,-2,-74,-15,-13,-8,-20,1,-7,-39,11,-24,-33,-10,-2,-29,-1,-11,24,1,-1,-1,1,-2,-1,1,-1,-10,0,-16,-25,-18,-5,1,-21,2,-16,-6,0,-40,0,-8,-2,0,-6,-1,1,-3,-40,4,1,2,8,-3,-4,2,-1,-25,1,-9,-7,5,1,12,4,-6,-53,-19,5,-24,-18,-18,-30,-10,21,-12,-3,1,10,8,-19,-14,3,-36,-10,-7,18,-13,-16,-12,-10,-8,3,2,12,-27,-3,2,0,-10,-1,-6,-1,-2,-10,-4,-10,1,-16,-5,-7,-3,1,-4,-3,-6,-8,-5,-1,-4,-3,-5,-12,6,-6,-14,-13,-15,12,2,-17,-4,-28,-5,1,-13,-2,-16,-2,-15,-18,-17,24,16,-10,-35,2,-19,-11,-3,9,6,17,-4,-13,-6,-7,-6,-37,-42,-11,-9,-9,-7,-7,-5,-30,-11,-30,-7,-8,-7,-8,-13,-8,-22,-31,-2,-9,-14,-20,-27,-21,-15,-25,-23,-20,-18,-13,-17,-2,-4,-27,-14,-17,-23,-30,-7,-12,-1,-10,-24,-3,-36,-20,-11,-12,-10,-12,-16,-11,-26,-3,-31,-12,-13,8,6,11,-34,-24,-37,26,-30,-20,7,-4,-25,2,-26,-42,27,-5,-36,-9,-23,-34,-22,-39,-23,21,-41,12,-35,-24,-19,-11,-4,-14,20,16,-14,-27,13,-11,2,6,-6,55,7,0,-19,-3,-24,-16,8,24,-14,-29,-11,-13,-4,10,-10,-24,-3,-8,4,3,6,39,19,-7,1,2,-2,1,-2,-2,-1,-1,-4,-24,-23,-26,-23,-40,5,-12,-9,-3,-11,-10,-5,-52,0,-2,-7,-4,-4,-9,-5,-1,-52,-8,-3,-4,-1,-5,-9,1,1,-30,-4,-2,-2,-7,-11,1,-51,28,-3,-3,-2,27,24,-98,-16,0,1,2,-2,-2,0,1,0,-1,-8,-3,2,-14,5,-11,-20,-4,-11,-4,-11,-18,-8,2,-14,-5,-24,-19,-14,-24,-14,-33,-21,-6,4,0,-11,-4,-2,-28,-38,-23,2,-5,1,2,-60,-2,-43,-5,0,-1,2,-43,-3,-78,-39,-36,2,1,0,33,4,-77,-53,5,-20,2,-19,-8,10,12,4,-32,-84,-25,-13,-7,-21,-13,-30,-8,-16,-53,-26,-29,-21,-25,-16,-20,-18,-27,-46,-10,-27,-17,-19,-13,-2,-20,-53,-66,-23,-29,-15,-12,-39,-3,-30,-30,-65,-40,-21,-34,-2,-34,-7,-27,-49,-38,-41,-44,-25,-2,-46,29,-6,-52,-70,-32,-6,-11,-2,-5,-22,6,-29,-25,-40,-3,-22,-25,-4,-37,7,-55,-27,-21,-47,-22,-23,4,-60,-13,-29,-28,-8,-13,-30,-8,-29,-25,-17,-9,-15,-33,-20,-24,-35,-43,-19,-25,-22,-20,-36,-25,-37,4,-21,-19,-44,-23,-18,-37,-72,-39,-10,-12,-11,-7,-12,-109,-46,-82,-6,-9,-8,-19,-14,-39,-50,-9,-31,-32,10,29,-10,11,-22,-18,-19,-34,-18,-6,-5,-22,-29,-29,-16,-32,-38,1,-18,-13,-31,-13,-33,-36,-25,-33,-27,-21,-4,-22,-54,-26,-32,-40,-48,-33,-14,-5,-30,-33,-29,-49,-40,-22,-40,-21,-19,-26,-18,-9,-28,-33,-16,-40,-24,-23,-22,25,16,-20,-31,-35
2,2,-2,1,2,-2,2,0,5,5,-92,2,2,0,0,-1,3,1,-114,0,2,1,0,-1,5,-1,-80,-2,2,2,2,1,4,3,-43,-2,0,1,-3,1,7,8,-23,2,1,-2,0,0,1,5,-3,6,-3,-2,-9,3,-1,-2,0,1,0,-2,1,-1,-2,-5,3,-4,3,-4,-3,-2,3,1,-65,-1,-1,2,1,-1,-3,0,-43,7,-8,-1,-2,0,-5,-6,-18,-3,1,4,2,-2,4,0,-13,-1,0,1,0,3,-5,4,-13,2,1,2,-7,2,-1,-1,-11,0,-6,4,-3,-5,0,-2,2,-10,-12,1,-12,3,5,-7,-9,-9,1,-3,0,-5,-3,3,-41,4,-1,5,-3,-12,0,1,-25,-5,2,-3,3,-4,-4,2,-20,0,-2,-1,-4,-4,6,5,-20,-5,-3,3,-1,3,-2,-4,-14,2,-4,0,-7,2,-7,-5,-6,-2,1,-4,0,-5,-1,-4,-4,-3,3,-13,-5,-1,3,7,69,0,1,4,4,3,1,2,55,-3,2,1,2,-2,3,6,45,4,1,-5,3,3,-3,9,35,5,-8,-8,6,1,5,2,33,0,-3,-2,-3,-5,5,4,33,-5,-8,-3,0,10,1,-4,27,0,1,-13,4,3,2,8,27,-4,-1,-1,7,8,1,-8,60,7,6,1,1,-28,-13,10,42,0,7,6,12,-7,21,9,25,4,0,4,5,-5,-6,4,15,-3,-5,-1,6,11,1,6,-7,-16,0,-10,4,0,1,-1,17,2,-10,-5,-3,2,-10,0,9,-2,3,1,-8,-2,-7,0,17,9,2,-2,0,10,-2,0,3,2,2,-2,2,0,-11,-40,2,-73,1,3,1,8,-10,-8,-20,-9,-5,-1,6,-1,-2,-2,-29,-3,0,1,1,-3,2,-2,-25,-1,0,0,2,1,3,-2,-17,0,-1,-4,1,-1,2,-3,-3,-6,-3,0,2,1,-2,1,0,-1,-2,-1,-2,0,2,3,14,5,-5,-2,1,-5,-11,6,-1,4,-21,1,-13,-2,3,-9,10,-22,-7,-2,-3,-4,0,-8,6,-3,-6,-4,-2,2,0,-11,1,-11,-2,1,-2,3,-7,-9,-1,-11,-6,-2,3,2,-8,5,10,-1,-10,-7,-1,-5,-7,4,6,-12,-5,0,1,3,-10,-10,7,-15,-2,-5,-5,-8,-18,-4,-2,-12,6,-12,-7,-5,-20,-12,13,-9,-19,-3,-4,-3,-11,-11,12,-7,-8,-6,-5,-1,-11,-13,7,-13,-8,-4,-7,6,-12,-17,1,-14,-12,2,4,-1,2,-5,6,-13,-2,0,-1,0,-1,-2,4,-11,-4,0,8,0,-14,-16,8,-10,-9,-11,-12,-11,-20,-12,0,-21,-16,-13,-12,-14,-19,-25,5,-20,-14,-16,-8,-15,-11,-16,-4,-17,-15,-16,-10,-9,-10,-25,-10,-13,-16,-9,-12,-8,-7,-9,-12,-6,-8,-5,-5,-7,-10,-18,-4,-15,-9,-4,-7,1,-12,-11,-7,-13,-6,-7,-3,0,-13,-21,20,-27,-20,-25,-24,-12,-46,-37,14,-57,-40,-22,-19,-35,-36,-40,26,-44,-31,-35,-30,-19,-39,-29,16,-35,-30,-36,-19,-3,-27,-37,20,-30,-26,-27,-10,-15,-27,-18,13,-21,-26,-21,-17,-17,-15,-25,19,-18,-14,-10,2,0,-19,-21,12,-15,-10,-1,-3,3
0,1,-1,-2,0,-2,-2,0,-1,1,1,-1,-1,0,4,1,2,2,1,0,0,0,3,2,1,3,3,0,0,-1,0,3,1,4,5,3,2,-1,3,3,3,1,4,1,1,32,6,-5,5,12,11,6,16,-8,9,16,1,-2,-2,2,1,1,0,1,12,4,3,6,4,6,2,6,1,0,5,3,3,1,9,-1,3,0,6,3,-1,4,0,7,4,7,-1,8,5,11,7,8,7,9,3,3,-18,7,1,17,17,6,-1,8,13,6,11,10,9,6,8,14,10,22,5,15,10,12,6,19,17,15,15,10,9,15,2,6,4,5,24,6,5,5,10,2,7,7,9,16,2,12,10,8,0,12,4,13,11,6,9,25,8,-1,19,-13,9,5,16,10,-37,10,-24,10,10,10,8,8,14,18,16,-6,15,8,8,7,15,5,-3,17,10,10,13,16,12,4,5,-41,8,4,10,5,12,7,7,5,5,8,2,14,6,15,7,4,-1,3,6,8,9,7,10,5,8,13,8,15,14,13,13,13,9,11,14,-7,8,-13,-7,14,11,21,-2,3,16,9,11,-18,18,10,21,11,23,25,14,24,13,11,8,16,17,15,-1,14,1,20,18,15,20,2,20,19,17,9,17,18,16,24,21,17,5,19,25,16,8,15,18,18,18,31,22,21,19,15,18,7,30,28,32,25,5,21,19,19,24,41,24,34,20,44,15,10,30,29,48,23,31,36,31,30,14,35,22,30,39,35,36,13,0,0,-2,1,-2,2,2,1,8,7,-1,-23,4,5,11,23,-2,4,3,0,3,5,-7,5,0,3,3,-8,-3,5,-8,2,-2,1,0,-4,-18,-5,-9,-3,-1,-2,-3,1,0,39,0,6,0,1,-2,-6,-4,-14,-9,1,1,2,-2,1,3,2,1,0,0,4,-10,1,-1,-18,-9,8,0,7,-6,-3,-5,-6,4,6,-2,-16,7,-13,-2,-16,-9,-3,-3,-1,-6,-5,-6,2,-1,-1,-4,-11,-1,-4,-7,-6,-13,4,-4,-8,-9,-10,2,0,-2,-19,-2,0,-9,1,-3,-17,-7,5,-2,2,-13,-5,-11,-4,1,4,-1,3,3,-4,2,-2,5,0,-1,-1,7,0,2,-4,-17,-15,0,3,-10,-7,0,0,-17,-1,-1,-5,-1,-10,-6,-7,-13,3,-8,0,-3,-6,-10,-2,4,-8,-6,-3,-9,-8,-9,0,-18,1,3,-6,-13,-8,9,-17,9,-1,-8,-6,-7,2,-20,3,-8,15,0,-10,-11,-5,-8,4,6,-16,-10,5,1,-2,-9,-9,-14,-1,-7,-4,-5,-5,-3,2,-10,-8,-3,-1,-2,-11,-11,0,-8,0,-4,5,-5,-7,-5,-7,-7,-10,-6,-6,0,2,-1,-1,8,3,-4,-7,-11,-14,-18,-8,-23,-14,-3,1,-5,-9,-6,-7,-8,-4,1,-5,-19,-11,-8,-10,-12,-6,6,1,1,-24,-27,-7,-19,-2,-2,-16,-2,-27,1,-1,-24,-18,0,-13,-4,-11,-16,-16,-21,0,-6,4,-8,-13,-7,-13,3,-20,-6,-8,-7,-12,-16,-17,-14,-8,-6,-3,-11,-17,-12,-11,-1,-11,-8,-3,-11,-7,-16,-10,-9,1
-2,0,1,2,0,-1,-1,2,0,-1,-1,-1,-1,1,-5,-33,-1,0,1,-2,0,6,-2,26,1,-2,0,-1,-1,-2,-6,-43,0,-2,-4,2,-2,-5,-2,50,-3,-2,-2,3,-6,-10,13,40,-10,-9,-1,-10,-10,-3,6,-76,-1,2,-2,1,-2,1,-1,-2,-9,1,-2,-2,-4,3,-3,-2,0,0,-1,-2,1,4,1,3,0,-3,1,3,2,1,2,4,1,-2,-2,0,0,-6,0,-3,-3,0,-1,-5,0,-7,-4,-1,-2,-5,-4,-6,-1,1,3,2,1,-1,0,1,-8,-3,3,-6,-3,6,-2,6,-2,12,-8,-6,1,-1,1,3,-5,-1,5,-6,3,2,2,-1,4,-4,-5,-3,-3,-1,1,-4,-3,2,-2,8,-6,-2,-2,-4,-2,-1,0,-1,-2,-4,-6,-5,0,3,-2,13,-3,-6,-2,7,7,2,10,1,5,-6,5,-2,-2,-6,8,-1,-1,-5,-7,0,-4,-2,-2,5,2,2,-1,4,-1,0,3,3,0,2,1,-1,-2,3,3,2,0,-2,2,3,3,3,7,-2,3,1,5,-1,2,8,5,2,-1,-1,2,-6,-1,0,4,-1,4,4,4,1,-5,1,7,-3,4,3,5,6,2,4,3,2,4,0,1,0,4,1,5,7,8,8,8,11,9,-3,6,2,7,1,10,6,7,4,15,-2,2,8,-1,6,0,7,9,-3,-3,2,16,14,-4,-5,10,-6,-13,-1,-16,-1,4,10,5,1,0,10,2,-9,-21,12,11,9,-10,6,-8,-17,-8,1,2,-8,3,0,3,20,-4,5,5,7,1,-1,0,1,-1,1,0,-2,-15,-11,-23,-4,-8,-15,-10,8,0,-2,-2,-2,-1,-5,-11,-20,0,-1,-1,-1,0,-2,1,0,0,-1,0,-2,1,-1,-9,0,1,1,1,0,1,0,0,-6,-1,-1,1,-1,1,0,-2,-3,-1,0,1,-2,-2,1,2,1,-3,-5,-1,-5,-2,-10,-6,-5,-1,-9,-2,-7,-5,-13,-13,-15,-2,-2,0,-5,-11,-11,-4,-7,2,-3,0,-3,-1,-10,20,-4,-2,0,-1,-2,-2,-5,-19,-5,-1,-2,-1,1,-7,-5,19,-12,-2,0,0,-3,-3,-10,-1,-6,0,1,-1,1,-4,-2,-5,-6,-6,-6,-11,-9,-10,-12,-7,-7,-8,-6,-6,-5,-16,-3,-16,-5,-6,-8,-4,-7,-5,-21,-2,0,-4,-3,-8,-4,-6,-3,22,-7,-4,-3,-4,-3,-3,-8,-17,-12,-6,-3,-2,-2,-11,-3,16,-10,-5,-5,-2,-6,-5,-9,3,-6,-5,1,-4,-3,-9,-4,-6,-5,-22,-11,-8,-15,-16,-17,-12,-24,-13,-10,-17,-11,-15,-5,-25,-33,-10,-20,-7,-19,-21,-25,-29,-43,-8,-9,-12,-8,-9,-16,27,-31,-11,-12,-15,-15,-16,-27,-33,-29,-7,-11,-15,-14,-11,-13,18,-19,-7,-11,-10,-15,-14,-13,-4,-6,-9,-8,-11,-8,-10,-10,-15,-4,-26,-21,-12,-4,-23,-9,-27,-31,-43,-21,-24,-7,-26,-22,-22,13,-32,-78,-25,-23,-28,-58,-58,-52,-23,-23,-53,-17,-55,-63,53,-41,-26,-14,-25,-22,-18,-18,-53,-31,-19,-11,-16,-15,-26,-19,35,-42,-19,-18,-12,-8,-19,-16,6,-22,-11,-14,-9,-9,-9,-20,-21,-26
-1,1,2,2,-2,0,-1,-2,1,-1,1,-4,37,-5,23,-6,1,1,2,4,1,6,11,9,1,2,4,-2,3,1,-1,3,4,5,5,3,1,5,-2,2,7,5,1,4,8,2,9,-2,-2,8,9,6,3,10,7,23,-1,-2,3,1,2,0,-1,1,1,1,9,6,13,8,2,-1,5,-7,13,5,28,1,19,-6,4,7,6,12,7,10,3,5,4,7,8,7,7,13,6,8,0,5,4,8,7,15,4,7,2,4,7,6,8,4,6,8,7,-1,-1,10,5,1,11,5,0,2,-1,15,0,5,11,10,-11,-1,8,5,5,-47,1,-4,4,2,11,4,12,1,4,-4,3,0,6,7,4,11,2,3,4,9,4,0,4,6,7,7,-2,9,0,4,6,9,11,7,9,5,10,4,13,2,7,9,7,7,2,15,14,11,10,5,2,8,9,10,4,11,9,12,7,6,6,3,-2,1,7,-6,11,16,12,10,18,-2,16,-20,10,14,14,11,12,5,7,-6,8,4,17,7,12,6,17,11,11,13,13,10,14,18,23,7,18,17,16,11,15,23,19,8,5,11,10,9,17,10,19,16,20,-2,16,9,14,8,16,14,15,18,16,-1,8,10,22,-12,12,22,10,15,29,8,35,-23,19,12,25,22,16,23,20,25,17,26,39,16,18,16,21,21,13,25,43,27,24,11,18,26,25,21,31,6,37,13,30,25,34,18,25,26,28,28,21,30,32,18,34,27,32,24,45,26,-1,-1,0,-2,-2,0,0,-1,-11,-4,1,-29,-12,-58,-11,-38,1,-5,-2,-6,5,-23,11,-23,-3,-5,2,-2,2,2,10,9,-3,1,-5,-2,-3,3,-1,8,-4,0,-2,-4,1,-2,-2,6,-7,-6,-2,-7,-1,-4,-4,6,-2,1,-1,-1,1,-1,2,1,0,-9,-12,-12,-13,-12,-7,-11,-2,0,-2,-3,-10,14,2,17,-8,-2,-14,1,-12,22,8,1,-2,-15,-3,-11,-4,-18,0,-3,-13,-8,-5,-7,-3,0,-8,0,-3,-6,-3,-8,-1,-7,-4,-6,-14,-12,-7,-7,-10,-4,-7,-4,6,-12,-4,-12,-6,-5,-3,-5,-6,-16,-4,-11,-9,-15,-8,-6,-9,-11,-1,-6,0,-8,-4,-20,-8,-11,-17,-4,-8,21,-1,9,-1,-16,-15,-15,-11,-4,-3,-9,-5,-11,-9,-3,-2,-8,-5,-10,-9,-5,0,-6,-7,-14,-9,-11,-11,-9,-7,-5,-9,-5,-13,-2,-6,-13,-9,-4,-9,-6,-7,-13,-2,9,10,2,4,-8,-16,-10,-10,-7,-9,-6,-11,2,-13,-8,-2,-3,-6,-1,-16,8,-6,9,-5,-2,-5,-10,-8,-3,-4,4,-8,-9,-11,-14,-17,0,-10,-1,-5,-2,-13,-10,-8,-3,-4,1,-12,-4,-8,-7,-9,-4,-17,-15,-14,-12,-6,-12,-11,-5,-9,-5,-27,-7,-15,-27,-25,-18,-34,-36,-17,-10,-7,-13,-34,-11,2,-19,-28,-15,-15,-4,-24,15,-4,-4,-19,-21,-4,-25,-22,0,1,-18,-12,-2,-27,-14,-21,-7,-13,-2,-6,-20,-10,-14,-2,-8,-10,-5,-17,-23,-8,-10,-13,-12,-13,-12,-20,-12,-2,-9,-7,-16,4,-8
-2,1,0,-2,-1,2,-1,2,4,6,6,6,3,-11,-66,-59,4,5,5,5,3,-6,-33,-39,4,4,3,3,2,2,-9,-12,2,3,2,1,2,1,1,-2,-2,-1,-4,-2,-2,1,0,-3,-2,-1,-7,-7,-8,-9,3,-5,2,0,-1,-1,1,-2,0,2,6,7,3,5,6,-12,-5,-27,5,7,6,4,0,-2,-1,-13,8,5,6,7,-2,-3,-9,-15,8,7,5,6,0,2,-9,1,9,5,6,1,3,-3,1,-9,10,8,7,3,6,-1,-1,-12,9,10,9,8,5,4,6,4,9,9,6,8,4,8,4,5,4,1,6,-6,-5,-6,-9,-27,1,4,0,2,-5,-13,-18,-22,5,3,3,-1,-1,-20,-28,-33,-2,4,1,-1,-7,-18,-20,-24,4,-4,0,-10,-4,-34,2,-7,2,5,-15,-4,-6,-1,-2,4,5,-11,-10,-17,-5,-2,4,-5,-9,-13,-19,-3,-1,4,-4,5,-6,-7,-7,-8,-6,-9,-10,-14,-3,-6,-3,-7,-6,0,-7,-14,-3,-4,-4,-1,-4,-9,-7,-10,0,-5,-4,-3,-4,-8,-8,-31,-5,-5,-5,-3,-4,-7,-15,-19,-6,-2,-1,-5,0,-8,-14,-15,-5,-7,-1,0,-3,-9,-13,-17,-6,-3,-3,-7,2,-6,-12,-15,-6,0,-5,-1,-18,0,-15,-4,-5,-1,-5,-15,-19,-8,7,-6,-5,-20,-9,-5,-14,-10,-3,-11,-14,-32,-23,-13,-25,-21,2,-27,-14,-11,-13,-8,-1,-4,-23,-20,-1,-5,-15,-14,-6,-14,-12,-7,-6,-10,-46,-17,-14,-1,-1,-18,-7,-4,-14,-14,-5,-19,-8,-13,-1,1,2,-2,-1,-1,-2,0,-4,2,-2,0,-5,8,-6,7,-1,2,-1,-1,2,15,63,54,-3,-1,-2,-3,0,11,35,38,-3,-3,-2,-2,1,1,11,13,-3,-1,-3,-1,-1,1,1,4,0,-1,-1,-1,1,0,1,3,2,0,-2,0,-1,0,-1,-1,-6,-5,-6,-4,-1,-2,5,4,-7,-4,-3,-5,-2,-5,-6,2,-9,-5,-3,1,-5,-2,3,-2,-8,-2,-5,-5,-5,-2,3,1,-8,-5,-8,-3,-4,-2,-2,-2,-10,-7,-5,-6,-2,-3,-4,-2,-2,-5,-7,-6,-5,-4,-3,-3,-2,-7,-5,-6,-5,-3,-4,4,-5,-7,-9,-5,-4,-5,-4,0,-11,-9,-7,-1,-5,0,7,-1,-2,-9,-12,-2,-2,1,9,7,0,-6,-8,-3,0,-1,-1,-3,-3,-5,-3,-2,-5,-2,-1,-7,1,1,-2,-2,-2,-2,1,-6,1,2,0,-1,-3,-2,-3,-4,1,2,2,-1,-2,-4,-1,0,-8,-9,-9,-15,-12,-7,-8,-13,-5,-11,-7,-6,-7,-9,-12,-10,-6,-11,-8,-12,-17,-9,-12,-10,-7,-7,-7,-11,-11,-3,-4,-8,-4,-15,-10,-8,-10,-2,-7,1,-5,-10,-10,-7,-7,0,-6,3,-6,-3,-6,-2,-1,1,-1,6,-2,-1,-1,-2,-1,2,3,7,-26,-12,-17,-26,-36,-17,-11,-24,-5,-8,-3,-24,-25,-21,-11,-27,-10,-12,-7,-27,-19,-17,10,10,-10,-2,3,-14,-17,-17,3,30,0,-6,-19,-17,-9,-8,-18,-12,-7,-1,-8,-2,-8,-7,-6,-7,-8,-6,-6,5,-5,3,-2,3,-3,0,-10,-6,-2,-9,1,-8
2,-2,-1,-1,1,2,2,0,0,1,0,-1,-3,1,-1,-1,1,-1,1,2,-2,3,-1,0,-2,-3,-1,1,0,0,-3,0,1,1,-2,2,1,-1,-3,-4,13,-9,-8,-15,-16,-12,-7,-2,-13,-19,17,104,5,-20,-13,-18,-1,2,0,-1,-1,0,0,1,-8,-1,0,1,-3,5,-1,-1,-5,-12,-3,-5,-2,3,2,2,-8,-9,-6,-9,-8,-1,-7,3,-5,1,-5,2,-8,-3,-5,-8,1,-3,-10,-8,-7,-6,-6,3,-3,-7,5,-11,1,-11,1,-2,-16,7,-10,-18,-14,1,-11,-13,-4,-9,-10,-49,8,-3,1,2,-6,-3,2,6,-1,1,-10,-7,-4,-1,-1,1,-2,-16,-2,3,-5,-5,-3,-5,2,-6,-6,0,-11,-2,1,-4,-4,3,-3,5,9,-11,0,2,-7,-13,3,-2,-12,2,-10,8,-9,9,-6,1,-11,-11,2,-9,9,-21,1,-3,-9,10,-11,-61,0,0,7,-5,-3,-13,-2,8,-7,-6,-6,-4,0,-10,-9,9,-4,-2,-3,-5,-10,3,-11,5,-25,-2,0,1,-16,1,-5,4,3,-8,-14,-6,-15,-9,-6,4,-3,-14,-10,-8,-19,-9,-22,7,-7,-8,-13,-8,-8,0,7,-13,-10,-5,-3,-9,6,13,3,-74,11,5,-6,8,14,-6,-10,-2,1,-12,8,-11,-16,-7,6,7,-3,2,-15,0,7,-21,13,-8,-3,-5,-4,-10,9,7,-9,-7,10,-3,-4,5,9,6,-6,13,-11,-5,-7,4,-6,-8,-6,6,19,5,-14,-5,-13,11,-12,7,-3,-12,1,2,-10,-6,7,-28,-2,8,14,14,-1,-2,1,1,-1,2,-1,1,-6,-11,-4,-1,-6,-13,-3,-1,-1,-2,-3,1,-3,-4,-2,3,-2,0,0,0,1,1,1,-1,-3,-2,-1,-2,0,1,0,-2,-3,1,-4,-9,0,2,-1,1,-3,1,-2,-4,5,4,1,1,2,-2,-2,0,0,2,-2,0,2,-6,-3,1,-7,-2,4,-1,-3,-1,-6,2,-2,2,-5,-12,1,-4,-11,0,-5,0,5,-6,-9,1,1,3,-2,-9,-3,-1,5,-8,-6,2,2,0,-3,3,6,-2,-77,-5,-71,0,0,-1,-8,-64,1,-6,-1,-91,0,-5,-4,11,-7,-104,-4,2,4,4,-3,2,-5,6,0,-6,-10,7,4,-1,1,1,3,-2,-4,1,5,-1,5,-2,-3,0,4,1,-8,3,-2,-2,-4,-4,1,-67,-70,-3,1,2,9,-5,-72,4,-7,-71,-2,1,-6,-84,5,-1,7,-1,-76,-17,-80,-4,0,-3,7,9,5,-79,0,8,1,-2,2,2,-3,-54,6,2,5,5,-4,0,-3,-49,-4,4,5,-1,-3,2,-2,-56,1,1,5,0,4,6,-12,-50,-2,2,4,5,2,-6,1,-75,2,0,2,-2,0,0,2,-81,1,4,4,3,-2,3,-3,-19,-5,-4,2,0,-66,-65,2,-100,4,-62,-62,-54,1,-13,-3,-52,3,-19,-14,-9,-5,-12,-26,-44,-15,-25,-1,-3,0,-6,-16,-51,-18,-15,-2,-6,-18,0,-26,-46,-25,-21,-27,-34,-56,-11,-20,-58,-22,-34,-62,-5,-14,-56,-19,-68,-15,-50,-21,-2,-16,-4,-75,-24,-67,-22,-20,-19,-58,-67,8,-82,5,-55,-47,-36
-3,-2,1,1,0,0,1,0,1,3,2,1,2,3,3,-1,2,3,2,1,1,2,2,0,1,2,1,1,0,0,1,0,1,1,2,1,-1,0,0,1,2,3,3,4,5,6,1,3,1,4,9,6,12,9,7,4,2,-1,1,-1,2,2,2,-2,4,9,9,9,9,8,8,7,9,9,9,9,7,11,9,7,9,7,12,6,7,8,7,8,9,7,8,12,9,11,4,8,10,7,11,14,15,12,12,7,6,7,7,18,11,16,6,7,6,1,10,10,17,10,7,1,5,11,12,21,15,16,13,5,10,10,11,10,16,10,20,8,4,12,13,14,10,14,9,12,10,9,16,10,15,11,14,8,6,13,8,16,13,14,10,15,16,8,14,11,17,13,12,12,4,14,10,19,13,18,8,7,12,10,16,12,22,12,16,10,6,12,11,18,10,16,6,10,15,16,19,18,21,19,17,15,18,22,21,23,20,23,22,19,21,22,22,22,27,21,26,19,19,18,21,26,22,22,24,20,20,19,23,19,27,21,24,20,17,18,24,26,30,28,23,17,16,19,24,34,27,28,23,17,26,24,32,29,31,28,27,24,27,25,32,30,38,35,37,28,31,36,32,41,36,39,36,32,33,28,35,36,40,35,42,28,29,35,35,41,37,39,35,37,38,29,36,36,44,36,36,34,27,36,36,42,37,49,25,29,40,36,36,43,44,42,43,37,41,36,33,41,37,38,39,35,-2,-2,-2,-1,0,1,0,1,-12,-9,-8,-9,-17,-6,-12,-18,-5,-6,-1,-5,6,-3,6,-5,-2,0,0,3,1,2,-1,-2,-2,-1,1,2,3,3,1,0,0,0,1,2,2,2,1,-1,-1,0,0,-1,0,-1,-1,-2,-2,-2,1,-1,-1,-2,2,-2,-6,-3,-7,5,-10,-5,-6,1,-6,-3,-12,-13,-11,-9,-8,-9,-10,-6,-7,-7,-21,-10,-5,-4,-7,-9,-3,-8,7,-11,2,-8,-6,-6,-4,-2,-4,-4,-6,-7,-7,-6,-6,-3,-2,-2,-6,-5,-8,-6,-6,-5,-3,-4,-4,-7,-7,-6,-5,-5,-5,-6,-8,-5,-10,-8,-10,-8,-2,-11,-4,-6,-9,-11,-12,-6,-14,-6,-16,-5,-10,-12,-9,-15,-5,-13,-6,-14,-11,-8,-12,-3,-12,-6,-10,-9,-10,-11,-4,-9,-7,-10,-4,-9,-11,-5,-10,-6,-7,-7,-11,-7,-4,-9,-8,-9,-8,-8,-11,-12,-9,-8,-10,-7,-10,-12,-11,-11,-22,-24,-25,-24,-26,-22,-23,-23,-14,-14,-13,-17,-12,-16,-13,-13,-12,-14,-15,-13,-14,-5,-17,-14,-13,-12,-16,-12,-10,-11,-14,-13,-15,-15,-17,-9,-12,-11,-15,-13,-16,-18,-15,-15,-10,-12,-17,-13,-16,-18,-18,-14,-16,-14,-18,-17,-14,-15,-15,-16,-16,-16,-13,-11,-21,-23,-34,-28,-27,-31,-23,-27,-25,-23,-24,-21,-24,-20,-21,-21,-24,-24,-22,-19,-10,-16,-21,-25,-26,-25,-22,-19,-20,-15,-24,-20,-21,-19,-14,-16,-11,-15,-18,-22,-25,-16,-15,-12,-16,-16,-22,-15,-15,-27,-18,-21,-25,-24,-24,-24,-18,-17,-19,-22,-23,-22,-21,-12
-2,-1,2,2,-2,2,2,0,-57,-9,10,4,2,4,3,3,-57,-10,4,4,3,4,3,1,-53,-5,6,4,2,3,4,1,-13,-7,4,2,1,0,1,0,-5,-6,0,-2,-1,-2,-2,0,-7,-5,-4,-4,0,-9,-9,0,2,2,-2,1,1,-1,-2,-2,-23,6,4,10,15,11,10,12,6,9,10,10,11,15,14,17,2,5,5,9,8,12,11,11,4,0,9,9,10,12,12,14,3,5,5,7,10,14,13,13,1,0,1,12,13,11,14,15,-2,1,7,4,8,19,8,14,-8,2,4,5,16,13,5,6,-1,5,-3,7,4,8,7,-2,-1,-4,7,-2,6,4,6,0,-8,-5,3,6,7,10,3,9,5,-11,4,8,10,4,9,5,2,0,5,5,2,8,6,6,1,3,8,0,8,8,9,4,3,3,5,6,-2,8,6,13,1,3,5,1,5,-3,2,5,-8,8,3,4,6,5,2,2,-9,2,3,4,1,4,3,2,-4,2,-1,2,6,8,4,6,-1,1,-3,0,5,2,0,8,-1,6,-1,1,8,2,2,5,0,-3,-2,5,2,-2,4,2,-2,-5,-4,1,-1,3,-1,-2,-1,-3,3,3,0,4,3,-4,23,3,-1,-2,3,12,4,3,31,3,-15,9,-1,11,14,2,10,9,-3,5,18,19,19,12,-2,12,20,9,14,-21,18,18,10,24,1,-1,1,23,13,7,41,3,21,-4,10,-12,21,-6,17,2,11,9,8,23,8,9,21,21,15,6,24,2,11,17,-2,2,0,-2,-2,1,2,1,-65,-1,-34,-10,-7,-15,-5,-40,-73,2,-8,1,1,-4,-3,1,-67,-7,-5,-5,-2,-3,-3,0,-57,-7,-8,-5,-4,-6,-6,-2,-40,-1,-6,-7,-5,-5,-5,-5,-36,-2,-4,-3,-5,-6,-4,-5,0,1,0,-1,-1,0,-1,0,-6,-6,-7,-14,-8,-12,-5,-11,-12,-4,-10,-14,-8,-6,-8,-21,-14,-3,-2,-12,-12,-14,-13,-15,-3,-9,-4,-7,-6,-10,-14,-16,-4,-12,-5,-8,-10,-13,-15,-14,-1,-4,-8,-8,-11,-12,-16,-15,-3,-6,-6,-7,-9,-13,-11,-17,3,-5,-5,-9,-11,-11,-11,-20,-8,-5,-11,-8,-13,-11,-7,-10,-8,0,-5,-6,-10,-8,-10,-8,-7,-3,-6,-2,-6,-9,-10,-7,-15,-8,-4,-6,-5,-12,-16,-7,-6,-9,-6,-2,-10,-11,-10,-15,-10,-8,-7,-6,-7,-8,-8,-9,-4,-7,-5,-6,-6,-5,-8,-13,-3,-5,-7,-7,-6,-6,-9,-9,-8,-9,-12,-13,-9,-10,-10,-10,-11,-8,-10,-7,-9,-12,-8,-8,-13,-8,-13,-8,-16,-16,-20,-10,-9,-7,-9,-10,-12,-13,-8,-12,-3,-15,-6,-10,-12,-14,-12,-11,-1,-7,-6,-9,-10,-11,-10,-11,-4,-9,-11,-12,-11,-11,-7,-13,-7,-4,-1,-5,-9,-8,-11,-10,-14,-7,-11,-19,-13,-13,-13,-15,-26,-16,-21,-18,-11,-4,-18,-22,-30,-24,-14,-14,-16,-19,-19,-19,-37,-23,-30,-13,-18,-32,-23,-23,-24,-23,-14,-11,-19,-18,-32,-16,-10,-15,-6,-15,-13,-8,-19,-17,-17,-13,-7,-13,-14,-18,-15,-21,-9,-11,0,-9,-12,-8,-7,-11
1,-2,0,0,-1,-1,0,-1,2,5,2,2,2,3,9,-2,7,6,0,6,1,3,3,2,10,6,9,0,6,1,-1,0,-2,11,-9,-2,-9,-4,2,-1,-6,-5,-6,-13,-6,-20,1,-11,1,-17,-6,-5,4,4,8,-3,0,-1,-2,-2,-1,2,-2,1,2,13,-1,8,-2,-6,10,-2,14,4,6,2,11,2,1,8,11,8,8,17,-4,3,-1,7,-13,-1,19,7,3,-7,5,-7,2,3,-37,-1,16,-1,8,-1,-2,-7,5,-18,11,-8,7,17,6,12,-10,-28,9,24,-13,4,-10,4,-7,5,-16,-6,-3,21,8,0,9,-7,11,3,8,4,14,0,12,15,8,8,0,11,4,12,3,-3,-4,13,0,-9,1,1,12,-4,15,-2,-8,2,-4,15,-4,15,-5,-23,12,5,0,10,5,-4,-6,1,-6,-1,-7,16,13,-3,7,-4,17,-5,11,1,-7,6,11,7,26,5,12,3,3,6,14,6,11,10,-2,-3,-2,9,2,6,12,2,-8,19,-8,3,-8,-2,9,-4,8,1,4,11,-2,-12,-5,7,5,13,18,4,5,14,5,10,9,11,14,3,7,29,14,3,9,-7,-2,-8,16,-8,0,10,-10,1,9,-2,7,3,-19,-8,22,-3,17,5,19,12,9,21,7,-10,6,10,8,14,-8,15,-3,21,-20,-2,-12,5,4,7,1,-9,11,2,-18,0,-10,18,-5,0,7,13,19,3,23,8,-7,4,23,-2,-10,8,6,2,11,-21,19,11,-15,-9,15,-2,-2,-11,-9,13,-7,17,7,12,2,2,1,-1,1,1,-1,1,-36,-10,-7,-9,9,-13,-4,-34,7,-6,3,-10,-3,3,-11,-7,-3,5,-9,1,3,4,1,-5,0,9,4,-3,-4,1,3,-4,-4,4,-8,-6,-10,-4,0,-1,0,-1,-2,-3,-4,0,-4,-1,1,0,-2,-2,1,2,-3,-1,-44,6,-10,14,-3,-33,0,-4,-7,5,-34,-16,-8,-13,-7,-17,3,-52,2,-20,-6,-3,-22,-4,-1,-1,7,-28,-13,6,-8,6,-6,16,-19,9,-12,-15,-13,-11,-1,-15,-3,-8,-13,-7,-4,-1,-3,-15,-2,-3,-4,-4,-12,1,-4,-6,-12,-10,-9,-3,-5,-8,-13,3,-1,5,-6,-7,7,0,-14,-11,-18,-7,-8,-17,-25,-13,8,-12,-3,-15,-17,5,-19,-6,-11,11,-7,-12,0,-6,-1,-8,0,8,-6,3,-8,-3,-6,-3,-4,-1,6,-13,-18,-12,-6,2,-4,-16,-11,-6,-8,-2,-23,-6,-8,-12,-8,-3,-10,-4,-15,-8,-37,23,18,-8,0,-37,0,-46,-17,10,-28,-17,2,-5,-21,-9,-2,-14,-8,-8,-9,3,-17,-5,-2,9,5,-10,-14,3,-5,-12,22,24,-13,15,0,-16,-2,-11,-1,-13,8,-20,-20,-10,-14,-8,-16,-5,-9,-22,-18,3,-16,-10,-4,-4,-13,-2,-15,-5,-10,-4,-59,29,25,23,10,-39,21,-30,0,-14,-60,-9,3,-29,-53,-36,4,-49,-8,-30,-11,13,-36,-19,3,7,2,-47,-13,-14,-16,-28,13,25,-52,2,-31,-42,-43,-38,-2,-31,25,-37,-48,-34,-26,-2,-30,-27,-27,-30,-46,-1,-33,-22,-7,-38,-32,-16,-41,-11,-21,-18
0,-1,-2,1,1,2,-1,-2,-4,2,-5,3,1,-3,5,1,-3,1,-3,-14,-1,4,5,9,2,5,7,-7,-1,2,7,8,-1,5,7,6,-2,2,4,6,-1,0,-5,-16,0,6,12,5,-7,-5,-5,4,-2,2,17,12,-2,2,-1,-1,1,-2,1,-1,3,-3,7,-1,8,9,8,3,-1,0,-5,-5,2,9,12,8,-2,-5,5,-8,16,1,8,1,-5,6,-16,-9,0,-8,1,12,-3,-11,20,-5,-1,16,4,5,17,-4,1,-9,12,9,7,13,-11,3,6,16,7,6,2,-2,-8,6,-19,-7,18,2,12,2,5,13,7,10,1,4,-5,-4,-2,4,0,-1,11,8,6,5,-16,3,0,-1,-1,-6,11,-1,8,-40,4,-14,-9,15,-8,1,7,12,2,-5,10,-2,2,-1,-1,-2,0,9,-12,13,3,8,4,-1,-6,-5,8,-4,23,-4,-6,5,-1,7,5,12,3,-7,8,0,0,-1,-6,2,0,10,11,18,-5,6,8,2,7,-7,9,2,5,5,10,-6,13,1,4,7,-4,-1,-3,18,12,0,2,-23,-13,-14,-21,-11,-3,2,1,6,14,13,-4,7,11,5,8,12,10,-21,0,9,9,-6,14,-4,18,2,11,7,15,0,11,18,13,17,9,5,-10,6,14,15,10,15,14,17,9,2,4,7,8,15,19,-7,14,21,-1,-19,14,6,5,31,6,16,13,-11,-1,-5,27,8,-5,13,15,-8,7,18,-17,12,14,27,16,11,4,-3,20,-3,6,5,-2,-18,2,1,-13,23,11,-5,-2,3,-2,0,2,1,-2,1,-17,-29,7,-8,-3,20,-37,-40,-17,-17,-8,-22,-8,-5,12,-7,-12,-3,-11,-12,-5,-6,12,-6,-3,6,10,-4,-1,-5,-2,-3,0,3,3,-4,3,0,2,-1,-1,0,1,-5,-5,-1,1,-1,-2,2,3,-2,-2,-2,-2,-1,-19,-27,-23,-16,7,-3,0,-8,6,-12,-1,-35,-12,-39,4,-2,13,-10,-22,-24,-11,20,-46,10,1,-22,-12,2,-31,-11,8,7,-12,9,2,0,-5,-20,17,-38,5,-1,-9,-7,-2,-4,3,-3,-8,-11,-2,-5,-13,-2,4,0,2,-2,0,-4,-3,4,-5,1,-23,-34,-6,-17,-11,-24,-11,-14,8,-5,-6,-7,-18,-8,-21,-10,-6,-11,-20,-34,-10,-10,7,1,0,-11,-48,-15,-29,-8,10,-5,-6,-3,-10,-7,-18,2,6,-10,-1,0,-13,-7,2,-8,-2,-6,-12,-19,-6,-5,-10,-3,-1,-8,-16,-4,-10,-3,-5,-6,2,-3,-10,-12,-12,-10,-21,-5,-7,-21,7,-10,-1,-10,-13,-14,-5,-9,-13,-47,-22,-27,-11,-6,9,0,-5,-33,-23,-11,-33,-9,5,20,-15,1,-21,-7,-16,-6,8,-7,6,-13,-11,-11,-16,-1,-4,2,-14,-10,-4,-10,-16,-24,6,1,-6,0,-4,-8,-11,0,0,1,-51,-22,-47,-17,-13,6,-15,-33,7,-17,-11,-63,-11,-41,-35,-10,-1,-54,-27,-39,-7,1,9,-11,8,-39,-32,-29,-38,-18,16,14,-21,3,-30,-21,-44,-3,-5,-16,12,-7,-19,-19,-13,-16,-18,-9,-36,-33,-2,-8,-19,-42,-1,-9,-19,6,-21,-10,-2,4,-13,-9
1,-1,-2,0,0,0,-2,-1,3,-2,14,3,5,2,1,-3,3,-1,3,-3,-5,0,2,1,12,-9,15,9,-2,6,-6,-3,-4,-13,2,13,11,-4,-11,-5,2,-21,-5,11,10,3,-11,-3,-26,7,-20,19,23,2,3,4,2,2,-1,-2,-1,1,2,1,-4,6,13,13,3,15,6,1,-5,6,10,3,9,4,11,6,16,7,10,21,-5,4,6,5,-9,-28,15,5,-6,6,13,-4,3,5,9,16,-7,17,-7,12,-26,18,0,15,-5,17,18,1,30,-1,9,-1,24,-5,12,1,1,-17,10,-23,-9,-8,-2,-7,1,-2,8,-4,5,5,6,4,-24,8,8,7,11,7,0,-1,18,5,7,5,3,6,-7,14,1,-10,-3,5,0,-1,10,-2,8,1,11,-5,0,-8,1,-8,2,-21,3,19,11,2,5,5,-18,-4,-10,21,18,11,-4,1,13,-23,-1,-21,11,5,-27,5,5,7,-6,13,0,3,11,6,3,14,9,2,16,5,4,15,8,10,6,8,12,-8,6,12,-14,-10,-3,-2,10,-9,-17,1,1,14,21,25,15,2,16,6,12,-12,8,4,3,8,0,11,19,1,15,3,-8,8,19,8,10,23,-28,9,15,-4,7,19,-10,1,2,4,6,4,10,5,0,-11,18,0,15,9,-1,6,6,8,10,9,10,2,18,20,-2,-11,2,11,24,0,1,-5,11,0,-1,6,12,9,12,-5,12,6,-7,10,5,5,-13,14,0,-9,-39,-22,2,-2,-7,0,-6,-34,-4,0,20,-18,-3,9,0,-2,-2,0,0,2,-2,-2,-1,16,1,15,9,-15,4,-22,-12,4,-7,-10,2,-12,-2,-6,2,-13,-6,-7,-3,2,-7,-4,8,12,6,-4,-4,-2,-1,1,-8,-6,-9,-2,1,0,-6,0,0,4,2,1,2,1,-1,-2,-2,-1,0,0,-2,1,1,-2,3,-12,4,-3,8,-9,1,-6,13,7,-9,-1,5,-18,0,-6,-37,16,-15,9,9,-21,-6,-5,-4,-9,-22,-13,0,-1,-14,-4,-8,36,-7,3,12,-10,-15,-2,-7,-13,-4,-4,2,-6,-7,-14,-3,-6,-2,-3,-2,-5,-4,-11,1,-9,-16,-1,-5,-6,-4,5,-6,2,-12,-3,6,-28,1,-12,0,15,-8,12,-36,-20,13,-10,-4,7,-19,3,13,-16,-12,-4,-1,-10,-11,-17,-16,-5,-7,-3,-6,29,-9,3,6,-11,-20,-5,-5,-8,-8,1,2,-6,-15,-6,-4,-8,-6,-8,3,-9,-6,-7,-14,-11,-1,-6,-6,-3,3,-5,-12,-6,10,-20,-7,-27,12,-22,2,14,-3,6,-38,7,3,1,4,-5,-9,11,26,-5,-22,-1,-8,9,-13,-16,-16,-8,2,-9,-6,41,-5,-5,14,-11,-21,2,-12,-13,9,5,4,-1,-13,-20,-7,-8,-5,5,3,-13,-17,-9,0,-8,20,-1,-3,8,1,-4,-5,2,11,7,2,-14,-18,-6,-2,28,-23,34,-16,-28,-17,20,-7,9,-11,26,42,-22,-25,-9,-14,10,-24,-33,-18,-16,-12,4,-18,42,-11,-2,28,-23,-35,-2,-31,-17,-7,5,-4,-10,-29,-30,-24,-20,-10,-3,7,-18,-38,-37,-15,-26,17,-9,-3,-7,6,-29
-1,-2,-1,2,-2,-2,2,1,2,-32,-2,5,2,0,-2,0,3,9,-38,1,7,-2,-2,0,3,4,1,-29,-1,4,2,0,-2,4,10,-1,-11,1,3,1,15,7,-5,4,0,0,-4,-3,-12,-2,12,-7,-11,-2,5,7,-2,0,0,0,-1,2,0,2,0,0,-7,8,-1,0,0,2,-2,-2,0,4,-4,5,4,-3,0,-6,-13,12,6,0,-2,5,2,0,3,-8,2,10,1,1,1,2,1,4,1,-5,0,-1,5,7,9,-6,2,-8,1,0,-8,9,3,3,6,3,0,0,0,7,-11,-1,-6,3,7,1,33,4,26,5,9,3,2,5,3,67,0,6,5,-7,0,-9,24,0,27,5,-7,2,-12,-1,-4,3,4,11,0,-5,-1,-6,1,2,3,-4,-3,3,-4,0,13,-13,3,7,0,13,3,0,-4,-3,-10,-1,-17,-7,-2,-6,-1,-5,7,-27,21,2,-1,23,2,5,2,1,3,2,6,2,-2,-48,1,13,5,8,-1,4,-10,13,-17,1,0,-3,3,1,1,3,1,11,-6,-10,0,2,-10,6,-7,-4,7,-1,1,2,9,4,1,6,1,4,-7,5,-1,6,-10,5,8,-3,9,2,0,3,-6,0,10,3,-5,6,48,13,15,4,8,7,6,2,7,51,12,16,7,13,7,16,6,11,21,9,15,4,7,10,-2,14,0,6,5,9,4,9,6,-5,-2,10,7,1,8,4,-2,6,-9,15,-4,0,3,1,3,-11,4,1,14,15,14,4,-5,-15,10,-8,12,-8,8,1,-2,-1,2,-2,0,0,2,-2,-11,9,-8,-10,4,-11,-9,8,-64,7,-59,5,-4,-4,-7,2,-3,2,-2,-36,-2,1,-3,1,-3,1,2,-3,-15,2,0,0,-2,4,-1,-5,-5,-14,1,2,-2,2,1,-1,-5,-2,-10,2,0,-1,-2,0,-2,2,2,0,18,-2,-1,-31,13,-15,-24,-2,1,18,1,-13,-4,-1,-12,-3,-1,7,-8,-33,0,-14,-9,-4,-57,-5,-38,-4,-8,4,-5,3,-1,4,-9,-5,-9,-3,-4,-4,-3,1,-1,-2,-3,0,-8,-2,0,-8,0,-3,0,-1,-4,2,1,-1,-4,-4,6,-2,1,2,-37,0,-3,-2,0,-3,-6,-7,-6,13,2,-9,4,0,-4,-8,10,-1,-16,1,-3,-9,-5,-4,-8,-3,-6,-29,0,-4,-5,-7,-9,-4,-3,-2,-29,-5,-7,-5,-2,1,-1,-3,-1,-27,-8,-5,-3,-2,-13,0,-7,2,-30,-7,-4,-2,-1,0,-1,-4,2,-23,18,-57,5,-15,-23,-11,-6,8,-35,28,-24,-6,-15,-18,-10,-17,8,-33,-2,5,-22,-13,-17,-9,-4,-10,3,1,-3,0,-14,-9,-8,-9,-7,-12,-8,0,-12,-2,-2,-4,-10,-7,-10,-2,-6,-6,-4,1,-3,-6,-1,-8,-1,-10,-2,-4,-3,-2,-5,-1,-9,5,0,-43,10,-36,-52,-42,-24,-7,-22,41,-32,-52,-39,-10,-13,-17,13,-21,-12,-15,-12,-11,-15,-13,-1,-12,-11,-13,-16,-10,-26,-14,-6,-8,-14,-7,-16,-12,-12,-11,0,-5,-2,-9,-8,-18,-8,-17,-4,2,-3,-3,-9,-11,-18,-9,-2,-5,-1,-3,-8,-7,-13,-8
2,-2,-2,-2,2,2,1,-1,-1,-7,-1,-2,-2,0,-1,0,-2,-6,-2,-1,-1,-2,-1,-2,0,-24,2,-2,-2,-1,-2,-1,3,92,5,-21,-3,1,-4,-2,8,-39,10,-3,-3,-6,-5,-3,4,-17,1,-7,-9,-5,-8,-7,0,-2,2,0,-2,-2,-2,-1,-1,3,-4,3,3,2,2,2,2,3,1,5,3,1,-3,1,3,3,2,2,4,1,1,0,4,-11,4,-2,1,2,-2,3,6,-15,-11,-2,2,-3,1,-2,10,8,6,2,-3,3,-4,2,5,3,-13,0,6,-4,6,-2,4,2,1,4,4,8,2,-2,1,-1,3,0,0,1,2,4,6,1,1,1,2,2,2,5,2,-4,0,-2,2,-1,1,0,-11,0,-4,1,-4,-1,3,-1,7,33,-1,-1,3,3,0,2,-11,1,8,2,2,1,-3,-1,5,-9,-4,-2,0,-2,0,-2,3,3,-9,3,-12,-11,0,-3,3,7,4,6,1,6,3,5,4,0,6,4,2,3,4,4,7,-2,4,3,2,4,2,5,6,-3,6,8,3,4,5,3,-4,-4,0,0,-1,-3,1,0,8,-16,0,1,-2,-10,-2,6,0,3,7,7,1,-3,7,0,3,1,5,4,2,4,8,2,8,12,11,10,4,8,6,15,12,7,12,7,8,12,10,0,9,8,10,13,8,7,7,7,11,8,10,12,10,8,10,3,1,-12,3,13,8,15,3,6,8,0,13,8,14,2,3,5,2,10,3,5,-7,11,4,4,9,16,10,15,3,6,5,6,-2,2,2,-2,2,1,-2,1,-17,-2,-10,-9,-8,-6,-9,-12,-7,-7,-5,-5,-4,-5,-3,-3,-1,-7,-3,-2,-3,-2,-2,-3,-1,-28,1,-2,0,-1,0,-1,-11,-11,-2,-2,-1,0,0,0,-6,-8,0,-1,-1,0,1,-1,2,2,-2,2,-1,-1,-1,2,-5,-10,-6,-7,-4,3,1,-4,-6,-6,-4,-3,-10,-8,0,-3,-8,-8,-15,-7,-6,-6,-3,-2,-7,-2,-8,-6,-6,-8,-5,-7,-9,-14,-8,-5,-6,-5,-3,-4,38,-14,21,-7,-6,-4,-6,-4,-4,-9,-4,-6,-2,-4,-2,0,-12,1,-11,-1,-4,-4,-3,-3,-7,-6,-6,-9,-10,-10,-9,-9,-11,-3,-12,-8,-18,-8,-5,-8,-3,-16,-3,-7,-10,-7,-6,-7,-12,-10,-15,-8,-8,-8,-5,-4,-12,-12,-11,-6,-5,-6,-6,-6,36,-15,21,-7,-8,-3,-6,-6,-6,-6,-8,-5,-4,-7,-5,-8,-10,-8,-5,-8,-8,-4,-8,-4,-10,-8,-1,-9,-8,-7,-6,-8,-10,-7,-15,-8,-9,-4,-7,-4,-9,-15,-16,-15,-12,-9,-5,-8,-12,-24,-14,-13,-10,-12,-11,-9,-7,-17,-17,-13,-12,-10,-10,-9,45,-11,28,-9,-7,-5,-11,-8,-7,-8,-6,-7,-9,-9,-8,-6,-5,-6,-8,-7,-8,-6,-5,-6,-19,-13,-20,-20,-37,-18,-17,-17,-32,-18,-35,-13,-21,-11,-11,-16,-19,-27,-44,-17,-29,-25,-11,-19,-28,-26,-28,-24,-31,-29,-23,-19,-17,-29,-23,-20,-24,-23,-16,-21,49,-18,28,-15,-20,-16,-18,-22,-15,-15,-15,-11,-15,-14,-27,-20,-20,-11,-12,-12,-11,-14,-15,-20
1,-1,2,-1,1,2,0,0,3,-3,1,-1,-4,-2,2,0,2,10,-4,10,-2,1,-1,0,4,-3,10,-1,-3,-2,0,1,-2,-2,-14,-4,31,-9,3,5,-6,0,20,16,-20,21,7,-5,0,-7,-21,-15,-7,-18,-13,17,2,-2,0,-1,2,1,2,2,1,4,6,-1,5,-5,1,-14,-1,-2,1,7,-4,-4,-4,-6,29,-13,16,-8,16,-4,7,-7,-4,4,3,8,-22,-3,-14,11,14,-3,-5,3,3,20,-9,-13,1,8,-11,8,-18,-7,2,0,0,-13,3,-13,11,9,9,-31,2,-15,31,-18,21,7,21,-5,6,20,-1,5,2,-2,0,2,10,-2,15,-1,-7,-2,5,4,9,17,-2,34,-6,1,-3,1,8,3,13,0,23,-7,-15,2,-3,4,-17,-3,14,10,1,-4,-8,-34,0,7,5,10,6,-10,5,3,-25,-6,-3,11,-3,15,-3,14,1,-3,12,8,6,2,12,2,3,-1,3,4,-1,2,4,12,9,3,4,2,1,2,8,-3,0,2,-11,5,-1,5,3,12,-6,3,-1,-6,0,-2,3,8,5,-24,5,-14,11,-11,-2,1,-3,-11,2,2,5,5,-11,1,-8,13,-2,-27,-7,11,5,-7,-2,-4,-9,-15,0,0,15,7,0,1,6,-2,3,18,4,-3,13,1,3,3,2,2,-8,15,-8,15,-12,16,-10,-8,-6,4,-3,1,8,-15,3,-1,11,2,1,7,19,-7,9,-6,0,-11,11,-13,27,-1,-5,2,3,4,6,-9,-13,-6,5,16,12,1,-16,13,-11,-19,3,-10,2,-2,-1,2,-2,-2,-2,-2,12,-10,1,-22,2,-7,9,-3,2,-3,3,-4,-9,2,4,2,1,0,5,3,-14,-7,-1,-1,-3,-2,-2,-3,5,0,-1,1,-4,1,-2,-1,-4,4,-3,2,0,3,0,1,3,-1,-1,2,-1,1,-2,-2,0,-2,-2,1,-3,8,-3,-51,-2,-18,-3,-4,11,-8,-2,-17,-10,-15,-5,-8,-12,-6,-15,-5,0,-10,-2,-13,0,-9,26,-12,-11,-22,-7,-13,-9,8,-11,3,-9,-3,-16,-8,-5,-10,-7,-1,-10,0,-7,-1,-12,1,-5,-4,2,-8,-6,-3,-3,-4,-3,-5,-1,-12,0,-9,-6,-1,-3,-5,-1,-2,-2,0,7,-7,5,6,1,-1,-8,-8,5,-5,-7,-13,-7,-11,-7,-15,3,2,30,-18,-24,-11,-16,-4,-13,23,-10,-2,-3,-8,-5,-7,-1,-9,-9,6,-13,5,-9,2,-7,-1,3,1,13,-6,4,-10,-7,-6,-1,-3,-7,-3,-1,12,-16,16,-48,-13,-10,-16,-19,-7,8,-17,16,-12,-14,-15,-21,-2,-15,-2,-11,-21,-11,-25,-16,-21,0,-6,33,-20,7,-12,-25,-7,-22,13,-11,6,-14,13,-12,-18,-4,-10,-10,8,-25,5,3,-4,-1,2,-1,-1,17,-8,-1,-1,-4,-2,-8,-11,-8,-10,-2,-4,-12,35,-57,-1,-20,-38,-38,-21,35,-30,18,-57,-45,-41,-39,-47,-19,2,-55,-34,-43,-56,-22,-40,12,-44,43,-46,16,-39,-82,-28,-43,22,-30,27,-54,18,-38,-53,-35,-39,-26,13,-42,5,13,5,-11,-8,-16,-18,17,-28,-11,-14,-15,-13,-37,-23,-30,-32,-4,-9
1,0,0,-2,2,2,0,2,0,0,0,-1,1,-2,0,0,0,-1,-2,2,-1,-2,1,1,0,-1,0,-2,0,-5,0,-1,-4,0,-1,1,3,-4,4,0,0,-1,2,0,2,-78,5,4,-9,-4,0,8,-4,8,18,5,1,-2,2,2,0,-2,2,-1,-2,-4,-11,-1,-3,1,-4,2,-2,-3,-1,-3,-5,-1,-13,0,-6,-3,-4,-3,-1,-4,-2,-3,-5,-1,-1,-5,42,-4,48,-6,-10,-6,-14,39,-6,-8,-3,43,-21,-5,-6,1,-13,46,-5,7,0,-16,-4,40,5,-14,0,55,-5,4,-24,-3,43,-10,66,3,10,-7,0,0,2,-2,2,-6,-5,10,-3,0,-2,-2,-2,4,1,-4,14,-3,0,-3,0,-5,2,-3,-5,17,-5,-1,4,25,1,-1,6,-5,19,-2,30,-2,0,-3,2,-3,-1,40,-3,6,-10,-10,-2,6,6,-5,18,-7,0,-3,5,10,2,3,-9,13,-1,-2,1,-2,0,4,1,0,-2,-1,-4,4,0,10,1,2,-4,-7,1,4,-2,11,0,0,1,3,-7,0,8,8,0,-2,2,-5,-1,-1,-13,14,-12,-1,4,7,6,12,19,3,19,17,6,8,1,13,12,21,3,14,14,-2,-1,-3,9,15,2,4,11,-5,-3,-4,-2,9,-6,-1,0,13,-4,-1,-3,9,-4,3,2,-3,18,-10,0,20,-3,0,-5,-7,2,21,-3,23,-4,25,-4,-4,-1,2,25,28,29,-5,17,6,27,20,31,52,31,18,-2,-7,4,-3,31,39,24,1,-4,4,-12,22,-2,23,21,26,2,-2,2,0,-1,-2,1,2,-3,-6,0,-6,5,-2,0,-10,-4,0,2,0,3,-2,3,0,-1,-1,1,-1,0,-2,0,2,-1,0,0,1,-1,-5,1,-1,1,0,1,-1,2,18,2,-1,0,0,1,0,-58,5,-81,0,2,-1,-1,0,1,-1,1,-2,2,-7,1,-1,3,0,-1,1,1,6,3,-7,-3,3,-4,0,3,-1,3,-3,-3,-3,4,-1,-4,-2,-2,-3,-30,1,-34,1,1,1,-3,-27,-6,-3,-1,-45,3,-5,1,0,-1,25,-3,1,0,-4,1,-37,4,-2,-1,-58,0,1,3,1,-62,-1,-51,5,-14,1,-2,0,1,5,2,2,0,-13,8,-6,5,1,4,3,-9,0,-9,3,-5,1,-3,1,1,-2,3,-39,5,1,5,-31,5,2,-2,4,-44,-1,-55,2,-1,-3,0,0,3,27,-3,2,-4,0,2,6,-40,1,-44,5,5,4,3,-32,6,2,-6,-37,-2,-6,8,-4,-13,-10,5,0,0,-1,-4,6,-6,-10,-3,-4,-7,-3,7,-6,-2,-19,-6,0,-5,5,-4,5,11,-27,10,6,-3,-3,1,12,-4,-39,3,6,-4,-10,-7,-10,-25,31,-25,-4,-2,-4,2,7,0,-33,1,7,3,2,1,2,7,-6,5,5,-2,-13,-22,-9,-14,-5,1,-2,-6,-14,-7,-18,-18,2,-5,-3,-11,-4,4,-9,-13,-17,-3,-11,-6,0,3,-18,1,-10,15,-20,-3,1,-2,10,-30,-26,-23,8,-4,-7,-3,-18,-22,26,-24,-13,-7,2,0,11,-22,-26,-23,15,-7,5,4,-14,15,-11,15,-14
0,-2,-2,-2,0,-2,1,1,4,-4,-3,-3,6,-3,-4,0,6,4,0,6,11,0,3,3,-1,5,-7,-4,-3,-1,-2,3,2,-1,-13,6,12,24,8,-4,1,-7,15,-5,1,-5,-9,-6,-7,16,16,5,-15,-11,-7,-11,2,2,2,-2,0,-1,0,0,7,4,2,-8,-2,4,-2,11,12,15,-4,18,-3,3,7,-5,4,5,11,-8,8,4,8,18,-11,-4,-11,-5,6,-1,2,-1,14,-3,35,2,-9,-19,1,24,-9,5,21,8,-18,-4,-7,-8,-6,6,1,-11,-21,-7,-1,5,-1,-11,-16,16,18,21,-4,-13,-3,15,0,2,10,-3,-6,-2,13,-4,5,-3,7,-5,-1,6,-11,16,7,3,7,-7,9,-3,0,3,7,5,-9,2,-10,8,7,-1,-25,18,22,1,12,-11,11,16,13,-20,-1,8,-11,-8,21,-6,24,-10,17,7,4,-13,0,-21,21,25,3,-38,5,19,11,1,6,9,-5,11,3,8,4,25,7,-8,3,5,7,-3,12,-4,5,-5,1,0,-2,-2,15,14,-7,18,-8,4,7,6,-11,14,-2,-13,-8,16,-1,-6,0,2,-21,6,-14,16,12,3,10,5,-19,-22,-1,5,-4,-8,0,8,-33,5,1,-16,-28,-6,5,-2,12,9,12,5,10,11,8,-2,10,-6,11,-9,10,-13,8,8,-1,-2,13,-5,11,-12,21,14,18,7,-15,2,-10,-9,5,-6,4,-3,-5,16,6,6,10,-1,-9,-10,18,23,2,-1,21,9,25,-2,-9,4,16,-23,0,22,28,2,4,-28,0,3,1,0,0,2,2,-2,3,-1,5,-3,-6,-10,-6,4,-7,-5,0,1,2,3,5,-1,1,-4,0,1,1,-3,6,-1,-2,-3,2,-2,-2,-2,3,4,2,-1,1,-4,-1,2,3,-2,-2,0,1,2,-1,2,-2,-1,-3,1,1,0,-2,-2,1,1,-1,0,-5,0,1,-42,1,8,2,-1,-12,3,-11,5,-11,-2,-13,2,-10,-4,-16,-13,-25,3,-13,-3,3,-4,4,5,7,5,-3,3,9,-4,-9,-10,-5,-10,5,-7,-4,-10,-7,-8,13,1,-2,-3,-1,8,0,-6,-8,-5,-1,-6,-5,-1,-4,-7,-6,-3,-3,-5,2,-3,-1,-16,-12,-4,14,-3,-8,-13,-12,-9,-21,0,-2,-3,-14,-6,-22,-6,-15,-3,-7,-15,5,4,6,-2,16,7,-5,-6,10,-15,-13,-3,-15,0,5,-5,-2,-12,-9,-5,12,-1,4,-2,-17,8,-7,-3,-5,-11,-5,-10,3,-6,-4,-3,-4,-1,-14,-4,-9,0,-36,3,-30,14,19,1,11,-14,-10,5,-24,13,-20,-12,-14,2,-20,1,-19,-21,-2,-23,4,-8,13,3,7,18,-23,-3,23,-27,-37,-8,-4,-19,17,-8,-1,-7,-15,-9,30,22,-3,-14,1,9,-12,0,-4,-12,-12,-13,-1,2,-11,2,-7,-9,-3,-2,-37,25,-52,-6,-14,28,35,-22,30,-52,-10,35,-33,22,-71,21,-24,26,-58,-7,-50,-1,-36,-36,35,1,23,-4,25,15,-23,-7,15,-42,-51,-56,-41,-46,21,-23,-6,-36,-49,-30,26,32,-7,-18,-23,26,-31,-10,-25,-43,-13,-41,-19,-2,-26,-12,-37,-40,-16,-2
2,1,-2,1,1,0,1,-1,-1,-1,1,-2,0,0,1,0,-1,-1,-1,-2,0,-2,-1,-2,-1,-2,0,-3,-1,-1,-1,0,-2,-4,-2,-4,-3,-2,-3,0,-4,-3,45,-9,49,-6,-4,-2,-2,-4,-6,-9,-13,-5,-5,-10,-2,-2,-2,1,2,2,-2,2,-2,1,-3,-2,-6,2,1,-3,1,0,-2,-1,0,-3,-1,-3,0,0,-1,0,-1,0,-1,0,2,-3,1,-7,1,-2,5,0,-6,-2,32,-2,22,-4,-1,5,-5,30,-16,-10,-5,35,1,-9,-10,-11,-8,-13,-11,-4,-14,-2,0,34,-2,-26,1,35,-2,-13,-4,-5,-1,-6,-3,2,1,-2,-3,-1,-2,-1,3,-5,3,-4,-3,-4,-3,-3,-1,-1,-6,5,21,-6,-2,-5,-2,-1,14,-2,-3,29,-7,-6,-3,27,-2,-4,-3,-6,28,-6,29,-9,-1,-4,-14,-7,-9,-28,-6,-7,-7,-11,-7,-5,29,-7,27,-6,-4,-3,1,1,1,4,-2,0,1,1,2,0,-4,8,0,-4,-1,1,-1,-3,-1,5,-2,-2,0,-1,-1,-2,-3,11,2,-4,-4,0,-1,-4,-8,17,-4,-2,-5,1,0,-6,-7,20,-9,-2,-8,-5,9,14,19,7,22,14,10,13,-5,-9,-12,22,-11,-15,-11,-3,4,4,1,4,5,2,0,0,5,2,5,4,3,-3,0,-6,-1,4,-2,4,3,2,2,3,7,2,-2,2,2,-3,8,-8,3,8,-1,9,0,9,-5,4,-3,-3,14,17,12,-5,2,0,2,10,9,25,11,14,9,-1,1,-3,21,17,18,-2,-5,-4,1,-2,-1,0,-1,1,-2,-1,1,-4,-5,-7,-3,-7,-2,-3,-2,0,-2,-3,-2,-2,-1,-2,-1,-2,-1,-2,-2,0,0,0,-1,0,0,-3,0,-1,-1,0,-1,-1,-7,-3,-2,-1,0,0,-1,-2,-1,31,-1,0,-2,0,1,2,1,-1,1,-2,-2,1,-3,-7,-1,-9,3,-2,-3,-3,-2,-6,0,-3,3,1,0,-7,-8,-3,-6,-4,-3,-2,-6,-3,-4,-4,-3,-8,-6,-3,-4,-1,-3,-3,-7,-4,-8,-2,-5,-2,-2,-13,-27,-4,-4,-5,-2,-1,-2,-7,-2,67,-4,-4,-1,0,-6,-6,-2,-1,-4,-8,-4,-1,-5,2,-3,2,-4,-2,0,-5,-1,-4,-3,-3,-4,-4,0,-1,-4,-1,-8,-3,-3,-3,-2,-6,-11,-2,-3,-7,-3,-8,-7,-3,-1,-9,-2,-5,-2,-4,-4,-1,-1,0,-26,-3,-5,-1,-3,-4,2,-4,-3,71,-1,-4,-2,-4,-1,-4,-7,-3,-8,-2,0,-4,-5,-7,-3,-20,-4,-3,-4,-11,-10,-8,-15,-9,-3,-7,-11,-9,-8,-10,-7,-15,-8,-5,-9,-4,-9,-9,-5,-15,-8,-3,-8,-8,-8,-12,-6,-13,-6,-8,-7,-6,-3,-6,-27,-15,-9,-3,-3,-3,-9,-13,-15,79,-19,-13,-7,-6,-6,-6,-7,-11,-7,-5,-5,-4,-11,-18,-24,-29,-5,-22,-33,-15,-14,-15,-23,-31,-43,-13,-23,-13,-16,-24,-20,-29,-19,-16,-13,-38,-8,-18,-18,-52,-18,-14,-32,-16,-4,-14,-11,-24,-27,-21,-12,-18,-16,-13,-23,-16,-18,-9,-6,-11,-12,-28,-12,89,-15,-13,-18,-9,-10,-4,-15,-13,-15,-8,-10,-5
1,0,-1,-2,2,1,-1,-1,1,4,0,2,-2,1,0,1,-3,-1,-3,-2,1,3,0,2,-3,-1,-1,-1,-10,-2,-7,0,-4,-1,-1,-1,23,-5,-13,-3,-2,-17,-15,-7,-27,-4,7,-3,-3,25,2,-4,-17,-11,4,1,-2,0,1,0,-2,-2,0,-2,-4,3,-1,1,-7,4,-2,-4,1,-2,4,7,-7,18,11,4,-4,-3,0,-7,10,-4,4,-2,2,9,-10,-8,-16,-3,16,-11,1,-11,-9,-2,-4,-5,1,0,-1,12,-4,-9,-4,-10,1,12,0,9,-14,-7,-1,0,2,-9,1,14,4,-2,-3,-7,21,0,8,10,4,4,-1,12,6,1,-15,8,4,4,6,6,10,2,6,-6,7,5,16,2,2,5,17,5,0,5,2,7,9,1,9,14,3,6,8,19,0,0,5,4,21,8,1,12,14,9,2,25,-2,20,-2,5,15,14,15,10,6,20,21,15,13,2,5,5,6,6,6,4,9,1,10,-2,3,8,-6,15,7,7,9,-9,0,-1,3,-3,-3,1,13,-10,11,12,-5,0,10,5,10,-7,2,0,2,2,-5,0,7,-3,0,1,-28,13,9,17,5,-26,-11,18,-10,-3,-15,3,-9,-15,3,0,10,14,12,10,2,19,7,12,-1,24,6,8,15,6,20,8,11,15,34,5,11,4,11,8,9,12,14,15,10,2,20,12,20,20,34,-6,11,9,6,22,26,24,10,16,15,18,41,23,15,-3,16,6,15,27,12,13,37,-5,28,14,23,-7,33,16,17,-3,27,18,0,0,-2,-1,2,-1,0,1,-5,-7,-3,2,-19,2,1,-11,2,-8,-4,1,-17,0,-3,-7,0,-9,3,-1,6,1,1,0,2,-7,-2,1,-1,-1,2,-1,1,-6,-7,-1,-12,8,-7,5,1,-13,-4,-1,-5,4,-11,3,1,0,-1,2,-1,2,-2,1,1,-9,-1,-7,-27,-12,-8,-12,-16,-7,-6,3,-11,1,7,0,-9,-9,-6,-5,-22,-3,-12,-7,-5,-13,-12,-10,4,-3,-18,-9,-2,-10,-1,-5,-11,-14,-2,-3,-3,-8,-10,1,-8,-8,-10,-8,-4,-12,-10,-4,-15,-4,-13,2,-4,-2,2,-1,-1,-1,2,2,9,-11,-9,0,-9,-1,-9,0,-4,-9,-8,-11,-3,-2,3,-9,-6,-2,-5,2,-6,-3,-30,-15,1,-2,-8,-6,-5,0,0,1,-4,-26,-3,-2,-3,-18,-5,-4,-8,-13,1,2,-21,4,-10,-6,-7,-17,-7,-13,-2,-5,-4,-3,-2,2,-5,8,-6,-5,-1,2,2,2,-19,-4,-5,-2,-7,2,-3,-4,-7,-3,-8,-8,3,1,-9,-11,-5,6,6,-18,-18,-1,-10,-5,-12,-2,-3,5,1,-8,-11,-14,-5,-9,-2,-7,-16,-5,-3,-9,0,7,-15,0,-11,-11,-13,-21,-15,1,1,-5,-15,-2,7,-15,-3,-1,-13,-1,-18,2,0,-48,-28,-13,-20,-16,-13,0,-21,-24,-41,-36,-20,-47,-8,-17,-17,-63,-30,-12,-27,-26,-18,-18,-14,-24,-48,-35,-14,-8,-10,-16,-30,-38,-26,-16,-32,-26,-30,-31,-23,-32,-1,-14,-31,-10,-25,-18,-28,-40,-24,-15,-19,-20,-19,-19,1,-40,-16,-12,-13,-10,-33,1
1,0,1,2,0,-2,1,2,-43,-7,4,3,2,0,-1,2,-38,-5,5,-3,3,1,0,2,-40,-7,0,0,-3,1,1,2,31,0,-2,0,0,-2,1,1,12,16,6,-6,-6,-10,-7,-2,16,19,-3,-5,-2,-3,-37,-9,0,0,1,-2,2,2,1,-1,2,3,8,1,4,3,-3,-9,8,11,-5,7,-2,-3,4,-5,8,6,9,0,3,-3,-1,0,7,13,-13,0,2,-3,1,-9,13,7,8,1,1,-3,-1,4,10,8,2,2,2,2,5,4,10,-1,-1,-13,1,2,1,-2,3,10,3,4,3,4,7,3,-6,9,2,10,-6,3,13,3,-2,-1,10,1,6,-2,0,-3,-7,10,3,5,2,-2,-7,3,6,-11,6,-4,2,4,3,6,3,4,-15,2,-1,5,-2,2,1,7,0,-4,0,4,2,-3,-6,3,4,-3,7,5,1,1,3,7,7,-13,7,-2,3,11,23,3,5,9,5,7,10,6,18,16,18,11,17,8,5,7,12,-7,8,4,-5,-4,3,8,8,17,15,10,7,0,9,7,-17,-5,-15,11,10,-5,-6,0,-3,6,7,11,2,7,6,10,7,10,9,19,19,8,13,10,-2,1,9,9,3,-11,3,5,26,12,5,14,3,-3,12,-6,27,14,20,0,10,2,0,7,16,20,5,11,13,5,2,9,43,19,13,-4,12,13,13,-2,10,3,-12,12,2,5,2,12,1,19,11,2,24,-6,32,4,6,13,-7,10,8,18,6,3,8,6,9,3,22,29,11,3,0,-1,-2,1,-1,2,0,-1,-34,5,-4,2,-8,-2,-9,-15,-38,-14,-1,3,-2,-1,-4,-8,-11,-2,-2,-2,0,0,1,0,-8,-32,1,-1,-1,-4,-2,-1,2,9,1,0,-1,-4,-1,0,8,3,2,-1,-1,-4,0,1,0,1,1,1,-2,2,-1,-1,-31,-2,-2,-7,-4,4,-22,-1,6,3,5,4,4,-4,1,1,-15,-16,-24,-1,-5,-8,1,-2,12,-10,-15,-5,-1,1,2,0,-23,-41,-9,-2,-4,-4,-4,0,-1,12,-2,-12,1,-5,-3,-2,-2,1,-5,2,-5,-5,-2,0,-22,-2,-4,-4,-6,-5,-1,-7,-9,3,6,3,-10,-2,-9,-3,2,5,0,8,-12,-7,-5,-3,-10,-6,-8,-3,-4,-1,-4,-1,0,-10,-10,0,-1,3,-2,-10,-5,-43,-9,0,-5,-5,-10,-5,2,16,-3,-5,-5,-4,-1,0,7,4,-6,-11,-4,-9,-4,-1,7,-2,-1,-2,-3,-1,-6,-11,-28,-14,-10,-9,-15,-16,-4,-6,13,-15,8,10,-13,-5,-11,-2,-20,-24,-12,-11,1,-15,-11,-8,10,-19,-10,-10,-10,-7,-10,-10,-51,-26,-19,-9,-10,-9,-18,-10,-3,9,-11,-8,-13,-7,-8,-9,2,1,-4,-8,-18,-15,-9,-2,-4,-11,-5,-4,-6,-12,-5,-7,-45,0,-17,-3,-32,-36,-36,-9,37,3,13,9,1,-7,-17,-1,-15,-51,-10,-16,-31,-19,-16,-34,17,-43,-16,-2,-36,-23,-15,-21,4,-52,-18,-20,-27,-20,-19,-27,8,11,-16,-21,-22,-24,-19,-20,18,4,-18,-18,-21,-10,-14,-9,-20,-22,-16,-17,-12,-37,-7,-26
2,2,-2,-2,-1,-2,0,-2,1,0,0,1,3,0,1,-5,1,-2,0,-3,-6,-2,-3,-1,3,-1,0,-2,-1,-2,-4,-2,2,-5,1,4,-1,8,-4,-4,10,6,3,5,-9,23,10,8,2,2,-5,-29,-6,-9,-16,-15,2,1,2,0,0,-2,2,2,8,1,-3,-6,-10,-4,-1,-6,-1,6,-1,-2,1,-10,-20,0,4,-4,1,-17,3,1,-9,4,-2,4,1,25,-4,16,-3,-9,6,-12,14,-5,-17,21,18,11,-23,2,37,-14,37,24,-1,-12,-8,-25,10,-19,-21,-40,16,-9,0,-4,6,8,14,15,22,-16,1,-1,1,0,-11,-8,0,1,9,-3,-1,-3,-4,1,-3,6,3,6,-1,-10,-2,1,-4,-1,-4,-2,14,-3,-9,-6,-7,7,-19,-16,1,8,-6,8,5,-15,2,-13,2,-10,-5,17,-6,13,3,-11,-11,-5,-1,7,-11,-15,1,-11,2,-15,-7,12,8,-3,5,5,5,13,14,10,10,9,3,6,5,8,3,-8,21,-1,3,6,-1,14,19,-7,27,3,-1,6,2,11,17,-1,0,11,11,13,20,19,32,-6,21,7,6,7,3,20,15,9,31,9,19,21,22,31,29,28,48,18,1,-8,-47,-6,14,-10,-8,15,15,6,9,6,4,11,7,14,11,-3,12,5,2,5,4,4,6,-1,-1,7,6,0,4,-12,-8,9,12,-7,2,-7,11,7,-10,4,-14,17,0,17,15,-14,-2,28,10,22,-3,9,28,-2,1,15,-14,23,17,16,-18,6,5,9,1,14,-2,1,19,-28,-1,1,-2,0,0,0,2,-1,6,-4,-2,5,-6,-47,4,-19,1,-3,-2,0,-2,2,3,-4,-3,-3,2,1,-6,0,-3,-4,-1,-1,-1,0,-2,3,-3,-3,-3,3,-4,-2,-1,-4,-3,0,-2,-1,-1,-4,1,-6,0,1,2,0,-1,-1,-2,-1,0,2,5,1,-7,2,8,-6,10,8,-7,-3,-9,4,-2,2,9,-5,-6,-4,-10,-9,-4,4,2,-4,0,-4,0,-8,-8,-11,-5,-5,-4,-2,-11,-8,-2,-4,-3,-5,1,2,-4,-5,16,-4,-3,-2,4,4,-9,4,9,-1,16,9,-6,-3,-2,-4,-5,-4,-2,-2,1,-9,-1,-2,10,-6,11,-7,-5,-10,-11,-6,7,-17,-14,-10,-9,-6,-10,-3,-8,-7,-2,-7,-10,-7,-12,-5,-14,-4,-2,-15,8,1,-7,-12,-6,-12,-17,3,-5,-6,-9,-4,18,-13,-8,-9,6,0,-1,-3,9,-11,11,1,-5,-4,-3,-3,-5,-7,-8,-12,-18,-13,-23,-9,-5,-22,36,-29,-12,-21,-12,-12,6,-22,-10,-16,-13,-4,-11,-1,-14,-7,-29,-16,-20,-8,-9,-16,-6,-16,-13,-24,-15,5,-16,3,-13,-14,-12,-6,-5,-8,-20,-21,23,-15,-23,-14,-6,5,-12,-6,19,-22,10,12,-3,-7,-16,-2,-15,-14,-11,-14,-29,-40,-29,-18,-6,-64,42,-37,-40,-38,-31,-49,-5,-46,-18,-41,-25,-13,-25,-18,-25,-3,-50,-35,-27,-71,-49,-23,-40,-53,-46,-28,-15,17,-21,23,-38,-44,-4,-16,-8,-31,-33,-34,44,-25,-67,0,-14,-5,-10,-2,33,-43,42,38,-27,-9,-42,11,-15,-9,-6,-58
1,1,2,1,1,-1,-1,-2,0,-2,0,0,0,0,0,-1,0,-1,-25,0,0,-1,0,-2,1,0,0,-77,0,0,0,-2,-2,-1,1,-1,-94,-1,-1,0,2,-4,-3,-2,0,-58,-2,0,-9,-5,-7,-4,-8,-1,23,-4,0,2,2,-1,2,0,-1,-1,-8,-1,-4,0,-1,-4,-3,0,-3,-5,-3,-2,-2,0,-2,-4,-2,-2,-24,-1,-2,-2,-5,-2,-1,-4,0,-18,-5,-3,-5,-2,-2,-3,-5,-3,-24,-10,-3,-8,-3,-4,-4,-5,-2,-48,9,-9,-3,-4,-9,-13,-2,-31,-36,-5,-1,-4,-7,1,-10,3,-11,-14,37,3,-1,-6,5,-3,-2,-7,-4,36,0,1,-2,0,-1,-14,0,-2,40,-2,0,1,0,0,0,-4,-3,49,-2,-2,-12,-2,2,-5,3,-3,48,-8,-3,-6,-1,-22,-5,-8,-12,43,-2,-8,7,-20,-8,-13,-10,4,35,-3,-3,-8,-7,-2,4,-22,0,-12,-2,-2,-2,-2,-1,-3,-2,0,-1,-6,-5,-2,-4,-5,-3,-2,-3,-5,-20,-2,0,-4,-5,0,-3,-13,-12,-5,-3,-8,-11,1,-7,-3,-2,-13,-24,-15,-9,3,-8,-12,0,-2,-17,-38,-5,9,-5,-12,-21,-13,-5,-3,-41,25,-9,10,-12,12,17,18,29,14,32,-1,1,0,1,0,0,-3,4,39,0,0,0,-1,7,-3,0,-1,45,0,-2,0,-2,-2,-3,-3,-11,58,-2,-5,-11,-8,10,-1,-3,-19,52,-8,-12,-16,2,-6,-6,-3,-12,48,-4,6,-19,3,7,17,-2,-4,-5,18,-11,9,-18,16,9,20,20,8,-1,1,0,-2,0,0,-2,-1,12,-10,-21,-3,-6,-3,-11,-8,-1,0,-17,-1,-2,-4,-6,-2,0,1,-1,-28,0,-3,-2,-2,0,0,0,2,-81,0,-1,-2,1,0,1,1,0,-89,1,-2,0,0,-1,2,0,-1,-87,-3,-1,1,-2,0,0,2,-1,-2,-6,1,0,-6,-11,-17,-8,0,0,-4,-6,-13,-6,-9,2,-2,-1,-1,-18,-4,-5,-11,-8,0,0,0,-5,-24,-1,-3,0,-2,3,-3,-1,2,-66,-4,-3,-11,1,2,1,1,-5,-78,-24,2,1,3,2,2,2,-53,-28,3,0,1,-2,-3,-5,-3,2,41,-7,-5,-2,-18,0,-17,-12,1,-9,-5,-9,-5,-11,-16,1,-4,0,1,-19,-4,-1,-7,-7,-3,-5,-2,-5,-31,-6,-1,-3,-4,-2,-2,-3,2,-59,-2,-3,-2,-2,2,-1,-1,-3,-63,-5,-1,-4,0,2,2,0,-6,-9,0,1,-7,2,0,1,0,-10,47,8,-7,-4,-3,-5,-22,-6,-14,-6,9,-5,-2,-14,1,-33,-8,-16,-6,16,-11,-2,-13,-16,-20,-7,-8,-3,-18,-13,-8,-2,-25,0,-2,-6,-9,-12,-6,-3,-28,2,-3,-3,-1,-2,-49,-13,-25,0,0,-1,2,-7,-4,12,-49,-2,-1,-4,-7,-16,-27,-65,58,-6,-18,-40,-19,-19,-11,-12,-16,-11,-14,-9,-39,-30,-9,-20,-22,-8,-39,-13,-19,-19,-31,-15,-7,-12,-9,-23,-25,-14,-17,-12,-9,-7,-6,-8,-7,-25,-13,-19,-19,-6,-3,-11,-6,-12,-49,-11,-22,-1,-10,-4,-5,-11,-21,-6,-40,-4,-11,-6,-6,-8,-47,-40,60
1,-1,-1,0,0,-1,-2,-1,5,5,9,5,-1,4,5,-1,2,-1,6,7,2,11,1,5,1,-2,-1,1,-2,10,-5,4,6,9,1,0,2,-6,3,-7,-16,-9,-2,10,-1,33,3,-1,24,-43,13,-12,-13,-5,-3,0,-1,-1,1,0,1,-2,-2,0,0,1,7,6,-11,-7,4,3,9,-12,2,11,12,20,-6,8,-2,17,2,5,0,10,14,4,25,5,3,-21,-2,-12,5,-8,-18,-5,12,18,0,4,3,-22,9,-22,27,-14,2,5,-1,22,0,-22,-5,22,-9,-1,-7,4,4,16,13,-6,-22,-40,-10,3,13,2,1,6,-4,7,18,1,-1,10,2,5,6,12,6,-4,7,5,2,9,12,13,-13,5,-3,-11,1,15,-21,9,5,4,-1,7,12,2,-3,3,-11,10,-2,4,-12,10,-1,19,0,-12,20,1,11,-14,-20,0,-16,7,0,-2,-13,1,16,12,-8,-6,-3,10,3,2,8,7,0,8,1,-7,10,-11,-8,0,8,1,9,6,10,10,13,-15,15,-10,12,27,10,-2,-4,10,-2,0,1,16,7,18,12,0,4,5,10,15,8,11,14,0,-10,-12,-14,14,-12,-2,1,3,-10,-6,-1,9,-23,-11,22,-15,14,9,-1,-6,-7,4,-8,9,16,-8,2,6,13,2,-2,6,8,6,9,9,8,10,18,-2,-1,-2,6,1,2,8,1,8,12,-20,5,28,18,7,14,-7,-10,7,16,1,-5,7,1,11,19,5,14,6,24,-38,6,4,5,18,-17,5,-7,22,3,10,-8,2,-2,2,-2,1,-1,0,2,1,-3,-7,-3,-8,-16,15,3,-9,-1,-3,9,0,-3,0,-10,4,1,-3,-3,-6,1,-3,7,-4,3,-2,-6,-5,1,-4,3,-3,2,4,1,-3,-1,1,-6,-2,-2,3,-4,0,3,-4,0,-2,-2,2,0,-2,-2,-2,1,-2,5,-14,0,2,-17,-15,6,3,-29,-1,-3,-30,-27,7,-30,-6,5,7,8,-3,4,6,-2,-2,6,-15,-3,4,15,-13,-2,-11,-2,-14,-11,-4,6,-5,15,-4,0,5,-1,-10,-8,-4,-7,-3,-3,-7,-7,-6,10,-6,6,-7,-6,2,-1,-5,-9,-2,-1,-9,7,-8,6,-17,-25,6,-1,-8,-20,-4,-6,-13,-21,-3,-16,-2,-21,5,16,-19,2,9,-9,-5,2,-10,-7,13,15,-17,11,-7,-10,-10,-9,5,9,-8,11,-7,0,11,-3,-10,-11,1,-17,0,-23,-6,-8,-5,13,-9,3,-15,-5,11,-5,-3,-6,-4,-13,6,-2,-25,17,-9,-46,-21,14,-4,-13,-12,-39,-7,0,-3,-9,6,-19,7,13,-3,-6,-7,-11,16,-1,-26,-12,18,20,-32,14,-27,-8,-8,-7,-14,10,-22,20,-9,20,22,-10,-16,-16,-10,-15,-14,-4,-19,-15,-2,21,-7,-8,-11,-7,13,-13,-3,-4,-9,-7,-10,1,-26,23,-18,-56,-7,30,2,-55,-6,-49,-25,-11,-37,-25,-16,-40,12,26,-9,-6,1,-18,16,-8,-14,1,29,25,-43,18,-38,-17,-11,11,-26,25,-31,23,-25,27,20,-21,-63,-45,-38,-63,-23,-19,-43,-36,-20,23,-51,-30,-50,-10,8,-30,-18,-18,-42,-21,-21
1,0,0,-1,-2,2,-2,-1,8,-6,2,-3,4,7,9,4,5,-7,-10,-3,4,7,7,2,3,-7,-15,-6,-2,1,2,2,0,-7,-5,-3,-2,-2,-4,-2,-1,-6,1,-5,-3,-11,2,-2,0,-12,-13,-6,-16,12,2,5,1,2,2,2,2,0,-1,1,8,-4,9,-2,6,4,-1,3,3,-4,7,3,1,5,5,4,2,-4,1,9,-2,6,6,5,-6,0,-20,5,-4,5,8,6,-4,-7,5,-3,-2,0,2,5,0,-6,-8,-8,-6,6,4,8,1,-9,-4,-5,-1,1,-5,3,-6,-5,1,-10,2,2,3,13,3,14,5,-1,2,-2,-3,2,12,-3,6,3,-3,0,6,-9,2,6,-5,14,-3,2,-2,4,8,4,-4,-8,2,-5,-3,5,-2,-6,-11,2,-5,0,-6,-3,-5,-3,-6,-1,1,0,5,-2,-8,-2,-10,-3,-5,-5,-3,16,12,-5,2,-5,-9,-2,0,0,9,8,-3,14,12,12,8,10,7,11,5,8,16,8,10,6,15,12,4,7,13,9,8,6,2,27,12,14,13,10,12,18,0,10,5,13,18,3,8,15,-5,10,1,1,5,18,7,9,0,7,8,3,17,6,5,15,-3,6,2,-2,17,3,5,8,-2,14,16,16,23,10,25,14,20,8,25,15,10,-21,7,-7,16,24,0,27,19,4,7,22,17,5,25,23,24,15,26,36,20,22,8,29,40,21,12,8,-17,20,-15,33,19,18,8,17,22,28,-1,22,13,18,-6,18,-12,9,3,27,18,14,2,-5,-1,2,1,2,1,2,1,1,11,1,-3,-18,6,-9,-24,7,-9,10,-8,-4,-4,-6,-3,-2,-19,13,-46,0,-1,-1,-1,-3,-23,10,-41,-2,-4,-5,-2,-3,-18,6,-25,-3,-5,-9,0,-4,-17,6,-17,-1,-2,-5,-1,-2,0,1,2,-1,-2,2,-1,1,6,3,3,2,-1,5,-15,0,1,5,-2,2,-7,4,-4,2,0,3,-10,3,-3,1,3,1,3,9,-2,-2,5,-5,-1,-3,-2,4,2,-1,-3,-2,1,-1,3,6,-2,-1,4,-1,2,0,2,1,-4,5,-1,2,-3,-4,4,0,1,1,2,1,-3,2,-2,-12,4,-13,1,-13,-1,-4,-12,-2,-20,2,-10,1,-14,-3,-9,-9,-11,-9,4,-11,-18,-16,-14,3,-18,-5,-16,3,-11,-1,-5,-8,-4,-12,-7,-13,-4,-13,-8,-1,-17,-4,-11,-4,-12,-4,-6,-11,-1,-13,-1,-10,-9,-9,-10,3,-11,-1,-10,-3,-11,0,-15,11,-12,-23,-10,-17,-16,-10,-11,-10,-12,-3,-11,-8,-15,-10,-14,10,-18,-10,-5,-12,-15,-7,-14,-7,-16,-14,-5,-13,-19,-10,-24,-7,-16,-19,-7,-11,-15,-12,-21,-14,-20,-18,-4,-15,-26,-14,-22,-19,-17,-17,-7,-13,-18,-10,-27,-13,-24,-13,-10,-16,-9,-15,-34,14,-33,-14,-1,-18,-20,-4,-11,-12,-9,-24,-21,-19,-9,-28,-41,9,-29,-26,-3,-37,-9,-12,-12,-9,-34,-20,4,-6,-24,-9,-13,-13,-52,-35,-25,-5,-4,-27,-22,-23,-28,-26,-4,-25,-16,-28,-21,-47,-40,-36,-1,-11,-30,-18,-46,-32,-44,-10,-10,-31,-23,-4
0,-1,-1,-1,-2,2,2,1,2,-1,2,-2,-5,-9,2,5,-1,3,4,-5,0,-15,2,2,0,3,7,5,0,-8,8,2,0,3,1,-1,6,-8,3,-9,-9,8,-15,3,3,22,-6,7,-12,16,0,-12,24,-5,11,11,0,-1,-2,0,1,2,1,1,-6,-1,21,1,0,6,3,22,-3,0,2,11,-1,13,-1,11,-5,0,5,12,1,5,5,6,-1,-7,14,-6,7,7,6,0,-19,0,-6,-8,19,9,3,17,3,17,-13,4,6,18,-8,4,-7,8,32,2,2,10,9,9,-3,13,1,3,-7,-16,5,9,12,0,2,17,-2,1,-16,27,3,-2,6,4,7,4,9,14,-6,4,5,9,-1,7,13,3,7,0,6,-12,16,-3,18,2,5,5,-17,10,15,7,4,18,25,-10,19,12,-3,5,16,-7,-6,20,29,6,17,11,-5,-3,12,-10,18,1,4,3,12,0,6,8,10,6,7,19,10,12,5,3,-9,6,-12,3,-10,16,10,10,11,13,10,-1,11,16,2,0,-11,-3,-4,4,8,20,-33,-12,-13,12,15,2,14,26,0,4,-2,10,8,15,4,22,14,-18,-3,-9,-2,2,6,26,19,11,13,4,19,-7,-9,18,-2,17,16,16,11,25,8,16,15,3,14,14,10,4,16,19,1,5,13,17,9,12,6,11,9,-11,11,11,12,0,0,16,-4,-9,-7,20,-22,2,10,9,14,11,22,17,-9,8,15,18,-2,19,7,12,-1,-21,-11,-13,12,-10,11,-22,27,3,-1,-1,2,0,-2,-1,1,1,-2,0,0,1,14,-21,11,-19,-36,34,-1,13,-9,1,2,6,-9,20,-2,-1,-4,-8,-6,-6,-1,8,-3,-1,5,-2,8,-9,2,2,3,7,-2,-12,-5,-5,-7,4,1,-17,-1,-3,6,-2,4,3,-2,-2,1,-2,-1,1,2,1,-2,15,-4,-12,-15,-6,-10,2,-4,-12,-17,-16,-12,-10,-20,7,-3,12,-17,-2,-13,-4,-21,5,-4,-1,-15,-3,-13,-9,-3,-10,-12,2,-7,6,6,-9,-3,11,4,0,-7,-5,-13,3,-8,-2,-1,-22,-5,-5,8,-12,6,-6,11,2,8,4,-7,-6,-3,-12,6,3,3,-20,7,-6,-18,14,-2,-6,-2,-9,-8,2,-23,10,-7,24,-9,-7,-14,-6,-5,-2,8,-12,-13,-17,-18,-13,-8,3,8,1,-7,-7,-1,-10,-4,11,-17,2,-14,-6,-8,1,-19,-3,3,-27,-12,-4,3,-9,7,-5,-4,-16,-11,7,-9,2,-20,-1,-14,8,-16,6,2,1,3,22,-2,-2,-6,-1,-19,-16,-13,-15,-5,10,-6,-8,-15,6,10,-6,-5,-4,-7,-2,-8,1,-2,-5,-1,11,-18,-7,-2,-7,-2,17,1,-15,-15,-14,-9,-5,-11,-5,-25,1,-12,-7,6,-4,8,5,9,-6,-4,-5,1,0,-5,-7,16,3,10,-7,17,3,13,25,-14,20,-25,-3,-14,5,-33,13,-4,16,-12,-9,-25,18,-4,-10,-6,3,-11,-14,-14,-15,-13,24,8,4,-8,5,-14,-9,-5,29,-13,-8,-13,-1,-10,-1,-4,-1,-17,-14,-14,-6,1,10,10,-16,1,-22,-6,2,-2,-5,-3,3
-1,1,0,1,0,-2,2,-2,0,-1,0,-1,-4,-2,-3,-3,1,-2,0,1,-2,-5,-2,-4,0,-5,-2,0,-1,-3,-8,-4,0,0,-1,-1,-1,-9,-10,-31,-2,-6,5,3,-3,-6,0,-16,10,0,-16,-13,3,10,84,30,-1,1,1,-2,1,0,-1,-1,-1,-1,-2,4,-3,1,-1,-7,-5,-8,2,-1,0,-1,0,-2,-1,-2,-1,1,-2,-3,2,0,-3,-1,2,-1,0,-2,-6,-3,-2,-6,7,0,0,-2,3,5,9,-1,3,-2,-8,0,22,14,-3,12,-4,-7,13,-12,18,1,1,5,3,3,-10,-26,1,5,-5,-1,0,1,-2,0,-11,-4,3,2,2,1,3,-8,1,-9,-4,2,3,-3,-2,1,-4,0,-5,-5,2,-5,-1,-1,2,4,5,-2,-7,3,-1,-3,9,8,-2,10,-4,2,1,24,-11,26,-12,-3,4,-35,1,-5,42,-3,-5,1,-17,-11,0,-28,7,4,1,0,-3,1,5,2,-3,-2,-2,4,-4,3,1,3,-2,0,0,2,-3,3,-10,-1,2,-3,4,-3,3,-17,2,-5,-1,1,-6,-2,-15,6,6,-6,4,-13,1,-6,-4,8,11,4,0,-24,19,5,17,1,4,-5,-10,62,12,8,40,36,31,21,36,40,1,6,6,8,7,4,-3,1,12,1,2,6,9,2,-15,8,-1,4,0,4,6,7,7,13,3,-8,-2,8,3,2,12,11,-7,0,-12,-5,15,6,8,6,3,3,-24,7,7,46,10,19,4,-5,11,26,27,-2,53,38,-8,-1,-5,-16,32,37,55,16,-1,-2,2,-1,2,1,2,2,-6,-8,1,-18,-3,-4,3,0,-6,-8,2,-1,-6,-5,1,4,-3,-1,0,0,0,-1,-3,-6,1,1,0,2,-2,2,9,0,0,0,1,0,-2,1,-25,-18,0,0,1,4,0,-2,-40,24,1,0,-1,2,0,-1,1,-2,2,5,-6,4,5,8,-3,-2,3,-9,-1,-9,11,0,-4,-5,4,-2,4,-17,3,-3,-10,-5,1,0,1,0,0,-11,0,-16,-2,4,-3,2,-5,-1,5,0,2,-1,-1,-1,-5,0,-47,-3,-1,-5,-1,2,-2,-12,-8,6,10,2,-5,0,-3,-7,2,20,-5,0,2,-8,1,-4,1,-8,-1,-7,-11,1,-13,6,1,-5,-6,7,-13,-5,-3,-1,-10,-5,-2,-7,1,-11,-1,-8,-2,-4,-5,-3,-3,4,-10,-5,2,-3,1,-8,1,-4,-2,-19,-14,1,3,-1,2,2,-5,-4,-5,15,6,-8,0,5,8,-3,-24,23,1,-2,-10,-25,-4,12,-1,-11,-6,-7,-13,2,2,1,-26,-2,-2,-3,-2,-28,-16,-21,-56,-16,0,-11,-1,-4,-10,-5,-41,-23,-2,-3,2,-4,-30,-13,-28,-15,-3,-2,-4,-12,-12,-19,-66,-38,-3,-4,-1,-1,-36,-30,-10,-48,-1,0,1,3,-55,6,-102,31,-9,-18,-12,-13,-19,-15,-28,-6,-10,-19,-10,-12,4,-32,-11,-18,-16,-18,-15,-12,-15,-24,-23,-25,-20,-11,-15,-20,-28,-25,-14,-37,-10,-12,-16,-9,-17,-14,-33,-19,-6,-5,-4,-7,-12,-17,-36,-26,0,-2,-1,3,-4,-10,-6,-41,8,3,5,7,-1,-1,-59,34
2,-1,-2,1,-2,-2,2,2,0,0,0,0,1,-1,-4,-38,-1,-1,0,0,0,-2,-3,-41,-1,-2,-1,0,-1,-6,-2,69,-3,-2,-2,0,-3,-3,5,-38,-2,-2,-3,-3,-4,-4,4,16,-1,-9,-5,-12,-13,-6,-1,-28,2,-1,-2,1,-1,-2,0,2,-2,1,4,0,-1,4,2,1,1,6,2,1,6,-1,5,-2,2,2,2,6,1,1,0,2,-1,3,0,2,-2,5,-2,5,1,1,-2,2,1,3,5,1,0,-4,4,-4,-4,0,2,-9,-2,-2,-2,3,-1,0,2,0,-2,5,-5,-4,-4,5,2,0,-1,3,2,0,1,2,5,4,7,2,7,1,3,3,3,3,1,2,3,4,1,3,2,3,3,-3,2,0,2,4,-5,22,-1,2,-1,-1,2,0,7,0,-1,0,0,-1,-1,-2,5,-2,0,-2,3,-3,-4,5,1,4,-3,0,0,2,7,3,3,3,4,4,3,4,4,2,4,4,3,3,-1,1,3,1,1,2,3,1,3,0,4,6,6,-1,2,2,1,-1,5,3,5,-3,1,3,4,4,3,2,12,10,1,2,2,1,5,1,5,2,5,-5,0,2,4,1,3,-2,1,-3,3,0,-1,1,1,0,11,10,10,11,16,7,13,-2,6,9,11,11,10,3,4,2,14,11,9,11,5,12,9,2,11,4,7,9,6,5,2,28,4,2,4,6,6,0,3,7,-6,3,-13,7,8,-2,10,2,-1,-3,2,-3,4,11,7,4,3,6,8,-3,-8,4,14,13,0,-2,-1,1,1,0,0,0,-14,-11,-9,-5,-12,-6,1,-37,-4,0,-3,-3,-3,-5,-9,-33,-3,-2,-2,-1,-2,-3,-7,-15,-2,-2,-1,-2,-1,0,17,-2,-1,0,-1,-1,-1,-1,-8,-7,-1,0,-1,-2,-2,-2,-5,-8,0,-2,1,0,2,1,-2,0,-7,-6,-5,-11,-9,-8,-11,-10,-6,-5,-8,-5,-9,-5,-23,-14,-5,-5,-1,-7,-2,-14,-12,2,-4,-5,-6,-5,-4,-12,-6,-4,-4,-2,-6,-5,-9,-11,43,-7,-4,-3,-3,-5,-3,-4,-17,-1,-3,-3,-4,-4,-8,-3,-7,-5,-6,-3,-3,-3,-5,-7,-5,-11,-8,-9,-3,-13,-26,0,-8,-4,-1,-8,-6,-5,-8,-20,-2,-14,-5,-5,-5,-9,-6,-7,-19,0,-5,-9,-4,-7,-5,-5,-6,-25,-9,-5,-9,0,-9,-5,48,-16,-3,-7,-3,-7,-5,-7,-6,-5,-7,-4,-9,-5,-8,-4,-9,-4,-3,-6,-3,-9,-6,-7,-5,-7,-15,-12,-10,-14,-15,-11,-10,-15,-14,-14,-12,-15,-11,-8,-12,-35,-14,-14,-13,-14,-11,-13,-24,-32,-15,-10,-12,-15,-16,-29,-19,-12,-12,-13,-9,-11,-10,-7,47,-8,-7,-10,-5,-10,-11,-8,-14,-3,-10,-9,-10,-8,-10,-8,-9,-7,-8,-9,-9,-10,-6,-10,-12,-7,-21,-20,-16,-22,-28,-28,-24,-29,-35,-32,-36,-25,-25,-34,-22,-28,-22,-17,-36,-22,-1,-33,-30,-26,-35,-28,-25,-24,-30,-44,-29,-6,-19,-23,-22,-16,-24,-23,69,-26,-20,-20,-23,-23,-20,-16,-28,-11,-23,-20,-18,-17,-16,-18,-18,-18,-13,-19,-22,-15,-12,-17,-20,-19
1,1,2,-1,0,-1,-2,-1,-4,19,1,16,-1,3,-4,-2,0,3,2,1,4,2,0,-2,-1,3,3,4,2,-1,1,2,4,-1,3,1,-3,-1,1,3,4,1,-1,2,1,4,2,-2,-7,-2,0,0,-1,-2,5,3,0,-1,-1,-2,0,-2,1,0,-36,19,-42,13,-41,17,-2,14,0,21,1,22,0,17,-8,6,5,1,8,9,8,6,7,7,10,1,13,6,12,1,12,5,-25,7,-5,9,5,4,6,12,-1,3,-3,1,-1,3,1,1,1,2,9,-24,6,12,2,1,1,-7,3,-4,-4,-15,-13,-7,-34,3,-52,0,-5,1,4,9,1,-13,-2,7,4,3,0,-4,-13,-2,-4,2,6,1,5,2,5,-14,0,2,5,0,4,-7,-2,-8,12,-3,-7,5,3,-2,-2,5,1,-1,5,-1,-1,-7,3,10,6,4,1,-12,-4,0,1,1,-8,-13,4,0,-16,-10,4,18,13,13,12,10,11,12,16,20,7,19,12,18,5,14,9,25,16,22,14,6,18,16,9,8,2,27,7,14,13,5,7,6,15,18,2,1,16,0,5,7,1,16,5,11,5,3,0,7,5,15,3,1,5,8,12,16,8,14,11,16,14,11,14,3,-6,5,18,-8,33,18,20,36,-2,37,29,27,11,29,19,38,41,28,20,11,23,18,28,20,5,34,24,21,27,25,11,22,29,16,32,17,30,14,8,34,19,31,30,12,16,18,8,15,-2,-1,12,10,15,15,10,26,7,32,12,8,31,17,2,0,-1,-2,-2,2,-1,1,-33,23,-70,25,-26,5,-3,7,-27,11,-43,11,-8,1,-1,-11,-14,7,-11,1,7,-10,2,-10,-8,-1,-6,-3,4,-13,1,-7,-5,-2,-5,-2,2,-5,0,-3,-6,-2,-6,-3,0,-5,0,-2,2,2,-2,0,1,1,-1,0,-4,-10,-42,-6,-23,-16,-10,-7,4,-11,1,-8,-10,-8,-2,-12,-2,-8,-4,-3,12,-23,-14,-14,-22,-3,-13,-9,-27,-11,-8,-9,-14,-15,-12,-6,-8,-9,-8,-12,-6,-12,-8,-11,-11,-9,-9,-8,-4,-11,-6,-11,-7,-8,-10,-9,-10,-7,-16,-5,-12,-7,-7,-8,-3,-4,-38,-2,-17,-7,-5,1,-14,-4,-4,7,-12,-11,0,-13,7,-9,-4,-8,-12,-8,-3,-16,-11,-17,-9,-12,-8,-14,0,-7,-5,-15,-12,-3,-13,-6,-9,-8,-7,-13,-9,-5,-8,-12,-5,-18,-20,-11,-8,-1,-15,-4,-12,-6,-11,-14,-6,-6,-5,-8,-11,-14,-6,4,-19,1,-12,-5,-11,-17,-4,-10,-13,-6,-15,-8,-15,-17,-3,-18,-3,-14,-3,-6,-11,-13,-14,-19,-6,-13,-18,-10,-13,-15,-12,-22,-16,-17,-14,-11,-16,-16,-15,-21,-16,-15,-14,-13,-18,-18,-17,-25,-10,-21,-15,-15,-19,-15,-14,-16,-13,-12,-12,-15,-9,-9,-17,-29,-28,-10,-28,-14,-1,-25,-24,-15,-9,-15,-36,-28,-7,-14,-5,-14,-2,-17,6,-16,-21,-32,-18,-10,-11,-17,-26,-6,-23,-8,-30,-40,-26,-38,-18,-16,-33,-14,-23,-16,-18,-15,-9,-22,-33,-14,-31,-28,-22,-11,-28,-5,-15,-25,-7,-11,-18,-9,-13,-12,-6,-16
-2,0,2,1,-2,1,-2,1,-2,-2,-1,-3,1,-1,2,0,-1,-5,-2,-5,1,1,-2,2,-1,-10,-1,-8,-1,19,-2,7,11,-10,28,7,17,-1,-8,-3,-6,-8,-11,-21,-6,-8,-15,-8,5,-28,3,40,4,6,-22,-1,0,-1,1,0,-1,0,-1,1,-16,-2,-20,4,2,-5,3,-14,-6,-7,-5,-3,-5,1,-4,9,-4,-15,-5,3,1,6,-1,10,19,3,17,-2,13,-3,-25,0,-5,0,-11,-9,-19,20,-8,-12,-8,-20,-20,-12,2,-3,-7,-15,-1,27,-1,0,5,18,-15,-10,-1,11,32,-5,6,-9,-25,-15,-2,-4,3,-1,-6,1,-7,-1,-6,-2,-8,-2,0,-2,5,-5,14,-5,-2,5,7,-4,-6,-2,-1,8,-3,2,-8,15,6,13,19,-5,19,-12,2,8,-6,-6,0,7,1,-17,-8,2,-3,0,6,-11,20,4,21,-4,-17,-4,8,11,17,14,-5,-1,13,-14,4,6,1,4,2,7,2,3,6,4,10,18,5,-2,1,1,1,4,-3,6,2,-2,16,2,-3,-1,-13,3,-11,-1,3,9,5,9,-2,6,1,7,3,20,14,16,20,2,7,15,5,6,-6,-9,-20,2,1,-20,-3,-16,-14,12,-12,-2,6,-12,3,2,5,12,7,5,2,-7,3,13,8,5,10,12,3,-11,4,6,11,4,-6,7,10,8,7,-5,-8,-2,-9,2,7,5,29,-3,-1,8,21,6,-2,12,4,9,9,-21,8,-2,-3,12,-9,15,-1,-20,15,38,3,-7,3,-24,-31,7,18,34,6,26,7,-10,-2,2,0,-2,-1,0,0,-1,-28,-16,4,-5,2,-6,4,-10,-5,-3,-11,-8,0,-6,-1,-6,-2,-6,-2,-2,-4,-3,-1,-3,0,1,-6,2,2,2,0,-2,0,2,0,2,-1,-1,-5,-5,0,-2,-5,1,-3,-1,-1,-2,0,2,2,2,-1,2,0,1,-6,4,-5,-3,-16,-4,2,4,-1,-22,0,2,1,-10,-3,0,0,-16,-5,-11,-3,-12,-6,0,-6,-3,-14,-10,-14,-8,4,-10,-5,-8,-4,0,-5,-6,36,-2,0,15,3,37,-2,-3,-7,0,-2,-7,-7,3,-2,-4,2,-1,-5,1,-4,-6,1,-7,-1,-9,-6,-10,-8,4,-21,-4,-6,0,-6,19,-5,-13,-6,-1,-2,4,-15,-16,-4,-10,-23,-7,-2,-2,-12,-9,-16,-3,-11,-9,-4,0,-19,-2,-7,2,-3,-4,33,-7,1,8,-1,36,1,-6,-6,-5,-11,-5,-5,2,-8,-2,-2,3,-1,-3,1,-7,2,-3,-2,1,-22,-24,5,-27,15,5,-20,-5,1,26,-5,-31,-9,-9,-17,-23,-8,-18,-13,-23,-11,-14,-12,6,-22,-12,-29,-16,-8,-15,-12,0,-10,-14,-17,-11,-7,-10,45,-7,-13,32,-21,45,1,-11,-20,-5,-5,-10,-21,-2,-3,-25,-15,-4,-7,-7,-6,-3,0,-4,-7,-7,-40,-64,-12,-17,-22,-14,-34,-9,-17,19,-16,-26,-40,-6,-29,-36,-15,-50,-54,-25,-20,-26,-39,2,-17,-30,-60,-24,-51,-27,-48,-5,-45,-26,-24,-30,6,-12,56,-17,-36,46,-25,55,-6,-32,-22,-5,-28,-17,-29,-8,-18,-19,-23,-30,-23,-22,-12,-6,-3,-6,-8,-10
1,0,-1,2,1,1,-2,2,9,-2,9,-3,12,3,6,0,1,-4,-2,-2,0,0,-2,-1,1,8,4,-3,5,7,-6,7,-3,12,-1,3,-2,-3,-4,-1,-2,-9,3,9,6,-9,-1,3,-9,41,-14,13,-2,-3,-4,-1,1,2,1,0,-3,2,1,-2,-2,-7,15,4,-1,-5,7,13,0,-15,-14,-3,-8,6,-9,6,-8,17,-7,6,-1,0,-10,17,-4,10,0,8,0,6,-6,-8,0,-7,10,-12,27,-28,16,-8,-16,30,-12,1,-2,-1,-13,-13,17,-2,16,-15,18,-20,-17,-4,6,6,-29,8,-7,3,-12,-9,-4,-11,4,7,6,2,1,0,20,-3,6,2,6,3,9,-20,1,3,8,-8,0,-4,-10,-5,9,0,14,-8,12,-14,8,8,-6,9,-9,14,-4,6,-7,5,1,-1,19,-27,30,-2,-6,13,5,40,-28,21,-10,-4,-13,8,3,-15,11,1,7,12,14,-1,-2,3,-4,-5,-5,4,-5,1,2,2,-2,-6,-10,4,-1,2,1,-3,9,-3,-4,2,1,-1,-9,-8,0,-6,-14,-7,-2,-9,6,12,9,-7,-3,12,-17,4,3,16,-7,15,1,7,-29,-2,-6,-23,-3,4,-1,7,4,1,18,14,15,-1,3,13,-9,5,-3,5,6,-2,-4,15,-8,7,12,8,0,5,3,-4,16,14,10,-4,13,-7,5,9,6,4,6,13,-10,6,-7,-15,10,25,-8,-1,-7,-11,14,4,-16,11,-3,4,-10,-15,15,16,11,21,-5,-17,-15,-31,0,15,12,25,11,-17,-7,3,29,-2,25,-11,-1,2,0,2,0,2,-2,1,-5,8,3,-15,0,17,-41,8,2,0,-7,1,-3,3,-2,-1,-2,0,-1,4,-1,-2,-1,-1,2,1,1,1,1,-1,1,-1,3,3,3,-1,-3,-4,1,0,2,1,1,1,-5,-4,-3,0,-1,2,1,-2,-1,-1,-1,0,-4,-1,-10,-8,-11,-35,2,-13,-3,17,-9,-14,-12,3,-21,0,-8,6,-9,-6,-2,-17,-6,6,-4,-6,-1,0,-8,-8,1,2,5,-11,1,-2,-3,-4,26,-5,1,2,1,-8,1,-3,-7,-1,-7,2,-4,0,-3,-4,-7,-5,9,-3,15,-1,-4,-2,-2,-3,-4,8,3,-2,4,7,-12,0,-2,18,-5,-22,-7,15,-11,-7,-7,19,-11,16,-20,10,-7,3,4,-1,-17,-2,-6,-13,5,-1,2,0,4,1,-5,-5,24,6,4,-11,5,-5,-4,1,1,-4,-12,-7,-2,4,-1,-5,-2,8,12,-4,5,-9,1,-2,-2,2,-3,0,9,-33,9,-8,-1,0,-11,7,-8,3,-24,19,-7,-2,-10,32,-23,27,-37,24,-5,-2,-5,-13,-30,-10,-5,-13,-18,-1,13,-32,-11,22,-25,-35,32,-10,-2,-11,0,-4,-10,-9,-25,-4,-5,-7,-3,8,-15,6,3,-9,7,-1,16,-3,-6,-4,-3,-3,-9,-17,-22,-24,-32,-30,-12,-11,-61,29,-36,-4,-42,28,-40,-25,-15,45,-41,46,-25,50,-38,42,-21,-16,-26,-26,-14,-11,-33,-43,30,-21,1,47,-34,-41,41,-34,20,-15,48,-30,15,-46,-23,-19,-3,-24,-16,25,-50,31,-13,-1,25,-21,32,-20,-28,-20,-26,-18
0,1,2,2,-2,1,1,-2,-4,4,-3,0,-4,0,9,0,3,-1,0,8,-4,3,0,-1,-2,1,1,0,-6,6,5,1,-6,6,-2,4,-7,-3,0,-1,-10,27,-1,-8,-8,-15,3,-5,35,-36,21,-10,-7,-1,-40,21,1,-2,-1,-1,-2,0,-1,-1,7,-3,-10,4,5,13,5,11,11,5,4,8,-6,18,7,-6,-4,-12,1,-5,-3,17,5,1,-9,0,-6,6,-10,-4,12,1,12,6,-4,-10,-1,-6,0,1,18,-26,29,-40,-29,10,-12,-15,19,-25,-20,22,12,-9,3,-1,-15,9,0,3,4,4,6,-9,-3,4,0,6,0,-4,2,6,-11,-3,4,4,-5,-4,7,16,12,-1,0,2,-2,-1,12,-5,12,-2,-3,6,-2,14,3,2,-1,13,9,-1,16,4,4,-1,-4,16,6,21,-9,-1,11,-2,16,-18,23,1,7,4,-12,-3,10,22,-13,7,16,-3,13,11,5,2,3,3,3,3,7,7,2,-6,-2,3,-3,-2,7,13,-4,9,-6,6,12,-1,1,18,8,-5,11,20,9,9,13,14,-10,12,-14,-5,8,-3,10,11,-10,13,-3,-8,7,2,12,10,-17,21,1,-6,-10,-12,20,9,20,10,11,1,3,11,10,5,3,3,8,12,7,8,12,16,-3,-13,10,11,9,-1,26,16,7,-1,-1,6,10,8,25,8,0,-2,9,6,5,14,22,19,-6,0,0,11,11,23,20,18,2,15,-2,21,30,4,5,-7,7,-39,16,12,-1,31,15,26,14,12,-8,6,-3,2,5,10,-2,0,-1,-2,0,1,1,1,-5,-40,-6,9,2,-6,-9,-16,-6,3,3,6,-16,-5,0,-3,-3,3,0,3,1,-5,2,-3,1,0,0,-1,-1,-4,2,-2,3,4,-1,-4,0,-4,-3,1,5,7,1,-6,-3,-2,2,1,1,2,-2,-1,2,1,2,0,-6,1,3,3,-17,-12,0,-8,-3,-19,-5,-5,1,-10,-7,4,-5,-11,4,-5,-10,-2,4,3,-1,2,7,-7,17,-14,-6,-5,-7,-6,-3,-2,-8,-9,6,-8,-5,-1,1,-12,1,-6,-10,-7,6,-3,5,-4,-10,-10,-10,0,-19,3,-5,-1,-6,1,-5,-12,7,-8,-5,0,-25,-11,-11,0,-7,2,-13,-17,-9,-6,-2,4,-10,-9,-14,0,-13,8,-13,5,-9,2,-2,-10,14,-25,-11,11,-1,-11,-1,-13,2,-11,-1,1,-6,-7,-1,-18,-9,-9,-5,-1,10,-4,1,-2,-8,-3,-3,-15,-20,11,-2,4,-11,-2,-7,-6,-16,-28,-9,-4,-9,-30,-13,14,-23,-10,-24,-7,-23,-21,-15,13,-4,-30,-16,-11,-45,-7,6,8,-13,21,-10,-12,19,-28,-14,19,-8,-24,-3,-4,1,-6,-3,0,-17,-14,11,-9,-19,-5,-4,-2,21,-28,8,-13,-8,-18,-10,1,-9,31,-13,-7,-8,-9,5,-8,-15,-29,-2,-17,9,-34,-22,18,-24,-4,-27,-16,-40,-31,-50,22,3,-51,-24,-37,-26,21,-31,18,-13,30,-11,-31,22,-47,-24,14,-13,-31,-23,-27,17,-23,9,-21,-4,-18,33,-22,-29,-18,-9,-14,18,-39,-5,-6,-21,-27,-25,-26,-24,39,-16,-12,-7,-23,8,-38
2,2,-1,0,0,0,-2,-1,-2,1,-1,1,-3,0,-1,0,-1,-2,-2,-1,-2,1,-2,0,-3,-3,0,-5,19,0,1,-3,2,-1,-12,-1,52,15,-2,-3,-1,1,-6,20,63,28,-12,-5,3,3,1,13,-84,5,-13,-12,2,2,0,-1,-1,2,-1,-1,-3,-3,-4,-3,-9,-2,-2,-1,0,1,2,0,4,0,0,-10,-8,-1,1,-3,-8,0,-1,-2,1,1,3,1,-2,3,1,1,-1,-4,-1,5,-8,1,-3,-2,-1,5,3,-3,-6,6,3,-9,-5,-10,7,5,-12,0,7,-6,-4,-7,-5,4,4,-11,-7,5,1,-2,2,-12,8,-1,-10,3,-10,4,-1,-2,-3,1,0,2,3,-14,2,-6,-4,2,3,0,6,3,0,-6,1,-1,0,9,1,2,5,-7,2,-1,9,-1,3,1,1,5,-11,4,2,-1,-2,0,-4,0,0,-2,-6,-7,-2,4,-5,-3,-2,4,-8,-11,-2,0,-1,3,8,5,1,1,0,-7,-2,0,5,-1,-13,-5,2,-5,0,-3,7,5,2,-1,-4,-15,-3,5,4,2,-17,6,-3,-11,-7,0,5,2,-14,-15,-6,-7,-9,-5,-21,-11,-5,-11,-7,-8,-11,-15,-23,-5,-17,-10,-4,4,0,2,-7,3,-2,3,-3,11,-4,8,5,6,3,-31,11,6,-5,13,18,-7,1,2,3,12,-6,5,13,11,-9,13,-2,-11,11,12,-18,8,0,-12,-6,6,8,-1,9,-28,-13,-5,3,-14,10,4,-30,-34,-22,-21,11,4,-21,-17,-32,-19,-10,1,-6,-6,-24,-10,-11,-8,2,6,1,-2,-1,1,0,-1,-1,1,-12,-3,-8,-8,-18,-4,-8,-7,1,0,0,-5,-3,-3,-1,-1,1,1,3,-2,2,1,4,0,1,2,4,3,-17,1,3,1,2,2,8,0,-63,-12,4,0,1,5,7,-47,-90,-47,1,3,-1,-2,2,1,0,2,1,-1,6,5,0,0,-2,4,6,5,4,2,-3,0,-5,-5,-7,-8,-2,-7,-3,-8,-2,-11,-6,-7,2,-6,-10,-32,-4,-25,-12,-15,-3,-21,-23,-18,-15,-9,-31,-15,-5,-19,-34,-15,-62,-7,-38,-13,-3,-16,-87,-13,-45,-15,-40,-57,-14,-5,-39,-18,-12,-19,-40,-17,0,1,-9,-3,-9,-7,-5,1,-28,-2,-1,-18,-1,-13,3,-1,-58,-40,-14,-2,-14,0,-12,-21,-8,-61,-56,-16,2,-8,-17,-64,-9,-12,-62,-23,-16,-10,-63,-31,1,-7,-9,-33,-65,-66,-25,-11,-8,-4,-11,-30,-84,-32,-13,5,-1,-11,-36,-80,-19,-26,-62,-12,-14,-9,-12,-20,-30,-8,-8,-19,-12,-14,-14,-12,-17,-17,-5,-11,-11,-14,-10,-17,-37,-15,-15,-14,-6,-15,-19,-20,-42,-16,-11,-14,-12,-17,-24,-14,-37,-11,-8,-22,-20,-30,-21,-8,-45,-2,-9,-20,-25,-20,-24,-8,-34,-6,-24,-24,-15,-18,-21,-11,-34,-9,-25,-27,-37,-30,-23,-46,-24,-21,-28,-35,-33,-24,-42,-38,-24,-32,-41,-34,-34,-32,-27,-36,-23,-43,-24,-44,-34,-52,-36,-27,-40,-37,-42,-24,-35,-52,-50,-30,-37,-68,-66,-25,-13,-55,-33,-43,-53,-34,-16,-29,-45,-57,-66,-21,-62,-29,-60,-38,-25,-28,-24,-21,-27,-74,-30,-29
-2,-1,1,-2,0,0,-1,-2,4,2,4,2,-103,1,2,3,3,3,3,1,-95,3,4,1,2,3,3,-1,-60,0,3,2,1,3,2,1,-46,1,3,4,0,-2,2,-3,-43,1,-1,3,4,-7,-2,1,-21,-4,-2,-2,1,-2,0,2,-2,-2,0,-2,-2,-1,2,-1,-11,-4,-2,-14,2,0,1,6,-28,-1,2,0,-2,3,1,5,-11,2,3,0,-1,6,0,4,-5,-2,2,7,-2,2,-2,1,-3,1,2,6,0,7,6,0,-5,0,7,7,-1,9,-7,-4,3,-2,0,7,2,9,-1,2,12,-5,4,2,1,4,-3,-1,-13,-4,2,-3,3,1,4,5,-25,9,-4,-2,1,-3,2,4,-17,2,2,-3,-2,8,1,6,-13,0,2,4,5,2,7,1,-3,1,2,3,-3,5,5,-5,-7,2,5,2,7,0,2,-8,-4,-2,-2,-1,2,4,8,-1,1,-5,-6,3,7,8,8,10,64,8,8,7,4,8,5,10,49,11,9,5,5,1,6,4,37,12,7,6,1,0,17,8,33,7,-9,7,7,-6,3,0,26,2,11,4,0,-4,9,4,24,1,8,4,1,3,8,10,27,-1,13,8,-6,5,7,-3,21,12,3,-1,10,6,8,7,44,9,7,7,7,0,8,11,35,15,-3,-11,7,1,11,10,24,9,2,7,3,9,8,10,3,5,8,9,5,-7,7,-4,16,10,3,2,-1,-8,6,-6,6,3,8,-6,3,6,15,2,-17,1,-12,-2,0,9,9,2,15,11,-2,-20,-1,0,-2,-1,1,2,2,2,-3,2,-3,-34,2,-29,2,-2,1,1,0,-3,-33,2,4,-2,0,-1,3,0,-38,1,1,1,1,-1,4,-2,-33,3,2,-1,0,0,6,0,-38,-3,4,-1,-2,0,3,4,-34,0,3,-1,2,0,2,-1,-1,2,2,-1,0,3,2,-12,2,-3,5,1,0,-10,-35,-5,4,1,-23,-3,-5,-9,1,-28,3,-20,-4,-3,2,3,-3,-4,-2,-11,0,-6,0,6,-3,-7,-5,-6,-2,-4,-1,-4,-3,-3,-12,0,0,0,6,-1,-1,1,-13,3,-11,2,0,0,0,-2,9,1,-2,8,-2,-5,2,-6,8,-2,4,-2,-2,1,1,-19,7,-6,-1,-19,-2,-8,-14,0,5,-5,-6,-2,-7,-2,-6,-16,1,-8,-3,-16,-4,-6,-8,-7,1,-8,-6,-6,2,-2,-1,-7,-14,-5,-4,1,-1,-3,1,-2,-10,-18,-2,-6,3,-3,-2,2,6,-1,-5,-6,-6,-6,-9,-11,7,-1,-2,-10,1,-5,3,-15,1,-9,-11,-6,-7,-5,-1,-5,0,-6,-19,-7,-4,-4,-8,-4,-13,-7,-5,-4,-3,-2,-1,-6,-16,-6,-8,-3,-2,-2,-3,-7,-31,-1,-2,-5,-2,0,-2,-1,-30,-9,-4,-4,-1,1,0,1,-10,0,0,-1,-1,-19,-26,-26,19,-9,1,-2,-18,-18,-3,-26,16,-35,-40,-9,-14,-18,-8,-26,17,-27,-19,-29,-20,-13,-11,-17,17,-7,-8,0,-3,4,-8,-16,16,-6,-11,-8,-7,-1,-1,-11,11,1,-6,2,-11,-9,0,-1,2,-15,11,-2,-3,4,2,1,18,-2,-2,3
2,-1,2,2,0,-2,1,-2,3,2,3,4,1,6,5,3,2,0,3,2,2,0,4,0,1,-1,1,0,1,1,0,0,0,-1,1,-3,-1,-5,-3,1,1,-3,-2,-1,-7,-8,-1,0,-7,3,0,-3,-2,8,-4,0,1,1,1,2,2,0,2,-1,7,7,4,6,-3,6,7,4,7,1,4,4,7,6,8,9,6,0,4,7,4,6,3,4,2,1,5,5,5,6,1,5,5,4,-2,4,7,1,5,8,5,4,-3,9,-2,1,-4,-6,14,7,-1,3,11,3,-4,5,5,-3,-6,-3,18,1,2,4,10,8,9,7,0,6,10,7,10,9,10,9,13,9,9,10,10,6,7,6,8,8,6,7,5,4,2,12,-3,11,8,14,9,6,8,-10,8,2,12,11,0,7,-1,10,-3,5,1,13,11,7,7,-15,9,6,13,5,5,10,1,8,6,14,2,13,8,9,10,9,7,7,7,12,7,8,9,13,32,11,9,9,7,7,9,16,7,5,7,8,10,9,5,9,19,6,1,8,10,22,6,6,15,8,5,12,10,19,15,15,14,4,16,16,13,8,12,-2,9,-14,10,5,5,9,16,9,13,5,14,12,-5,28,27,25,-4,20,-14,27,-2,9,24,26,54,21,8,28,-23,18,-10,32,-1,38,14,19,-2,-21,-30,-8,8,9,-3,-3,1,18,-47,-14,21,-30,21,13,3,2,-39,26,-3,4,-44,13,-3,-10,-37,12,15,-5,-11,-7,9,-10,2,-8,33,13,11,8,-1,1,1,3,-1,0,2,2,-20,-33,-39,43,3,23,-53,-27,0,-5,3,-73,-3,-77,-5,-5,3,-1,-6,-5,-5,-1,-1,0,1,-2,-3,-2,-6,-3,-4,-1,-1,-1,-1,-1,1,-5,-1,-1,-2,-1,-4,-3,-4,-3,-2,-1,0,2,2,3,-2,2,-2,2,-12,-10,-60,9,-37,-9,-45,-12,-4,-14,8,-3,38,-18,2,-9,-3,-18,-80,-8,-3,-10,-66,-9,-12,-2,-11,-53,-13,-75,-10,-8,-10,-11,-7,-8,-9,-7,-13,-11,-7,-3,-7,-5,-5,-7,-4,-10,-7,-2,-4,-9,-4,-8,-5,-8,-16,-7,-3,-9,-7,-5,-8,-7,-13,-26,-26,-52,-9,-70,-9,-14,-12,-11,-15,4,19,-2,-19,-3,-9,-18,-9,-56,0,-71,-5,-12,-54,-5,-70,-13,-21,-8,-81,-4,-7,-49,-12,-11,-13,-11,-13,-49,-24,-11,-11,-10,-7,-8,-10,-10,-8,-6,-9,-7,-9,-12,-9,-12,-6,-8,-5,-6,-13,-9,-17,-15,-31,-29,-40,24,-63,-39,-35,-38,-15,-19,-13,-64,33,-14,-12,-9,-17,-13,-15,-21,5,-10,-11,-16,-21,-12,-8,-21,-8,-16,-11,-13,-16,-15,-16,-15,-8,-9,-15,-13,-8,-10,-9,-14,-40,-10,-12,-11,-16,-9,-11,-13,-12,-13,-9,-12,-12,-11,-10,-13,-7,-12,-9,-13,-42,-32,-30,14,-71,-26,-33,-37,-32,-50,-29,-20,53,-25,-25,-33,-26,-30,-57,-32,7,-30,-31,-35,-35,-27,-23,-32,-21,-23,-21,-24,-28,-33,-30,-32,-29,-26,-37,-21,-29,-31,-34,-30,-25,-29,-31,-28,-29,-24,-26,-25,-25,-33,-23,-37,-29,-30,-23,-26,-18,-19,-32,-29
-1,0,-2,0,1,1,2,-2,4,7,-5,-1,4,-2,2,0,2,-5,0,-1,-4,-2,-2,-2,1,-4,0,-3,14,-1,4,2,-2,-1,-2,10,-8,-2,2,-1,11,-5,4,-3,-5,-3,-12,-2,-4,9,15,7,9,12,-26,1,-2,2,-1,-2,-1,-2,-1,0,6,4,6,17,3,13,3,10,3,-1,3,-3,5,16,-2,10,2,-4,1,-8,-1,7,19,5,-11,11,2,-7,20,-9,13,-19,4,-1,-4,9,-6,10,-1,1,9,-17,-4,13,-5,12,-10,15,-3,3,6,8,-22,10,15,-7,-7,13,-5,7,-1,-11,1,-10,-2,2,5,8,1,6,17,-22,-1,0,-8,8,-3,6,-5,20,0,0,5,-6,8,-3,8,-10,-1,5,0,7,18,0,1,-6,-1,20,3,3,3,-3,-4,3,9,-3,7,-8,-2,0,4,4,9,5,7,17,1,14,-3,-9,2,-1,2,1,13,4,14,3,4,7,9,6,10,4,11,9,3,15,8,5,4,10,5,12,4,8,3,-2,-4,8,19,16,-1,2,9,-4,17,-23,5,-8,5,18,-3,1,7,-13,3,3,3,13,-1,1,12,2,14,6,-6,10,4,-1,7,4,12,-3,7,6,-3,0,2,2,15,0,-6,31,19,26,8,18,25,3,-1,28,21,15,3,11,22,5,9,15,18,18,6,9,32,10,33,26,25,-3,46,0,21,-6,-8,39,1,18,15,-3,-21,10,3,9,8,5,-21,-10,6,7,19,-3,-24,14,-14,-3,1,23,24,-35,10,15,-5,-10,17,7,0,2,-1,0,1,0,-1,-2,-20,-12,-17,-18,-2,5,-12,-14,-4,-2,-6,-3,4,2,-6,2,-2,5,-3,-5,5,-20,5,-11,-9,12,-13,-10,12,-15,15,-8,-8,13,-10,2,9,-5,3,-3,-6,8,-5,1,9,-2,2,-1,-2,1,1,-2,1,0,1,2,-9,-11,1,-8,6,-2,-4,-5,-3,-16,7,-27,-8,-30,-18,-21,-17,-5,-10,-11,-7,-10,-3,-3,-10,-2,-9,-15,-7,5,-9,-8,-9,-12,-24,7,-3,4,-6,-13,-9,-8,-8,-11,3,-11,-5,1,0,10,-4,-11,-2,-8,4,-6,1,-9,-5,-6,2,-5,-4,-1,-7,1,4,-21,0,-9,-13,1,-9,3,-11,-8,2,-9,-16,-2,-12,-21,2,-12,-8,-11,-7,-1,-13,0,-7,-15,-7,-17,-7,-9,-2,-17,-13,-2,-2,-2,0,-3,-2,-15,-10,-2,-2,0,-10,4,-7,-7,-3,-16,-3,-5,-4,5,-13,4,-7,-3,-5,-4,-2,3,-24,-4,-6,-20,-9,-15,-10,0,-5,-13,4,-4,0,-6,-27,-5,-12,-20,4,-5,-1,-15,-10,-7,-6,-21,-26,-14,-25,-3,-7,-16,-7,-24,-12,-5,-25,-4,6,1,-5,-9,-5,-11,-11,-9,-9,-4,-18,25,-11,-3,-3,-16,2,-14,-13,0,-17,-7,10,-13,-5,-10,-16,-26,-16,-34,-25,-30,0,3,-21,-9,12,-36,-36,-37,-16,-2,-44,-1,4,-40,-17,-35,-19,-16,-13,-26,-23,-16,-39,-6,-18,-14,-11,-25,-23,-12,-24,-13,-6,-6,-13,-25,-16,-12,-19,-13,-22,-7,-32,10,-19,-14,-14,-29,-5,-21,-25,-7,-18,-15,12,-21,-24,-13
0,-2,0,1,1,2,0,-1,-1,-4,-4,-3,-5,-2,-4,-2,1,-6,-2,1,-7,3,-5,-2,-1,-2,-2,-2,-11,-4,-11,-3,-1,-2,-2,-5,-5,-7,-4,-1,-2,-15,-2,6,9,-4,-6,-12,4,20,2,-6,-6,13,17,13,1,2,1,2,1,1,1,0,6,-4,-9,1,-5,2,-7,1,-5,-5,-11,-4,-6,4,-2,-3,-4,2,-1,-5,-7,-4,-3,-7,1,-1,-3,-1,-8,-4,1,-6,-5,1,-6,-4,0,-7,1,2,-6,13,-4,-2,-3,8,0,6,-9,-1,18,-1,6,3,-6,5,-2,-3,8,3,1,-2,12,-1,-6,11,-8,-3,-16,-9,7,-4,-11,-7,12,-7,-7,-2,-4,10,-5,-1,-4,0,-8,0,4,-3,1,-5,-1,1,-15,-3,-4,11,2,-6,-1,6,1,-8,-8,-3,-6,-2,-21,1,7,-2,-3,-16,-10,20,-11,-3,-1,5,2,8,-12,2,3,1,6,1,-4,-2,-8,-8,-7,-6,0,-7,-5,-10,-6,-4,1,-11,3,-14,-10,-8,-8,-7,-12,-17,5,-1,-11,-3,-6,-7,-7,-1,-3,3,-5,-6,-4,-2,-8,-7,0,-7,-6,4,-7,-19,-17,-9,-1,-6,-18,-15,-5,-10,0,-15,-1,-9,-20,-28,14,13,12,2,19,10,-4,-2,37,35,36,36,32,29,39,27,34,30,37,34,38,34,39,25,28,36,42,29,30,29,20,34,33,24,18,27,21,17,28,27,24,33,37,34,14,22,21,35,29,21,5,15,20,25,17,15,23,13,15,9,19,26,17,33,32,30,9,19,32,16,19,8,1,1,1,-2,-2,-2,1,-2,-5,-8,-7,-7,-29,-9,-19,-6,1,5,5,1,-1,3,-8,-3,-4,1,1,-4,7,-3,1,1,1,0,0,-4,1,-5,-4,-1,0,-1,-5,-5,-4,-4,-4,0,2,-3,-5,-4,-1,-2,-2,2,2,0,2,2,1,-2,2,-1,5,-5,1,-2,2,-11,-7,-15,2,-5,9,-2,-10,-11,5,4,3,4,-3,-7,-6,-1,3,-9,0,-2,-6,-16,6,-8,-3,0,3,2,-5,-4,1,-2,-7,-2,7,-10,0,-1,-6,-6,2,0,3,-3,-2,6,1,8,-3,4,9,9,-1,6,10,5,5,8,7,-8,6,-1,7,0,1,-3,-2,-2,3,-2,-4,-12,-12,3,-5,2,-21,-5,5,-18,5,-3,-8,1,-7,-2,18,1,-9,-3,10,1,2,-9,5,-3,-8,-5,4,-14,-6,-2,-5,3,-2,-1,7,-10,-7,0,5,7,2,1,2,6,3,2,8,8,5,2,-12,-5,-6,0,-2,-10,-12,-1,2,3,-1,-6,9,-4,-15,-2,-2,2,-5,-6,-14,-10,-6,-2,5,0,-7,-6,18,-13,-3,-6,3,-11,-8,-8,-3,-12,-13,-4,5,4,-27,-9,1,-4,-3,-6,2,-6,4,-8,-6,10,-7,-1,21,7,6,5,12,8,17,12,-31,-24,-7,-4,0,-19,-11,-12,-16,-22,-10,-15,-6,-11,-47,-30,-43,3,-47,-9,-22,-62,-26,-24,-17,-21,-33,-30,32,-30,-25,-29,-25,-26,-17,-35,-20,-45,-30,-27,-24,-23,-44,-31,-52,-23,-39,-21,-13,-45,-26,-24,-21,-19,-21,-9,24,-20,-19,-23,-17,-20,8,0
-2,-1,1,-2,0,0,2,1,-2,-2,5,1,-6,0,1,-1,-1,-2,-5,3,-2,2,-1,0,-3,-3,-3,3,-8,2,-4,-3,-1,-2,21,-3,20,-13,1,-4,5,2,-21,3,59,1,-15,4,-1,-5,-7,16,73,11,10,2,-1,0,0,-2,2,1,1,2,-3,-2,-3,-1,-8,-2,-4,-13,-11,5,-6,-2,-6,2,0,6,2,1,3,2,0,-4,-7,-6,-10,0,2,-7,-5,-13,3,-10,0,-3,-9,7,-11,-1,3,-3,-1,-13,-5,7,-3,6,-7,-7,-5,1,5,-3,-19,-5,14,-6,5,-3,-2,0,-45,8,11,-19,-10,0,-6,-1,-2,6,-4,-6,0,-1,4,-5,-2,1,3,7,-11,2,2,5,-2,1,5,0,6,-10,2,7,1,3,4,-19,-5,5,-14,4,9,-1,-10,15,-13,-8,5,3,4,-15,8,-4,1,-5,-9,8,-19,8,8,4,-2,-6,-3,2,4,0,-5,5,3,4,1,3,18,2,-2,0,3,5,-6,6,15,4,6,6,-11,-1,-1,3,18,1,3,4,-24,11,-5,-3,17,5,4,3,-8,10,-26,3,12,2,8,0,0,6,2,5,1,17,1,7,10,4,7,6,-23,7,5,7,7,8,4,2,0,8,4,9,8,-7,4,-1,22,3,8,6,6,25,12,-12,21,-2,-13,-4,-8,21,0,-8,7,11,8,10,17,3,1,26,7,-9,-2,-8,3,4,10,-1,-25,16,1,3,-2,10,-7,12,0,12,26,-1,6,11,12,-8,3,9,11,8,14,0,4,5,-10,-16,12,5,-1,-2,0,1,1,-2,-2,1,-13,-7,-10,-24,-8,-6,-9,-21,0,6,-5,1,5,3,-2,-1,3,1,-1,-2,0,1,2,2,0,3,0,0,2,0,1,1,4,5,-8,1,-18,4,3,2,4,-3,2,-1,-68,2,7,0,0,-1,0,-1,-1,-1,-1,2,8,-6,6,-4,6,-4,4,-2,4,4,-3,-4,4,7,1,8,-3,6,-6,-2,-7,2,-6,7,5,-7,0,-3,-10,-2,-6,-3,-6,-18,3,-29,0,-42,2,-11,-24,5,-30,-55,-13,-30,-23,10,-7,-12,-32,7,-80,8,-34,6,-20,-3,-27,5,-94,5,-40,8,8,-7,0,-24,5,-5,7,-17,-11,5,-17,2,-25,3,-18,12,-11,-12,6,-31,12,-31,6,-5,-45,-18,-8,7,-16,1,-19,-32,8,-56,-15,-19,11,-28,-11,-45,-14,10,-35,-19,-10,-10,-32,9,3,-17,10,-24,-67,-50,11,-38,-28,2,-8,3,-126,-20,-6,12,3,-5,-8,-8,-39,-10,-9,1,-4,0,-22,-4,-42,-8,-4,-14,-8,-7,-11,-5,-40,-6,-16,-5,-2,-9,-12,-8,-26,-8,-11,-3,-4,-10,-4,-6,-43,-1,-11,-1,-4,3,-9,3,-45,-2,-19,-8,-9,-8,-18,-6,-71,-3,-11,-11,-50,-33,-24,-9,-67,-9,-30,-22,-33,-31,-17,-33,-44,-27,-37,-35,-32,-29,-39,-30,-38,-21,-20,-22,-48,-52,-30,-45,-51,-21,-57,-19,-52,-52,-29,-35,-59,-18,-32,-50,1,-29,-37,-43,-41,-42,-14,-30,-27,7,-39,-16,-39,-58,-34,-59,-29,-14,-10,-14,-47,-59,-28,-33,-30,-40,-55,-11,-59,0,-24,-23
-1,0,2,-2,2,2,0,-2,-1,0,-1,1,0,0,0,-1,0,-1,-1,-2,2,-3,1,-2,0,-1,0,0,31,-4,27,-1,0,-2,-1,0,-1,-43,-4,2,-2,1,-1,-4,-7,-6,-7,-1,-7,-8,7,-10,-4,-2,-7,-1,2,0,2,2,2,1,2,0,-9,0,-4,-1,-5,0,0,-1,1,-1,0,1,-1,-1,0,-1,-1,2,0,-1,16,1,17,0,1,-15,-3,21,-8,-5,-6,28,-6,-3,-5,-11,-2,7,-1,-4,4,-10,7,18,-2,-5,-1,25,-8,-2,-12,-3,18,-6,23,-1,-3,2,0,-14,-4,-6,-5,3,-2,17,0,-2,-5,1,1,4,-6,1,15,-1,2,2,3,0,0,-2,-1,17,-1,1,-2,19,-9,-3,-1,-6,21,-3,20,-8,-4,-3,0,-1,-4,1,-4,-5,-8,-1,-6,-10,13,-2,20,-7,-3,-6,-1,20,-3,0,-7,15,-2,-5,22,1,-7,-13,4,-3,1,1,0,3,4,6,4,3,0,2,-2,1,2,7,5,4,0,0,-4,-8,-1,15,1,3,1,-4,0,-3,-14,19,4,1,5,8,5,15,19,1,17,11,0,-10,-7,-6,-1,20,-5,-1,1,-1,-6,-7,-10,19,1,-1,0,5,-1,-1,3,16,3,0,1,10,5,8,8,12,15,2,8,5,16,8,10,8,10,10,3,7,6,16,7,17,5,20,5,-13,9,5,15,18,22,1,10,5,2,14,20,3,17,15,7,12,-11,5,18,18,24,8,4,0,-3,2,2,18,12,10,4,4,29,3,6,9,5,5,-2,0,0,-1,2,-1,0,0,-16,-6,-14,6,-5,-10,-3,-2,-3,-5,-5,-1,-3,-4,-4,-4,-2,-3,-3,-1,-3,-4,-3,-2,-1,-2,0,-2,-1,28,-2,-1,-1,-1,-2,0,-8,0,-9,-1,-1,-2,-1,0,-2,-1,-2,-1,-2,0,0,-2,-1,1,-1,-1,-6,-9,-3,-5,-13,-6,2,-4,-13,-2,-6,-13,-9,-2,-9,-5,-4,-8,-1,-5,-19,-14,-19,-5,-7,-4,-8,-11,-13,-4,-6,-11,-1,-6,-4,-11,-5,77,-4,-13,0,-2,-3,-10,-5,-6,-4,-13,2,-4,-1,-2,-12,-3,-14,-3,-2,-1,-1,-4,-1,-3,-2,-4,-5,-14,-7,0,-6,-8,-5,-7,-4,-5,-13,-7,-10,-6,-7,-6,-7,-5,-7,-6,-5,-7,-10,-15,-4,-2,-6,-3,-13,-8,-11,1,-4,-2,-5,-11,-7,75,-10,-13,-6,-2,-9,-3,-10,-5,-14,-3,-4,-9,-4,-8,-4,-3,-3,-12,-5,-6,-8,-2,-4,-3,-2,-2,-11,-10,-3,-4,-4,-18,-7,-5,-5,-10,-15,-7,-10,-13,-9,-11,-13,-11,-14,-6,-9,-19,-10,-10,-11,-12,-11,-3,-18,-14,-12,-8,-12,-5,-14,-16,-23,72,-18,-29,-3,-4,-4,-7,-12,-11,-9,-6,-4,-7,-5,-7,-9,-17,-6,-6,-4,-3,-6,-5,-7,-6,-5,-6,-21,-33,-51,-53,-29,-23,-20,-16,-30,-21,-58,-20,-8,-36,-35,-18,-20,-19,-36,-44,-17,-32,-38,-13,-14,-58,-33,-13,-29,-26,-26,-10,-13,-17,-24,-27,-25,79,-27,-35,-11,-11,-15,-11,-27,-21,-21,-16,-11,-12,-9,-16,-9,-19,-13,-18,-8,-9,-18,-8,-11,-15,-10,-16
2,2,-1,0,2,-1,1,-1,-4,-4,-2,-4,2,-1,-4,-4,-3,-1,2,-1,-2,1,-3,-2,-4,-5,-1,-7,0,0,-1,-2,-7,-9,21,20,-6,1,1,-1,-6,5,19,68,-8,-4,-2,-1,1,6,13,32,3,-16,3,-5,0,2,2,-1,0,2,-2,-1,-1,-2,4,-7,-6,1,1,4,-2,-5,-6,-4,-2,2,-3,-8,-3,5,-5,1,-4,0,-3,0,1,-9,-2,1,-4,-2,0,-11,3,-2,2,-1,-6,-4,1,-3,-10,-6,-6,-8,0,-12,-8,3,-2,-1,-8,-38,-8,0,-6,2,-5,-8,-11,-37,-1,-11,-12,0,-4,-13,0,-6,-5,-5,2,-3,-2,-16,-3,0,-6,-7,-6,-13,-1,-9,5,-11,-4,-6,-5,-5,-4,-7,-23,-2,-16,-9,-2,5,-2,-11,-1,-5,-7,-19,3,-8,-1,2,-14,-10,-7,0,-10,-9,1,-22,0,-63,0,-7,-2,-8,-4,-5,-14,-30,-11,-5,-5,-5,-2,-1,-1,8,-5,-11,-5,-8,-2,-10,2,3,-2,-15,-23,-9,-11,-12,-2,7,-5,-11,-4,-5,-12,-14,7,4,-11,-3,-2,-1,-1,-16,-5,3,-9,-18,-7,-8,-7,-7,-10,-15,0,-11,-7,-7,-8,-18,-9,-58,5,-24,-22,-12,-4,-1,-3,-19,3,-7,-6,-6,-2,-1,10,13,8,0,-6,-3,-4,12,18,15,13,4,-1,-3,-8,5,2,10,9,-11,0,-7,-8,-1,2,2,4,-12,-15,-6,6,6,0,3,0,-9,1,-33,8,2,-4,-3,-7,-7,-22,0,-4,2,-3,-33,3,0,-7,-2,2,-4,-8,-28,-3,-1,-6,-3,0,0,-2,-1,-1,1,2,1,-7,-7,-6,-3,-6,-3,-3,-19,5,5,1,3,3,-1,2,4,5,6,0,3,2,3,4,4,6,7,1,4,3,1,4,1,5,6,-19,-19,7,2,1,0,6,-9,-25,-72,-4,2,-1,1,0,1,2,0,-2,2,-1,2,9,1,1,4,13,1,3,1,3,2,2,0,3,4,1,7,-2,-5,-5,2,2,0,4,3,-6,-32,-5,-74,-8,-12,3,-3,-71,-15,-64,4,-83,-10,-26,5,-9,-49,-64,-46,-68,-56,-10,-16,-57,-67,-7,-88,-5,-67,-3,0,8,-93,4,-99,0,-70,-9,-28,-3,1,-1,-2,-30,4,-8,1,-8,-5,6,-30,8,4,-9,-19,-4,-1,-31,1,-7,-3,-37,-84,-66,0,0,-13,-6,-50,-47,-58,-62,-76,0,2,-33,-63,-46,3,-5,-71,-61,-46,-49,-66,-5,-1,-24,-8,-42,-65,-8,2,-4,0,-6,-36,-74,-61,-83,-6,4,-2,-4,-26,-12,-46,-3,-18,-4,-14,-13,-7,-12,-42,-3,-18,-15,-9,-12,-8,-14,-47,-11,-15,-19,-8,-20,-23,-12,-46,-14,-24,-9,-13,-14,-28,-17,-57,-11,-32,-15,-19,-19,-24,-35,-25,-13,-22,-30,-18,-36,-35,-12,-56,-18,-43,-40,-43,-48,-45,-33,-77,-33,-52,-49,-57,-38,-16,-28,-47,-26,-23,-30,-28,-19,-37,-33,-38,-10,-18,-34,-27,-31,-13,-48,-43,-40,-15,-54,-59,-48,-27,-30,-45,-36,-46,-55,-26,-39,-43,-35,-44,-30,-49,-34,-39,-31,-66,-50,-41,-50,-27,-21,-44,-19,-46,-45,-58,-19,-33,-20,-32,-49,-45,-60,-44,-29,-30,-32,-22
0,-2,3,0,-2,1,-1,0,3,2,-5,-8,12,-1,-6,-1,0,11,-2,-17,11,3,3,1,6,-7,4,20,-8,5,10,-2,0,3,-7,-9,5,-9,-10,1,-19,-1,12,-9,-16,8,8,-1,20,-5,-13,1,20,-12,17,10,-2,1,0,-1,-2,-1,0,-2,12,3,3,-1,8,14,-1,4,-1,10,2,-4,2,13,-1,-2,2,11,4,-7,7,-4,-1,0,2,-10,2,-4,-9,2,-6,-6,2,-3,15,2,3,-18,3,-1,-8,-2,-8,-15,9,-1,10,-4,-6,-7,-5,7,-10,4,5,7,-2,10,3,10,-6,22,-9,-2,5,13,0,16,-7,-7,-6,2,-1,0,24,-1,10,-14,-6,4,-5,15,-9,-4,-5,7,0,8,8,-8,-5,10,9,3,12,6,3,0,5,-1,-5,25,-9,2,-13,4,18,9,0,-13,18,5,-30,1,2,4,-8,-5,-4,7,7,14,12,-6,8,1,6,-7,0,5,11,17,-1,2,-2,11,4,8,-5,6,-1,0,5,5,-2,7,1,-9,2,9,4,-1,5,5,-3,-9,0,9,-7,10,12,5,-6,12,-3,0,2,6,6,-2,-12,12,10,2,-11,3,11,2,10,4,21,6,-4,5,5,4,7,15,6,-6,10,10,12,10,17,11,6,4,-13,12,-5,14,29,14,18,-1,3,27,6,29,8,9,9,12,10,-2,16,12,0,17,0,-3,3,6,17,14,-12,-2,11,7,-3,3,2,-8,11,5,9,-2,10,0,-25,9,-15,-15,4,2,-14,20,11,18,-13,5,-17,-25,0,20,-2,-2,-2,1,-1,-2,2,1,-6,0,0,1,-20,-9,-22,9,-3,-4,-6,-8,5,-4,-7,5,-3,2,-4,-5,2,-3,-1,0,-2,1,2,-7,0,0,-3,5,1,-6,-2,0,-6,-1,-5,-2,2,1,-3,-4,1,-2,-2,2,2,1,-1,-1,2,-1,1,2,-3,17,-15,-1,0,-15,1,-4,-26,-21,9,-13,-36,-30,-10,14,-8,-11,-7,0,0,0,-17,9,8,-5,-2,-2,-14,10,-8,-6,-8,7,-2,2,9,-6,-3,4,-6,-11,4,-4,-1,-8,-7,-7,0,4,-2,4,-5,-6,-5,9,-14,-1,2,2,-2,2,-7,1,1,-14,-6,-3,-12,-1,9,-8,-15,-8,-8,-6,-20,13,-30,9,-17,-9,5,0,-9,-16,-10,-9,8,-10,-6,2,-21,7,-1,-1,-3,9,10,-11,7,0,-18,-9,0,3,-7,3,-8,-1,-4,-5,-2,-7,-2,0,2,-11,-6,-1,-9,7,-4,-11,-5,7,-23,-3,-2,-16,-13,5,-8,-26,-12,-3,-21,-17,-11,-9,-22,-30,-16,3,-9,-14,-12,-10,-14,-40,-5,-14,19,-21,-8,-3,-21,0,5,-15,-11,6,-6,-8,18,-5,-26,2,-18,-18,-9,-23,-17,-21,-8,-18,1,-7,-5,9,-11,-9,-5,5,-4,-7,-11,-3,-9,4,-10,-7,11,-7,-21,6,-45,-34,-13,-16,-26,-18,8,2,-40,-36,-50,-6,-18,-21,-21,20,-29,-63,-36,-58,32,-48,-39,-10,-24,7,18,-30,-32,-5,2,-50,20,-9,-29,11,-22,-19,-33,-28,-33,-30,-37,-35,-9,-25,-24,1,-16,-31,-17,19,-2,-15,-21,-14,-24,25,-58,-18
-1,1,0,-1,1,-1,1,-2,1,3,3,2,1,0,2,2,1,5,4,3,0,-1,-1,-1,0,16,27,2,-3,-2,-2,-1,6,18,42,-2,-2,-4,-2,-2,11,10,50,2,-8,0,-2,0,6,9,-49,7,-12,-5,-4,-3,0,2,2,2,2,1,2,-1,3,-3,-9,-5,-2,-4,-9,-2,-9,-3,-1,-1,-5,-3,-15,-5,-3,-1,-3,-2,-6,-4,-5,-9,-4,-3,0,1,-3,-1,-5,-3,-2,-1,-5,-2,1,-5,-8,-10,-2,-1,-4,1,1,-11,-4,-13,-1,4,-4,-2,-2,-2,-5,-12,0,-2,-10,-2,-32,1,-5,-2,5,-7,0,-3,5,4,3,3,0,2,-3,5,1,2,-2,0,1,3,-1,-1,4,-1,7,6,-2,5,4,2,-1,8,0,2,8,2,7,6,6,0,5,3,10,9,2,7,9,3,-7,1,5,8,6,8,7,0,6,0,0,3,4,0,-1,3,-6,6,0,0,6,-2,-2,-2,-1,-2,0,3,6,2,-1,3,4,-3,-6,-2,4,0,2,-3,-15,-3,-2,-4,2,1,-8,-4,-9,-6,-7,-1,-10,-3,-8,-6,-7,-14,-10,-18,-49,-15,-12,-11,-17,-3,-12,-11,-29,-8,-6,-6,-7,-10,-3,-8,-13,-1,-6,-8,-1,-4,0,8,-7,-10,-15,11,-16,3,-29,-6,4,5,-10,-23,-28,-24,-10,-32,2,6,-8,-34,0,10,-10,4,-1,-17,-5,-45,-5,-5,-22,-40,-34,-21,-5,0,-2,-9,-32,-9,-20,-17,-33,-16,-11,-29,-30,-38,-14,-17,-26,-23,-7,-17,-16,-23,-15,-11,-34,-16,-4,-24,-1,1,-1,-2,2,-3,-2,2,-18,-11,-44,-22,-14,-14,-5,-13,-2,-5,-8,-2,-5,-5,0,-1,1,-5,-6,-4,-1,-3,0,1,3,-16,-34,-1,1,-1,2,1,0,-21,-74,-5,4,1,2,2,-4,-31,-110,-37,6,6,2,2,2,0,2,-2,-1,-2,1,2,-1,-1,-5,1,-2,3,7,7,0,-8,-2,-10,-3,1,3,6,-9,-9,-12,-9,-7,1,1,1,-41,-18,-35,-27,-17,-2,-1,3,-16,-64,-16,-74,-14,-7,2,3,-59,-23,-36,-14,-33,-2,-10,-2,-53,-4,-84,-10,-40,-6,-2,3,-61,-17,-83,-15,-70,-3,-15,1,-5,-14,-13,-21,-7,-50,-17,-54,-24,-6,-26,-7,-37,-15,-23,-29,-12,-19,-7,-34,-12,-50,-27,-17,-33,-10,-28,-16,-48,-38,-14,-6,-63,-38,-28,-54,-38,-11,-2,-11,-20,-36,-55,-32,-18,-5,-16,-5,-23,-22,-63,-23,-8,-34,-1,-21,-47,-26,-25,-69,-41,-10,-41,-1,-5,-7,-17,-8,-4,-6,-7,-8,-7,-16,-11,-6,-8,-3,-6,-2,-5,-6,-23,-7,-14,-6,-6,-7,-7,-9,-24,-10,-13,-11,-3,-6,-14,-7,-35,-7,-16,-10,-7,-5,-15,-12,-24,-8,-13,-15,-11,-12,-19,-3,-40,-7,-10,-11,-12,-10,-12,-11,-25,-8,-10,-7,-12,-13,-28,-39,-29,-40,-28,-58,-29,-36,-42,-14,-34,-28,-28,-18,-17,-32,-26,-27,-32,-27,-30,-26,-35,-25,-55,-63,-26,-45,-36,-26,-31,-20,-63,-36,-45,-36,-48,-22,-34,-28,-35,-28,-43,-57,-34,-46,-54,-25,-69,-26,-50,-24,-44,-33,-33,-46,-26,-52,-22,-55,-37,-59,-17,-26
2,-2,2,0,-1,2,1,-1,3,-1,-7,3,10,5,1,-5,7,-4,-4,8,10,9,-2,-5,-1,6,3,5,9,5,-5,-5,5,6,4,1,-7,2,-4,0,-1,6,11,-10,1,-7,10,4,23,18,2,5,-4,11,24,8,0,0,0,1,2,2,-1,1,18,6,7,0,20,-5,3,-2,4,-7,11,8,7,12,12,3,6,8,10,4,13,3,2,-3,9,16,4,10,8,10,7,8,9,4,17,16,1,3,0,18,7,16,26,9,-9,10,26,4,-6,16,9,10,-7,20,-1,5,12,7,-12,1,6,-10,6,9,7,31,1,22,13,3,-11,6,22,0,4,6,11,7,4,8,-2,27,12,10,7,3,10,5,24,2,3,4,12,6,8,13,-4,13,0,5,2,1,3,10,3,-2,2,0,-2,9,0,-3,-10,8,-11,13,-15,14,17,-2,-1,5,11,-1,1,13,18,-4,10,12,17,12,6,6,2,8,4,19,4,8,8,8,6,9,10,5,10,1,24,-12,10,2,20,-1,22,14,20,21,8,12,27,13,22,6,29,22,13,5,19,8,20,-3,18,-21,-2,1,2,13,6,10,6,-5,7,2,25,15,25,19,26,16,11,6,14,28,23,18,13,19,-2,20,31,26,15,15,12,17,9,23,12,24,15,11,18,1,15,14,19,9,10,14,22,22,12,20,13,23,9,19,24,18,23,16,14,-6,13,10,20,28,15,28,0,7,-7,25,32,26,28,30,16,17,15,26,34,17,-11,25,1,0,1,1,-2,-2,1,2,13,-17,-17,-7,28,1,-31,-17,9,-9,5,-7,-3,-1,-14,-7,5,5,-6,-2,6,-4,4,1,2,-2,-9,-1,-5,-3,-6,1,-2,-2,-4,1,-3,4,-3,3,-1,2,0,0,-1,2,-4,1,0,2,0,2,-1,2,-1,-1,-4,-12,0,4,16,-11,-4,-18,14,-11,-1,-15,40,-15,-22,-20,-8,-13,-3,-14,-2,-16,-7,9,3,1,-7,4,1,-11,-11,-3,1,7,-18,5,2,-5,-15,-1,-4,-2,4,-4,-2,-2,-1,-6,0,-3,-1,-6,-6,-3,-5,-6,7,-5,0,-7,0,-1,-1,-2,0,-1,6,9,19,4,-5,-2,-23,-12,0,-10,-19,-10,-6,-14,8,-8,-15,-9,18,4,-13,2,8,-6,-18,14,7,-3,-8,-10,-4,-26,-3,10,5,-4,-12,-2,-7,2,-1,-7,1,-10,-1,-10,-5,0,-14,-7,-10,-5,-9,0,-1,-13,-5,-4,-2,-7,-1,1,-18,-34,-34,-43,33,-2,-20,-35,11,-39,24,7,-40,0,8,-20,-17,-16,-7,-1,-18,8,-14,-41,17,-4,9,-3,15,6,4,-16,4,-7,-6,11,8,0,-12,-13,0,-7,-3,-5,-2,-5,-4,-11,-8,-5,-17,-5,-6,-6,-11,-11,-8,-9,1,-9,-2,-1,-7,1,18,0,-26,-46,37,-39,-15,-16,3,-17,28,-24,-52,-34,-23,-32,-20,-1,-23,6,-39,1,-40,-22,12,-12,-10,-17,15,-11,-18,-17,-4,-24,-12,10,11,-6,-27,-18,-16,-9,-4,-17,-5,-15,-12,-39,-29,-14,-8,-13,-14,-17,-24,-27,-5,-2,-11,-15,-11,-16,-16,0
1,-1,1,0,1,1,0,3,5,6,2,4,-2,1,-1,-1,3,0,4,0,-1,1,-1,-1,4,-1,3,2,1,1,1,1,2,-1,2,1,-2,-1,-2,-1,-1,-2,2,0,2,-3,2,1,13,6,5,10,9,6,10,7,1,-2,-1,2,0,-1,2,0,5,-81,-56,-9,1,1,4,3,3,1,4,4,9,6,2,1,1,5,5,4,7,4,3,5,7,-6,8,4,5,8,4,5,7,3,0,7,8,4,4,1,-7,7,7,2,4,4,5,8,-11,-2,6,4,-5,-4,3,0,5,-2,-3,5,5,12,-1,6,1,-79,-79,-5,-8,-4,0,8,10,5,8,6,-3,2,-2,4,2,1,6,3,5,3,5,4,-1,5,1,6,-1,3,-1,0,5,-1,4,0,0,9,4,3,-2,3,1,3,7,2,9,4,1,-2,0,-2,6,0,2,8,3,1,2,1,0,1,7,2,61,60,-25,-14,-8,-4,3,2,-19,-26,3,8,-1,1,2,5,-18,-20,1,0,0,-6,-1,2,-33,-10,2,0,-5,2,1,-2,-6,-16,3,-6,0,-3,0,3,-13,-30,-1,-3,-6,3,2,-2,-7,3,7,8,-11,8,-1,9,-13,18,3,4,0,10,10,11,50,3,-14,1,7,8,9,15,8,4,14,15,12,6,6,11,9,14,13,12,13,14,13,22,11,16,10,2,10,11,10,11,10,13,18,0,18,2,14,13,-3,-7,20,11,7,5,4,6,8,4,17,7,24,14,-24,9,18,12,14,-5,-1,17,18,15,-2,2,2,1,1,-1,-1,1,8,18,-3,3,14,3,13,14,0,0,-1,-4,1,-1,0,5,-1,-3,-1,-2,-3,0,-4,-2,0,-2,-2,-3,-5,-1,-4,-1,1,0,-2,-4,-2,-3,-5,-3,-1,0,-1,-4,-3,-2,-3,-2,-1,0,2,2,-2,0,-2,1,1,6,17,18,12,12,6,3,14,-16,-13,-35,-13,-4,-17,-13,-43,2,-20,1,3,-26,2,-15,-5,-3,-8,-3,-7,-5,-5,-5,-5,-6,-4,-4,-2,-2,-7,-1,-7,-5,-5,-4,-7,-5,-8,-4,-4,-9,-7,-5,-6,-7,-10,-8,-16,-4,-6,-6,-9,-3,-8,-3,-3,9,25,16,17,14,3,7,-3,24,-21,-25,-12,-8,-10,-10,-14,-6,-18,-10,-13,-10,-3,-9,1,-6,-10,0,-13,-8,-3,-11,-3,-7,-9,-6,0,-15,-5,-6,-6,-9,-2,-3,-5,-1,-9,-9,-5,-2,-3,-4,-8,-4,-6,-21,-5,-9,-5,-4,-6,-6,-8,-3,7,11,23,18,-1,6,6,9,12,-1,-11,-14,-17,-5,-15,-7,-16,4,-8,-12,-6,-3,-4,-6,-3,-9,-7,-5,-5,-8,0,-5,3,-7,0,-4,-3,1,-1,0,-1,-7,-4,-8,-9,0,-2,-4,-1,-4,-3,-7,-5,-2,-8,-2,-4,-3,-2,-5,-1,-3,-5,-3,6,21,39,30,22,19,21,14,23,18,-43,-76,-15,-16,-24,-17,-29,6,-34,-31,-13,-19,-15,-13,-3,-19,-24,-10,-23,-15,-10,-8,-14,-24,-20,-12,-4,-8,-14,-2,-4,0,-11,-4,-17,-10,-16,0,-4,-11,-6,-10,-8,-13,-7,-15,4,-4,-6,-7,-7,-5,-10,-1
2,-1,2,-2,0,-2,-1,-1,1,-1,0,1,-4,-5,-2,-4,1,-1,-1,2,-2,-3,-5,-2,0,2,3,5,-1,-2,-6,-5,-1,-2,1,5,-1,-1,-5,-5,6,5,-3,-56,-9,-33,-16,-5,7,9,-6,-23,-9,-12,-6,-6,2,0,2,0,-2,3,1,2,-1,-3,-4,-2,-2,-7,-1,0,-6,-2,0,-2,-6,-2,-9,-6,-1,-3,-8,-10,-13,-5,-1,-3,2,-7,-7,-14,-15,-16,-4,-3,0,7,-10,42,-7,8,-5,-4,7,19,-12,-12,-1,-14,6,-4,-3,-15,15,-5,-7,-9,-6,-13,5,-2,5,-12,0,0,-7,-9,-7,1,-3,-5,-3,-2,-5,3,-1,-4,1,-8,-1,-8,-1,-1,-6,-5,-10,0,-8,-6,-5,1,-8,-5,1,-10,-5,-13,1,-9,-18,-5,-14,3,-10,5,-13,-1,-4,-6,0,-52,-5,-13,-3,-5,-12,15,-19,-9,-12,-13,-11,-1,7,-11,3,-2,-3,-16,-7,-8,4,4,6,3,7,-2,4,3,2,2,6,-2,6,1,1,2,2,5,-3,3,0,-7,3,2,1,6,-1,-3,5,4,8,3,2,3,2,-3,-3,8,-4,5,8,5,6,1,14,1,4,3,6,5,5,-4,-4,7,5,11,23,18,2,4,1,7,3,2,3,-5,1,-2,-3,-17,2,7,-4,-7,-2,-8,-2,-3,-12,-1,-7,-4,0,4,-4,-12,-32,3,0,5,6,-13,-7,-9,4,5,-4,-1,-11,8,-3,5,-10,-4,-13,-5,2,-1,-3,1,4,-4,11,18,-2,2,-15,5,1,2,15,18,13,-6,-1,14,5,8,-1,-1,1,1,-1,0,0,-1,-21,-15,-11,-5,4,-28,-1,0,-5,-1,0,-6,4,-1,-3,0,-3,0,-2,-1,-1,1,1,-3,-1,-2,1,-2,-1,-2,1,-2,1,2,0,3,-1,-3,-1,0,0,2,-2,-3,-4,-4,0,2,2,0,0,1,-1,0,1,0,-5,-5,-10,-14,3,2,-1,-1,-7,-13,-17,-10,-10,-12,-9,0,-7,-16,-14,-8,-7,-11,-13,-1,-20,-12,-4,-5,1,-10,-4,0,-4,-5,-5,-8,-7,-6,-10,-9,-7,-5,-7,-8,-4,-4,-6,-3,-3,0,-6,-4,-10,-8,2,-2,-1,0,-4,-5,-7,-1,-3,-9,-10,-5,-10,-1,6,4,4,-5,-18,-12,-7,-25,-5,-15,-6,-12,-12,-7,-13,-15,-11,-8,-9,-1,-6,-6,-6,-8,-10,-3,-7,-4,-9,1,-7,4,-6,-13,-15,-2,-2,-9,-9,-10,-1,-10,-15,-3,5,-1,-4,-4,-8,-13,-7,-4,2,-3,0,-16,-8,-4,-1,-6,-11,2,-18,-8,-2,-5,-20,-18,-12,-16,-24,-15,-11,-3,-19,-8,-8,-13,-14,-17,-10,-13,-23,-15,-16,-6,-4,0,-6,-15,-16,-10,-15,-7,-15,-5,-11,-9,-17,-16,-5,-8,-3,-8,-2,-9,-12,-6,-6,-14,-12,-10,-13,-15,-12,-10,4,-12,-6,-10,-10,-10,-9,-8,-22,3,-23,-13,0,-5,-54,-30,-49,-46,-54,-51,-26,-34,-35,-34,-72,-53,-38,-34,-24,-27,-52,-25,-51,-22,-52,-40,-25,-13,-33,-35,-50,-30,-39,-32,-57,-23,-33,-32,0,-10,-34,-48,-16,-15,-37,-35,-39,-36,-6,-29,-6,-61,-15,-16,18,-27,-7,-46,-14,-44,-9,-12
3,0,-1,-2,-2,0,2,1,8,1,10,-4,2,4,4,1,2,-2,-1,-3,-3,4,4,1,3,11,4,9,2,7,0,3,-2,11,13,9,19,-5,3,2,0,-20,-10,-7,-12,-2,-9,0,-6,-18,-11,-8,-19,-1,-6,0,1,2,-1,-1,-2,0,-1,-2,6,7,5,3,7,6,-3,11,8,11,-2,5,5,4,3,4,4,1,5,7,6,-3,9,1,13,1,-14,13,15,0,2,-3,1,1,-8,-3,6,-15,11,10,15,0,-10,-19,9,11,0,-13,15,3,-2,21,-7,-25,-1,17,9,10,-12,-10,9,-10,0,-7,12,7,7,6,4,6,12,-5,11,5,10,-2,1,3,2,2,-1,8,7,4,11,4,8,11,14,2,14,5,10,3,4,6,-3,7,7,15,19,-1,2,-1,9,6,4,26,10,6,2,20,11,3,1,6,22,-3,15,4,10,9,3,-4,12,24,5,14,6,4,-2,2,11,4,7,0,-3,11,3,-6,-8,-5,-5,11,11,8,17,5,-5,-2,0,1,11,8,15,-8,0,1,-3,8,8,11,-2,5,5,3,8,6,15,32,26,12,8,14,24,6,2,19,18,-27,2,24,-1,1,16,16,5,11,7,6,-2,15,13,15,15,17,9,6,26,11,12,9,11,2,7,5,3,39,2,11,14,8,6,9,2,13,27,3,12,-11,13,5,13,1,-5,-1,22,22,4,2,6,11,28,28,9,30,15,-23,23,33,11,20,-7,27,19,34,-3,29,25,12,19,8,-2,6,29,28,1,1,-2,-2,0,1,-1,0,7,-27,1,-18,3,0,3,-47,-2,6,1,-10,11,3,-10,-5,1,1,-2,-11,6,-1,-1,-5,0,-2,3,0,6,-2,1,1,-2,2,-8,5,4,1,3,1,-3,-3,-8,1,0,1,4,0,2,1,-2,0,-2,1,1,2,2,-17,-6,-27,-19,-23,-9,-3,-16,-15,-20,-9,-27,5,-17,-9,-9,15,-18,-12,-16,-14,-4,-9,-14,2,-21,-13,1,-5,-24,-13,-13,-3,6,-14,-4,-17,-1,-3,-3,-15,-5,8,-9,-4,-12,-12,-8,-9,-16,-5,-16,-7,-8,-7,-15,-7,-5,-14,-2,-13,-5,-8,-19,0,-13,-9,-25,-9,-18,7,-1,-17,-8,-20,-4,-28,8,-6,-7,7,-20,-8,-10,-1,-18,-5,0,-2,-11,-19,3,-3,-5,-10,-6,-5,5,6,-8,-1,1,0,0,-3,3,10,5,-3,-8,-8,-4,-6,-10,-7,-7,-8,-7,1,2,-7,0,-14,-4,-5,-2,-3,-27,-34,-28,-31,-47,-24,-35,-31,-15,-18,-10,-20,-28,-12,-13,2,-14,8,-40,-18,-28,-10,-22,-9,-12,-19,-25,-29,-25,-10,-20,-18,-14,-5,11,-14,-4,-10,2,-10,0,-11,8,4,3,7,-15,-8,-18,-18,-15,-12,-18,-14,-12,-1,-13,-7,-14,-14,-9,-4,-5,-9,-44,-17,-58,-26,-36,-36,-51,-9,-25,-42,-57,-70,-54,-55,-46,-26,-41,21,-60,-23,-35,-38,-42,-40,-31,-33,-45,-48,-52,-43,-30,-38,-53,-24,9,-14,-37,-25,-18,-26,-15,-28,15,-3,-1,10,-50,-32,-18,-42,-29,-20,-27,-40,0,4,-27,-4,-27,-24,-29,4,-13,-22
-2,-1,-2,2,-2,0,-2,2,0,3,2,2,-1,1,-1,-2,3,2,0,-1,-2,2,1,-1,3,1,1,0,0,0,0,0,-1,-3,2,-2,2,-2,2,1,-3,36,10,6,2,4,-2,3,39,74,-6,-4,1,-7,8,-2,-2,-1,-2,0,1,2,2,-2,-2,8,-2,2,0,1,-1,-1,1,-8,5,2,-6,-6,-1,0,1,-3,4,0,-2,-4,-5,-1,5,6,1,2,5,-6,-6,3,8,7,3,1,-6,-3,3,13,9,3,-1,2,6,-3,-3,12,12,-7,3,10,1,0,-5,8,2,-33,-11,-5,1,10,-2,10,4,-5,-3,-1,0,4,7,2,-5,-1,3,-1,-5,6,5,7,6,9,3,-1,4,5,7,8,0,0,5,4,1,4,3,5,4,10,6,4,6,1,4,0,11,10,-1,4,1,8,0,2,14,-19,7,16,4,3,4,-10,1,-20,-18,4,-10,-1,-6,7,5,13,5,6,1,2,2,4,8,14,4,-2,0,-12,-1,3,9,14,6,0,1,-3,1,6,1,14,7,-4,3,-6,5,7,-22,13,-3,5,2,0,2,4,16,13,11,-4,3,5,6,2,15,-23,5,11,-1,8,3,8,-1,-46,13,10,10,12,11,8,14,16,4,-3,5,6,9,9,16,9,12,8,7,19,13,20,11,0,4,13,16,0,9,7,-3,13,-3,5,5,33,3,14,6,16,15,12,13,18,-8,-2,-8,11,4,15,6,8,2,11,-8,-1,7,2,-4,17,8,10,-5,-10,11,-3,-6,-1,8,12,-1,-1,-1,1,0,-2,0,0,3,4,-2,-2,-9,12,-5,5,1,2,2,2,-2,1,2,3,-1,1,1,2,-1,0,1,-1,-2,-1,-2,-2,-2,-1,-1,-1,0,-3,-3,-1,0,0,0,1,5,-28,-6,-2,1,-1,0,-1,1,-2,-1,-2,0,2,-2,1,0,-7,1,0,0,0,0,1,-2,1,2,-3,-5,-2,2,0,5,3,2,-14,-4,-2,0,-1,4,-9,1,-6,-4,2,-2,-6,-6,8,-15,-2,-9,-6,7,-3,-93,-20,-94,-16,-1,-12,1,2,-2,-34,-28,-94,1,2,-8,2,-26,-95,11,-18,-7,-15,-15,0,-10,2,-7,1,-4,3,-2,-25,-1,-6,3,-18,4,-10,-25,-77,2,3,-13,3,-6,-28,-91,4,5,-6,-3,-6,-26,-67,3,-9,-6,6,-1,-16,-96,1,-6,3,-4,4,-21,-93,3,-7,-6,-2,-47,-64,-63,2,-5,4,-6,3,-63,-60,-14,-19,-1,-12,-2,-2,-9,-5,0,-2,2,-1,-11,2,-10,-29,-6,-8,-4,-5,-6,0,-8,-46,-8,-4,-10,-11,-8,-7,-9,-47,-10,-7,-13,-8,-9,-8,-7,-48,-5,-6,-9,-22,-13,-4,-16,-45,-5,-8,-10,-9,-5,-10,1,-29,2,-9,-9,-12,-9,-6,-14,-107,-25,-40,-59,-58,-69,-68,-13,-16,-5,-9,-7,0,-13,-34,-24,-37,-6,-26,-22,-12,-37,-63,-33,-40,-29,-25,-26,-51,-66,-32,-37,-35,-20,-22,-58,-12,-42,-8,-22,-40,-27,-32,-61,-36,-17,-43,-36,-71,-33,-49,-43,-16,-22,-11,-62,-53,-54,-43,-31,-15,-15,-14,-35,-55,-40,-45,-57,-61,-62,-52
2,2,1,-2,1,-1,-2,1,4,-4,-6,-29,-7,3,2,0,-1,-1,-5,-11,-19,-2,0,0,4,-2,0,-6,0,-13,-2,-1,1,1,-2,-2,-7,1,5,-3,3,-8,-1,4,7,2,-6,-2,-4,-2,-21,-3,-17,-2,-5,-7,0,-1,0,0,1,1,-1,-2,-5,-12,0,-2,-5,-13,-6,-5,-3,-4,-9,-15,-6,1,-20,-2,-5,2,-5,1,-16,-7,-12,-4,-2,-19,-4,-6,1,-1,2,-4,-14,-3,4,-12,2,1,-4,-1,-3,0,-10,4,-29,-6,-3,-2,-4,-3,-1,-4,-9,0,0,-10,-2,-14,2,-3,-2,1,-4,0,0,2,48,16,15,4,4,7,7,-7,2,31,4,-2,5,-4,12,8,5,4,28,6,1,3,5,-3,6,12,3,12,1,16,11,3,6,2,-3,6,23,2,2,9,8,-20,3,-1,2,6,12,0,8,0,-7,1,12,-4,7,1,3,13,1,-15,-6,-2,4,6,-4,10,0,2,-3,-1,5,9,4,-10,6,12,8,4,3,-9,5,12,-2,-1,-7,7,7,-10,-8,-2,-7,-27,-2,8,2,-3,3,0,4,3,-2,2,7,13,-19,9,-3,7,-5,8,11,13,3,14,12,13,17,13,3,5,-10,-11,-3,3,-3,10,30,17,26,13,14,13,30,17,1,2,18,5,8,14,14,9,11,4,7,8,-4,13,6,6,11,22,16,25,14,-18,7,25,4,-8,-14,21,12,10,11,17,26,-20,-38,0,20,13,26,4,-5,3,9,16,20,4,21,28,20,30,6,19,23,26,19,-2,2,1,0,1,0,-1,1,-2,-5,-34,4,-2,-10,1,4,14,4,-4,-13,-9,-24,1,-2,4,3,-5,-8,-15,-7,6,-1,4,3,-1,-1,-3,-11,6,-7,0,1,-2,0,-12,0,0,-6,0,1,2,3,-10,-7,5,-9,-1,2,1,1,-2,-1,-2,-1,-1,-8,-20,-4,-3,-14,-18,-5,-1,-13,-6,-6,17,-6,0,10,6,-11,-19,-9,-7,4,-12,-4,-3,-2,-9,-7,-3,-8,-5,-12,-5,-2,-13,-4,-2,-9,-6,-10,-3,-1,-3,-5,-12,-2,-1,-6,12,-2,5,0,-6,1,-2,-6,-6,-16,-3,-9,2,-3,-5,-7,-6,-14,-11,8,-13,-8,-14,-6,1,-11,1,-2,18,-15,-5,5,-3,-5,0,-19,-9,-3,-1,-11,-1,8,0,-12,-6,-13,4,2,-3,2,1,-4,4,-14,-8,5,-9,-1,-4,-11,-4,0,-2,-4,23,2,2,0,2,0,8,-9,4,3,-2,2,-2,4,-5,1,-7,-7,-18,-2,-20,-60,-37,-38,-20,-3,1,-25,9,-17,7,-2,3,-10,-15,-16,-25,-3,-4,-17,-16,-11,-12,-21,-11,-17,-5,-6,0,-5,-23,-4,-10,-15,-10,-4,-9,-3,-10,-8,-7,-3,11,-11,1,4,8,-6,-10,5,7,-14,-1,-2,-2,3,-6,-3,-2,-6,-2,-32,-15,-6,-70,-54,-45,-4,-27,-20,16,-40,25,-23,4,-9,-12,-11,-28,-58,-35,0,-27,-40,-23,-40,-38,-56,-24,-38,-17,-22,-29,-1,-34,-34,-13,-31,-32,-26,-28,-22,-12,-52,-18,-10,-25,-26,4,5,4,-21,-17,-20,-1,-21,-12,2,2,-13,-10,-13,-16,-33,-4
3,1,2,-2,2,0,2,-1,-2,-16,-17,-21,-2,7,3,3,3,-12,-16,-12,2,4,4,1,6,-5,-12,-3,2,3,0,1,3,1,0,1,2,-1,-2,-1,2,-1,1,-1,2,-2,1,-2,-8,-6,-2,-7,1,-1,-1,-2,3,-2,-3,0,0,-1,1,-1,-22,-14,-8,-13,-4,-6,3,5,-12,-9,-6,-8,-1,-3,2,0,-9,-16,-10,-14,0,-2,2,2,-11,-14,-7,-4,-10,-2,-1,3,-22,-13,-7,-4,0,-6,-3,-2,-8,-11,-4,-6,-1,0,2,1,-5,-11,-5,1,1,-1,5,10,-14,-10,-8,-1,1,8,0,1,-10,-17,-1,-8,3,-1,2,-2,-20,-4,-14,-7,-9,5,-4,6,-2,-14,-3,-8,-1,-6,10,2,-11,-2,-9,-6,-8,-5,-10,4,-8,-6,1,-13,-3,-8,-5,-4,-4,-1,-7,0,-4,0,-7,3,-1,-5,0,0,3,-4,-2,-12,-8,-2,-9,-2,-2,1,-10,-5,7,7,2,5,11,13,8,9,10,3,0,-2,8,7,10,10,7,-4,-3,1,4,7,12,5,8,-3,2,1,9,11,7,14,5,6,0,5,10,9,10,8,8,3,11,3,14,7,7,9,6,1,7,3,8,5,8,8,4,5,-2,3,9,7,9,9,23,23,0,15,14,7,-23,10,0,14,10,7,9,6,20,2,23,-12,18,4,10,-11,17,-5,9,10,19,28,10,17,24,-6,5,3,23,4,-1,-12,33,4,9,-21,27,30,11,20,8,18,6,12,21,0,8,4,26,45,6,18,23,19,14,2,9,9,-2,2,0,1,1,-1,1,0,-21,-48,-22,-43,-7,-51,-6,-28,-22,-39,-54,-50,-3,-1,4,1,-20,-51,-50,-40,-4,0,2,-2,-12,-34,-41,-24,-5,-3,0,0,-6,-14,-19,-11,-4,-4,-1,-4,-7,-13,-12,-9,-2,-2,-2,-4,0,0,-2,0,-1,-2,1,-1,6,2,-9,3,-6,-8,-4,-10,7,1,4,-8,-1,-3,-11,-12,1,2,-9,-1,-5,-9,-12,-9,7,5,-4,-4,-9,-5,-6,-10,0,1,2,-4,-2,-9,-2,-5,1,-2,-3,-2,-3,-7,-7,-3,-5,-1,-7,-1,-5,-10,-11,-5,-1,1,-10,-8,-3,-2,-9,-5,-12,-7,-14,-8,-14,-7,-7,-10,-2,-13,2,-8,-6,-12,-9,-13,-8,-13,-13,-8,-11,-13,-13,-15,-1,-4,-11,-7,-8,-10,-9,-8,-8,-6,-9,-10,-6,-6,-20,-6,-9,-9,-11,-11,-6,-7,-5,-6,-9,-11,-15,-12,-8,-8,-3,-4,-9,-14,-14,-17,-5,-8,-4,-2,-7,-12,-11,-8,-2,-6,-8,-11,-12,-11,-10,-10,-12,-13,-17,-9,-7,-8,-14,-4,-2,-11,-11,0,-7,-5,-7,-7,-7,-9,-11,-12,-10,-4,-5,-4,-4,-7,-14,-9,-10,-3,-5,-3,-4,-11,-9,-3,-12,-10,-6,-2,-2,-6,-7,-10,-7,-4,-2,-7,-2,-3,-4,-10,-12,-12,-9,-18,-10,-7,-3,-5,-15,-24,-22,-3,-22,-9,-25,-11,-15,-23,-23,-60,-20,-16,-15,-15,-10,-10,-24,-13,-22,-22,-3,-19,-8,-11,-7,-20,-10,-5,-10,2,-33,-13,-9,-11,-9,-14,-16,-13,-36,-25,-19,-31,-28,-47,-18,-28,-21,-19,-10,-4,-21,-17,-29,-30
1,-1,-2,0,2,-1,-2,0,-5,3,4,-1,2,8,-4,5,0,2,3,8,1,2,-5,3,-2,1,3,6,-1,-16,1,1,2,-3,1,0,-9,-5,-3,0,-3,0,-8,-7,0,-14,-2,-5,-3,-7,-7,5,-3,0,7,7,0,-2,-1,-2,-1,-2,-1,2,2,6,1,8,-7,9,-2,14,14,3,3,10,2,0,-2,0,7,26,0,9,11,-2,26,-5,10,10,15,-1,2,8,-6,3,-1,-3,5,-16,-4,5,-1,14,11,-1,-4,-3,-4,6,11,2,-20,-8,1,23,3,-6,6,11,14,12,-8,0,6,-1,5,6,6,9,-6,-6,-6,11,-10,16,6,15,-1,-1,3,-4,7,11,15,-7,4,21,0,1,12,-12,4,5,-2,0,4,8,-15,-3,-9,3,-10,-4,11,2,2,-5,8,-10,1,10,-7,3,8,14,-1,5,8,12,-6,-2,15,4,-6,10,-14,2,-3,12,8,-4,9,8,13,12,13,10,8,9,3,3,2,-6,-12,17,-10,-1,1,10,3,-3,15,-4,2,3,1,-2,1,-12,-8,10,2,13,-10,6,14,-14,-3,-2,3,6,-1,13,3,0,-4,11,-2,14,-8,13,14,-11,-3,15,8,14,6,11,16,11,2,10,7,9,12,13,13,16,21,5,-6,10,-8,16,11,2,0,11,13,19,15,-8,-7,0,13,-11,-11,1,0,20,-9,0,-39,3,-27,9,-12,-10,-4,8,0,10,1,-1,20,3,9,8,0,-23,-17,13,-20,-1,20,-12,8,0,10,-20,-10,-23,10,4,2,-5,10,-8,2,0,-1,0,-2,-2,2,1,-35,-6,-3,-23,-28,-9,-36,20,-32,-11,-5,-12,-5,-9,4,0,-17,-10,-4,-8,-1,-13,9,-1,-10,-11,-7,-1,-2,5,-2,1,-5,-2,-6,-4,-8,4,1,4,-8,-7,-4,-6,-8,5,-2,1,0,1,-1,-3,-2,1,2,0,7,18,17,2,4,1,-10,4,-30,2,-6,-3,-2,-12,-4,5,-6,0,1,-6,0,0,4,-22,-8,-5,1,1,6,-15,-2,-11,2,-1,0,2,2,0,-4,2,-3,2,1,-5,0,0,-3,2,-1,-2,2,-2,0,0,1,-5,1,0,-1,-3,-3,-3,-6,5,3,14,16,-7,-6,6,-3,-2,0,0,3,-5,3,-11,-13,-7,-11,0,3,-3,-9,-10,-2,7,-15,-5,3,-7,4,-19,2,-16,-3,-8,-8,-2,-10,3,-17,8,-1,-3,-4,-15,-3,-3,-1,-23,-9,-4,-6,-1,-10,-3,-7,4,-3,2,-3,-4,0,-6,-9,-3,5,7,7,-24,-23,3,-13,4,-29,-12,-4,-9,-13,-16,-12,-13,-14,-25,-10,-10,-4,-12,16,-23,-25,-12,-11,-10,1,-12,-14,-13,-5,-41,-7,-8,-6,-4,-16,-6,-4,-11,-12,-13,-14,-16,-5,-10,-17,-12,-9,-12,-14,-20,-6,-9,-8,-3,-16,-21,-1,4,-11,-4,5,15,25,-41,-49,11,-60,-1,-45,-28,-13,-21,8,-60,-32,-21,-37,-45,-39,-9,-28,-26,19,-46,-71,-43,-2,-18,10,-43,-27,-61,-8,-37,3,-19,-25,-14,-50,-16,-10,-25,-46,-23,-33,-38,-30,-42,-29,-33,-18,-22,-27,-24,-31,7,-25,12,-20,-23,-13,2,-4,-21
-1,2,2,2,2,-2,-2,-1,-2,-3,1,0,-2,-2,11,-3,-2,-2,2,-2,-2,-3,-3,-4,1,0,-1,1,3,-3,9,6,-2,2,1,-4,-3,7,1,15,-8,-11,-12,-3,2,-9,-5,-9,1,12,7,4,1,-6,16,-5,2,-1,2,-2,-2,2,1,2,1,-4,1,-4,6,4,11,9,6,-7,-9,-9,1,3,17,0,3,-11,-2,2,3,0,20,-6,-3,6,-7,7,-21,17,3,19,-5,-8,-24,-3,-5,-21,25,6,-1,2,-5,16,4,-19,8,7,1,5,-36,-31,3,3,-6,-16,4,-15,-8,12,-26,2,-8,10,-8,20,-4,12,0,-2,-35,-5,-18,-10,-9,-7,7,-11,3,-5,1,2,-12,18,-1,0,7,8,-1,1,-5,-11,11,11,26,5,17,-3,-20,2,0,13,3,9,22,-11,-7,6,15,-7,22,-8,-1,21,20,2,-3,5,6,5,9,4,2,-8,15,-12,5,8,13,-3,13,0,-1,2,-3,10,12,14,18,9,9,14,12,6,7,-10,6,-1,1,11,10,7,2,0,3,-11,2,-1,-1,4,9,5,13,1,6,7,7,2,8,-20,10,1,-19,3,-11,12,3,-1,4,19,-4,9,1,13,6,8,-1,-9,-3,10,14,15,14,14,4,10,6,-12,-4,2,-1,23,4,2,8,1,11,11,5,2,-8,6,7,13,12,12,12,2,13,-15,1,5,17,-10,-1,-23,7,16,9,3,4,-9,4,-22,12,12,5,-10,-4,1,7,-1,-10,13,-19,-2,17,8,8,-3,3,-24,22,-10,20,1,2,-1,-2,1,-1,0,1,0,18,-18,21,-13,-3,-3,-8,-16,9,-38,1,-11,-5,-10,2,1,5,-7,-2,3,-11,-4,-7,-6,1,-1,2,2,0,-3,-1,-1,1,-4,-3,-2,1,-6,-1,1,0,-7,-1,-4,1,-3,-3,-2,0,0,-2,2,-2,-1,-1,0,-8,7,-10,-2,-13,-2,-1,0,9,-8,-4,-8,-10,-16,-6,-2,-3,-18,-17,-16,-20,6,-4,7,-3,-10,-7,-5,2,-16,-14,-5,-4,-13,-11,1,-11,-4,-16,2,-5,-8,-7,0,-2,-5,7,-7,-3,-4,5,-3,-2,-3,-9,-9,-4,-8,4,-5,-1,-2,-1,-12,4,-16,-1,-10,-6,-5,7,4,18,-24,11,-6,-3,-7,-17,6,-11,-33,-28,-2,-18,-5,-11,-1,-4,-4,-13,-3,-6,-9,-14,-12,-1,-6,-2,-10,-3,8,-8,10,1,-2,-5,-3,2,-8,6,-6,-5,-1,6,0,-7,5,-10,-1,1,-4,5,-3,-4,0,-8,-8,-12,-21,10,-18,-16,-4,-21,-59,26,-31,18,-8,-10,-41,-15,3,-28,-27,-19,-9,-17,-1,-21,18,-17,-19,-18,-27,-21,-19,-41,-3,-6,-19,-13,-7,-10,12,-22,18,-3,-12,-20,-4,-3,-13,18,-7,-19,-9,-3,-8,-21,5,-12,-6,-5,-5,3,3,-12,-3,-11,2,-10,-39,-11,-23,-6,-43,-33,-17,25,-37,35,-51,-11,-38,-42,8,-45,-36,-51,-56,-29,25,-33,35,-38,-28,-66,-51,-14,-43,-43,-20,-49,-45,-53,-43,-43,34,-28,32,-57,-33,-59,-23,-9,-31,32,-29,-38,-9,-15,-28,-32,15,-40,15,-35,-14,14,-3,-35,5,-33,16
1,-1,2,2,2,-2,-2,-2,17,8,0,1,-3,1,-1,-1,22,10,-1,-2,-2,-2,-3,0,38,24,0,0,-1,0,0,0,28,18,3,0,1,1,1,-1,12,10,2,-1,0,6,1,0,-10,-2,10,-3,-1,2,1,-1,1,-1,-1,-1,2,1,0,-1,-6,0,-10,4,-5,-11,-8,-7,2,-2,0,-5,-5,-4,-6,-1,-2,-4,0,-5,-4,-7,-5,-12,-4,8,-3,-3,-3,-7,-14,-13,-8,-3,-3,-4,-8,-6,-13,-7,-3,0,-3,-8,-4,-2,-11,-12,-3,-10,0,1,-14,-5,-11,-12,6,3,-1,-6,-2,-15,-18,-9,-5,4,0,-1,1,7,-1,0,4,-2,1,3,4,-2,1,1,-4,-3,3,3,-1,1,-3,2,0,1,5,0,1,-5,3,0,1,4,2,4,1,5,-3,5,4,1,5,1,4,0,5,-6,1,5,6,4,-3,6,-5,4,-2,0,6,4,8,3,-4,-5,14,7,6,4,2,3,2,4,11,6,0,0,1,6,0,4,11,3,2,-6,-2,2,-3,0,1,1,3,0,-6,-6,-2,-1,-12,-2,-4,-2,-4,-7,-8,-5,-13,-7,-3,-6,-5,-6,-6,-9,-2,-1,1,-1,-7,1,-12,-3,0,-1,1,0,1,-5,3,1,5,10,2,14,3,4,8,2,17,17,2,9,4,-10,-17,5,5,16,-3,6,-5,-20,9,-4,1,2,4,-11,23,-3,-3,9,-3,21,8,12,4,5,-24,-18,19,-12,4,7,20,6,-2,7,13,0,4,-1,6,-12,18,-24,3,4,1,12,-3,9,6,1,1,0,-1,-1,-1,2,-2,2,-10,-2,-5,-5,-20,-11,-12,-14,-14,1,0,-4,-9,-8,-7,-4,-36,-4,2,-2,-3,-5,-3,-2,-64,-32,3,2,1,0,1,1,-69,-31,1,4,4,5,2,2,-48,-24,0,5,4,3,4,3,2,1,-1,0,-1,0,2,-1,-8,0,-6,0,-2,0,-3,10,-8,-4,-13,-2,-5,-2,1,0,-13,-12,-9,-5,0,-1,1,3,-14,-9,-5,-4,-3,-2,2,3,-24,-4,-2,-3,-1,-3,-3,2,-8,-5,-7,-8,-3,-1,-3,0,-9,-22,-7,-3,-6,-3,-3,-1,-9,-5,-8,-3,-3,-4,0,-2,-6,-8,-4,-10,-17,-20,-10,-16,-11,-1,-1,-9,-11,-8,-8,-4,-6,-7,-31,-11,-1,-10,-3,-3,-26,-16,-18,-8,-9,-10,-8,-3,-30,-9,-8,-6,-7,-4,-4,-8,-26,-11,-12,-13,-7,-3,-6,-3,-12,-11,-16,-7,-2,-8,-5,0,-12,-5,-12,-13,-10,-4,0,-4,-16,-17,-12,-14,-12,-8,-13,-14,-29,-25,-14,-13,-12,-9,-10,-9,-24,-25,-16,-15,-9,-15,-15,-9,-29,-19,-19,-18,-13,-14,-12,-11,-23,-19,-16,-13,-16,-11,-17,-9,-37,-21,-14,-18,-14,-12,-7,-9,-34,-19,-18,-16,-17,-18,-13,-6,-29,-21,-18,-17,-16,-17,-19,-16,-52,-45,-39,-56,-58,-39,-48,-34,-56,-39,-41,-21,-38,-34,-37,-40,-44,-42,-47,-66,-35,-45,-70,-37,-40,-39,-50,-46,-52,-30,-36,-50,-34,-4,-48,-48,-48,-46,-37,-33,-45,-24,-66,-35,-35,-41,-37,-43,-56,-34,-39,-16,-41,-28,-63,-36,-66,-24,-25,-28,-32,-49,-49,-35
2,0,2,0,2,1,-1,-2,-1,-1,2,-1,2,-1,-9,-2,0,-2,0,4,3,4,-8,-2,5,2,4,-2,-28,4,61,2,-3,-1,2,-6,1,1,-12,4,-4,-1,-1,0,-1,0,-2,6,-4,-7,3,-4,0,-2,13,-4,0,2,-2,2,0,-1,0,-1,-1,2,-2,2,3,-5,-1,-5,2,-4,5,9,1,11,4,-4,6,1,9,-1,-5,2,-3,4,0,0,-2,2,-3,-11,-6,4,-6,2,4,-2,1,8,7,4,0,-2,-6,16,5,-4,3,-8,7,2,4,10,-6,3,-13,7,3,-1,6,2,8,3,-4,2,1,7,2,-2,-1,5,7,7,-1,2,6,1,-2,0,8,0,0,-2,-1,11,3,2,2,-7,3,-3,4,-3,0,1,23,-5,1,-6,1,8,1,12,-4,-4,2,-3,5,-2,-7,3,-10,3,3,4,0,6,9,-8,9,2,3,-5,2,-4,-6,1,-4,-2,0,1,4,1,1,4,6,2,-2,2,-4,3,4,3,-1,5,2,3,6,1,13,2,-4,7,-1,-1,6,8,0,5,4,-12,11,2,8,-3,6,13,-3,8,6,3,-3,3,5,1,10,8,6,0,-6,-4,10,2,3,-3,1,3,6,4,1,3,3,4,0,9,12,8,7,13,14,20,5,10,15,7,13,14,6,-3,-2,7,8,16,10,11,3,1,8,-1,16,6,17,13,27,-12,5,0,13,13,10,15,10,7,5,-27,13,-8,7,-16,17,-4,5,-2,2,10,2,2,15,11,2,13,2,-9,-3,2,3,1,0,-2,-3,2,1,2,0,-1,-11,-17,-1,-14,-5,-6,28,-8,-3,-5,-2,-6,-3,-5,-8,-6,-3,-4,-4,0,-2,-1,-7,-3,-1,-3,0,-2,1,0,-4,-6,0,0,-1,-1,-1,-3,-4,-6,1,0,1,2,0,-2,-5,-3,0,1,-1,0,0,-2,2,0,-4,-9,1,-8,-9,0,2,-9,-4,10,-3,-15,-12,-10,2,-15,0,-9,-3,-4,-11,-14,-7,-8,-6,-4,-3,-3,15,-7,-8,-8,-2,-4,-4,-13,-6,17,-10,32,0,-4,-2,-4,-1,-1,-2,-3,-3,-2,-4,0,0,-8,5,-6,-4,0,-2,-6,1,-5,-1,-12,-5,-2,-3,-3,-8,-10,0,-14,-9,-9,-1,-8,-19,2,0,-5,-8,-2,-4,-10,-1,-16,-12,-3,-6,-6,-12,-4,18,-10,-10,-10,-10,-1,-4,-15,-2,17,-13,26,-8,-8,-13,-7,-1,-1,-6,3,2,-12,-5,-3,-3,-6,-4,-4,-10,-8,-5,1,-6,-1,-13,0,3,-5,6,-15,-10,-9,3,-2,-2,-7,-4,-17,-20,-10,-8,-7,-7,-4,-11,-5,-13,-19,-28,-12,-13,-10,-7,-4,39,-16,-26,-9,-9,29,-4,-17,-7,21,-17,28,-3,-6,-5,-12,-3,-6,-6,0,-6,-6,-5,-6,-10,-10,-12,-2,-5,-7,-7,-9,-10,-4,-10,-5,-12,-10,-7,-8,-35,-9,-29,-11,-30,-28,-9,-19,-39,-23,36,-17,-25,-17,-30,-15,-40,-31,-35,-31,-19,-34,-16,-5,52,-20,-43,-21,-22,69,-15,-23,-20,25,-17,35,-5,-20,-17,-21,-11,-13,-14,-12,-6,-16,-10,-12,-15,-13,-16,-5,-18,-12,-8,-6,-8,-8,-22,-20
2,1,1,-1,-2,0,0,-1,1,-1,1,-2,1,-1,-2,-2,-1,-1,1,-1,-2,0,-4,-2,0,1,0,0,0,-4,-3,-1,-1,-1,-2,5,-3,0,-5,-7,-1,2,-6,1,11,-11,-5,-23,4,-1,6,1,-30,-5,-44,-7,-1,2,-1,1,2,2,1,1,0,0,-1,2,1,-3,1,-1,-2,2,4,0,5,2,-1,2,3,2,1,-1,3,2,4,0,1,3,1,-2,4,4,10,4,-12,0,6,7,-3,8,-2,5,0,0,-1,8,5,1,-9,10,5,-10,10,3,2,-6,-7,-6,5,1,16,-6,-4,-10,7,-1,11,0,7,-2,2,-1,9,-1,-7,10,-1,9,2,7,1,8,4,0,15,-1,9,1,2,-3,1,5,-1,13,-1,10,4,16,4,-2,6,5,22,-2,10,3,2,9,0,13,16,19,-9,43,14,11,12,12,8,-2,18,-12,6,14,2,4,1,6,-21,15,3,3,1,4,5,8,7,8,1,3,7,-1,1,-1,8,9,6,1,7,-3,3,7,7,10,6,0,-7,11,-4,8,16,16,1,1,14,-1,8,7,9,20,13,7,23,12,7,15,12,25,12,8,17,11,19,10,-11,21,7,12,12,8,15,5,8,11,28,27,33,28,32,31,30,35,14,31,31,33,30,30,27,36,30,22,28,29,34,26,29,31,28,30,7,30,24,29,21,37,24,32,21,28,44,25,39,29,36,25,28,29,42,34,51,55,41,27,29,29,37,23,65,45,23,24,20,35,9,27,31,51,0,-2,-1,1,-1,1,1,-1,4,-7,0,2,-14,-11,1,-5,-3,2,-1,-2,-2,-3,-3,0,3,1,0,-1,-1,-7,-4,-2,1,1,-1,3,0,-6,-6,-6,1,1,2,0,5,-12,-20,1,1,-1,2,4,-4,-1,-64,-3,1,-2,-1,2,2,-2,-2,1,5,2,5,-1,3,1,3,1,-1,2,-1,-12,-8,-7,-10,-3,5,0,-1,3,-2,-17,-6,0,7,5,-1,0,-8,-6,-3,-5,2,0,0,-6,-2,-12,-4,-11,4,1,0,-4,-3,-3,-15,2,3,1,1,-1,-2,-3,-26,-5,-3,4,6,4,-5,-13,-4,-7,-8,1,2,5,-6,1,-4,4,6,-3,-3,2,-2,-7,-2,-4,-7,1,1,3,-5,1,-4,5,-2,0,6,-6,2,-12,3,-6,2,6,-4,-1,-13,4,-10,3,2,0,4,-6,3,-12,-10,-13,0,1,-4,2,-6,-1,-34,-1,5,-5,4,-6,6,-18,5,-10,4,-3,-9,-3,-8,-4,2,-4,4,-2,-4,-4,-1,-8,-15,-14,-3,1,2,0,-1,-4,-9,-2,1,-5,-2,-5,-9,-6,-5,-6,2,5,0,0,-13,-6,-6,-16,1,-1,-1,-4,-5,1,-20,-8,2,3,-4,2,-3,-8,-29,-22,5,3,5,2,4,0,-33,-2,-11,-5,-11,-3,-5,-30,-8,-1,-5,-11,-25,-20,-54,-19,-14,-6,-4,-11,-23,-9,-23,-21,-20,-14,-5,-6,-9,-13,-22,-22,-20,-9,1,-5,-7,-10,-13,-17,-13,-12,0,1,-4,-12,-8,-21,-23,-16,3,-1,1,0,-8,-13,-40,-38,6,5,7,0,1,-14,-31,-21
-2,-2,1,2,1,1,-1,1,-3,-1,-2,-1,-2,-2,-2,-2,-3,-1,0,-2,0,-3,-3,-3,-7,-3,-7,-3,-2,-3,-3,-5,16,31,-13,-3,-1,-5,-3,-5,5,62,5,1,-8,-4,0,-4,9,-37,9,-17,0,1,-1,-8,-2,2,2,-2,1,-2,0,1,3,-5,1,0,-2,-11,-4,-1,3,0,0,-3,-2,1,-8,-16,-5,-4,-7,-5,-2,-1,-1,-3,-6,-3,-2,-3,-6,-3,-11,-3,-7,-6,-5,-1,-3,-2,-14,-6,-6,-28,-12,-8,-8,-4,-6,-4,-16,-52,-14,-6,-11,-7,-4,-1,-10,-17,-20,0,-9,-10,-4,-10,0,-1,-3,-2,-12,-10,-14,-9,-4,-8,-4,-7,-10,-8,-13,-16,-10,-1,-2,-8,-11,-11,-7,-5,-21,-12,-11,-7,-13,-7,-10,-14,-18,-6,-9,-10,-7,-8,-18,-9,-17,-32,-7,-4,-9,-3,-5,-7,-7,-26,-6,-25,-4,-8,-30,-4,-17,-43,-18,-13,1,-4,-2,1,-14,-1,-14,-12,-8,-6,-3,-12,-8,-6,-9,-18,-5,-8,-6,-14,-19,-4,-11,-1,-8,-6,-14,-19,-11,-3,-22,-8,-1,-8,-13,-9,4,0,-8,-15,-14,-14,-14,-1,-7,-18,-4,-7,-17,-11,-14,-14,-15,-14,-14,-17,-19,-12,-10,-11,-3,-5,-8,0,-6,-4,-4,-4,-1,2,0,2,0,4,1,8,-4,-3,1,-4,-5,1,2,1,0,-11,-4,-3,17,-2,6,2,-3,3,2,-6,2,7,0,2,-1,-4,-1,4,2,-8,-2,-5,-7,-2,2,0,-3,-6,-4,-9,-2,-5,-8,-2,-1,-3,1,-16,-11,-8,0,-4,-5,-10,2,0,1,2,-1,2,-1,0,0,2,-6,-41,-10,-7,-3,-10,-9,-17,2,2,1,1,3,2,1,-2,4,3,4,2,2,2,3,4,4,5,5,4,3,3,3,4,-10,-32,6,6,1,2,2,4,-21,-84,-23,6,2,2,1,4,1,2,-1,-2,0,-2,2,2,6,7,8,5,-1,7,-2,4,-1,3,-2,-1,2,4,4,2,7,2,4,2,5,3,6,10,-12,-58,-11,-52,-3,5,4,7,-81,-8,-89,-8,-50,0,2,4,-71,-39,-47,-61,-4,-44,6,10,-7,-88,-20,-85,-44,1,4,5,-19,-64,-11,-81,-5,-84,4,5,-18,1,-25,4,-31,-2,-70,-70,2,-38,0,-16,-1,-76,-72,-22,-45,-1,-27,0,-71,-64,-51,-4,3,-40,-6,-72,-87,-62,1,-22,-56,1,-70,-93,-48,-2,-33,10,-72,-34,-54,-49,-2,-31,3,-35,-21,-87,-21,-1,-49,-2,-18,4,-88,-42,-89,-77,-2,-27,2,-28,-18,-49,-24,-38,-39,-32,-26,-35,-12,-45,-13,-23,-31,-14,-18,-19,-25,-62,-22,-38,-38,-32,-42,-24,-36,-67,-32,-35,-28,-39,-21,-26,-38,-74,-47,-46,-59,-24,-35,-38,-36,-40,-45,-61,-55,-48,-44,-34,-13,-66,-7,-56,-49,-55,-54,-80,-45,-95,-35,-53,-49,-45,-56,-51,-36,-47,-57,-33,-48,-52,-67,-71,-50,-38,-42,-38,-28,-46,-42,-42,-57,-43,-63,-49,-28,-43,-31,-21,-63,-41,-47,-41,-38,-25,-21,-43,-64,-55,-63,-57,-46,-22,-16,-31,-60,-27,-58,-30,-39,-29,-36,-58,-10,-54,-12,-42,-47,-33,-50,-50,-62,-28,-53,-32,-52,-20,-22,-56
0,1,1,-1,2,-2,2,2,-13,-12,-13,-14,-13,-13,-11,-11,-14,-13,-13,-15,-15,-14,-12,-14,-13,-12,-12,-10,-11,-11,-11,-11,-12,-11,-9,-10,-9,-8,-10,-9,-8,-10,-6,-9,-5,-7,-6,-8,-5,-6,-2,-6,-4,-4,-6,-7,1,1,-1,2,1,-1,-2,-2,-12,-9,-9,-10,-11,-11,-11,-12,-10,-12,-9,-9,-10,-11,-10,-11,-10,-6,-11,-9,-9,-11,-12,-12,-10,-11,-11,-11,-8,-10,-11,-12,-11,-14,-10,-11,-9,-12,-11,-12,-10,-12,-12,-11,-11,-13,-11,-11,-14,-11,-14,-11,-11,-11,-12,-13,-17,-13,-12,-13,-12,-11,-13,-17,-11,-14,-11,-16,-11,-19,-10,-17,-14,-12,-16,-10,-14,-14,-19,-13,-13,-16,-12,-15,-11,-16,-14,-16,-16,-11,-14,-11,-17,-13,-15,-12,-13,-16,-13,-14,-12,-14,-11,-15,-15,-13,-16,-13,-15,-13,-14,-11,-13,-16,-11,-15,-14,-16,-9,-17,-13,-11,-11,-9,-13,-13,-14,-12,-51,-51,-51,-51,-51,-51,-51,-51,-51,-51,-51,-51,-51,-51,-51,-51,-51,-51,-51,-51,-51,-51,-51,-51,-51,-51,-51,-51,-38,-51,-51,-51,-51,-51,-51,-51,-51,-51,-51,-51,-51,-51,-51,-51,-51,-51,-51,-51,-51,-51,-51,-51,-51,-51,-51,-51,-51,-51,-51,-51,-51,-51,-51,-51,-34,-35,-35,-38,-35,-35,-12,-28,-37,-37,-30,-31,-35,-22,-31,-34,-28,-32,-29,-33,-26,-36,-34,-35,-38,-28,-38,-34,-38,-37,-22,-33,-40,-40,-30,-40,-33,-40,-11,-39,-17,-36,-27,-17,-34,-36,-39,-32,-24,-18,-30,-20,-19,-36,-33,-40,-29,-9,-11,-8,-32,-33,-33,-36,2,-1,-1,-2,-2,1,2,2,-41,-33,-39,-34,-33,-40,-35,-43,-38,-20,-15,-19,-15,-16,-16,-16,-28,-16,-14,-16,-16,-16,-15,-14,-30,-16,-15,-15,-14,-16,-15,-15,-30,-19,-17,-17,-16,-17,-15,-16,-24,-22,-20,-23,-20,-19,-18,-13,1,1,0,-2,1,-2,-2,-2,-13,-10,-15,-15,-10,-10,-12,-9,-14,-13,-19,-13,-18,-15,-14,-11,-15,-15,-17,-18,-17,-17,-17,-13,-12,-17,-18,-18,-16,-17,-16,-18,-18,-15,-17,-18,-16,-17,-14,-15,-19,-14,-15,-17,-14,-13,-15,-14,-18,-17,-14,-14,-17,-14,-15,-14,-13,-16,-14,-16,-10,-15,-16,-12,-15,-15,-13,-17,-12,-17,-11,-19,-15,-13,-21,-9,-23,-12,-17,-13,-11,-19,-12,-20,-15,-16,-12,-18,-18,-12,-19,-12,-19,-13,-17,-14,-12,-20,-16,-17,-13,-17,-12,-16,-20,-11,-16,-13,-16,-12,-17,-16,-15,-18,-13,-19,-11,-22,-12,-20,-20,-12,-18,-11,-20,-12,-20,-17,-51,-51,-51,-51,-51,-51,-51,-51,-51,-51,-51,-51,-51,-51,-51,-51,-51,-51,-51,-51,-51,-51,-51,-51,-49,-51,-51,-51,-51,-51,-51,-46,-51,-51,-51,-51,-51,-48,-51,-51,-51,-51,-51,-51,-50,-51,-51,-47,-51,-51,-51,-51,-51,-51,-46,-47,-51,-48,-51,-51,-51,-47,-51,-48,-30,-24,-26,-21,-22,-37,-30,-30,-25,-32,-40,-31,-35,-31,-34,-35,-30,-24,-21,-33,-32,-37,-35,-28,-27,-23,-39,-39,-39,-31,-32,-24,-31,-31,-34,-33,-28,-37,-27,-27,-28,-27,-40,-27,-48,-31,-40,-29,-29,-39,-26,-34,-25,-30,-29,-31,-29,-20,-33,-32,-24,-32,-37,-32
1,-2,0,-1,-1,-2,-2,-2,1,6,-1,8,-4,-6,10,-12,-1,5,-2,4,3,-1,11,-6,4,-5,5,1,-1,-3,-2,-2,0,1,-1,0,5,0,1,1,-6,-13,6,-7,0,4,-3,-1,0,22,-9,-1,-11,-8,-8,-3,-2,2,2,-2,-1,0,-1,2,8,4,0,2,21,-3,6,-11,0,13,-9,6,12,-6,30,-11,6,-7,0,-10,16,16,-18,30,2,4,-6,6,8,18,-9,17,0,-2,-12,5,-6,1,-5,-8,-12,1,-40,-2,-9,-4,33,-3,4,-13,-5,-3,-31,-14,-10,9,3,-1,0,-1,-8,-14,-4,-5,6,-12,-6,-11,9,11,-12,-1,12,8,-11,5,-6,5,12,-7,-4,10,3,-7,1,0,4,9,0,6,7,2,-3,-2,-4,6,-3,-4,-6,8,5,-18,3,0,0,-8,-4,-13,5,0,-12,-6,2,11,-24,-23,-1,0,3,-17,-1,-13,-7,4,-11,-7,1,-1,1,6,3,0,7,6,13,14,1,3,14,8,2,4,11,5,3,11,-1,7,0,1,12,3,-9,6,-9,6,-5,-4,23,-1,9,0,-1,-6,-21,4,21,17,2,9,5,-4,11,-12,21,-9,2,-1,2,-8,-3,-8,10,-4,4,3,2,-3,-14,9,11,-1,3,4,-2,-2,-2,11,27,22,-8,17,-5,0,-1,15,29,-2,-1,11,-9,-1,-3,7,15,6,4,15,8,-5,5,11,2,26,11,-15,-2,-4,20,2,3,8,-9,-20,6,-8,13,11,-24,-8,2,12,-23,-5,4,-2,-17,-9,11,6,0,-3,2,7,8,-12,-2,0,-2,-1,1,-2,0,1,18,13,-21,21,17,-29,23,-26,-8,3,-8,4,-5,-15,20,-29,-6,-3,0,4,-4,-2,2,6,-6,-3,-4,4,-4,0,-2,4,-4,-2,-1,0,-2,0,1,4,-5,-3,-2,1,0,-1,0,1,2,0,2,-2,0,1,0,2,0,7,-19,-13,-32,-16,10,-10,-9,-49,-7,-5,-1,-13,9,-1,-9,1,11,-39,-35,-26,-24,-10,-6,-3,-9,-4,-9,-10,-6,1,-2,4,-5,2,-2,-4,0,3,-1,-4,0,-8,0,1,-11,2,-1,-10,-7,-3,-6,0,-6,0,-6,-5,5,0,3,2,-5,-3,-2,-6,-15,-1,-21,-43,13,7,-18,-2,-8,-3,6,-4,7,-27,-11,-6,11,-7,-21,-12,-25,4,0,-8,14,-7,-21,8,-4,8,-9,10,-4,7,-1,-8,-3,0,0,-2,-2,-3,-2,-8,-15,1,-7,-6,-6,-1,-7,-2,-4,-2,4,-13,0,-18,-6,0,4,1,-22,-30,-17,-14,-4,-38,27,-15,-11,-29,-45,-33,-29,-25,31,-24,-13,-41,17,-17,-22,-19,-33,20,-26,-38,10,-4,-42,6,-21,14,-13,-5,-21,-4,-24,-24,-9,-7,-7,-12,-6,-2,-9,-9,-17,4,-10,-19,-13,-13,-7,-10,-10,-7,-6,-12,-6,-8,-9,-2,-11,-5,-16,-50,-46,-41,-1,-17,35,-14,-39,-41,-35,-34,-26,9,46,24,-40,-61,28,-35,-49,-62,-62,36,-34,-43,25,-31,-40,20,-48,34,-45,6,-45,-1,-24,-32,15,-20,-34,-34,-25,-34,-24,-13,-30,-7,-27,-68,-51,-36,-11,-38,-27,-40,-14,-49,-17,-44,-39,-4,-15,-3
1,-2,-1,1,0,2,-1,1,8,6,-6,-1,-3,9,0,5,2,0,-6,-11,2,0,4,0,0,-1,-9,-8,4,-1,8,4,0,-4,-7,-5,-4,-3,2,-3,-3,13,-13,18,-1,2,1,6,9,21,14,5,6,1,-21,4,2,2,0,0,1,-2,0,0,11,-3,2,6,7,9,10,8,-6,10,-7,14,-1,10,1,-5,-5,-5,2,1,18,6,10,14,-8,-2,-5,23,12,11,4,0,5,-13,9,6,-1,-8,0,10,8,26,3,-3,12,-10,-1,2,-14,12,19,1,9,3,-3,-18,4,8,5,-5,7,-4,-2,-5,5,13,-2,13,-6,11,-9,-1,14,7,15,8,-6,1,3,0,-3,16,-1,1,7,4,7,5,5,7,1,-1,8,6,3,10,-11,9,-28,4,4,-3,5,-1,15,9,2,10,17,6,12,5,-13,26,15,13,14,8,-16,6,13,11,13,15,6,-1,4,11,3,1,16,6,3,-2,6,7,-1,-3,-5,18,1,8,12,6,6,8,23,6,11,22,12,8,-4,13,11,2,4,8,15,16,8,11,5,11,5,11,5,0,7,-4,11,5,-14,-9,-5,5,19,-6,3,5,6,17,14,15,12,15,13,-6,5,18,19,24,25,10,9,15,3,7,26,29,21,11,7,19,8,-1,-7,20,4,20,19,3,20,25,16,15,15,19,22,15,16,22,25,16,6,17,-17,18,8,18,20,10,14,-18,31,-12,14,34,12,1,24,32,22,30,31,28,14,15,26,24,39,18,25,28,24,6,1,-2,2,1,-1,-2,0,-2,0,-8,-10,3,-7,18,5,11,-3,14,-14,4,-6,5,2,3,-2,7,-5,-7,-2,2,-5,0,-1,3,-6,-5,-9,0,-5,-1,0,1,-8,0,5,-8,-2,-2,2,-1,4,-12,-1,-4,0,-1,2,2,2,-1,0,-1,0,2,4,2,-3,7,6,0,-5,9,1,-10,8,-6,5,3,8,-10,21,12,-5,2,9,-2,14,2,14,-1,-27,-20,-14,14,-4,-11,-8,-11,-5,-28,-16,7,5,-4,-1,-12,-5,-11,-4,-5,-16,0,-3,-9,14,-8,-3,-5,3,2,17,-4,11,3,-15,-14,1,5,3,0,1,14,11,4,2,-4,-9,-12,2,3,-1,-2,-12,5,-5,4,-6,3,0,1,12,4,2,-6,-21,-11,-19,-1,-11,-18,-6,-20,-9,-28,-9,17,-9,-6,-9,-17,-9,-4,-7,-8,-8,-17,-5,-19,11,-12,1,-6,-3,-5,2,10,-8,1,-11,-4,3,-1,3,-5,-22,-6,-28,5,-5,-9,-21,-8,12,-27,-4,-4,3,21,2,20,2,-10,6,3,11,13,13,-3,-6,-43,-13,23,-13,-11,-4,-17,-10,-56,-18,1,8,-1,-7,-9,-7,-13,-8,2,-9,-4,-10,-12,2,-16,4,-13,-1,-7,7,-7,5,-8,-10,-14,1,-4,1,23,-11,-2,-14,4,-8,10,-12,-28,24,-43,-9,-13,-12,27,-16,20,-3,-33,6,-4,32,28,17,-17,-26,-27,-23,21,-21,-11,-11,-36,-14,-48,-26,22,11,-29,-11,-26,-10,-11,-9,-3,-24,-16,-35,-25,-1,-30,-10,-25,2,-4,19,14,3,2,-8,-11,8,-9
0,-2,-1,1,-1,1,-1,-1,-55,-37,-38,-34,-33,-31,-31,-54,-53,-28,-33,-38,-36,-29,-27,-55,-57,-22,-29,-28,-28,-24,-19,-54,-58,-17,-18,-22,-17,-14,-15,-54,-56,-24,-22,-23,-19,-16,-18,-55,-28,-24,-19,-10,-18,-11,-16,-16,-1,-1,-2,0,-2,-2,2,-1,23,20,19,24,21,17,21,19,20,21,22,25,24,20,21,13,20,27,20,22,22,21,22,20,21,24,22,22,22,23,24,22,19,21,25,22,23,21,19,17,23,20,19,21,20,19,22,17,15,23,18,16,23,19,19,13,10,15,11,16,21,22,14,9,-5,1,7,5,8,6,0,-6,6,8,3,6,7,5,-2,17,7,7,5,4,7,-2,8,8,5,8,8,3,-2,9,8,8,7,4,8,1,6,2,9,0,7,8,-1,8,3,4,3,6,8,7,10,6,5,4,12,2,7,6,0,6,3,6,4,5,-5,-5,-9,-6,-4,-9,-7,-6,-7,-8,-9,-5,-7,-11,-12,-3,-3,-4,-5,-7,-10,-4,-1,-1,-5,-4,-7,-3,-5,-4,0,-3,-4,-6,-6,-7,-6,-8,-6,-2,-3,-3,-4,-2,-6,-4,-2,-4,-6,-3,-8,-12,-7,-8,-4,-2,-5,-3,-3,-2,-4,-3,-6,-4,-8,-13,-5,1,-7,0,5,-6,-6,0,-2,8,1,-8,1,0,-2,-1,-11,-9,11,1,-6,-13,-12,-3,-6,-21,-14,-9,-2,-7,-10,-2,-16,1,-2,7,9,-5,10,-9,0,-3,2,-6,-5,0,-6,-10,0,-7,-9,-7,-10,-11,-10,-4,-3,-9,-16,-13,-15,-18,2,2,1,-2,0,1,-2,-1,-53,-38,-17,-42,-32,-35,-38,-43,-25,-14,-14,-18,-16,-13,-16,-19,-19,-10,-11,-11,-10,-15,-15,-21,-20,-13,-11,-13,-13,-16,-16,-23,-28,-21,-23,-19,-19,-20,-18,-27,-31,-28,-26,-31,-24,-27,-29,-30,-2,-2,0,2,2,-2,0,3,-17,-7,-10,-5,-1,-8,-7,-7,-9,-1,-7,-1,-3,2,-7,-2,-5,-3,-3,0,5,3,-6,-6,-6,-1,-2,1,1,0,-1,2,-5,0,-3,-2,-2,-2,-3,0,-3,-7,-1,-3,1,0,-3,-3,-8,-3,-1,-2,-1,-3,-4,-9,-19,-3,-3,0,-2,-1,-1,-3,-14,-10,-11,-8,-14,-11,-12,-12,-8,-10,-14,-16,-13,-11,-11,-9,-8,-11,-16,-15,-12,-9,-16,-9,-11,-13,-14,-11,-13,-13,-11,-10,-13,-15,-8,-10,-13,-9,-16,-10,-10,-10,-8,-12,-10,-16,-13,-9,-11,-9,-10,-12,-7,-15,-10,-12,-13,-6,-9,-10,-10,-13,-12,-8,-17,-12,-16,-9,-13,-13,-13,-12,-14,-14,-18,-16,-13,-10,-17,-14,-9,-13,-12,-11,-12,-11,-11,-16,-11,-16,-12,-13,-11,-11,-13,-16,-12,-19,-11,-13,-13,-12,-8,-15,-19,-24,-19,-19,-13,-13,-11,-12,-20,-23,-15,-12,-15,-21,-17,-16,-13,-19,-22,-15,-15,-18,-13,-10,-33,-31,-32,-20,-41,-39,-30,-41,-27,-29,-31,-18,-24,-28,-16,-20,-22,-26,-6,-29,-35,-22,-20,-15,-27,-20,-32,-29,-34,-23,-30,-14,-27,-31,-31,-31,-42,-32,-21,-30,-30,-31,-34,-35,-29,-30,-31,-34,-26,-23,-25,-14,-25,-5,-16,-15,-25,-31,-24,-28,-31,-32,-23,-28
-1,-1,-1,2,2,-1,-1,2,3,1,0,-47,1,1,0,1,1,2,-3,-49,-2,-1,3,1,1,1,-1,-39,-2,1,-1,1,2,4,0,-38,-2,2,1,1,-2,6,-3,-38,0,6,1,5,-5,3,-11,-44,-5,2,4,6,2,0,1,0,0,-1,2,1,12,0,2,4,-1,-1,3,5,5,-11,2,-9,1,-9,3,2,4,-2,-4,-10,-8,0,2,0,0,3,-4,-2,-3,-3,5,1,0,-3,-3,-10,-4,-4,1,11,8,-3,-12,1,-23,-2,5,12,4,-9,-6,5,-14,-21,8,2,1,6,-7,3,6,0,5,8,2,-3,2,4,1,2,-6,-7,4,1,-1,-7,2,2,2,1,1,-15,-7,-10,-3,2,3,7,3,-7,2,2,-7,-3,5,10,-5,2,-6,0,-2,-7,0,9,5,-9,-3,6,-5,-4,-2,1,-1,-4,-18,4,-7,9,4,1,0,6,2,9,2,2,-2,7,9,9,11,13,4,6,10,9,9,5,7,-36,9,7,8,8,4,4,4,-53,-1,10,4,5,-4,2,-2,-44,2,7,-5,8,8,5,3,-44,2,8,10,3,10,-4,4,-45,7,10,8,2,9,9,0,-29,2,10,9,12,12,7,13,-3,1,12,7,5,5,12,2,19,10,8,6,14,4,2,7,5,9,13,10,6,10,11,-5,3,6,13,2,10,15,4,-1,9,-1,10,7,15,17,10,6,3,-12,8,10,7,8,6,10,7,0,7,7,10,9,9,3,-2,-8,7,0,9,2,5,6,1,-5,-4,9,12,2,-2,-1,-2,-2,-1,1,2,-15,9,-4,-23,-2,-3,12,1,-1,-1,3,-54,1,0,2,-2,-1,3,-1,-54,0,0,-1,-1,1,0,-2,-67,-3,0,2,0,0,1,0,-73,-2,0,0,-1,-1,0,0,-64,1,1,-1,-1,-2,1,1,1,1,2,0,-2,0,-5,2,2,-3,8,-1,0,-1,9,0,-5,2,0,-2,-1,-2,10,3,-20,-1,7,-4,-1,-2,6,3,-17,7,3,0,-2,1,0,2,-27,4,-4,-5,-2,3,1,1,-38,-3,-5,1,-3,0,-2,-7,-33,-3,-2,-4,0,0,-4,-8,-7,-8,-1,-4,-5,-6,0,3,2,-14,-7,2,0,0,-2,-8,-6,-2,-6,-1,6,-2,2,2,-22,3,1,-4,0,-5,3,3,-20,5,1,0,-8,2,7,6,-16,4,5,0,6,5,8,4,-34,1,-1,-5,1,9,3,-1,-31,0,-3,0,4,4,1,-6,-4,1,-3,-4,-1,-2,-5,3,26,-9,-8,-4,-4,0,-5,-2,9,-3,-11,-3,-10,3,-2,-1,19,1,-3,0,2,-5,-2,-3,22,-5,-9,-7,0,0,4,4,28,-4,0,-5,-6,2,2,5,37,-3,0,-3,-2,-3,3,6,46,-5,1,-1,-3,2,1,1,54,1,-1,0,0,-2,-1,-13,19,-2,1,0,-4,7,5,7,6,0,5,7,-2,-2,-6,18,9,10,1,5,-9,-12,4,12,11,12,4,-7,8,0,4,6,18,6,8,-2,1,-4,6,6,23,13,7,2,5,10,5,10,33,10,8,7,10,9,12,0,40,6,2,3,13
-1,-2,2,1,1,-2,1,0,-3,9,-3,10,1,3,3,5,4,0,5,-1,6,4,5,1,-2,5,-1,7,2,7,2,1,5,-1,18,-5,16,10,4,1,-3,-3,-13,14,4,16,-19,8,2,13,12,3,-8,3,17,0,2,-1,1,2,2,2,2,0,0,9,0,11,19,12,5,5,6,8,0,11,4,2,1,7,6,-8,2,15,0,5,7,1,14,6,22,6,13,15,17,9,6,4,9,21,0,14,-3,11,22,22,30,14,-23,0,27,-4,18,4,-14,25,24,5,0,13,6,15,17,1,-14,-7,15,14,8,19,1,12,19,-1,9,12,13,5,10,10,-3,-4,3,6,-2,13,14,15,-7,0,8,0,13,12,9,8,13,5,9,16,7,-5,26,2,12,19,13,-5,13,-4,-19,16,8,12,4,5,7,14,17,3,12,-4,20,21,-2,-11,5,-4,-6,10,-2,6,12,5,25,3,6,1,9,4,7,23,-5,11,10,13,6,6,-2,6,-1,13,7,7,-5,8,13,20,10,1,-3,-1,14,11,-1,5,11,-15,11,-2,1,2,2,17,0,6,12,9,9,2,-8,8,8,-16,10,-8,14,-8,11,26,7,9,28,29,-8,10,15,5,28,15,17,4,7,5,-2,22,-2,11,3,0,7,-7,-2,10,1,8,-2,10,-1,7,25,2,-6,0,3,-15,1,9,11,14,26,-9,16,12,6,19,-1,-7,-23,-39,4,-21,8,15,12,-3,-1,-35,-11,13,9,-6,18,-5,1,-21,17,-3,6,-20,-2,0,-2,-2,1,-2,0,-2,-16,2,-9,-35,-8,-10,3,-19,-10,0,-12,-2,-6,2,-6,-5,-3,0,-4,9,-10,5,1,-4,0,-8,5,-8,0,-4,-5,-5,1,0,6,-5,-4,-4,2,-2,-2,-2,6,-1,2,0,2,-5,1,2,0,0,1,1,-2,1,-11,11,-18,-2,-3,-1,-16,-6,-20,0,12,-13,-55,2,4,-2,5,-32,11,-49,2,-18,3,-23,-4,1,-7,-2,-13,-6,-12,-8,-8,-11,-16,-7,-1,-6,-13,-4,-13,-6,-9,9,-11,-4,-2,-11,-11,-5,-12,-9,4,-3,-5,-16,-16,-6,3,-4,-4,4,-5,0,-6,-3,-15,-11,-4,-15,-5,-8,-13,-20,-2,-16,-2,-3,-11,-7,-11,-28,13,-22,-14,-16,-1,-19,-7,14,-18,-8,-11,7,-17,-1,8,-30,0,-14,13,-6,-15,-7,-15,7,-16,12,-13,6,-8,-6,0,-15,-7,-14,3,-16,1,-11,-25,-7,-9,-1,-10,0,-8,-11,-4,0,-29,-3,-29,-13,-27,-12,-10,-5,13,-1,-17,-2,-17,0,-1,-8,15,-12,-3,-6,6,-31,-4,12,-9,-10,0,-7,-9,3,-6,-24,-14,-5,13,-7,-12,-3,-8,4,-7,10,-6,-1,0,-8,-8,-2,-1,-2,19,-4,-5,-16,-6,0,19,-3,-7,2,1,-4,-32,22,-38,-37,-41,19,-68,-21,-11,-29,19,-45,-43,-20,-27,-27,-12,-30,28,-33,-17,-19,-13,-38,-10,20,-43,-48,-16,-24,-52,-9,2,-49,-20,-21,7,-26,-36,-13,-25,13,-50,13,-16,14,2,-10,-18,-21,-21,-22,14,-22,-16,-26,-24,-10,15,-13,-28,-11,-5,-10
2,3,0,-1,1,-1,-2,-1,0,4,3,-7,-3,1,1,-2,1,2,2,-13,-4,-2,1,-1,1,-1,-5,-3,-3,4,5,1,4,1,2,4,6,1,7,2,-7,-5,1,-1,-1,4,-1,3,-1,-3,5,0,7,6,5,5,-1,0,0,1,0,-2,0,-1,-8,3,-5,15,-4,11,1,16,-2,10,0,0,6,14,5,6,5,4,4,5,12,3,10,6,7,-4,5,2,13,1,7,12,0,1,3,16,3,13,8,16,-1,13,4,16,14,17,3,5,-3,6,0,-9,5,13,6,-4,14,-4,3,-1,3,9,0,-2,-2,17,-2,10,7,10,-1,9,12,1,16,-4,9,0,5,-2,-3,15,4,10,-4,2,5,3,8,-1,1,0,7,2,0,-3,-4,-1,-1,5,1,20,-12,4,2,2,5,-5,8,-5,10,-6,6,-5,1,4,2,-5,1,8,1,0,-33,2,5,-2,5,-2,5,-2,6,12,5,11,15,12,-1,6,12,7,6,13,8,15,5,10,11,-4,-4,12,8,12,13,15,10,17,0,16,17,10,8,21,5,12,-7,8,8,10,15,20,11,22,-28,11,13,14,11,16,4,4,-7,-34,6,1,10,12,7,10,3,12,7,0,20,20,20,35,31,33,19,42,-4,21,30,30,30,36,24,37,20,24,28,27,31,30,21,30,27,38,13,25,16,25,13,30,17,9,16,29,-21,37,21,27,22,2,4,17,25,42,22,12,-15,-38,30,19,41,16,-15,-2,6,25,17,3,-5,-4,9,8,2,0,-1,-2,-1,-1,-1,-2,-51,-3,-35,-1,-25,-1,-30,-9,-17,1,4,-12,-17,7,-12,-6,4,2,-2,-8,-14,2,-6,-6,7,3,-5,-2,-7,1,-8,-5,2,3,-9,0,-36,-6,-10,-3,2,-2,-8,9,-3,-27,-8,-6,0,2,0,2,1,-2,2,1,-2,5,-2,-6,6,4,9,7,-4,0,12,-5,-1,7,-1,4,0,3,-4,7,-3,-23,1,2,3,5,2,-4,-7,6,-4,3,5,4,0,-5,3,5,3,-5,-2,3,2,2,1,-6,6,-3,6,-5,-2,9,5,-3,0,3,-1,4,-2,-3,-3,5,0,2,-7,-6,-16,-1,-10,2,-5,2,-1,-1,3,-13,4,-7,6,-9,-8,-3,-8,-1,-24,-1,-6,6,0,-12,-3,-6,-6,-9,-2,-13,-5,-1,-15,-8,-11,0,-8,-9,1,-13,-6,-4,-17,-8,-5,-4,-23,-9,-15,1,-3,-12,-2,-1,-17,-19,-1,-13,-6,-2,-11,-15,-12,-8,-8,-6,-22,-11,-10,-5,-3,-18,1,-6,-17,5,-9,-13,-3,-3,-7,-2,-14,-13,1,-8,-4,-10,-8,-9,-16,4,-5,-8,7,-9,-4,-15,-9,-2,-6,-3,-2,-2,-13,-5,-12,-8,-13,-4,-5,-11,-11,-5,-9,-10,-10,-3,-10,-8,-15,1,-8,-26,-3,-5,-10,4,-28,5,-27,5,-14,3,-16,-17,-5,-19,-29,7,9,-3,-8,-32,-21,-8,-39,-7,-7,-6,-3,-7,-22,-11,-17,-3,-6,-8,-2,-12,-11,-17,-13,-2,-11,-14,-5,-6,-11,-8,-34,-11,-28,-12,-20,-17,-6,-2,-11,-20,-4,2,-14,-19,-7,-2,-12,-13,-9,-17
-1,2,2,2,1,0,-2,-1,4,-6,7,-2,-13,1,3,0,-2,-5,0,10,33,11,3,4,3,-4,6,7,-12,0,-8,1,-6,-4,1,4,-2,19,7,5,12,-9,8,-2,-11,-3,-1,-4,5,-6,-6,-4,-6,-12,-7,4,2,-1,-2,2,-2,-1,0,1,3,4,6,3,2,-1,6,-5,-3,-4,-5,10,8,15,-12,3,2,5,8,3,-3,1,5,-1,2,-15,0,24,10,10,6,0,16,-9,20,0,3,-2,11,7,-10,-13,-18,6,23,7,0,1,-6,2,-2,-17,-7,11,2,3,-5,-21,-4,12,-2,-2,7,-1,11,2,3,7,5,3,-16,1,-22,-2,11,4,2,-14,6,3,3,-4,-1,9,-4,12,8,4,6,-19,10,-1,6,0,-7,3,10,-3,-2,9,-1,19,7,-3,16,-7,2,3,-19,0,11,9,-17,-6,-10,10,5,-5,13,6,7,-3,7,15,2,8,13,-4,1,7,4,-6,2,7,4,6,2,14,5,9,9,-4,8,-1,3,4,1,0,0,-15,0,0,-2,18,-7,-1,7,15,-9,8,8,13,6,-4,10,-9,0,5,-25,24,16,6,13,16,16,2,4,19,11,17,27,16,-7,12,-8,8,0,-5,10,-8,15,0,7,10,8,9,9,9,2,19,7,1,10,8,7,0,12,10,18,11,14,16,0,7,7,2,1,6,14,-7,4,15,-7,-3,15,5,-13,13,1,-10,21,3,15,-3,6,-6,-29,-4,-3,9,-10,13,-11,23,23,12,17,2,13,15,14,2,11,14,13,14,-1,0,-2,2,2,-2,-2,1,-9,7,17,-9,20,7,-14,-22,-12,10,3,-7,-15,-7,2,0,-3,-6,-3,10,0,4,6,-3,-2,-1,4,-4,5,-5,1,0,-3,-2,-1,-2,1,2,2,0,-1,3,-1,-1,-3,-3,-3,0,1,0,0,2,2,-2,2,1,-15,-4,1,-16,-22,-10,-5,-2,-5,0,2,-13,8,5,-1,-8,-6,3,-5,-18,-8,-12,-15,1,-5,-8,-5,19,15,14,-2,-5,-12,11,-2,-2,-8,-3,-6,-5,-2,-7,4,-9,13,-5,12,-7,-4,7,-1,-1,-7,-5,0,3,-1,-5,0,0,1,2,-5,-9,4,2,-6,2,-17,-6,7,-8,-15,6,-6,2,5,11,0,3,-19,13,7,-19,7,-3,9,-12,2,-9,-13,21,11,16,2,-11,-8,5,6,-2,-2,-9,-15,-5,-5,8,-5,-2,8,-3,-4,0,10,11,-5,-1,-6,-4,0,4,3,-2,-4,-5,-9,-3,-7,6,3,3,-6,-4,-4,-7,-7,-5,-13,-2,6,-9,-3,-4,-11,-3,-6,30,-13,-9,-11,-2,-6,-3,-7,-2,-9,12,32,19,14,-5,-20,27,-17,-2,-19,-31,-9,-16,-11,-9,1,-8,24,-1,12,7,-12,27,3,-12,-14,-12,-3,-7,-9,-9,-8,-8,-8,-5,-7,-6,-16,-29,-43,-3,-27,-12,-28,-15,-23,11,8,-21,9,-69,-43,4,-34,32,-28,-41,-31,-18,-24,-11,-27,-29,-11,19,28,24,28,-22,-25,36,-15,-25,-56,-27,-28,-43,-6,-19,-17,-18,29,-19,6,10,-15,28,-10,-19,-29,-18,-3,10,-22,-25,-16,-10,-16,-8,-37,-1
2,2,2,0,0,2,0,-2,-6,13,-7,0,-5,0,2,4,-8,-5,-12,0,-3,-1,1,0,-6,-3,23,5,0,1,2,-1,-12,-5,-1,3,-7,-7,-1,-2,25,-4,-7,-5,4,-12,1,-3,-37,12,-20,5,-1,30,-11,-6,-2,-1,-1,2,-1,-2,1,2,9,13,0,4,10,-3,0,9,5,-4,1,0,6,-5,-5,-9,6,-13,-13,0,7,2,5,-7,5,7,3,3,5,2,5,-3,-19,11,-22,-2,-17,-8,-11,6,0,1,2,-30,-11,16,3,-2,7,2,-24,18,8,5,-13,-3,-3,0,1,-4,2,5,-4,-13,5,4,8,16,17,-1,-16,3,-16,13,1,16,-5,0,-2,16,0,-2,15,4,-8,5,1,-7,6,15,7,1,1,7,-10,0,-1,-16,-6,-4,-6,-2,-7,-15,-2,-3,-6,3,1,-2,-2,0,-3,4,2,-18,2,7,1,5,8,-1,-2,-17,-21,-3,-11,10,1,1,12,-3,3,-1,1,2,7,3,4,7,10,5,12,1,8,17,3,11,21,11,-3,5,-8,-14,11,-2,-15,-11,4,2,-3,2,25,9,3,7,16,2,-7,-11,10,2,5,-8,-9,1,6,-9,15,-3,4,-7,1,5,3,-1,10,13,-1,-21,4,6,3,10,9,11,4,-14,-37,12,-5,7,2,20,-3,6,-27,9,2,5,16,15,3,9,-2,12,0,-25,10,-5,4,-11,-11,-6,-14,-31,-40,-4,14,8,-15,-14,2,-4,-12,-2,18,9,-4,6,-6,2,25,0,13,-13,-13,22,15,23,21,24,11,11,24,33,-1,2,2,2,0,0,2,0,-24,-10,12,-10,7,-15,3,1,4,-19,20,-12,-9,-7,8,-1,2,-12,3,-7,-3,-3,0,-2,3,-2,-1,0,2,4,3,0,-1,-1,1,0,1,-1,-1,-1,-1,1,0,-3,-1,0,-1,0,0,1,-2,0,0,2,-1,1,-8,-7,-10,-18,-5,-15,-5,0,-22,-7,17,-8,-10,-14,-12,3,19,-12,34,-10,-4,-12,9,4,-9,-21,3,-11,-4,4,-8,-10,0,9,-6,12,-2,-4,-8,-1,-2,-3,-1,0,-6,-4,-5,-2,1,7,-6,-1,-5,1,-9,-3,-5,-3,4,-10,0,-1,3,-3,1,-10,-5,-23,-5,0,-9,2,-12,1,11,-19,-7,-10,-1,6,3,-1,43,-8,-6,-8,6,-1,-14,-22,-3,-10,-5,-1,-9,-12,-6,7,-16,23,2,-17,-7,-4,-4,-4,5,-5,-5,-6,-7,-10,-9,5,2,-3,-3,-1,-12,-1,2,-2,-2,-1,3,-4,9,-8,-21,-20,-17,-15,-11,-11,-12,-12,-44,-10,42,0,-1,-24,-29,-3,15,-6,38,-20,-24,-19,6,-14,-13,-16,-3,-14,-7,-12,-8,-10,7,5,-13,31,16,-22,1,8,-2,-4,-17,-13,-18,-5,-12,-4,-6,3,-5,-9,-10,-15,-10,-8,-5,-6,2,-11,1,-7,2,-5,-10,-29,-7,-22,-28,-12,-21,-22,-33,-6,47,-26,-5,-50,-21,-15,45,-26,55,-49,-38,-48,13,-43,-9,-34,-25,-41,-19,-57,-15,-14,9,1,-40,33,30,-41,-41,6,-22,-26,-18,-10,-36,-22,-18,-22,-25,-6,-16,-17,-13,-30,-19,-5,-32,-6,-13,-12,-7,1,25,10
-1,2,1,2,-1,0,2,-2,0,-3,-5,-1,-11,1,1,-2,-2,-1,-6,-9,0,0,-1,-2,1,-3,-60,0,0,1,-1,-4,0,-4,-2,-28,1,0,-3,-2,-2,-1,3,-1,-9,-4,1,-4,-1,-6,-6,-3,-1,-5,-4,5,0,1,-1,1,0,1,2,-2,0,-4,-1,-8,-1,5,-5,-20,-3,0,-1,3,-5,-3,1,3,2,-9,-4,-22,4,-3,-3,-3,-2,-2,3,-3,0,2,-3,1,3,-9,-12,-12,4,-3,5,-1,-4,3,-9,1,0,-14,-2,3,-4,2,-4,-4,-11,5,-6,5,-6,-32,-14,-3,1,-8,-6,5,-4,5,0,-7,-5,11,1,-4,38,-1,0,3,10,2,-7,-1,4,34,-1,8,0,-12,-8,-2,7,-9,64,-3,-8,-1,-18,-4,0,13,6,19,-3,-11,-2,-3,8,2,0,-2,19,-3,-4,1,0,-14,4,5,-5,25,-2,-12,5,-8,-1,-6,11,0,14,-1,3,2,5,4,1,-1,0,-1,6,1,0,1,1,6,2,2,4,-1,1,3,1,4,1,3,4,-3,12,1,-2,5,0,0,10,9,11,-1,6,2,-1,0,2,8,11,14,9,6,7,-2,-1,0,8,-7,-1,7,1,2,7,5,10,-10,7,9,8,7,3,17,11,12,9,5,11,8,42,21,18,13,19,9,8,18,16,41,20,19,13,17,8,9,13,15,63,30,18,8,11,8,31,27,19,29,5,24,3,17,35,6,23,17,19,5,18,8,26,10,22,29,26,27,7,24,8,6,6,33,8,6,9,16,0,0,-2,1,0,1,0,1,7,-6,8,-7,-4,5,2,-22,6,-10,-3,-5,-2,-1,-1,0,3,-6,6,-2,1,-1,-3,0,-1,-44,2,-70,-1,2,-5,1,-1,-4,-4,-7,-36,-1,-2,1,-1,-4,-1,-9,-7,-11,-5,0,2,-2,-2,-1,1,-1,0,-2,-6,-7,-1,8,7,-1,3,-4,1,-38,-3,-16,-3,4,4,0,-53,6,-6,-9,-10,-3,0,4,-3,1,17,-11,2,-7,-3,0,-69,-6,0,-18,-38,-2,-10,1,4,-47,-3,-45,-7,-3,-5,-3,2,-2,-9,-2,-3,-5,-6,-3,-5,1,-4,-6,-2,-6,1,-5,2,-5,1,1,-6,3,-3,-2,-2,0,5,0,0,3,-1,7,3,-29,3,-11,0,-1,-1,0,0,2,12,2,-5,1,-9,3,-2,-19,3,-31,2,1,-2,1,-18,4,1,0,-24,3,3,2,-6,0,3,-4,-2,-18,-1,2,-1,4,-2,3,0,2,-16,6,1,-1,-7,2,1,-4,-10,-4,12,-1,-3,-4,-6,2,4,-1,-6,2,-14,-12,-1,-20,-1,-7,-2,-7,19,-6,-24,-12,-4,-1,-7,-3,-3,-4,-6,-8,-5,-3,-4,-9,-27,-11,-1,-13,-7,3,-2,-1,-12,-2,-13,4,-25,-4,0,-3,-9,-5,-6,-5,8,1,-3,-10,-4,-14,-9,1,-19,-14,5,-17,-8,-18,-27,-16,-18,-3,-24,0,-25,-14,-11,-26,-6,-18,-3,0,16,-38,-29,-31,-33,-14,0,-15,-12,-1,-15,-34,-6,-7,-3,1,-35,-8,3,-13,-26,-2,-7,-14,-1,-6,-16,0,-35,-31,0,3,3,5,-13,1,7,1
0,-2,2,-2,-2,-1,3,0,-3,-1,-3,6,-1,11,12,0,4,9,6,5,0,2,-1,1,-2,-4,4,0,10,1,0,-2,4,11,-4,6,6,7,-2,-5,1,-5,15,-2,-5,-15,9,9,-13,7,-7,-12,6,13,-10,0,-1,1,1,-1,-1,1,1,-2,1,-11,4,7,0,8,6,-8,10,5,12,21,17,4,8,19,5,8,-2,12,18,-2,-2,5,-12,10,6,0,-13,2,14,5,10,-2,11,5,6,7,-10,12,6,-9,6,-2,22,1,8,-3,5,-9,-3,11,3,-5,2,3,2,7,-1,8,17,-5,10,-6,-11,-5,2,5,-7,0,-3,5,-4,2,-12,15,0,13,0,-1,8,14,-4,0,33,2,-7,-4,2,-3,6,5,5,3,1,6,3,7,9,9,-8,1,8,-10,12,-1,6,2,-1,-11,-1,21,10,17,-23,0,-3,4,-13,3,-3,6,10,7,-8,2,9,1,0,-1,10,-6,2,0,-2,-1,2,-1,-6,16,6,12,5,0,-8,-1,22,8,12,3,10,9,5,-4,15,9,14,18,8,0,-1,2,9,6,10,9,-10,-3,0,4,6,11,0,14,2,1,4,10,13,13,15,11,7,-3,-15,8,13,21,1,3,6,9,17,7,14,3,8,-10,6,-28,0,9,-5,32,5,-14,5,3,0,14,21,25,24,3,20,9,14,6,15,1,21,12,1,7,18,8,11,0,8,17,6,3,4,8,14,15,2,6,9,25,16,27,18,23,8,13,0,25,16,16,31,0,15,9,15,28,2,2,0,1,0,-2,2,1,-33,-22,27,-12,-7,14,-7,-49,-12,-6,-10,-3,-4,10,-7,-4,-3,1,6,-8,9,-7,-2,-3,0,-1,-2,-2,-7,1,-6,-4,4,0,3,3,-2,-5,-4,-5,5,-1,-6,2,-5,-2,-3,-3,2,2,-1,0,-2,2,1,0,-11,0,2,-18,3,-23,-13,-3,-16,-25,6,0,-8,-2,-9,-12,5,-23,-4,-10,28,7,-4,-1,0,-1,-4,6,-13,-1,-12,3,-13,-6,-12,-7,-4,-1,10,-1,-2,1,-1,1,3,-2,-10,-7,-4,5,-7,-4,-5,-8,3,1,-7,2,-3,7,-2,-3,-2,5,-15,-7,9,9,-1,0,3,4,-3,-28,11,-18,8,-1,6,-7,-16,7,-28,-6,18,23,-9,-9,6,-13,4,3,11,-13,2,-13,-15,-2,-4,11,-3,5,-20,-7,0,-3,3,-3,2,2,-1,-16,-4,8,-8,1,-9,-2,0,4,11,-2,-2,-5,-4,-5,4,-4,-23,-3,35,-9,-1,-12,-5,-34,-15,-21,-6,-9,-13,-3,-5,-8,-12,-9,-49,-14,37,15,-17,-3,-10,6,8,1,-7,13,-4,-13,-9,-9,-4,-5,-8,3,-11,-12,4,-2,11,-4,12,4,-14,-13,-7,-1,-5,-8,-9,-11,-5,-6,-4,-8,-16,-9,-10,-3,-2,-9,-45,-29,34,-20,-36,-21,-24,-32,-27,-51,15,-26,-16,-10,-22,-52,-57,-40,-55,-18,41,19,-17,-11,-10,17,28,10,2,19,-15,-23,-26,-24,0,8,-28,-9,-23,-27,8,-14,24,-21,-4,-5,-22,-33,-7,12,-15,-12,-15,-30,-10,-10,-7,-23,-10,-15,-25,-1,1,-31
0,-2,1,-1,-2,1,2,-1,0,2,0,-1,2,-16,2,-3,1,2,1,-10,1,85,2,-5,0,0,0,1,5,-10,9,1,-1,2,-1,2,-2,-2,1,0,0,-4,-2,-2,0,-1,1,2,-2,-6,-4,-9,-4,-4,-8,-2,2,2,2,1,-1,0,2,1,1,1,2,1,0,3,0,6,2,6,3,-4,4,-6,3,-13,5,1,-3,5,-5,-32,-5,7,0,2,-1,-1,7,4,5,-5,4,-1,-2,5,-2,5,-6,4,3,2,2,-5,5,-15,2,-1,-2,-3,5,-3,4,3,5,2,1,-3,3,3,-2,6,-1,1,3,0,5,-7,4,1,4,-14,9,5,-1,7,-6,5,-9,9,1,1,6,0,5,-22,2,-4,1,4,2,3,7,4,-1,7,3,3,1,3,3,-7,3,-9,-1,2,2,4,-1,7,1,5,2,0,5,-5,2,1,4,6,-3,3,0,6,1,1,-1,5,6,7,7,7,5,5,5,9,5,5,3,5,5,-2,8,7,4,4,3,1,-2,-11,-9,1,4,3,-5,0,9,-5,5,2,5,2,5,10,3,8,4,10,2,3,3,8,3,8,5,5,7,4,1,3,3,4,4,2,2,0,-2,4,1,7,3,1,5,12,11,11,12,8,9,-7,12,7,9,16,8,7,3,13,9,10,9,8,7,-29,8,7,8,7,1,3,12,12,6,10,9,8,6,9,5,12,4,10,2,4,8,6,8,7,7,9,6,3,1,-3,11,5,4,0,6,1,7,6,14,2,7,2,2,-2,0,1,-2,-2,0,1,-5,-7,-8,-4,-11,-9,-12,6,-4,-4,-5,-4,-6,-32,-7,-1,-3,-3,-3,-4,-1,3,-5,-4,-1,-1,-1,-1,-1,-1,-1,0,-1,-1,-3,2,-1,-1,-1,0,0,0,-2,0,1,-1,-1,-1,-1,1,-1,0,1,-2,-2,-1,-4,-2,-7,-8,-8,-4,-19,-10,-9,-7,-8,-3,-7,-5,-10,8,-7,-7,-4,-7,-14,5,-14,-8,-4,-3,-5,-4,29,-11,30,-10,-5,-3,-3,-5,-4,-7,0,-7,-3,-4,-6,-1,-7,6,-10,3,-2,-5,-3,-3,-3,-1,-3,-3,-6,-4,-5,-4,-1,-6,0,-3,-3,-1,-3,-6,-6,-8,-6,28,-8,-6,-7,-4,-5,-6,1,-8,-6,-7,-3,-2,-17,2,-10,-2,-7,-6,-11,-7,39,-12,40,-7,-5,-4,-11,4,-11,1,-7,7,-5,-11,0,-9,-6,-7,-4,-6,-11,1,-9,-5,-7,-6,-6,-7,0,-9,-4,-5,-6,-5,-2,-7,-5,-9,-7,-12,-9,-7,-1,-6,-8,-10,-10,-9,-6,-17,-17,-17,-5,-9,-10,-11,-13,-33,-5,-1,-8,-6,-8,-1,40,0,36,-5,-5,-8,-7,-1,-10,-2,-6,-5,-6,-7,-6,-10,-5,-5,-10,-8,-4,-8,-7,-6,-5,-6,-4,-5,-3,-6,-7,-5,-7,-7,-6,-6,-9,-12,-10,-15,-13,-7,-12,-8,-22,-16,-17,-15,-13,-22,-28,-17,-16,-15,-15,-11,-32,-37,-15,-5,-19,-15,-24,-18,42,-14,44,-11,-16,-14,-20,-1,-25,-4,-20,-11,-9,-18,-4,-17,-9,-11,-14,-14,-19,-8,-16,-10,-12,-14,-12,-17,-3,-13,-11,-10,-9,-13,-17,-13
2,0,1,0,0,0,0,-1,1,12,8,3,7,-4,-2,0,-1,-5,2,-7,5,-4,13,0,-4,8,-2,7,-3,-10,0,-1,1,9,-6,-8,-5,-8,-4,-3,-5,3,-17,27,3,6,-15,4,12,22,-9,-6,2,-23,12,-7,-2,2,0,2,-1,-1,-2,0,-8,12,8,-6,-1,9,1,-7,-4,4,-5,7,-2,-7,10,4,4,1,3,2,1,3,-3,-5,17,17,-14,-8,10,-13,-11,-5,-1,3,10,16,8,-9,-5,-10,24,14,-22,-19,23,-4,30,-7,1,-9,8,0,-11,-49,-11,1,5,-9,10,-6,-16,8,7,-2,11,7,4,0,2,-2,-6,-2,0,6,4,1,7,0,-1,10,13,-11,-12,1,2,-8,8,-4,0,23,1,3,-12,-8,-7,-2,9,4,-7,-9,6,1,13,-5,-4,13,-13,28,-13,1,-17,0,-8,27,-23,-6,23,-18,1,-15,2,10,3,8,-19,23,3,0,4,1,10,2,6,2,0,5,-2,8,3,0,-2,14,5,2,5,2,19,1,10,16,-11,3,-4,-3,9,11,-6,4,-1,1,1,1,-1,9,-2,16,-13,5,-7,-1,16,3,-21,10,-4,-17,22,12,8,20,9,20,6,-2,-22,-9,15,-4,-10,-12,11,14,-16,-11,7,2,10,1,-12,20,-11,-4,-6,-2,2,10,8,-28,10,-15,-9,-6,-9,1,9,-6,-19,0,23,-6,2,0,-13,-4,-6,-16,14,-1,-4,-1,-12,8,-5,-4,21,1,-26,-26,-18,-38,0,25,-5,-11,-12,-3,-5,-15,-5,-14,-15,-9,-4,17,-4,-7,-2,-1,2,-1,-2,2,-2,-1,-10,-5,-8,-3,5,10,7,10,0,7,1,2,2,0,-6,3,-1,3,5,1,4,-2,0,4,-1,-1,2,-2,4,2,1,0,0,-2,-5,-1,-3,3,0,-1,-4,-3,-1,-1,0,1,0,0,0,-1,-2,0,0,2,2,-2,5,-13,-5,-6,4,-7,2,-1,-9,-15,-13,-12,-12,5,-4,-8,1,-7,13,-9,-8,-6,5,-39,-10,-1,-8,-18,-9,8,-7,12,-8,-18,18,-6,-19,-3,-9,-8,-1,-4,-4,-3,-8,4,-9,-5,-11,0,10,-7,5,-4,-2,3,-8,-4,-12,4,0,2,-1,6,2,-2,-14,0,-14,3,-25,-3,-3,-11,3,1,-12,1,-36,-4,-14,8,11,1,-8,-1,-9,-24,-3,-5,-6,-10,-4,-8,-1,1,-1,-15,16,-12,-15,-1,-4,-7,4,-3,-10,-8,-9,-7,-2,-2,-12,-17,7,-2,4,-4,4,-1,-16,-8,-1,-5,-9,1,-10,-1,-11,10,-31,-51,-31,-1,-21,0,-8,-8,-16,-6,1,1,-8,-5,26,-17,21,-1,-18,-5,-6,-28,-19,-9,-33,-15,-16,11,-10,20,-9,-15,34,-2,-24,-6,-4,-11,5,-20,-7,-12,-16,-9,-11,-13,-8,-11,22,3,21,-23,-11,-9,4,-5,2,-1,-10,7,-7,-2,-35,1,22,3,-12,42,-3,-10,-8,-51,-33,20,-16,-8,-45,13,36,8,25,24,-25,-1,-21,-52,-35,-30,-31,-33,-32,18,-34,25,-40,-31,45,-68,-53,-25,-41,-43,13,-29,-11,-43,-55,-29,-59,-28,-26,-34,36,0,16,-17,-7,-12,2,-32,-7,-21,-38,34,-18,-23
0,2,1,0,1,2,2,1,-4,-6,-1,-2,3,7,10,6,-3,-4,-2,-1,-4,1,2,2,-4,-2,1,-4,0,2,2,1,-2,-2,1,0,-1,0,-2,-2,-4,-2,-5,-4,-1,3,0,-3,10,-4,2,3,-14,9,0,2,2,-1,-1,1,-2,1,-1,-1,-2,8,6,-84,-65,-89,-69,-7,1,3,0,2,-1,-4,4,5,2,2,3,5,-1,1,-4,3,-2,-4,1,4,5,-1,2,0,4,-1,1,0,1,3,0,9,-2,-2,-1,-2,1,7,3,-6,-3,0,-4,3,-2,-2,1,1,3,0,0,-7,-13,2,-1,0,10,9,6,-33,-59,-93,-71,-8,-5,-4,1,-1,-2,1,8,-3,6,-3,2,0,4,8,4,4,-1,-2,1,5,2,1,-5,7,4,2,3,1,5,2,3,0,1,5,3,2,2,5,2,-3,2,4,2,1,-1,-1,11,3,4,6,8,8,2,-4,5,6,-5,-5,-8,-21,-31,-13,51,56,7,4,8,-1,6,2,-4,-8,1,4,2,4,5,3,3,-5,3,2,-7,8,6,-1,-5,-12,8,4,4,-2,8,-1,11,5,10,6,4,2,6,-8,13,7,12,10,8,11,10,-17,-1,5,14,5,13,-1,5,6,7,12,-1,2,-13,-80,-43,-48,-26,60,-3,-10,-5,-34,3,8,10,6,16,6,5,0,8,6,-6,7,12,-5,9,14,-8,-7,24,-8,20,21,-1,4,0,10,8,12,21,12,7,21,19,11,0,6,12,17,15,17,-17,-1,13,13,10,-3,9,7,25,12,15,14,0,-1,2,2,-2,1,0,-2,25,24,8,9,-1,4,-1,-3,3,-2,-2,-2,-7,2,11,-4,-4,-3,-2,-3,-7,-1,-1,1,-4,-6,-4,0,-2,-2,0,1,-4,-7,-5,-5,-3,-1,0,2,-3,-4,-2,-7,-2,-2,0,2,-1,-2,-1,2,-1,1,1,1,20,11,8,16,-16,-29,2,-1,-13,7,-1,-23,-14,-5,-9,8,-2,-16,-10,-7,-7,-7,11,-9,-5,-3,4,-9,-11,-1,1,1,-11,-9,-2,-1,-3,-4,-4,0,-6,-3,-4,-8,-5,-6,0,-3,-2,-7,-7,-6,-7,-10,3,-1,-3,-2,-8,-16,-11,1,-1,-8,10,14,20,16,7,11,-64,-28,-5,-10,-12,-3,-4,1,-2,14,-14,-11,-8,-13,-8,9,-4,3,-6,3,-3,-12,-15,-14,-2,3,-17,-5,-5,-2,-10,-16,-9,4,-2,-7,-11,-10,-3,-4,-10,-5,-10,-3,-14,-2,-5,-9,-4,-16,-7,-4,-8,-1,-9,-5,-6,-3,26,29,33,30,17,5,-11,-16,6,5,2,-1,1,-1,1,2,-16,-8,-17,-3,-11,-10,-19,-16,-4,-13,-8,-16,-1,-12,-19,-12,-4,-7,-7,-13,-8,-10,-19,-10,0,-2,-2,-3,-4,-14,-12,-7,-6,-13,-7,-10,-13,-13,-7,-4,-6,-6,-6,-7,-2,-7,-8,-5,27,27,35,39,36,23,-3,-11,-20,-52,-48,-30,-34,-39,-32,0,-33,-70,-44,-54,-15,-25,-13,-3,-42,-18,-46,-49,-49,-67,-26,-21,-26,-26,-21,-4,-21,-33,-63,-34,4,-17,-7,-33,-5,-31,-23,-36,-17,-19,-20,-38,-19,-29,-15,-17,-19,-11,-30,-23,-3,-9,-17,-31
2,-2,1,-2,0,-1,-2,0,2,4,4,2,4,1,4,4,4,-3,0,2,-1,5,1,3,-3,-1,1,0,1,-2,-4,-3,-2,-3,-7,-7,-4,-8,-3,-6,-9,-13,-5,-13,-3,-5,-7,-3,2,-10,-13,-6,-31,-11,-19,-8,1,2,-1,1,1,-2,2,2,12,10,12,8,4,-4,6,5,8,5,1,4,9,2,8,7,4,3,2,8,6,7,8,6,4,-1,0,1,12,7,3,5,-1,3,10,-4,9,-7,3,-7,-1,10,-13,7,-49,6,4,-5,6,-10,-3,0,11,6,-3,-25,-3,4,3,-2,9,1,3,-7,7,17,11,25,14,12,21,10,12,6,8,4,16,17,9,9,5,16,7,12,9,15,14,23,16,2,9,6,11,10,21,10,13,9,1,-7,7,15,11,16,14,11,13,5,13,7,12,0,17,20,-10,12,-14,-6,3,14,18,13,15,12,14,1,11,7,6,7,11,18,3,14,2,13,6,10,7,13,13,13,24,12,8,15,-2,7,11,-21,12,13,8,-4,16,-26,4,9,15,7,-5,1,4,-13,4,-18,24,8,-5,-17,10,-1,-6,-27,-2,0,-1,1,19,-6,0,-5,13,3,-32,-6,-16,-9,-5,-7,-1,-8,17,21,20,27,17,21,29,19,16,16,11,21,8,25,22,9,10,22,11,6,16,8,18,26,22,-10,10,5,12,4,4,10,6,12,4,18,-36,3,4,-3,-4,17,1,-8,4,-20,26,12,10,19,-21,32,-8,-4,14,33,1,1,-1,20,44,12,13,-2,-1,1,-1,1,2,0,-1,0,-32,0,5,-16,-22,18,26,-10,-7,1,-4,-9,1,-3,-2,-3,-9,0,-7,-5,0,-5,-3,0,-4,-5,-1,-4,-2,-2,1,2,-1,0,-2,-5,-3,-1,-3,0,-2,-2,-3,-5,-6,-3,-2,1,-1,2,0,-2,0,1,-2,2,-6,-5,-2,-14,-10,-23,3,-11,-23,-8,2,-5,-17,-32,2,-2,-18,2,-8,-2,-23,1,-5,-13,-6,-1,-13,-11,-4,-22,-8,-8,-10,-21,-8,-2,-14,-5,-5,-6,-3,-8,-6,-10,-15,-5,-13,-5,-9,-7,-9,-2,-9,-7,-15,-11,-7,-4,-3,-6,-4,-4,-7,-13,-9,-2,5,-11,-5,-18,22,-5,-35,-2,-2,1,-14,8,11,3,3,5,6,0,-12,1,-5,-20,-16,-1,-21,-10,-1,-12,-2,-1,-10,-29,0,-1,-5,-6,-6,-12,-4,-5,-3,-12,-12,-7,-17,-13,-9,-6,-9,-2,-10,-15,-12,-4,-13,-11,-3,-8,-8,-10,-18,-4,-26,-22,-46,-14,-38,-26,20,-37,-10,-12,0,-7,-4,-8,-9,3,-8,0,1,-6,-13,5,-3,-2,-7,-12,-14,-13,9,-8,2,-2,-18,-12,-9,-5,-17,-13,-15,-4,-7,-17,-10,-16,-15,-13,-16,-11,-12,-20,-16,-9,-20,-8,-15,-9,-10,-10,-2,-15,-10,-15,-9,-9,-52,-65,-39,-27,-39,-38,32,-22,-49,-37,0,7,-2,15,-21,3,-32,-20,-20,-27,-68,-26,-22,-47,-49,-38,-42,-63,-33,-37,-3,-17,-37,-50,-25,-25,-45,-26,-33,-10,-14,-31,-40,-34,-41,-30,-28,-28,-30,-33,-28,-6,-30,-30,-27,-38,-28,-30,-8,-26,-20,-36,-17,-21
-2,0,-2,0,1,-2,1,1,-1,-1,-5,-19,-41,-44,-51,-50,-1,0,-5,-13,-34,-49,-49,-46,-2,-1,-7,-15,-32,-46,-50,-44,-2,-2,-9,-17,-29,-42,-48,-39,-1,0,-8,-17,-28,-31,-31,-33,-10,-11,-15,-20,-19,-30,-19,-28,-1,1,-2,2,0,2,0,0,-8,-3,-9,-2,2,4,5,-3,-10,-12,-5,-2,-4,-1,4,6,-6,-10,-6,-6,-2,6,2,7,-11,-10,-4,-5,-3,-1,-2,6,-12,-3,-4,0,-3,-5,2,5,-8,-5,-1,-9,-3,-1,6,-1,-12,-9,-4,-3,-3,-4,5,10,1,-11,-3,-10,-4,-5,7,-2,3,4,1,-2,-1,-5,0,-3,1,-1,0,-3,-1,0,4,4,-2,0,3,-1,1,-1,1,3,-4,-2,-1,2,1,1,-2,3,-5,-4,-2,1,6,3,5,-2,-2,2,-4,2,1,0,-1,-1,-3,-2,2,-1,0,3,3,-2,1,5,0,-4,-4,-6,-1,1,1,0,-1,0,5,2,-2,0,-2,-4,-4,-1,2,2,-2,0,0,-5,-4,0,-2,0,1,4,1,-2,-2,0,-1,2,-2,-1,-2,-1,-1,-1,4,-1,1,3,-2,-4,-2,0,0,2,3,0,-2,-1,-2,2,-2,4,7,8,-1,-5,-5,-2,1,0,-1,2,-13,-13,-18,-10,-13,-9,-3,-19,-15,-5,-15,-12,-13,-12,-9,-12,-14,-7,-15,-4,-15,4,-5,-8,-11,-12,-16,-10,-10,-8,-12,-16,-7,-5,-17,-18,-22,-7,-11,-18,-9,-14,-10,-14,-6,-11,-14,-19,-3,-7,-15,1,-18,-9,-10,-6,-14,-12,-21,-22,-8,-21,-12,-22,1,-1,2,2,-1,-2,1,2,-5,-9,-12,-16,-16,-11,-17,-17,-4,-7,-9,-11,-12,-15,-8,-16,-7,-9,-11,-9,-13,-15,-15,-15,-4,-5,-7,-9,-15,-21,-20,-15,-1,0,0,-8,-15,-16,-21,-16,1,3,1,-2,-12,-20,-23,-23,3,0,2,-1,2,2,0,-2,7,-1,-4,-6,-16,-10,-19,-23,5,0,-3,-8,-9,-5,-19,-21,9,-3,5,-11,-8,-14,-19,-14,1,4,1,-3,-12,-13,-10,-24,2,1,1,-6,-8,-14,-1,-20,3,1,-1,-5,-10,-15,-14,-15,4,-4,-1,-8,-9,-16,-12,-20,0,0,-5,-8,-10,-3,-17,-26,-3,0,-12,-6,-8,-7,-2,-7,-4,-3,2,-6,-5,-5,-1,-7,-2,3,-4,-2,-6,0,-9,-4,5,-6,-1,-3,-5,-5,-2,-11,-2,6,-5,-5,-7,-4,-3,-8,3,-5,-2,-5,-6,-11,-5,-3,-6,-1,-3,-3,-10,-3,-5,-2,-1,-7,-1,-7,-5,-7,0,-8,0,-3,1,-8,-6,-14,-11,-9,-3,1,1,-1,-8,-9,-5,-7,-2,0,-1,-8,-4,-13,-6,-9,-7,-1,0,-7,-9,-19,-12,-10,-4,2,-4,-10,-15,-20,-10,-9,-1,-3,0,-1,-10,-13,-12,-8,0,-1,1,-6,-8,-12,-13,-7,-1,-1,0,-8,-4,-10,-11,-6,-20,-5,-13,-23,-15,-16,-12,-21,-20,2,-20,-7,-36,-22,-43,-40,-14,-5,-21,-15,-15,-22,-24,-20,3,-8,-9,-17,-16,-25,-23,-30,-4,10,-5,-15,-23,-30,-32,-9,-14,-17,-16,-16,-36,-33,-28,-9,-17,-16,2,-36,-27,-31,-9,-11,-14,-27,-46,-25,-17,-30,-20,-14
0,2,-2,-2,1,1,2,-2,1,2,7,1,-3,2,4,8,-3,10,0,3,3,1,3,3,-2,-10,-2,2,-3,0,1,3,-3,-2,-9,-9,7,5,5,-3,2,-6,3,10,-6,19,-25,8,-5,-8,-10,-8,-14,-8,14,3,-1,-1,-1,0,-1,2,0,1,-9,5,-8,2,7,2,4,6,-2,14,-11,-2,2,-3,2,12,-3,-12,6,-9,3,-3,-12,3,-4,-13,-8,-17,8,17,11,13,-7,-11,4,7,26,8,-12,21,-14,16,-12,-24,-7,-2,16,6,3,3,-13,6,-1,-39,-20,17,-15,29,0,2,-6,20,3,0,-12,7,3,14,10,16,11,7,10,0,14,3,3,-1,6,-1,6,11,2,4,1,8,5,11,10,6,-13,8,3,-5,11,11,-17,22,4,0,-2,9,14,4,11,-22,6,18,0,29,-22,12,4,-9,-25,-8,14,-35,17,10,7,5,12,3,10,16,-1,21,6,4,-5,2,6,5,11,2,-2,2,-2,2,-5,6,8,4,0,-4,10,3,16,6,14,17,5,8,21,28,14,5,25,19,5,5,4,-14,-10,9,7,11,-5,-2,-15,3,12,4,6,6,-6,8,12,5,-14,20,8,-5,-3,5,-5,2,23,-8,0,7,0,8,1,14,14,24,12,6,17,4,18,14,2,8,7,5,7,12,-3,9,7,8,-2,18,4,-6,-7,8,22,-9,35,12,6,20,0,1,-18,-2,22,6,33,-26,17,20,0,-18,-7,1,3,-8,13,4,-14,2,-13,19,-9,28,2,28,28,-1,4,-3,0,1,0,0,1,-1,2,-1,-44,-1,-17,-10,-6,-5,2,-33,1,-8,11,5,2,-1,8,-1,0,-6,2,-7,-2,-1,-3,-4,0,-3,-7,-2,3,-4,-6,-6,-2,-5,1,7,6,2,-1,-3,-1,-1,-3,-3,-3,-2,3,-4,-1,2,-2,0,-2,0,1,2,-2,-1,2,-5,-16,-8,-29,1,0,2,-13,-15,1,-9,4,-15,-16,0,-5,7,-8,-12,11,7,15,-10,5,-1,-12,8,11,-1,-3,-17,-11,-2,9,-7,-16,-2,-6,-8,-1,1,-7,-6,-5,-8,-1,-7,-5,-4,5,-16,-3,-8,-3,-6,-3,-14,-2,0,-7,-14,-1,4,-4,-11,-20,-9,-11,-5,0,-7,-6,3,-5,-4,15,-8,1,2,0,3,-3,-9,26,-3,19,-12,9,-9,-13,13,5,0,-6,-23,-19,3,13,-16,-6,2,-8,-23,-10,-1,-13,6,-2,-3,-7,-1,-5,-4,6,-13,12,-16,-8,-5,-4,0,-12,2,2,1,-19,27,-29,-5,-48,-24,-13,-23,-4,-20,-15,-4,3,-13,19,-11,0,-6,4,3,5,-8,4,8,22,-15,9,-9,-16,3,2,-2,-11,-19,-12,-5,2,-22,-7,-7,-10,-23,-1,-24,-16,10,6,-11,-12,-11,-12,2,14,-20,17,-17,-9,-13,-9,-12,-8,-1,-7,-8,-34,3,-39,-17,-44,-24,-42,-28,-41,-49,-41,-32,-15,-33,30,-27,-46,-6,-43,16,-17,-34,18,10,24,-32,5,-40,-54,-1,-11,-18,-42,-64,-32,-24,-13,-22,-32,-17,-23,-40,-11,-21,-39,21,15,-25,-31,-9,-21,6,22,-38,13,-33,-24,-17,-15,-14,-27,14,-4,-8
-2,2,1,0,0,2,1,-2,0,2,2,1,5,2,-83,4,-1,2,1,1,4,-5,-100,-1,1,0,2,1,2,-2,-61,1,2,-2,-1,2,-1,-1,-48,-1,-2,-6,-3,-2,-1,-1,-23,1,-6,1,-6,-4,-6,2,-7,4,1,0,2,-2,-2,-1,-1,1,3,-1,-5,-2,-2,0,-1,-1,4,2,-4,2,5,3,-46,2,-1,-2,2,1,-1,6,-20,1,1,-1,-7,3,-2,-1,-11,0,-2,-5,0,-1,3,3,-7,2,-2,0,3,-1,-5,5,-7,2,-1,3,3,6,-3,0,0,0,0,1,-1,3,4,-2,-6,1,0,-5,-4,-2,3,4,1,-4,-4,-3,-2,-2,1,-5,-36,6,-6,5,-3,3,2,3,-23,3,5,-3,4,5,0,-1,-7,3,-3,-1,-6,-1,4,-3,-12,1,1,-10,-5,3,2,2,-1,2,-8,-5,2,-3,-6,-4,1,4,-2,4,-1,0,-1,-3,-2,1,9,10,7,10,9,11,68,12,6,3,10,7,8,6,52,14,5,12,7,5,7,7,39,10,7,7,6,1,8,7,23,11,5,11,10,8,11,1,27,14,5,9,7,8,3,2,24,4,4,11,-2,-1,-1,0,13,6,12,9,10,3,8,7,23,9,19,0,2,6,6,13,47,0,-1,9,5,7,7,11,32,15,-10,6,7,10,11,7,25,13,4,9,3,7,2,10,19,14,12,15,6,-4,21,10,5,9,-2,2,5,12,5,24,19,19,14,17,-7,-2,8,7,17,8,9,17,10,5,21,19,22,14,-2,-2,-1,2,1,1,-2,1,-10,-3,-9,-1,2,-41,-3,2,-4,1,-1,-6,1,-4,-21,13,-5,1,0,-3,1,-4,-33,9,-3,0,1,-2,0,3,-30,7,-2,-2,-1,-3,3,4,-30,4,-1,-1,-1,-1,-1,0,-11,1,-2,-1,-1,-1,1,2,-2,0,-3,-9,-4,-9,-6,-15,-5,-1,-4,-4,-2,-5,-10,-11,0,-7,4,-3,-4,-7,-14,-32,-4,-20,0,0,-2,-5,-7,-7,-6,-8,-3,-3,-3,1,-7,-7,-4,-21,1,-4,-3,-3,-6,-5,-5,-6,-1,-1,-5,-4,-7,-3,2,0,-1,1,-1,0,-18,-2,1,3,-4,-4,-2,-8,-6,-14,10,-7,-9,-5,-4,-5,-2,0,-1,-22,-2,-6,-6,-4,-13,-18,-3,-8,-4,1,-5,-8,-11,-10,-2,-8,-3,-5,-5,-3,-13,-2,-6,-17,2,-3,-4,-4,-4,-12,-4,-11,0,-1,-2,2,-3,-11,4,-7,0,1,4,0,-4,-8,3,-2,-12,-8,-12,-12,-6,-10,4,-9,-9,-6,-8,-2,-19,-10,-6,-7,-10,-10,-14,-15,-12,-17,-5,-16,-9,-13,-14,-16,-26,-14,-13,-17,-4,-8,-10,-5,-7,-7,-10,-18,-6,-10,-5,-5,-8,-14,-29,-11,-6,-7,-9,-5,-6,-10,-14,-15,-4,0,-6,-8,-4,-6,-12,-9,-15,-12,-33,-14,-14,-6,1,-2,-20,-22,-15,-25,-38,-37,7,-29,-14,-18,-8,-36,-14,-29,9,-30,-11,-21,-19,-23,-42,-26,17,-22,-8,-19,-13,-16,-17,-21,4,-27,-13,-5,-13,-7,-12,-18,7,-25,-11,-12,-10,-1,-6,-2,13,-15,-2,3,0,1,2,-4,9,5
1,-1,-1,0,-1,1,-2,0,0,0,1,0,0,1,0,-88,0,0,0,1,-1,1,2,-86,0,0,1,0,0,1,2,-43,0,1,3,-1,1,1,0,-26,3,-1,1,-2,1,2,4,-14,3,3,-4,-8,-3,6,11,1,0,1,1,0,1,0,0,0,3,0,3,1,-3,1,2,-2,-3,3,-2,1,2,4,3,-73,-1,-2,0,2,-1,3,1,-74,0,-4,0,2,2,2,3,-28,-2,0,-1,-1,2,3,1,-9,-10,5,0,0,2,11,0,-3,6,-4,-1,5,4,1,1,-2,2,-5,1,4,-2,-5,1,2,-3,0,-1,-2,-3,2,-2,-8,7,-1,0,-2,0,-3,-1,-76,-2,-4,3,2,-3,4,1,-49,-1,0,0,1,2,2,1,-15,-7,-3,-6,-1,-3,4,4,-8,-2,-2,-3,-3,-1,4,5,-7,-4,3,0,6,1,4,0,5,-5,-2,4,3,-15,-5,-5,3,2,3,2,1,1,-9,-8,63,3,-1,-2,-2,-3,-15,-1,61,3,-2,-2,-3,-3,-8,-16,53,5,2,-4,2,-2,-2,-2,46,1,-4,-1,-2,2,4,-11,42,2,-3,-1,-1,-1,-8,4,42,3,3,6,-8,4,-6,1,30,-3,-5,5,7,-8,-13,-12,32,3,4,3,3,5,3,5,27,0,0,3,2,4,4,6,8,0,1,4,4,-2,3,9,2,3,2,-5,3,4,4,4,-5,1,3,0,4,-4,7,4,4,-2,4,7,4,11,6,8,8,5,-1,-2,-10,6,3,0,7,5,6,7,8,6,-5,-2,3,2,-2,2,-1,2,2,-1,-1,-9,-2,-6,-2,-11,2,-12,23,-2,0,-2,-1,0,1,-9,-8,-2,-3,-2,-1,-1,0,-2,-7,0,0,0,0,-1,0,-3,-5,-1,-1,-1,0,-1,0,-7,-6,0,-2,-1,-2,-4,-2,-6,-4,2,0,1,-1,1,-2,1,0,-1,-12,-7,-3,-10,-2,1,2,-4,-5,1,-1,-5,-4,-9,-82,4,-2,4,0,0,-16,-7,5,-6,-4,-3,-3,-4,-1,-3,11,0,3,-2,-4,-7,-4,-12,11,-2,-2,-2,-3,-1,-6,-16,2,1,-3,-1,-2,-3,-8,-4,5,-1,1,-1,-7,-4,-11,-5,3,-3,-2,0,-2,-5,-5,-5,4,-9,-8,-2,1,-5,-4,-3,-67,-2,-5,-4,-9,-8,-6,-13,1,-3,-2,-1,-4,-2,-5,-4,16,-2,-4,-3,-3,-5,-5,-10,15,1,3,-1,-2,-1,-6,-12,5,4,-1,4,-4,-3,-7,-9,8,0,2,-1,-7,-4,-4,-11,0,-5,0,1,-6,-7,-7,-9,12,-4,-9,-6,-11,-9,-5,-11,16,-7,-1,-13,-8,-7,-6,-12,16,-6,-6,-8,-13,-12,-14,-11,10,-5,-5,-6,-5,-8,-11,-22,3,-4,-6,-3,-8,-8,-7,-10,-8,-2,-7,-4,-5,-10,-8,-10,-3,-2,-3,-3,-5,-4,-6,-8,-6,-19,-11,-29,-3,-23,-30,-13,28,-19,-23,-25,-26,-22,-18,-17,45,-13,-26,-24,-27,-23,-24,-27,45,-19,-19,-14,-26,-20,-20,-38,53,-18,-24,-17,-13,-18,-29,-71,30,-8,-16,-10,-16,-15,-20,-27,20,-5,-13,-11,-9,-14,-11,-19,18,-6,-5,-6,-9,-8,-9,-16,16
1,1,2,1,2,-1,-1,0,-6,1,-3,-5,1,0,-1,-2,-7,11,0,8,4,5,-4,1,-2,-2,-1,3,5,11,-3,6,-3,-5,9,34,5,-1,-8,0,10,-7,-3,-5,2,19,-9,18,0,12,-2,1,-2,-4,37,1,2,1,1,-1,-2,0,2,2,22,7,-4,-1,6,-5,-3,-4,-2,3,11,13,2,1,3,0,11,-27,6,-14,8,4,-1,11,-14,6,12,1,-1,-7,5,0,29,14,1,-3,4,1,4,8,-16,-1,-2,3,14,-8,1,-4,-4,2,-4,-22,-7,21,20,16,-2,-4,-7,21,11,-3,-16,-11,1,6,5,-8,-3,3,5,11,9,4,7,0,-2,0,3,8,4,14,-3,3,-3,5,-7,4,2,6,-2,-2,2,-2,-11,7,2,5,7,14,-2,5,-8,-7,-3,5,-12,0,-2,11,1,23,-12,-3,-8,1,6,1,17,-7,9,-2,-3,-22,-2,16,4,5,10,0,8,1,3,6,10,4,1,-9,-12,-16,-17,2,3,9,5,17,4,-18,3,4,7,-3,3,12,10,-1,10,0,10,-17,2,-17,1,0,7,3,9,2,-5,7,-6,0,-9,-37,26,6,3,2,22,-3,29,2,-4,10,3,2,20,-9,0,8,13,6,17,5,12,3,4,19,16,12,-3,-1,5,2,5,9,0,10,-7,12,10,4,8,10,19,-6,-3,9,12,4,14,-2,11,0,3,7,-2,6,6,-5,0,2,13,-4,0,4,-10,6,6,11,4,0,-3,26,-14,2,26,6,18,-8,5,-21,21,-6,-1,-5,-2,0,1,0,1,-1,1,-1,-4,0,2,-7,-22,-10,-5,15,5,-7,4,-6,1,-6,1,-3,-7,-5,4,0,2,-3,-6,-4,-4,-9,-2,0,1,-1,1,1,0,0,-4,1,3,-2,-1,0,-2,1,-3,1,-1,-1,1,-1,-1,-1,-1,0,-1,2,1,0,-2,-3,-5,3,6,-15,1,-11,-3,-4,-7,-19,-26,2,11,-8,19,-11,-9,-7,-11,2,-15,-9,-2,0,29,3,-5,3,-8,-15,-8,-17,-5,1,-1,-2,18,-7,-4,-4,-3,-4,12,-3,-5,-3,-1,0,-2,-2,0,-3,13,-8,5,-3,1,0,-6,6,-2,1,0,18,-6,12,6,13,-6,4,-11,-15,1,-24,-12,-4,13,6,16,-4,-16,-7,-6,-10,2,-4,-3,-13,34,-6,2,-8,1,-4,-11,-19,-7,-2,8,-1,29,-6,-1,1,15,1,19,-2,-12,-10,7,6,-5,-2,0,-4,6,-5,-4,4,2,-6,1,0,-1,-8,-30,9,-23,-3,2,-26,-21,-10,-10,-8,-14,-33,-15,-7,-9,-9,31,-19,-38,-17,-19,-19,-22,-10,4,-18,38,-3,19,-7,-20,-30,-19,-16,-9,-7,19,-5,29,-17,-10,-15,19,6,19,-3,-22,-6,-16,-2,-12,-9,-7,-15,18,-10,-5,-10,-9,-2,-3,3,-9,3,-22,39,-25,-15,17,-15,9,2,4,-33,-40,-39,-54,2,11,-19,33,-26,-43,-55,-25,-17,-29,-14,23,-42,42,-16,21,-15,-27,-31,-21,-58,-25,-30,1,-11,31,-55,-26,-16,21,1,22,-22,-51,-23,13,-7,-12,-12,-13,-24,24,-21,-14,-13,-21,-9,-14,11,-29,-5
-1,2,2,2,1,0,0,1,-2,-1,-1,-3,1,-4,-4,1,-2,8,5,1,3,-3,4,-2,0,-4,0,-3,-1,-2,16,-3,-1,7,-2,7,-4,-1,-9,2,2,-10,-3,-6,-8,1,0,3,0,22,15,20,-8,-12,-25,-20,-1,2,1,-1,1,-2,-1,-1,-2,-1,-6,-10,-11,-12,1,-10,-10,3,13,6,10,-13,11,-8,3,20,-6,-13,-7,17,9,-15,-4,-10,-6,-14,-3,0,-7,-6,16,0,-26,-6,5,8,-9,-1,-2,28,-3,15,-4,-8,-7,-16,24,-32,-25,1,21,-37,-6,-11,4,12,7,-9,-4,-3,-1,2,5,-5,1,-18,1,-5,-3,4,-13,-1,-10,1,3,21,-3,2,-12,2,10,-5,6,0,4,-6,3,-9,-9,-9,-2,-13,4,10,4,10,-13,4,-5,-6,4,-16,17,-11,-2,-17,7,-1,-2,-1,0,21,-14,23,0,-1,-13,-21,-3,-8,0,9,13,-11,1,10,6,8,5,12,6,9,7,5,4,1,12,3,-3,-10,-6,-2,5,-6,2,-3,-10,-13,-2,-4,3,15,13,2,17,5,18,6,5,3,11,8,-1,-16,6,0,5,14,17,-4,-8,-6,-1,6,-10,2,21,-8,-4,-6,2,11,-2,10,8,3,-3,13,32,18,-1,5,9,9,10,2,17,16,5,8,7,8,2,14,-6,35,0,10,17,11,4,-9,9,18,5,4,7,7,26,2,39,-9,-1,14,29,27,28,0,1,19,24,5,-5,11,23,18,17,35,7,-30,-12,13,4,18,17,-5,2,16,-9,9,-8,12,27,16,-1,-2,2,1,2,-2,2,-1,-1,-3,-11,-11,0,-6,-14,-20,0,-8,2,-3,-6,-1,0,-9,3,-2,5,1,2,-1,-1,2,-1,-2,2,-4,-1,4,-9,2,-1,-1,6,-3,1,-1,-2,0,-3,0,1,-4,-2,-2,-2,-2,2,-2,1,1,-1,2,-2,-2,4,-7,8,-13,0,-4,2,8,-8,-7,-15,7,-6,-6,-9,-32,-7,-3,-10,-2,-15,-11,1,-15,2,-10,1,5,-10,-5,1,12,-5,-1,0,-4,-5,-6,-5,6,0,2,0,-5,3,-7,-2,-6,-6,5,-1,-6,-5,-8,-2,-7,1,0,11,1,-1,-14,-4,-4,1,0,2,-7,-8,-4,-1,-1,-3,-9,-8,-6,-7,-18,-5,-15,-5,-3,-14,-5,-13,-1,-6,-17,5,-5,8,13,-15,-13,2,5,-2,0,-7,-6,-3,-3,-22,11,-1,-9,3,-11,-4,-2,0,-13,-11,4,-1,0,-7,-6,0,5,10,1,7,1,0,-2,-12,-1,5,-8,-8,-43,12,-2,10,-1,-6,-14,-7,9,-6,-13,-22,-39,-7,-12,-24,-24,-28,-15,-23,-33,13,-15,29,24,-16,-19,-27,27,1,-11,-14,-13,-15,-2,-17,20,-5,-10,18,-24,-11,-11,-15,-11,-12,-8,-13,-11,-10,-11,-8,-2,0,5,25,-10,0,-9,-7,-9,3,-62,11,-64,33,-2,24,3,-24,-32,-32,13,-66,-31,-65,-30,-27,-19,-71,-56,-54,-32,-39,-54,4,-29,36,41,-30,-33,-45,34,-16,-10,-29,-33,-26,-19,-22,31,-48,-20,31,-32,-34,-25,-27,-23,-27,-14,-33,-26,-30,-46,-2,-10,4,-13,38,-21,-16,-25,-15,-58
0,1,0,0,2,1,0,-1,0,-2,0,1,4,0,3,5,0,-1,0,1,-4,1,8,-1,1,2,4,-2,3,6,2,4,-4,-4,-5,-4,-7,4,0,5,-8,-64,-2,44,-1,1,-9,-3,-11,-8,-3,1,-3,36,28,13,1,-1,2,-2,-1,-2,-1,-1,-9,0,-4,-4,-1,2,0,-5,4,-3,-4,0,-5,-11,10,-1,-1,2,0,-20,6,12,-4,3,-7,9,-12,-6,11,4,-4,3,-6,49,-12,19,-22,38,-15,-2,1,1,-28,-2,-14,24,15,10,-16,-19,14,-21,19,-13,7,12,29,-14,-17,-7,40,-13,8,-6,7,-11,3,-4,16,-3,-11,3,3,2,3,4,-1,11,0,-20,-8,1,1,-4,3,7,3,-8,2,-5,5,-10,14,21,-6,9,3,2,-13,-4,-54,-9,10,6,-1,-45,4,26,-3,0,13,5,-11,-2,-7,1,-13,20,7,4,3,-54,-11,20,16,14,-4,-7,-1,-1,-2,4,0,-3,0,1,2,-1,1,-7,-3,-8,-4,2,-3,-4,-3,1,4,-8,1,10,2,2,10,2,16,-7,27,-6,5,-12,4,-13,22,-2,-2,11,-11,-5,-1,3,28,-24,21,0,8,-3,-21,-15,13,-11,-16,-17,7,3,7,2,10,6,16,15,0,5,5,4,14,-14,-31,-23,-3,-2,10,2,-2,7,-2,3,-7,5,-1,2,13,10,9,13,-5,5,3,-3,8,18,20,2,17,11,-5,-19,5,3,5,16,-18,3,-12,10,8,4,-3,6,-2,18,-6,-13,8,-39,-11,8,17,9,18,32,16,-25,-16,-7,2,2,1,-2,-1,1,-1,3,-6,-9,11,-28,-5,-11,-34,-28,-1,-3,-2,0,2,-1,-13,-2,-2,4,-3,0,-3,0,-4,4,-1,-2,1,2,-6,0,-1,0,-1,0,-1,-2,-1,1,-1,1,-3,0,2,-1,2,1,-1,2,2,0,1,2,0,-1,1,1,2,-4,7,2,-18,6,-35,0,-3,-4,-3,-6,-13,-7,1,-6,3,-17,2,6,-15,-6,-3,-14,9,0,0,3,-2,-17,-1,25,-2,-7,4,4,-15,-4,1,0,-2,-7,-1,-6,-3,0,5,1,-2,-8,7,4,5,-6,0,1,1,0,-6,-3,6,-4,3,-1,-3,-4,-13,-29,8,4,8,3,-10,-12,2,-25,-5,-24,0,-6,1,-13,0,-8,-12,3,-19,-6,-12,-3,-12,3,-15,-18,-5,12,-28,-5,4,-2,-17,3,7,-5,-2,-2,-5,-8,-1,-4,6,2,5,-7,5,-8,3,-3,-3,-1,-6,8,-4,-17,11,-2,-7,-6,-6,-23,-23,-17,-28,-24,4,-2,-6,-15,-11,21,-21,-12,11,-17,-6,-14,0,-26,0,-11,16,-2,-7,2,-62,-6,-25,-44,-14,30,-2,-11,-15,26,-58,-17,30,-11,-4,-14,-13,4,-9,-13,1,3,-2,-9,17,-24,20,-8,-6,-5,-3,-1,-8,-5,13,0,6,3,-25,-69,-11,-22,-4,-49,-18,1,-35,-39,-34,27,-32,-12,-39,-7,3,-23,-12,-20,1,-3,27,-32,-1,-44,-77,0,-23,-39,-30,47,-35,-20,-44,33,-24,-8,41,-21,-4,-49,-43,9,-13,-46,-21,26,4,-50,22,-47,22,-38,-12,-4,20,-31,-25,-37,31,-13,29,-14
0,-1,1,1,-2,1,2,-2,-5,5,0,-2,5,0,1,1,-7,-1,-5,-3,0,2,-3,0,-4,-7,5,-3,0,-2,-4,-1,0,-6,-59,1,-5,-3,3,4,-53,4,50,11,-39,6,-3,4,1,10,-49,0,-28,-9,-7,-3,-2,0,1,1,2,2,1,0,4,11,-2,9,4,1,4,11,3,-7,12,4,4,-1,7,7,12,0,6,-4,3,1,3,-2,9,-5,13,-7,2,3,-8,4,-15,23,-39,11,-4,-2,-2,6,8,-3,-31,-4,1,-26,3,2,3,1,-2,-4,-6,-18,-6,-24,11,2,9,-8,7,10,-10,-4,11,3,9,1,9,2,4,7,-3,16,-2,4,3,-2,2,-7,17,-8,24,1,-6,1,10,4,0,18,-1,4,2,6,-6,9,11,1,5,-5,19,1,4,7,7,6,23,17,0,27,-3,11,-14,-3,0,-4,3,-7,14,-14,-3,1,-17,19,1,6,-6,4,8,15,10,3,11,11,7,9,23,-8,19,2,5,0,13,9,15,17,12,15,8,-1,4,7,11,-41,6,-10,6,3,-1,8,11,-15,3,-2,8,-4,-11,5,9,0,11,-15,-15,-5,-5,-2,23,7,22,14,-3,14,20,14,8,-9,4,1,16,13,12,7,6,15,19,12,2,7,18,11,23,18,13,15,10,-6,14,1,33,11,36,16,7,11,8,6,24,-17,7,21,10,9,0,3,7,10,25,2,28,7,21,10,-13,0,11,26,5,9,13,-1,29,15,19,1,-16,14,19,17,-13,20,2,24,16,-4,20,8,-1,2,-2,-1,0,-3,0,2,11,7,1,-7,6,3,-9,-4,-2,-13,19,-4,1,4,2,-4,-4,-18,8,-17,-1,0,-1,1,-1,-7,8,1,-1,0,-3,0,-3,2,2,-1,0,-4,-2,2,1,0,3,0,4,-2,1,1,1,0,-1,-1,2,0,0,-1,0,-11,6,9,0,-12,-3,-3,-36,-3,9,-17,-37,-20,-19,-14,14,-6,9,0,-6,0,-12,-8,-10,-24,-9,-10,-11,-9,-10,-10,-13,-23,-12,-4,-13,-6,-8,-13,-6,-8,-15,-19,-7,-9,-1,-5,-12,-2,-1,-4,-3,-11,2,-14,-20,-11,-5,-5,-20,-2,-7,-6,12,-9,5,0,6,-20,3,-7,2,10,2,-7,1,-6,-14,-15,25,-10,14,-18,8,4,-6,-12,-20,-20,-14,2,-8,-32,-5,-1,-3,-5,-2,1,-14,-8,-15,-1,0,-6,-7,-26,-7,-9,-5,-10,-5,1,-7,-2,-4,-9,-4,-18,2,-21,-1,-7,-3,-8,-7,-19,11,-13,-19,-12,-13,-13,-27,-7,-29,6,-14,-8,-14,-10,-12,-23,22,-8,7,-17,-12,-1,-11,-20,-15,-15,-27,-15,-16,-28,-25,-12,-9,-7,-36,-14,-18,-16,-17,-22,-12,-31,-5,-18,-27,1,-7,-7,-5,3,10,-7,-2,-12,0,-6,-6,-6,-2,-7,-7,-4,-13,-1,15,-45,-9,-19,-31,-42,-21,-13,-33,13,-24,-42,-13,-76,-56,-34,25,-30,16,-23,-26,-19,-43,-21,-53,-18,-26,-19,-40,-43,-27,-19,-12,-20,-24,-40,-36,-36,-35,-27,-24,-21,-34,-22,-67,-20,-35,-33,2,2,16,-7,1,-25,1,-11,-10,-10,-7,-10,-17,-4,-18,-4
2,1,-2,-2,-2,-1,-2,-1,0,0,-1,0,-2,-2,1,-1,-1,-1,0,-1,0,-4,-1,-2,1,-3,-3,1,1,0,-3,-3,-12,-7,-1,0,0,0,-2,-1,30,31,-17,-5,-3,-2,0,0,-15,66,28,-20,-5,-14,-2,-6,2,1,-1,1,-1,2,0,0,-4,-4,-7,-1,-3,-2,-1,-3,-4,0,6,-1,-7,-5,2,-4,-1,5,-5,-1,-2,2,-2,-1,-3,-1,2,-3,-4,1,1,3,-12,1,-19,-6,-15,-3,-11,-24,-15,-4,3,-3,-1,4,-6,5,-6,-39,-6,4,-4,-11,-1,5,-7,-55,12,7,10,1,-11,-6,-7,-9,-2,-5,-3,-7,-1,-7,-5,8,0,-3,-4,-12,-19,3,-7,-10,6,-5,-1,-29,-6,-9,-1,10,-6,3,-10,0,6,5,1,-2,-7,-17,8,2,5,3,-9,0,-26,8,-8,4,2,13,-7,-16,4,4,7,-6,0,5,-20,-27,-13,9,3,2,-13,3,-4,10,2,-4,-3,-6,-5,-4,1,6,-11,0,-9,-19,-14,-5,1,4,1,-2,-5,-26,-17,-16,2,5,3,-7,-13,-9,-5,-8,-1,6,-7,-22,-19,-3,5,-25,-1,-3,-1,-3,-3,-7,-7,4,-6,-8,-13,-3,-11,-8,7,-9,8,-3,7,4,-8,-17,4,-15,19,-16,-16,-9,10,3,-11,13,-9,-7,-4,-12,10,0,18,-24,-32,7,-7,-36,4,-1,-6,-9,-11,-9,-9,-7,0,4,14,-1,-4,-3,13,8,4,-1,-10,3,-13,-10,-3,13,-11,-11,-17,-11,-33,0,-22,-4,-10,6,20,-23,-43,-44,-3,-8,6,-14,-4,2,-2,1,-2,2,2,2,-2,0,-26,7,-3,-50,-3,-42,-8,-47,3,2,-1,0,0,-5,1,3,-1,3,2,4,3,4,0,0,0,1,3,4,0,-2,3,1,3,3,4,4,0,1,0,2,-3,-30,7,6,0,2,1,3,-2,3,1,0,2,2,-2,0,9,1,1,-9,-3,0,-2,-4,-7,-2,2,6,3,3,4,3,9,7,6,3,2,5,-3,4,6,3,3,4,6,4,6,1,-6,-3,1,5,-2,7,3,7,-82,-11,-72,-7,10,0,2,-1,-39,-37,-10,-84,-3,5,12,0,9,-77,-42,2,11,7,11,-4,6,7,-5,2,2,2,6,-7,7,2,-2,8,7,5,-8,-58,0,1,5,2,4,-4,-78,-13,-7,5,2,1,-2,-31,4,7,11,-1,-2,-9,-45,-4,4,-1,-14,-5,-6,-75,-9,6,0,0,-80,-51,-48,0,6,5,6,8,-3,-89,-44,7,7,6,8,8,16,-34,-9,-1,-4,-1,-8,-3,-3,-53,-8,-8,-13,-9,-7,-1,2,-55,-12,-7,-9,1,-1,0,-1,-48,-13,-6,-10,-4,-6,-8,-7,-46,-6,-7,1,-6,2,-2,1,-31,-12,-8,-3,2,0,1,3,3,-7,-14,-4,-6,-7,-3,-22,-54,-22,-48,-52,-21,-10,-2,1,-46,-56,-7,-52,-19,-19,-21,-32,-56,-47,-28,-16,-38,-8,-27,-21,-40,-56,-24,-24,-13,-31,-3,-8,-58,-43,-14,-25,-42,-15,-37,-17,-58,-45,-5,-55,-34,-12,-21,-8,-69,-27,-36,-23,-12,-24,12,-50,-37,-54,-10,-23,-49,-20,-31,-22,-77,-28,-47,-49,-23,-3,8
0,2,0,-2,2,2,-1,-1,6,-9,0,-5,6,5,0,2,4,6,-4,1,0,2,1,0,2,4,4,-16,3,6,4,0,1,-7,8,24,-2,2,5,4,4,21,7,-18,10,6,9,4,11,20,11,7,9,6,7,11,1,-1,-1,-1,0,2,-1,1,8,3,1,6,2,7,4,4,-1,2,7,5,3,5,6,5,-1,9,5,5,4,2,7,4,5,6,3,9,3,4,3,7,8,-2,4,1,2,3,-1,7,8,6,5,3,9,12,13,4,-3,4,11,15,11,2,7,14,6,9,4,10,2,8,-4,9,1,9,6,3,8,8,13,3,13,-6,-1,2,10,7,9,8,-7,6,6,9,4,8,10,12,-6,10,9,2,11,6,6,-1,6,1,13,19,12,10,3,23,2,13,10,9,21,5,12,-5,5,14,11,12,5,10,6,8,-21,10,12,-3,-3,14,4,13,16,6,12,9,8,8,8,5,7,23,11,10,8,11,6,6,9,6,12,10,7,8,5,13,6,10,3,13,10,13,-2,13,9,5,8,6,11,-3,7,13,-4,7,10,5,14,12,11,13,12,11,10,21,4,4,3,3,13,1,17,25,11,18,13,14,31,16,24,15,13,16,15,20,10,25,11,16,16,19,18,15,21,8,42,18,12,11,13,27,4,22,15,33,15,8,12,24,31,8,18,25,32,30,28,26,31,46,43,30,35,27,23,18,27,22,29,44,16,11,27,22,12,28,19,33,16,27,14,37,2,0,-2,-1,-1,2,2,-2,12,-17,-11,-4,-2,2,-27,-7,1,4,-8,-6,5,1,-6,-6,-2,4,-1,-14,1,0,-6,-1,-2,5,2,-1,-9,8,0,-2,2,0,14,2,-2,-9,-6,-4,-2,-6,1,0,3,-2,7,-2,1,-1,0,2,-1,0,-1,-1,5,0,-4,-5,-14,12,-8,-3,-2,-2,-15,5,-12,-3,5,-9,-2,-11,-12,-16,-11,-4,-4,-4,-8,-3,-1,-6,-1,-19,-7,-5,-1,-15,-12,-9,-11,7,-12,7,-13,3,-7,2,-5,-16,-14,-5,1,-6,-9,-13,-7,-9,2,-2,-6,-4,1,-2,-10,-1,-11,-4,-24,-4,-11,-6,-18,0,-17,-2,6,-33,2,-29,-2,-20,-5,-7,-31,7,-44,-2,-10,-3,-18,-10,2,-9,0,-42,-2,-9,-6,-10,-26,-5,-16,3,-44,6,-12,-2,-1,-3,4,-12,6,-74,0,1,-12,2,-12,2,-14,-6,-73,0,4,-13,-2,-15,-2,-3,-7,-46,1,1,-7,-5,-8,-4,-9,-3,5,-2,-9,3,-6,-8,-17,-10,-3,7,-11,-11,-6,-6,-8,-6,-7,3,-17,-15,-4,-2,-6,-8,-8,-1,-11,-11,-6,-9,-11,-8,-1,4,-2,-7,1,-4,-5,-19,-7,-5,-1,-1,-12,-3,-4,-10,-2,-1,-3,-7,-4,-6,0,-10,-25,-3,-43,-15,-36,-16,-18,-13,9,-25,-20,-33,-29,-28,-16,-20,-14,-4,-72,-19,-38,-29,-23,-18,-5,-16,-33,-52,-28,-34,-17,-30,-14,-10,-34,-11,-34,-8,-24,-34,-22,-11,-13,-15,-10,-44,-16,-20,-18,-18,-16,-13,-27,-17,-46,-19,0,-11,-7,-18,-10,-15,-20,-30
0,0,2,0,2,2,-2,-2,-2,0,-2,4,5,16,23,14,-2,-1,0,4,5,4,24,3,0,0,1,3,1,2,-21,0,-2,0,-1,6,3,-2,-11,-3,0,-5,1,2,2,-3,2,4,-4,-6,2,1,-20,5,2,10,2,-1,2,-1,1,2,0,2,10,10,7,8,5,11,7,13,8,5,6,7,11,14,24,8,9,3,6,8,10,7,55,4,7,12,8,8,4,14,-20,20,13,5,11,10,10,13,5,3,-4,14,8,10,16,20,-6,-16,10,-7,9,2,-5,8,-11,9,9,-30,-4,0,-14,15,1,-4,4,7,9,6,7,6,4,9,18,8,11,9,11,14,14,2,9,10,6,10,6,10,23,10,5,5,9,3,8,8,-2,4,8,11,8,9,15,18,-1,1,14,8,8,4,9,4,7,12,0,6,6,2,3,17,6,8,15,-6,9,-10,-4,3,7,-1,13,18,18,11,12,7,-21,11,14,10,9,10,11,8,-29,3,16,11,12,8,15,9,9,-10,7,11,9,4,3,18,19,15,4,7,1,5,6,13,17,17,9,-3,-10,-2,8,8,27,3,13,10,-19,-5,13,16,20,3,5,4,7,-8,7,7,25,16,19,19,17,20,19,16,-13,0,16,18,16,16,17,31,4,13,20,15,6,10,17,14,24,-4,15,26,0,19,9,14,5,-3,15,21,22,-1,22,4,8,14,28,18,-4,30,2,-3,16,19,11,18,18,10,-4,15,20,3,10,39,8,-5,9,0,11,0,-2,-2,1,0,-1,2,2,0,-5,-25,-18,-21,-41,-57,-48,-7,0,2,-4,-4,-1,-17,-22,-15,-4,-7,-5,-2,-6,-15,-1,-100,-5,-4,-3,0,-4,-9,-12,7,-4,-5,-4,-3,-5,-6,-5,2,-3,-4,-4,-3,-1,-10,-3,-2,-1,1,2,-1,0,0,2,0,-1,6,-5,5,-3,14,8,-14,-18,-11,-51,-3,-12,1,-8,-14,-8,-4,-22,-11,-4,-4,-9,-29,0,-9,-10,-7,-9,-4,-14,-2,-7,-9,-7,-3,-6,-12,-7,-11,-6,-5,-7,-11,-2,-11,0,-10,-7,-12,-8,-7,-5,-8,-7,-11,2,-6,-14,-7,-2,-8,-7,-11,-1,-14,-3,8,1,23,6,-1,-20,-21,-5,-1,11,-31,-36,11,-1,-3,-3,-12,-5,-16,-3,-23,5,-12,-13,-5,-4,-5,-17,-2,-13,-15,-6,-13,-8,-8,-6,-10,-16,-4,-12,-10,-8,-12,-15,-10,-12,-11,-9,-8,-6,-9,-5,-8,-12,-8,-11,-5,-4,-7,-19,-8,-1,-11,5,-23,-18,16,-4,-40,-22,1,2,1,-6,-36,-3,-19,1,-2,15,10,6,6,22,-9,-6,-4,11,8,12,-8,2,-1,-11,2,5,-7,-1,-6,-4,-10,-7,-10,-13,-2,-13,0,-12,-7,-12,-7,-7,-14,0,-12,-1,-1,-10,-9,-12,-13,-8,-8,-3,-5,10,-18,9,-1,-18,6,-18,-24,-21,7,0,-4,35,-44,-27,-7,0,5,16,15,11,-1,24,7,20,6,4,15,21,5,9,6,7,14,2,-6,2,-2,7,9,0,10,-1,1,4,-1,-3,6,4,11,1,4,4,1,1,-4,-6,4,2,2,0,-3,1,5
0,2,0,2,0,1,1,1,-41,-1,0,1,-2,1,-1,2,25,-5,-2,1,-1,-1,-1,1,42,-4,-2,1,-1,-2,-2,1,-45,-5,-3,-1,0,1,0,1,-59,-1,-8,-4,-2,-3,-5,-2,48,6,-19,-2,-8,0,-4,1,2,-1,2,-1,-1,-3,1,1,-3,-1,-2,0,-2,-1,2,-5,1,4,-2,2,0,1,4,2,-7,1,-2,0,0,2,3,0,0,-8,4,-4,-2,-4,0,-3,-1,-5,-4,0,1,-2,-2,5,2,-3,0,-1,1,1,-4,-2,-4,-5,-1,3,-1,-4,1,4,-9,-6,-1,-1,-1,-4,3,0,-3,-4,-3,-3,2,-3,5,2,-1,-2,-3,1,0,6,-3,2,1,-4,-2,-3,3,-1,-4,1,-4,-13,-4,6,-1,-3,0,-4,-6,-5,1,1,-2,-2,4,-4,-2,14,0,1,-5,-8,-5,-1,0,-2,0,-7,0,-2,-5,-3,-4,-1,-1,1,-4,1,-6,1,-2,2,1,-4,3,-1,-1,0,-2,0,0,0,-3,-4,-2,-4,-3,1,1,-2,1,-4,0,-2,-2,2,-2,4,-2,-2,-1,4,1,6,-3,0,0,-1,0,-5,1,-7,-2,-3,-7,2,-1,-4,-1,0,-2,-3,-5,-2,-2,-7,3,2,2,5,3,1,-2,-9,1,3,7,6,-5,-2,14,-17,4,7,-1,5,2,11,3,10,9,6,11,16,2,1,-3,-3,3,10,17,2,0,-24,-9,15,4,6,-17,-18,6,13,2,-15,18,0,15,10,4,-35,13,-8,-11,0,6,0,23,10,-5,-24,9,7,-9,3,22,1,15,1,2,-2,0,-2,2,1,0,2,-46,-56,-28,-19,-2,-7,-10,-23,-40,-14,-10,-5,-4,-2,-2,-6,6,-4,-4,-1,-2,-4,-1,-3,3,-11,-3,1,-2,-3,-1,-1,-2,-10,-1,0,0,1,0,-1,-3,-6,0,-1,-1,1,0,-1,0,2,1,2,-1,0,-2,0,-10,-36,-4,-11,-9,-6,2,-6,-17,-16,-10,-8,-4,-2,-1,0,8,2,-1,-9,-1,-4,-5,-1,-10,6,-11,0,-3,1,0,-3,-3,12,-14,1,-5,-3,-3,1,-4,-16,-1,0,-3,-1,-2,-2,-4,-5,1,-4,1,-1,1,-7,-3,-1,-1,2,-1,-1,0,-5,-10,-3,-13,-15,-14,-4,-6,-6,-16,-14,-15,-7,-1,-9,-4,-4,-17,-8,-7,0,-5,-2,-5,-5,-3,-1,-3,-3,-5,-3,-5,-4,-10,12,-8,-1,-7,-4,-8,-5,-12,-15,-7,-5,1,-4,-5,-6,-20,-7,-7,-11,-3,-1,-1,-6,-8,0,-4,-2,-5,-6,-8,-7,-40,-24,-13,-11,-6,-16,-5,-19,-45,-17,-18,-10,-13,-18,-12,-11,-41,-25,-23,-18,-22,-15,-21,-18,-27,-4,-37,-23,-17,-10,-8,-11,-80,13,-8,-12,-9,-10,-8,-7,-20,-17,-14,-14,-12,-13,-13,-12,-13,-19,-13,-18,-17,-12,-13,-14,-7,-15,-11,-9,-11,-12,-11,-12,-34,-23,-34,-35,-23,-27,-18,-37,-30,-27,-49,-39,-21,-32,-19,-29,-41,-46,-27,-37,-23,-20,-29,-40,-18,-7,-63,-24,-30,-37,-21,-33,-29,35,-28,-23,-20,-21,-21,-16,-25,-24,-25,-16,-15,-14,-13,-17,-13,-47,-20,-20,-20,-12,-10,-21,-20,-8,-40,-10,-34,-53,2,-20
0,1,0,-1,1,1,0,2,0,0,-8,4,6,6,0,-6,3,-8,-2,1,8,2,-2,-8,1,5,2,4,8,6,4,-2,-3,-5,1,9,1,8,8,7,3,-16,0,-2,2,13,2,11,0,-35,1,10,21,-5,-6,1,2,-1,2,0,2,-1,2,0,-23,8,-24,2,3,-4,11,-17,0,-12,-9,11,4,6,13,2,7,-17,8,1,0,11,-31,9,-10,-7,10,0,8,9,-1,25,-17,15,-20,7,14,9,12,-2,-5,-15,8,7,15,13,7,-5,-7,-24,2,19,12,-8,9,13,0,11,16,14,4,-2,7,9,-1,2,-1,-12,7,9,6,12,6,-4,12,1,12,7,10,10,6,-20,-2,7,11,7,-4,8,-4,2,1,-1,16,6,1,20,-8,5,-15,0,5,9,-1,-1,15,-10,6,5,1,-14,17,-24,9,-9,-5,1,7,7,-14,3,7,14,20,10,4,-3,-3,10,1,6,6,6,7,3,7,6,3,17,-1,6,8,10,7,8,8,3,7,2,9,-7,-8,9,0,10,2,0,3,10,13,7,14,18,-7,-6,15,1,9,3,13,18,9,-1,8,1,5,12,11,29,20,20,9,13,6,7,12,17,4,6,7,8,-9,5,13,33,22,21,15,7,28,16,32,32,21,13,16,11,16,28,17,15,21,10,11,19,12,12,13,21,13,3,15,16,16,42,0,13,9,3,22,17,24,21,7,24,7,-14,19,7,-3,38,20,15,4,18,26,-1,44,13,-7,24,7,25,17,22,9,15,0,1,1,1,0,0,1,0,-22,18,-33,-14,7,-9,10,-13,-3,-3,-22,-11,-3,-1,-14,11,0,-3,-10,-4,-3,0,-19,22,-5,3,-1,-5,-1,-4,-21,10,-3,6,-5,-3,0,-10,-4,-7,0,1,-4,-3,3,-13,3,-6,-2,0,0,-1,0,2,1,-2,8,9,-8,4,4,1,-29,-7,-17,3,-5,9,-3,-18,5,21,-1,2,-4,-17,1,-11,-10,-10,5,-1,-9,-4,2,-10,-24,19,1,3,6,1,-6,-7,-10,-11,5,-4,-5,-4,6,0,-14,-11,-7,-2,2,1,2,-7,-1,2,-8,1,2,1,3,-3,-1,-3,0,7,-3,1,-42,-18,-1,-1,-9,-2,2,-5,-4,-5,3,4,6,-5,1,-9,-10,-9,-30,14,3,-1,-16,6,-17,-24,-14,-8,-7,0,9,2,2,-8,-8,-4,-5,7,1,-4,-3,-18,2,-10,4,-6,-5,-7,1,-1,1,3,5,4,-10,-14,-4,2,-1,-6,-25,23,-3,-3,2,1,-14,-6,-19,-5,-15,-2,-8,1,-3,-3,-13,-57,13,-14,8,13,-21,6,-14,-4,-10,-16,-6,-14,-11,18,-7,3,2,-3,0,4,-4,4,-6,-5,-20,2,2,5,2,-6,-6,2,-4,-8,-1,-1,-6,-1,-10,-7,-11,-10,-5,-4,-4,-10,-19,18,-15,-19,-26,-32,-23,-22,-16,-24,-30,-11,-22,-2,-23,5,-1,-22,-15,-28,0,3,-24,-8,-5,-11,-23,-5,0,-29,-36,-17,-3,-8,2,-12,-17,-7,-39,-14,-6,-7,-10,-5,-6,-8,-9,-23,-6,4,-3,-8,-2,-2,-8,-10,-7,0,-11,-9,-10,-21,-15,6
-2,2,1,2,-1,-1,2,0,3,6,-1,-1,0,-3,1,-4,1,6,-3,-2,1,-5,2,-2,-3,1,-5,-2,-1,-3,1,-2,0,3,-2,0,1,1,3,2,-2,2,4,-3,6,11,-5,3,9,8,-7,-1,-1,6,-1,5,2,-1,2,1,2,-2,-2,2,-38,-86,-72,-2,5,10,6,2,-5,6,2,2,2,0,9,8,5,-6,-5,6,5,6,-1,3,7,2,3,1,5,5,-4,2,-7,5,-6,3,2,-1,6,1,6,2,2,-4,4,0,6,-4,8,3,7,-2,3,4,4,9,3,-1,3,-9,2,4,-1,4,-44,-76,-83,-14,3,15,6,-18,14,0,-3,0,14,4,9,-15,7,-2,-2,11,-2,7,-5,9,-2,1,8,3,6,-7,13,7,7,6,-3,7,5,-3,2,12,11,3,8,-1,-5,7,0,4,-2,0,-7,-5,-1,-10,-3,5,5,4,-6,-4,7,-1,0,-2,43,-35,7,-5,-8,-1,-10,-4,-18,7,1,-7,3,7,-4,-1,-16,18,4,10,1,10,5,-6,-17,25,11,10,13,8,12,7,-23,7,12,5,16,13,3,0,-7,21,14,11,5,8,9,-4,5,17,12,12,13,9,17,3,-9,4,-5,-9,12,2,8,9,41,-14,-14,-3,1,5,5,-8,-8,20,-3,10,16,13,6,-3,10,-3,10,8,19,4,6,5,15,14,1,16,3,20,16,14,7,1,2,27,-1,20,17,-18,17,26,-13,11,-13,32,15,0,14,26,0,20,-4,12,15,26,7,15,2,9,13,-9,14,1,-1,0,2,0,1,2,2,0,-6,4,-17,-5,8,12,1,0,1,11,-10,-3,0,-1,7,-4,1,8,-7,0,-1,-5,7,-3,0,2,-3,-1,-2,-8,4,-4,-2,-1,-6,0,-2,-3,6,-3,-1,0,-3,-3,-7,-7,3,-3,1,-2,0,0,0,0,-1,0,-13,-8,5,4,11,16,7,6,3,4,-19,-4,-13,-1,8,-1,11,7,-1,-5,-14,-3,-23,-8,-2,0,-5,3,-6,-12,-7,-3,6,-3,1,-8,-7,-9,-10,-1,0,-8,-5,-7,-8,-4,-3,-8,-5,4,-3,-4,-7,-8,9,-11,2,-2,-5,2,3,-6,-1,-13,-41,1,6,8,0,5,-1,-17,-3,-3,5,-20,-12,-8,-11,0,-2,-1,-18,-5,0,-2,-8,0,-10,-3,-8,-5,-2,-9,-2,2,0,-5,-6,-6,-15,5,-4,-3,-11,3,-17,-8,-3,-12,2,-7,0,-11,-6,-8,-6,-2,1,7,-8,-8,-4,-2,-7,-4,-4,-7,-36,11,15,27,22,21,-1,-27,-12,-14,-29,-29,-11,-18,-7,-7,-4,-9,-15,-14,-11,-5,-16,-10,-5,-6,2,-11,-13,-11,-12,-17,-18,-22,-10,-19,-8,-21,-15,-19,-6,-5,-2,-5,-7,-15,-8,-8,-6,-13,-6,-5,-10,-13,-1,-15,-9,-12,-15,-4,-15,-19,-8,-12,-53,22,44,55,36,24,-15,-24,14,-37,9,-41,-41,-26,-3,-24,-10,-37,-36,-10,-25,-36,-53,-30,-17,-28,1,-27,-19,-18,-27,-17,-30,-10,-19,-31,-29,-27,-9,-19,-3,-17,-16,-13,-3,-22,-37,-19,-16,-34,-7,-15,-21,-19,-17,-9,-21,-19,-25,-12,-29,-29,-34,-9
2,-2,2,-1,-1,-3,1,2,0,2,1,-14,2,0,1,0,1,2,11,-11,17,1,0,0,-1,0,0,-59,2,-1,0,0,1,4,-2,2,-2,1,-1,1,1,-4,1,-3,-4,-4,-2,-2,-12,-2,-17,-2,-13,-3,-5,-1,-2,1,0,1,1,0,-2,-2,-2,0,1,-6,-5,-1,1,2,-2,-6,17,-6,18,0,-2,1,1,21,4,-16,-3,18,3,-3,-1,-2,-1,55,2,-4,-4,1,1,17,-9,-3,-5,15,-3,-5,-3,-1,10,1,17,0,-10,-6,1,2,0,-10,-11,-7,4,-7,-2,2,-4,-8,-10,2,8,1,15,-1,1,-6,-8,1,11,-1,0,14,0,-7,4,14,3,-3,-2,-6,14,-6,12,0,-2,1,-6,1,0,43,0,-1,-6,-3,-4,-3,13,-5,11,-6,-3,0,0,18,-10,5,-5,15,0,-2,18,2,-8,-1,-7,5,16,-6,-1,-4,-17,-3,-10,-7,1,8,3,2,4,13,3,3,3,3,3,4,4,14,-4,4,-2,-1,1,-1,-7,12,-2,-1,0,2,7,13,19,-11,17,12,8,9,0,2,1,19,5,-3,5,4,5,0,-9,10,4,-10,-5,-4,-1,-1,-7,7,-5,-1,2,-3,-1,-8,-3,15,6,2,4,4,8,4,4,15,7,3,9,1,6,14,6,17,8,23,8,12,1,2,15,17,21,-4,-5,3,2,12,20,51,18,8,7,10,3,-9,24,17,22,-27,-11,-1,-10,11,-3,11,-12,9,-9,-8,13,-5,6,7,18,-9,11,0,6,5,2,5,16,5,3,14,0,-1,-2,2,1,0,-1,1,-14,-18,-2,-8,-13,-5,-9,-20,-8,-6,-5,-5,-2,-6,-3,-7,-3,-4,0,45,3,-6,-1,0,0,0,-44,5,-40,2,2,0,-2,0,-2,2,-4,0,0,0,-1,-2,-5,3,-5,0,-2,0,2,0,-1,2,0,1,2,1,-6,-10,-12,2,-10,-12,-7,-8,-10,-7,-23,-5,-46,-10,-11,-3,-6,-8,-16,-12,-13,-33,-7,-6,-7,-13,-6,63,-8,-15,-6,-10,-9,-18,-10,-5,-6,-26,-6,-3,-6,-1,-26,-3,-28,-1,-4,-3,-6,-6,-3,-3,-5,-3,-3,-3,1,-5,-2,-7,-1,-3,-1,-2,-24,-6,-6,-4,2,-16,-11,-3,-3,-12,2,-8,0,-12,-4,-8,-4,2,-30,-6,-27,2,-10,-3,-5,-9,-6,57,-7,-10,-5,-7,-13,-2,-25,-2,-23,1,-9,-5,-2,-26,0,-2,1,-24,-1,-8,-24,-7,-5,-2,-6,-11,-20,-11,-2,-8,-1,-5,-2,-5,-2,-23,-5,-10,-3,-9,-9,-13,-13,-8,-9,-15,2,-12,4,-7,-12,-8,-6,-4,-6,-25,-2,-2,-13,-4,-17,-23,-27,65,-30,-30,-21,-13,-9,-6,-8,-13,-7,0,-6,-6,-8,-4,0,-12,-3,-8,-1,0,0,-7,-8,-10,-9,-7,-2,-4,-3,-5,-7,-10,-4,-1,-3,0,-10,-35,-28,-22,-24,-25,-16,-20,-20,-31,-11,-15,-7,-28,-54,-24,-22,-9,-47,-51,-21,-7,-37,-27,-26,-29,-46,60,-40,-52,-20,-23,-19,-8,-27,-25,-23,-10,-19,-13,-20,-22,-7,-21,-6,-17,-13,-15,-14,-21,-12,-15,-17,-20,-9,-21,-13,-14,-10,-10,-11,-3,-19,-26
1,1,-2,-2,0,-2,-1,2,2,1,2,-1,2,-1,-1,5,0,-1,-5,4,-1,2,-3,1,0,-5,-3,-4,5,-5,-2,-1,-3,-1,-4,2,-5,-8,-3,-1,3,-11,2,-2,-5,-9,-13,6,4,5,18,13,21,8,6,0,2,2,-1,-1,1,1,1,-2,-14,2,4,1,-7,3,7,-5,3,-3,-5,-5,5,6,-5,9,2,-14,-3,3,3,5,4,5,3,-4,-3,-12,-7,-8,10,-8,6,-3,-2,-7,-9,-30,-5,4,-5,19,43,-4,17,-12,3,-5,-1,26,14,1,-7,35,-14,-5,-20,-4,4,6,-12,-36,-16,1,7,-14,6,4,7,0,3,4,11,1,9,5,1,-1,-1,0,0,1,-6,5,2,-3,-6,-6,4,-12,-3,-15,4,-5,-7,-17,10,1,-4,3,-15,-6,-12,-5,-7,-3,0,-4,-5,-53,-1,-28,1,-16,19,2,13,10,2,8,-7,-2,-11,-1,1,-16,9,-5,4,8,8,9,6,16,11,17,6,10,1,-1,-25,6,14,14,5,-17,17,5,4,-12,13,11,7,-12,3,16,-12,3,5,-14,6,10,-3,12,-14,18,-11,2,-8,-27,10,-2,14,-16,7,12,-4,-11,4,16,-3,17,22,12,31,41,35,20,34,34,41,41,17,20,20,21,18,21,27,24,19,7,22,15,20,29,23,28,14,16,11,19,26,20,12,12,17,9,15,26,14,14,16,31,22,12,20,8,7,4,-6,27,22,19,-4,10,9,21,-1,16,6,8,6,16,17,13,22,20,-16,18,37,1,11,34,23,10,-1,1,2,2,0,2,0,-2,-28,-4,-10,-6,-4,-4,-1,2,-6,2,-4,-2,-4,0,-11,9,-4,-4,2,-8,-4,-1,0,-4,0,-4,3,-2,-1,-1,-1,-2,-1,-6,0,-1,-2,-3,1,0,-1,-1,-3,-3,-4,-6,2,-2,1,2,1,-2,1,-2,1,1,-6,-7,5,5,3,-11,17,7,-6,2,6,-1,-9,-8,-11,10,-8,-3,-4,-6,-9,-5,2,-8,-3,-6,-1,-7,1,-4,-9,-12,-1,-12,-13,-1,-14,-3,-18,-12,-9,-11,-6,-12,-8,-7,-11,-5,-11,-10,-12,-7,-4,-12,-8,-4,-6,-6,-11,0,-2,-6,-4,-10,-17,-3,4,3,-9,-2,-2,4,-1,8,-2,-3,-1,-10,-40,-9,-3,0,5,3,-19,0,-6,0,1,-9,8,-19,3,-16,-5,-25,-20,-9,-21,0,-21,-4,-30,-8,-2,-52,-7,-13,-8,-9,-22,-4,-24,-4,-18,-6,-9,-9,-11,5,3,-4,-5,-6,-1,-5,-1,-5,-42,0,7,-8,-16,-8,16,4,-33,-7,-3,-27,-12,-6,-15,2,-22,-1,-17,-7,-30,-17,-15,-19,-16,-21,-4,-24,-9,-38,-28,-30,-23,-24,-23,-6,-13,-13,-31,-22,-22,-27,-11,-23,-22,-19,-23,-21,-12,-17,-35,-14,-33,-19,-27,-19,-2,-10,-8,4,-6,-7,-4,-7,-50,-63,-32,-59,-43,-60,26,-16,-69,-42,-55,-66,-63,-2,-30,8,-68,-42,-51,-31,-34,-33,-16,-52,-34,-33,-21,-44,-25,-29,-35,-24,-30,-49,-73,-32,-28,-38,-39,-40,-54,-33,-29,-64,-45,-57,-39,-13,-6,-39,-40,-53,-22,-56,-29,-12,7,1,-8,17,-15,-5,-16,7
0,-1,1,0,1,-1,2,-1,-12,-17,-22,-5,1,6,5,3,-11,-14,-8,-4,6,6,5,5,-5,-10,-2,1,3,5,5,4,-3,1,1,0,5,5,6,5,1,-3,5,-1,6,0,8,3,7,8,10,5,-3,11,-2,4,0,1,2,-1,-2,-1,2,-1,-4,2,-23,15,2,7,5,6,-12,-16,4,5,3,1,8,6,-1,-1,2,2,2,9,8,10,4,-1,9,2,13,7,12,13,-2,8,-2,9,10,11,12,18,3,3,7,12,17,13,12,8,-2,5,2,7,5,30,9,11,4,4,4,8,9,9,2,10,-4,9,-4,7,-6,8,6,12,2,-4,2,-4,7,-2,10,8,-6,0,-1,13,-5,7,3,13,10,-15,7,-5,17,3,11,-1,-4,9,-3,10,1,14,0,13,10,2,15,2,11,-1,16,-8,-2,12,-3,15,-6,11,-5,14,17,11,15,0,14,-11,10,0,-13,-10,-19,-12,-19,-23,-15,-15,-8,-5,-4,-8,-4,-3,-4,-6,-8,-1,-8,-6,-2,5,-1,4,-9,3,-5,-2,6,7,5,6,-3,-5,-2,0,0,7,4,6,0,-5,-9,0,0,4,5,5,1,-5,-6,1,2,3,8,5,-1,0,-3,0,-1,6,-2,0,-7,-2,-3,6,-9,-22,-12,-20,0,2,1,-7,-10,5,21,10,14,9,11,0,-5,11,-4,13,4,1,18,-3,13,6,14,-10,8,6,-4,19,13,16,-3,11,18,-8,6,6,-1,12,8,-4,2,-4,18,10,-6,8,-2,10,9,12,21,14,11,3,4,2,-1,1,-1,-2,-2,0,-2,-2,-5,-25,24,-29,-1,-10,5,-7,5,25,28,7,-8,-7,-2,-4,10,16,16,8,-3,-2,-1,-4,7,11,6,3,2,0,2,0,3,2,2,2,1,1,2,2,4,1,1,0,3,2,4,4,2,1,0,0,1,1,2,-1,4,22,23,45,20,13,-3,-9,-3,-5,-10,-3,-2,-5,-8,-14,4,0,6,-14,-12,-4,3,3,5,-1,4,1,-4,1,-1,-6,2,0,4,-3,2,-1,-3,-5,0,2,-1,3,-2,0,-1,-2,2,4,4,2,1,-2,-1,-3,4,-1,-2,0,-4,3,-4,-5,-2,17,29,36,10,6,-13,-1,0,-4,0,-9,-4,-12,4,-14,-5,6,-8,3,-7,-4,-18,-3,-3,-9,4,1,3,-18,-12,-10,-8,3,3,2,-5,0,-9,-4,-2,-1,-1,-5,-1,-3,-2,-4,3,-2,-2,-1,1,6,-1,-1,-5,4,-1,-2,0,-5,3,-3,-19,-23,-13,-8,-11,-13,-31,-21,8,8,-2,-9,-4,3,-5,-19,5,8,-3,-1,-13,-3,-13,-14,-10,2,-6,-9,-18,-11,-13,-13,-8,-2,0,-10,-6,-8,-19,-14,0,-2,-1,1,-9,-5,-16,-8,3,-9,-2,-8,-1,-7,-4,-11,-1,-5,-1,-4,-9,-4,-7,-5,7,2,24,21,9,-17,-37,-31,2,-5,-16,-11,-24,1,7,-20,-24,-2,-9,-3,-8,-14,-41,-12,-5,2,-9,-12,1,-22,-7,-30,-14,-15,-9,-14,-35,-8,-9,-16,-15,-14,-5,-7,-13,-11,-19,-29,-11,-26,-12,-13,-13,-25,-10,-24,-20,-21,-12,-21,-34,-15,-8,-27
1,-1,-2,1,0,-2,1,2,7,0,4,-5,-1,1,2,-3,-4,7,-4,14,-1,6,7,2,3,-5,4,-9,6,1,-7,2,-12,-8,-6,-5,-4,-6,-11,0,20,18,-6,0,-1,2,2,-6,-17,-7,-4,24,7,1,-9,-12,2,0,1,0,2,0,-2,-2,5,-2,1,-6,3,-5,-1,-6,5,5,-9,2,0,3,-5,6,-5,-2,9,0,1,-1,-2,13,6,8,-13,10,-5,-16,-4,-6,9,-8,14,-6,-1,-20,-4,4,-3,6,-1,25,19,8,-15,4,14,1,1,-9,-10,-1,9,-7,-5,-33,-11,8,-13,-6,5,-12,8,-4,5,15,-1,-1,-8,9,8,6,26,4,2,3,-2,-1,1,14,2,7,4,6,-1,19,13,-8,-3,9,1,3,5,-10,-8,11,-13,-24,5,8,-6,7,10,21,13,-14,-4,-1,13,6,0,2,6,24,-1,-6,3,-11,-3,-3,4,4,1,-10,-15,3,2,8,11,1,12,9,5,14,9,10,-3,11,8,12,-6,4,14,-7,10,6,-19,5,0,2,-1,12,21,17,20,10,8,7,6,2,9,-10,5,4,-1,8,-6,-18,-9,-7,-14,-14,8,3,-8,2,7,-10,-3,20,10,8,-4,5,-9,-8,-5,1,11,-7,-7,19,19,12,1,0,6,3,16,11,15,15,2,-3,1,-15,19,5,11,2,-22,13,0,4,13,0,7,5,14,-4,6,-10,15,12,8,7,5,17,8,10,-6,1,-9,-22,-13,6,-15,-1,-9,-8,-4,2,8,14,-6,7,-3,-7,11,-11,23,-26,1,-17,-2,-1,1,-2,-2,1,1,-2,-7,-12,2,-24,-1,-2,5,13,3,-7,0,-10,-5,2,-5,-2,3,-5,-3,-4,4,6,-5,-1,-2,-2,-8,7,-2,-4,1,-2,2,-6,-2,-8,-4,0,-5,5,1,3,6,3,4,0,-5,5,-1,0,-1,2,-1,0,1,-1,-6,-3,-9,-12,2,11,0,-1,5,14,10,-4,-3,-11,5,-9,-2,16,-19,-11,2,-9,-13,-1,7,-21,-2,-23,15,7,8,-14,1,1,-4,11,-6,6,-3,-7,-7,-9,-5,-7,-12,-3,-2,-7,-8,-8,2,3,2,-12,-5,-7,-13,-13,1,-6,6,-16,-3,-19,0,-1,-20,-2,8,-6,-3,0,6,2,14,-34,-5,-13,-20,6,-21,11,-33,-6,-19,0,-6,-11,15,-35,-14,-28,9,20,1,-8,-17,-4,-27,-2,-9,3,16,-14,1,-20,1,-18,-9,-1,-8,-11,-27,10,8,-5,-5,-3,-2,0,-10,-17,3,4,-3,-8,-6,3,-3,-5,-22,3,-3,8,9,-11,5,2,-10,-21,-26,-7,-14,-9,-8,21,-10,-16,-1,0,-14,-1,30,-19,13,-7,8,15,18,-13,-9,-6,-13,-4,-7,4,2,-16,-19,-19,-15,-20,-17,-17,-11,-15,11,14,4,-3,-12,-8,-12,1,-8,-9,6,-2,9,-7,-18,-5,-9,-15,-36,20,-15,1,15,-1,-5,-10,25,-58,-6,-19,-30,-5,-34,24,-38,-10,-22,-11,-35,-24,34,-56,9,-30,21,19,9,-14,-29,-1,-31,-7,-32,2,10,-30,-12,-38,-22,-34,-24,-22,-32,-44,-15,11,-6,-9,-19,-37,-18,2,-15,-29,18,-8,16,-4,-25,-9
2,2,0,2,-1,-1,2,1,-3,1,-3,-5,13,5,4,-2,-2,6,2,21,-4,3,-1,-1,5,-2,17,-4,-15,3,-5,-1,1,3,4,-8,13,0,-6,-3,-7,-7,0,35,0,0,-12,-1,-1,-1,11,-7,20,1,5,-10,-1,-1,2,1,2,-2,0,-1,15,4,-4,-6,-2,10,2,-1,2,5,0,20,0,6,-4,8,10,-4,6,6,-6,2,9,1,-2,-5,5,18,20,-7,8,15,3,7,-13,12,5,4,9,8,24,-8,4,8,-2,-22,-1,-6,4,13,-5,-18,-12,23,-4,7,1,-11,14,-18,-8,-9,5,-20,7,0,0,2,-4,-1,14,10,3,3,-9,2,10,2,8,-25,10,-11,-8,7,-5,-6,-8,-5,7,11,7,-11,-2,-9,9,-4,0,7,6,12,0,3,-13,5,0,-6,12,12,-7,-7,-18,-5,7,2,7,11,-7,1,7,13,14,-10,-5,-8,13,13,10,6,2,3,2,4,3,7,8,7,5,4,1,4,8,12,8,5,2,0,-14,-4,12,2,-6,8,-9,11,-12,5,-5,10,-2,6,13,4,7,3,10,6,-18,6,5,6,14,-5,3,-5,0,-11,9,9,2,-6,8,11,3,21,4,12,-4,7,16,11,-2,-9,6,0,7,9,12,8,19,21,5,20,0,8,20,6,17,-5,-1,-4,-1,9,5,5,10,24,4,13,18,15,-8,24,-14,13,31,9,13,20,23,-14,-6,10,-2,-6,4,1,3,21,-21,9,29,16,10,23,20,10,34,24,10,14,17,24,-9,6,5,29,1,2,-2,1,-2,2,2,1,-10,-2,7,-9,-28,6,-14,13,-12,-3,-5,-4,-13,10,-6,-9,-1,-2,3,0,-1,0,-5,-5,-4,5,-10,-5,2,0,-3,0,-3,-3,-6,4,1,-2,-3,1,-1,-5,-5,-7,5,-4,-1,-1,-1,0,-1,1,-2,-2,2,0,-16,-6,-2,-16,4,1,-8,-4,0,3,-10,1,9,-5,-12,5,8,-21,-9,-11,-24,17,-14,-7,-1,-8,7,-2,21,-9,-8,-2,-1,18,-5,3,12,-9,-2,-7,-5,2,-6,12,-18,-7,-8,-5,-17,-7,-3,-4,8,-13,0,-9,4,-5,-8,0,-7,4,0,3,-8,9,-17,-6,-10,-6,-8,0,-9,-10,0,-22,-2,-13,-10,18,-20,-4,-12,5,-24,21,-4,-5,3,-28,16,-13,21,-4,0,-11,-19,33,-7,10,1,1,-8,3,1,-18,-7,9,-4,-12,4,-5,-29,-10,1,-5,3,-2,-6,4,-4,2,-2,-4,-10,-2,8,-2,-6,-13,-4,-25,-4,7,-17,1,-17,-12,-12,-3,-9,12,7,18,-12,-14,-6,-13,-13,22,-6,-3,1,-6,25,-11,17,-11,-11,-6,-8,35,0,-13,-3,-9,-2,-12,-9,-12,-1,7,-8,0,-12,-6,-13,-9,0,-8,15,-12,-14,-11,-5,-3,-13,-5,-8,-6,-9,-1,-17,-32,-27,-1,-9,-1,-27,0,-35,-53,-13,-11,-28,5,-11,26,-34,-34,-23,-18,-13,38,-9,-14,-18,-40,27,-38,29,-18,-30,-26,-20,50,-19,-22,-36,-29,-10,-33,-9,-26,-9,18,-21,-15,-28,-14,-22,-18,-2,-17,16,-22,-17,-28,-17,-11,-24,-7,-17,-17,-6,-9
0,2,2,0,0,2,0,-1,-2,8,-6,7,-3,-1,-2,6,-2,1,5,-4,5,-1,-4,-1,7,3,-3,4,-4,-3,-8,0,-6,4,-2,7,-8,17,-5,14,7,-10,-3,-4,-11,-4,-12,-2,-9,10,1,3,17,5,18,1,-1,-2,-2,-1,2,1,2,1,-8,5,0,-6,-15,-6,-1,-6,2,-1,4,-2,16,-1,0,7,13,5,-4,2,-10,-1,-6,8,12,-6,-11,19,15,7,-8,1,0,1,-9,-16,4,0,-4,-14,3,-30,0,-3,13,-20,-20,-7,12,15,5,-8,3,14,1,-14,-27,-10,-25,4,-29,13,-12,3,-15,-4,-1,-4,-2,1,2,6,7,15,0,3,12,11,2,10,9,14,-4,8,15,9,-1,4,12,4,7,6,16,-10,15,-2,1,14,3,14,-22,16,-15,16,13,8,1,-5,12,-6,1,-8,17,4,-27,15,-15,22,-16,23,9,-42,6,-24,15,6,9,-3,6,3,12,6,8,7,9,5,6,2,-1,1,-9,-12,7,-4,1,6,11,5,4,-9,8,8,-3,-6,20,-16,-13,-9,11,-3,17,3,10,6,-16,5,3,-4,11,5,13,21,-19,3,2,9,-5,1,10,-16,-11,-10,-4,-20,11,12,29,16,-3,-6,10,-30,13,3,-3,3,7,15,14,-13,-5,11,-1,-1,3,-4,12,1,-4,1,-24,4,10,-4,-4,-8,-9,1,8,-4,-8,-3,-1,-2,20,-27,-8,-1,5,4,-21,-4,2,6,-8,11,-10,0,-21,-17,-14,-4,-7,3,5,8,-14,7,-1,-46,7,-13,-4,-41,-2,1,1,2,-2,1,1,2,2,-2,2,3,-4,8,-4,-6,-2,-6,3,-1,-3,5,-4,-6,-2,0,-2,1,-2,2,-5,-3,-3,-3,-2,-2,3,-4,-4,-8,-2,-4,-1,-2,2,1,3,-2,-3,-1,-1,-1,1,-3,1,-6,-3,-1,0,-1,2,-2,-2,-3,2,-1,-6,0,-11,-4,-9,-8,-3,-8,1,-23,-5,-4,-1,-2,-14,5,10,-17,14,-19,-11,0,5,-4,-2,-7,-7,8,-12,-9,0,-14,-15,-4,11,-6,-20,-9,-7,-1,-6,0,-2,-6,9,-3,16,-4,-9,-5,-14,1,-1,-5,-3,-4,3,-4,3,-3,-2,-9,0,-10,9,-11,-6,13,-9,-14,4,-7,-1,-14,-6,2,-13,1,-15,-6,6,-12,16,-24,-6,-3,12,-2,-18,-2,-7,17,-10,-9,-5,-8,1,5,24,-12,-13,-10,1,-2,-8,-6,2,-2,11,2,15,-6,9,-3,-9,-3,4,-17,5,-5,-5,-11,-5,19,5,1,5,-2,-6,-4,-27,6,-27,8,-2,-7,5,-32,-4,-24,-45,-7,-18,-11,3,-12,14,-17,-20,-4,6,-27,-10,-5,6,18,-38,-7,-25,-16,-46,20,23,-9,-49,-10,-17,-10,-9,-6,3,-32,21,-4,31,-11,-3,10,-15,-2,-15,-13,-5,-7,-1,-1,6,7,1,-5,3,2,-26,0,42,25,11,25,34,11,-10,-18,-5,-20,-1,25,-36,-33,32,-36,37,-59,-35,-32,28,-38,-19,-30,-8,39,-33,2,-32,-41,-48,33,50,-44,-73,-53,-19,-24,6,-35,32,-31,26,-36,36,-26,-29,-20,-28,-24,-25,-40,-36,-24,-6,-19,-12,-3,3,-40,3,-17
1,2,1,-1,2,2,-1,-1,-40,-4,4,1,-1,1,2,1,-32,-4,2,-1,-1,0,0,1,51,0,-10,-1,2,-1,-1,0,50,8,-5,-2,-2,-2,-3,-1,-28,8,2,-1,-6,-3,-3,-2,-33,-8,-9,-15,-2,-7,-9,-12,-2,-3,0,2,-1,-2,1,2,6,5,10,4,2,0,3,-1,4,1,1,5,0,4,0,3,-1,2,-1,5,4,3,0,5,-18,7,2,1,5,5,1,1,3,6,6,-1,5,4,1,-1,3,5,2,-8,0,-1,1,1,-6,8,0,-2,2,4,-1,1,6,7,-2,4,-1,6,2,-3,5,3,4,8,3,5,2,5,-1,1,5,6,4,2,6,3,8,0,5,1,3,3,3,2,8,4,8,0,1,2,4,0,6,9,2,0,4,-2,2,1,-3,8,9,0,3,4,1,4,7,4,0,-4,3,4,0,2,5,6,3,-5,-5,-1,4,2,9,5,5,4,4,5,5,5,3,10,3,5,4,3,3,6,2,6,7,7,4,6,3,4,-5,7,4,3,3,1,1,-4,7,8,11,-1,3,1,7,11,6,11,-4,4,7,-5,-1,4,-5,2,6,7,2,2,7,4,4,6,2,1,0,0,-1,7,9,15,10,14,9,13,7,10,5,12,11,13,7,6,6,8,-2,11,4,4,8,6,4,10,4,6,5,4,7,9,8,3,-12,-3,1,6,7,-5,5,9,-21,2,-9,9,0,4,1,8,1,-10,17,-7,-16,3,9,13,11,3,-3,-4,0,1,13,7,2,2,-2,2,2,-2,-1,0,-21,0,-10,-9,-11,-7,-5,-7,-18,-6,-4,-2,0,-2,-4,0,-26,-11,-4,-2,-1,-3,-4,0,-8,18,-2,-2,-2,-2,-2,1,-10,6,-1,1,0,-1,0,1,-9,1,-2,0,0,0,-2,1,1,-1,0,-2,-2,1,-2,-1,-15,0,-4,-8,-8,-7,-8,-6,-8,-10,-5,-8,-2,-5,-1,-10,4,-25,-8,-10,-9,-5,-1,4,-7,-18,-9,-4,-6,-6,-5,-3,-15,30,-8,-9,-8,-4,-7,-5,-14,16,-9,-4,-6,-5,-5,-4,-3,-11,-4,-5,-4,-5,-6,-5,-1,-8,-6,-8,-1,-7,-5,-5,-5,-8,-2,-21,-17,-13,-6,-9,-7,6,-14,-13,-10,-7,-9,-7,4,-19,-5,-10,-7,-7,-5,-9,4,-16,-11,-4,-10,-13,-7,-4,-9,27,-6,-10,-6,-10,-9,-8,-11,18,-6,-8,-9,-6,-7,-11,-7,-6,-7,-4,-6,-10,-5,-6,-8,-10,-6,-10,-10,-7,-7,-3,-12,-11,-17,-10,-17,-8,-21,-7,-10,-10,-6,-9,-10,-2,-11,-8,-23,-18,-9,-10,-2,-5,-12,-7,-24,-23,-14,-9,-15,-12,-14,-12,3,23,-10,-13,-9,-15,-14,-8,0,22,-4,-8,-8,-4,-8,-8,4,-7,-6,-3,-5,-10,-10,-7,-2,-3,-8,-6,-8,-6,-9,-7,-28,-35,-17,-17,-11,-10,-18,-24,-4,-22,-31,-11,-13,-15,-21,-29,6,-27,-24,-19,-27,-15,-17,-18,-25,-22,-37,-21,-34,-34,-26,-20,-11,45,-20,-22,-21,-22,-22,-18,-12,15,-11,-19,-20,-18,-25,-22,-13,-22,-17,-8,-16,-20,-17,-13,-8,-16,-15,-13,-15,-10,-17,-16
2,0,-1,-1,2,-2,-2,-2,-1,3,5,1,2,8,1,6,0,4,3,1,5,-3,9,3,1,-1,11,-2,-5,-4,30,1,0,-2,4,28,-5,-4,-8,-4,1,-10,8,-6,14,-5,-6,7,2,2,-13,-3,-7,6,-9,-6,1,-1,3,2,1,0,2,-2,6,4,-2,2,2,6,4,18,7,6,-5,-2,4,5,12,9,3,-8,2,0,7,-1,17,7,5,-7,-7,11,7,7,12,10,6,18,0,13,-14,26,-10,21,-7,22,13,2,1,18,7,5,5,6,27,1,-1,-1,15,-12,-12,-22,6,14,-17,-2,1,-19,10,0,5,10,10,11,-8,7,5,5,9,7,6,14,9,11,0,-1,5,1,2,10,10,3,-3,3,3,3,0,-2,19,12,1,-2,-8,4,-5,5,6,8,-6,15,10,-6,-9,-6,6,8,-13,-8,5,-22,-33,0,-5,9,9,12,-13,-10,-6,-8,3,1,-1,10,-3,0,17,-1,9,5,2,-4,-1,1,-1,29,14,0,4,-1,-12,2,4,19,9,11,1,10,8,-7,-7,7,22,19,3,-10,5,-43,-5,1,9,-7,-2,-4,-35,-36,24,-6,-2,-1,7,1,-2,32,-20,16,6,11,8,9,1,-5,4,18,19,-1,21,5,4,13,15,8,10,3,8,7,3,11,11,20,7,20,-6,3,-11,4,5,16,8,3,-11,10,23,1,11,-3,21,11,12,-4,-9,10,-4,13,19,14,27,-4,8,-17,-10,4,1,-10,3,-7,10,5,11,1,-1,26,7,-19,-24,8,22,-5,-12,24,2,1,0,-2,1,-1,-2,-1,-3,19,-8,-1,17,-12,-31,-9,-2,-2,-6,4,-7,1,-12,4,-1,-7,1,1,3,-3,-4,3,2,-4,0,8,-3,-2,-11,-11,-1,-1,-7,10,-3,1,-11,-1,-2,0,-8,8,-5,1,-7,-1,-2,0,-2,2,1,1,-2,-1,-13,-14,-6,-15,-8,-9,-13,-13,-18,-14,-17,-9,6,-19,-1,-22,-25,0,-13,3,-6,-36,-5,-10,1,-10,-4,5,-10,-2,-5,-22,-4,4,-1,5,-23,4,-51,20,-10,-6,-3,0,7,-6,-19,3,-4,0,-7,1,-7,0,-11,-11,8,-4,-1,-2,-5,-11,-7,-16,-13,-25,-11,-26,-10,-2,0,-3,-11,-2,-18,-14,-12,-14,-5,-1,12,-12,-11,-9,-22,-17,7,-10,9,-11,-12,8,-19,12,-14,-13,-6,11,-13,-1,-13,7,-14,16,-4,-11,9,-3,9,-7,-16,1,-13,9,-7,2,-6,4,-3,-6,-3,0,-1,-14,3,-6,-9,-19,-35,-13,1,-23,-13,-4,-11,-6,-23,-24,-15,-15,10,-9,9,3,-4,-11,1,-4,-22,-3,14,-7,2,-17,-8,-3,-20,2,0,8,-11,-5,-18,7,-14,7,-15,31,-7,-10,5,2,8,-3,-27,-7,2,-20,-1,4,-1,-9,-11,-6,0,-5,-6,8,-2,-6,-4,-4,-16,-39,-28,-18,-10,12,-8,-19,-44,-14,-14,-3,39,-2,28,-16,-2,-4,25,-4,8,-4,29,-12,15,-22,-25,4,-20,24,-8,-8,-20,-1,-14,-30,-18,-7,-25,32,-16,-17,-9,-13,-1,-10,-25,-11,-2,-11,-12,-13,-9,-19,-8,-17,8,-14,-17,-12,-5,-10,-9,-29
1,-1,2,-1,-2,0,2,2,-7,-15,-2,-4,9,7,9,7,-6,-4,1,4,5,8,7,8,-5,-3,0,3,6,9,6,9,-2,-2,1,2,4,4,4,6,2,-6,2,2,5,3,5,5,5,-7,8,-5,15,6,3,3,-2,-1,2,2,1,-1,-2,2,-8,-7,-7,-14,7,10,9,13,-3,12,-14,6,0,12,9,10,0,-10,-3,3,7,9,10,14,-8,-8,-8,-2,4,9,11,9,1,-10,1,-4,8,11,12,8,-7,1,6,8,13,12,15,6,3,7,3,14,8,25,7,12,7,8,5,7,4,5,9,10,-9,8,-7,1,0,16,10,13,1,-15,3,-6,15,5,13,13,-3,-2,-7,7,4,11,10,9,-1,-15,3,-15,7,6,7,7,-8,4,-9,2,-5,7,5,6,2,-2,4,0,8,9,11,3,4,2,8,1,8,8,3,4,8,4,14,3,0,-7,3,1,-11,-19,-10,-1,9,9,10,8,-21,-13,-33,-2,2,10,9,9,-18,-41,-11,-11,1,4,6,6,-18,-21,-17,-1,6,2,6,4,-16,-17,-12,-3,0,1,6,6,-18,-18,-3,3,4,-1,2,5,-13,-14,-9,-2,5,-6,0,2,-11,-6,-7,-1,2,6,-1,5,-22,-16,-14,0,5,17,11,19,-14,-28,-21,0,10,10,17,22,-32,-30,-25,-2,-3,7,10,15,-7,-13,-10,-13,3,-4,7,8,-10,-3,-16,-10,-13,8,0,1,-2,-1,-1,-19,-2,-4,8,2,-1,2,-3,-4,-25,-8,-9,-5,-9,-9,-14,-6,-13,6,-8,-10,-2,1,-2,0,2,1,1,-2,33,34,14,7,2,-7,11,-19,13,15,12,3,7,6,4,3,2,0,1,-3,2,2,1,-1,-3,-3,-7,-3,-3,-2,-3,-2,-4,-6,-4,-5,-3,-2,-2,-2,-5,-4,-5,-1,-3,-2,-2,0,1,-1,1,2,2,2,0,2,9,19,5,4,-3,1,4,-2,23,26,-1,7,-5,-1,-10,-3,17,0,24,-4,2,-6,0,-1,7,-3,-1,1,2,-4,-5,-10,-9,3,-11,1,-12,-2,-12,-6,-10,-10,-8,-8,-7,-6,-10,-7,-6,-9,-9,-11,-7,-8,-6,-7,-8,-10,-12,-10,-8,-7,-8,-5,12,-3,5,-9,-1,-11,-8,-11,12,41,-5,8,-6,-1,1,-6,31,-4,30,-5,7,-5,-1,-2,3,8,-5,2,-8,0,-8,-1,4,-2,-4,-5,-8,-7,-6,-5,-6,-2,-8,-4,-6,-6,-13,-4,-1,-10,-6,-6,-4,-6,-3,-12,-5,-10,-9,-4,-6,-5,-6,-6,33,21,14,-8,-11,-19,-4,-7,37,36,15,9,0,0,-2,-8,34,21,29,-6,-2,-14,-18,-14,18,11,-3,-4,-17,-13,-20,-20,4,8,-1,-10,-18,-14,-26,-14,6,0,1,-4,-8,-11,-10,-14,3,2,3,-6,-10,-8,-13,-9,3,2,3,-5,-8,-8,-7,-9,47,34,18,-17,-21,-18,-25,-10,47,63,18,29,-4,-13,-23,-15,49,43,52,-8,0,-24,-13,-35,35,39,-14,5,-29,-14,-27,-14,17,15,5,-16,-18,-20,-33,-11,-2,5,3,-4,-13,-5,-17,-24,17,1,-3,-3,-7,-7,-8,-11,4,5,-1,-5,-9,-6,-8,-9
1,1,2,0,1,1,-1,2,2,1,14,11,9,-3,-2,2,0,3,-2,3,-9,4,-1,2,2,3,4,-2,4,-1,2,3,1,6,4,5,-2,-2,2,3,-1,-7,2,7,4,12,-2,-3,3,17,11,12,17,-1,3,11,-2,0,0,-2,-2,-2,-2,-3,13,2,15,-2,12,-2,1,-2,6,10,6,15,10,-2,7,6,0,14,3,8,-2,5,-5,-4,3,6,2,7,9,4,2,7,10,6,10,1,7,-2,5,1,7,4,8,-1,5,9,9,1,0,7,2,8,3,2,6,6,4,9,4,3,7,10,1,3,21,-7,15,-4,9,6,13,-6,8,6,6,19,10,4,-2,7,8,9,11,3,1,2,8,7,9,13,8,8,1,9,3,11,15,6,4,8,14,4,9,10,12,8,3,13,13,11,5,13,9,0,12,9,12,7,12,8,8,13,9,7,11,8,13,1,9,5,7,-24,8,9,6,4,5,3,15,17,15,-3,5,7,14,8,9,20,2,15,2,10,4,8,10,6,5,14,6,5,6,8,14,3,6,1,-3,5,5,7,7,2,1,1,5,3,10,2,16,19,6,10,10,4,15,3,2,17,4,7,2,9,21,-2,8,-82,34,17,41,17,22,8,18,26,23,20,18,36,35,26,3,24,45,41,22,19,18,29,23,44,17,17,-13,14,26,33,20,11,14,11,27,11,29,28,27,8,9,26,0,12,26,20,40,27,0,12,15,4,24,23,30,19,26,6,7,-2,1,-1,1,1,2,1,-2,2,-2,-23,12,-38,20,-22,-6,-22,3,2,5,0,-11,-5,-5,-1,-4,1,-6,2,-8,-2,-7,-2,0,2,-1,0,4,-5,-4,-1,2,-1,-3,-2,7,-5,0,-1,2,0,-3,-1,4,-3,0,-3,-2,1,1,0,-2,2,2,1,-21,-10,-9,16,-14,-14,-25,-6,-1,18,-73,-3,-7,39,-21,-6,-24,-22,28,-7,33,-66,-9,-8,3,-33,-15,-46,-5,-21,-5,3,-7,-10,-17,-2,-11,-1,-17,1,-11,-8,-20,-8,-18,-5,-5,1,-7,-4,-4,-10,-2,-4,-7,-3,-3,-8,-2,-8,-1,-1,-2,-3,-7,-7,-10,-36,4,-4,-2,-11,-1,-3,-2,-3,-1,6,4,-5,-4,12,-3,-5,-4,5,6,0,2,-4,-8,6,-9,-14,0,6,-2,-15,-7,-1,-9,-8,-9,-9,-2,-2,-9,-5,-2,-5,-9,-9,-7,-5,-1,-6,-2,-4,-2,-9,-12,-6,-1,-7,-10,0,-5,-7,-8,-15,-10,-19,-6,-2,-12,-21,-3,1,-11,-3,-11,-5,-10,-4,-7,6,-2,4,-8,-4,-2,-18,-5,-15,-14,-8,-12,-24,-7,-11,-1,0,-10,-1,-15,2,-5,-8,-5,-16,-12,-7,-9,-13,-10,-9,-10,-8,-12,-5,-7,-16,-5,-8,-7,-6,-9,-3,-6,-6,-7,-8,-21,-27,-38,-56,-28,-52,-43,-27,-3,-33,-27,-33,-42,6,-26,-7,-24,4,-12,-3,-12,-26,3,-24,-5,-27,-22,-21,-26,-24,-10,-2,-12,-29,-28,-12,-19,-24,-15,-14,-24,-24,-19,-13,-21,-19,-22,-27,-38,-14,-17,-23,-14,-21,-18,-17,-26,-12,-19,-20,-17,-13,-15,-32
0,-2,1,-1,-2,-1,1,1,-73,-49,5,10,9,4,4,5,-25,-5,8,6,6,4,4,4,-9,6,6,5,4,4,2,5,2,3,5,4,4,3,3,3,3,2,1,0,0,2,1,0,-8,-1,-3,-7,-8,-9,-4,-9,1,0,0,1,-1,-2,-1,1,-84,-100,-27,-3,-5,8,17,13,-57,-1,-52,-26,3,11,10,15,-89,-45,-26,0,2,4,11,15,-18,-23,-10,-8,2,8,12,16,-11,-16,-14,3,9,11,9,13,6,3,8,6,9,10,14,16,6,10,6,5,13,13,11,15,9,9,8,8,14,11,12,13,-79,-74,-85,-4,1,10,-2,10,-106,-85,-12,-2,4,1,7,6,-82,-65,-57,-17,-2,8,2,11,-8,-7,-63,-62,-8,-1,5,5,-5,-3,-14,-60,-41,-13,0,8,4,0,0,-16,-32,-36,-15,-3,0,7,-1,7,-11,-34,-34,-9,1,-1,2,3,6,-11,-33,-46,-32,-26,-19,-21,-25,-28,-21,-21,-22,-22,-15,-14,-11,-12,-10,-8,-32,-34,-21,-13,-8,-10,-12,-5,-19,-29,-10,-9,-8,-5,-11,-5,-23,-33,-11,-11,-8,-7,-7,-14,-20,-24,-10,-10,-9,-15,-8,-11,-22,-25,-15,-13,-14,-9,-6,-5,-18,-20,-10,-12,-9,-10,-10,-12,-16,-22,-10,-17,-7,-16,-37,-19,-30,-11,-14,-19,-27,-38,-16,-26,-59,-39,-16,-20,-22,-33,-21,-8,-39,-46,-50,-33,-29,-17,-20,-17,-22,-13,-12,-19,-15,-26,-16,-17,-37,-47,-48,-32,-23,-18,-33,-6,-40,-39,-21,-26,-22,-23,-16,-19,-19,-26,-36,-19,-15,-28,-12,-19,-1,-1,-1,0,0,-1,-1,0,39,57,4,-8,-10,-6,-12,-13,52,48,0,-7,-11,-8,-7,-9,27,7,-4,-3,-6,-5,-6,-5,8,-1,-2,-3,-4,-4,-5,-5,1,-1,-3,-3,-2,-3,-3,-4,-2,-1,-3,-4,-3,-3,-2,-4,0,0,-2,0,-1,-1,2,-2,-2,-8,-9,-7,-8,-8,-2,-6,-8,-13,-3,-8,-3,-5,-5,-7,-6,-1,-3,-8,-5,-3,-7,-15,-7,-4,-4,-7,-7,-8,-11,-11,-5,-5,-1,-3,-5,-7,-6,-11,-3,-5,-1,-9,-5,-8,-8,-8,-6,-6,-5,-7,-6,-6,-8,-7,0,-5,-5,-7,-7,-6,-6,-4,-6,-14,-7,-11,-9,-16,-7,-6,-17,-1,-1,-6,-8,-5,-11,-7,-3,-7,-1,-4,-9,-8,-8,-9,-7,-9,-7,-2,-2,-4,-7,-7,-4,-5,-7,-7,-1,-3,-7,-12,-1,-7,-7,-7,-4,-1,-3,-11,-4,-5,-6,-8,-6,-3,-1,-2,-9,-4,-4,-10,-6,-3,-6,2,-21,-14,-12,-13,-12,-13,-17,-18,-31,-22,-18,-24,-18,-15,-17,-9,-17,-14,-12,-20,-17,-18,-13,-14,-7,-10,-15,-15,-12,-22,-13,-9,-6,-12,-12,-23,-17,-14,-11,-10,-4,-6,-12,-18,-18,-17,-11,-16,-3,-6,-13,-10,-14,-12,-11,-17,-1,-3,-5,-12,-8,-12,-9,-10,-22,-21,-22,-23,-15,-15,-21,-17,-25,-30,-31,-19,-42,-16,-16,-13,-14,-11,-12,-21,-16,-18,-17,-17,-26,-7,-19,-16,-19,-19,-12,-17,-8,-16,-15,-8,-11,-12,-13,-3,1,-6,-13,-6,-5,-12,-11,2,-23,-2,-9,-4,-10,-6,-11,-2,1,-3,-12,-4,-13,-7,-5,-5
2,0,3,1,-2,-1,2,0,14,-54,-6,-4,5,2,0,4,5,10,-2,0,3,3,1,1,2,1,1,-2,3,3,2,2,-2,-1,1,1,-1,-1,2,3,4,2,3,2,5,1,4,3,-3,3,-8,-2,-18,14,-2,-5,1,2,-1,-2,2,0,-1,-1,-37,20,-2,9,5,5,8,-4,1,-8,0,4,9,2,6,0,5,4,3,-2,8,4,3,4,2,9,6,1,5,11,0,5,-1,5,-1,8,6,0,8,1,4,6,10,7,7,11,10,10,7,7,7,2,1,6,2,9,10,12,-2,6,6,10,10,2,-1,23,5,9,2,2,2,-2,13,-19,3,1,6,2,5,9,0,14,-6,5,6,2,4,0,4,-4,8,1,6,11,6,-1,-3,5,5,7,-3,8,10,7,4,8,-3,5,11,2,6,6,-3,3,3,5,1,7,-5,10,4,9,10,-1,8,1,7,1,-110,8,6,8,3,1,4,2,40,6,16,15,8,5,0,3,-5,10,2,10,7,1,0,8,8,10,10,6,11,8,4,3,8,5,16,9,3,1,19,8,5,6,8,16,8,-3,5,11,11,7,6,4,19,-12,7,7,0,1,1,2,-7,-11,4,-1,19,13,4,7,5,8,16,9,20,-11,13,13,12,10,8,20,12,19,12,18,15,18,13,12,13,21,14,22,12,21,15,13,20,15,20,11,11,23,28,12,19,18,17,25,20,19,29,15,18,22,18,15,30,3,24,25,10,27,22,9,1,10,11,14,1,1,2,-1,-1,-1,-1,-2,-30,44,-15,6,-14,-13,3,-45,6,-18,-11,-4,-1,-5,-1,5,-2,4,-5,-4,1,1,0,0,-1,-1,-2,-2,-3,-1,-1,-1,-3,-2,-3,-3,-1,1,-1,0,-2,-3,-2,0,-3,-1,-2,1,-2,0,1,1,0,-2,2,-2,-7,-20,-37,-30,-11,-13,-18,-5,10,3,7,-1,-7,-5,-2,0,-18,19,-30,2,1,-7,-13,-7,-13,-19,0,-2,-8,-2,-4,-15,-3,-8,-8,-10,-2,-6,-2,-7,-3,-1,-4,-4,-2,-8,-6,-3,2,-4,-4,-4,-8,-7,-10,-5,-3,-3,-4,-7,-11,-21,-3,-4,-23,-22,0,-20,7,-8,-7,-4,-4,59,2,6,-4,-7,-7,9,-3,-16,10,-8,-3,1,-8,-2,-5,-6,-5,28,1,-5,-6,-3,-4,-5,-8,-4,18,-1,0,1,-1,-4,-1,-5,-7,12,-7,-5,6,-4,-5,-1,-5,-8,9,0,-6,-4,-4,-2,2,-7,-9,1,-21,-7,2,5,-11,-23,1,-6,-1,-13,-6,-1,-18,-11,-4,-6,-9,-5,-4,-11,-6,-11,-13,-5,-7,-1,4,-4,-8,-4,-3,-1,-5,-10,-9,-2,0,-5,-7,-6,-6,-11,-9,-9,-11,-1,-6,-8,-9,-15,-2,-6,-4,-2,-10,-5,-8,-12,-12,-7,-5,-9,-7,-7,-9,-24,-14,-24,-30,-21,-4,-19,1,41,7,-6,-15,-11,-15,-21,1,-33,2,-11,-6,-8,-12,-52,1,-14,-3,25,-11,-5,-23,-7,-14,-7,-13,-2,17,1,-11,8,-6,-9,-3,-7,-10,17,-3,-5,-3,-11,-2,-3,-8,-10,-7,-4,-11,-11,-7,-5,-16,-10,-11,2
-1,0,-1,2,2,0,2,0,3,-8,-4,-13,0,8,-1,-1,-2,-6,-5,8,12,-6,2,3,6,5,-5,3,4,-9,1,4,-5,4,1,-6,-11,-6,-2,2,12,3,12,9,20,10,-8,0,-7,2,-2,11,-15,8,4,8,0,-2,2,-2,0,2,0,2,10,-1,-6,-13,12,1,3,1,4,12,6,-3,9,-6,-6,-2,2,13,-1,7,1,10,-4,8,8,6,1,-3,4,-2,7,4,-10,6,7,2,-11,3,-11,6,-16,-1,-6,-15,-2,-6,-6,1,12,9,4,-1,9,-31,3,-8,9,8,12,1,18,-7,-5,1,-6,1,-2,0,8,-3,16,-2,-3,4,3,5,1,15,-4,11,-5,3,13,2,29,-9,3,9,-2,-1,2,16,3,1,3,3,-11,-5,4,2,8,6,2,-10,-2,12,4,-14,13,8,1,7,5,6,8,7,-11,3,3,7,5,16,9,7,-3,2,1,12,3,5,13,4,-1,16,7,10,12,7,4,2,14,6,21,2,2,1,0,-2,-2,2,-3,6,13,0,-5,2,2,-5,-5,6,-2,2,5,-3,4,-17,18,6,6,1,5,-31,-8,-6,9,2,2,4,6,6,-1,5,8,5,7,5,-9,1,-1,0,8,5,3,6,-2,15,17,11,23,28,4,-1,-4,5,25,11,19,21,3,13,12,1,19,6,21,26,11,-18,-8,-34,22,0,-8,12,10,15,-18,5,7,4,-5,-4,22,2,3,0,16,0,-14,-31,4,15,27,31,-27,9,5,-24,21,2,9,4,10,-39,9,-9,-2,-1,-2,2,0,0,-2,0,-7,-10,8,-6,7,-11,-10,-5,-2,-15,-2,-14,5,-1,-5,-7,-3,-9,-4,-1,6,-1,-6,-3,4,0,-1,0,-1,0,2,-2,3,7,9,-1,-1,1,6,-1,-2,3,5,5,4,1,9,-3,-1,-2,1,-1,0,-1,-2,2,7,-2,-19,-9,5,-8,8,-6,-7,-19,3,4,-10,-4,7,6,-19,5,-26,-5,7,-25,-6,1,-9,-18,-4,5,2,-6,-7,0,-5,-11,-14,-12,1,2,-3,1,-6,-12,-5,-5,-13,-1,-4,-5,-8,-12,-12,-1,-6,-5,4,-2,0,-8,1,-9,-3,-13,-5,1,0,-3,-8,-13,-5,-3,3,3,-23,-14,-6,-5,-12,2,-12,-3,-14,-24,-13,-6,-4,-25,-2,-21,-11,-9,-10,5,1,0,-20,-5,-2,-15,-5,-12,-4,3,-14,2,-5,-10,-6,-19,-12,-3,-7,3,0,3,5,-7,-7,-12,6,-5,-1,-6,-1,-7,-14,-2,-14,-4,3,-9,-7,-19,14,-12,10,-9,-22,-15,0,-8,-26,22,-12,8,-24,-20,-32,-20,-3,-19,4,-4,-13,-30,-22,13,-11,4,-15,-13,-4,-11,8,-9,-12,8,-18,-6,10,-9,-23,-22,-20,-6,-10,-13,-5,-1,0,-2,-13,-5,16,-5,-10,-10,0,-8,-18,-10,2,-10,6,-30,-31,-18,18,-17,24,-14,-21,-54,-19,-14,-46,36,-49,18,-57,-80,-45,-50,-11,-39,-5,-37,-36,-52,-29,14,-50,10,-43,-43,12,-13,6,-34,-37,-19,-52,-31,12,-9,-41,-42,-41,-40,-57,-29,16,-4,-7,-9,-27,-21,8,-53,-16,-21,-2,-21,-22,-41,-9,-20
2,-1,-2,0,-2,-2,0,1,-1,4,-10,-3,-1,0,-6,0,1,1,-7,-11,3,-3,-7,-3,1,2,11,5,0,6,-4,0,6,10,1,6,7,3,10,6,4,-6,12,19,10,3,-8,-11,-2,-3,-13,24,-6,12,-4,-32,-1,1,-2,-1,-1,-2,-2,1,2,-6,8,-2,-3,-4,0,1,-5,-5,0,5,0,4,13,-2,0,5,1,2,-4,4,13,1,3,2,9,-1,5,10,-7,7,6,0,13,-2,11,-5,0,-4,-2,12,2,20,5,0,-2,8,7,26,2,-8,-1,11,3,-1,6,-5,-1,2,-14,-5,-13,3,6,14,2,0,7,13,9,6,8,9,1,4,0,5,8,8,1,-3,3,-1,2,3,1,10,6,-7,9,0,2,8,3,7,2,12,0,5,3,2,6,6,-7,6,1,-1,4,9,3,3,-1,9,-6,18,8,10,5,1,6,7,9,13,5,5,5,3,15,15,15,8,16,15,7,4,12,8,-1,-4,6,-1,-2,11,7,11,2,3,8,5,1,11,-3,14,7,2,3,6,-15,8,0,8,17,3,8,9,-9,-6,6,10,3,7,-2,6,2,11,5,10,5,2,6,7,7,13,12,9,7,12,8,11,-3,8,19,22,17,15,23,12,25,10,5,2,4,16,9,6,14,15,13,12,34,7,2,7,-8,-14,-7,5,-15,-1,-13,-2,-9,5,25,13,2,1,19,15,22,8,-19,32,-32,18,-25,15,7,1,-26,-12,30,-2,18,11,43,10,-8,-7,9,3,2,12,-5,18,2,1,0,-2,-2,-1,0,2,3,3,-11,-34,6,5,-8,-5,1,8,-13,-6,4,-4,-4,4,0,4,-13,-5,3,1,-7,6,2,7,1,-1,4,9,-4,8,-1,1,-1,-7,2,3,1,8,-6,5,-12,2,1,8,-1,9,0,-2,0,1,2,0,1,-2,-6,6,-7,-22,-7,-4,-7,11,-2,-2,-29,-55,9,5,-12,-10,-9,-22,-19,-29,-17,-9,-9,-3,-12,-15,-5,-5,-13,-7,-7,-11,-19,-6,-11,-5,-8,-4,3,-6,-9,-5,-5,-9,-9,-11,-7,2,-6,-12,-3,-4,-2,-16,-12,-8,-6,-11,-5,-15,2,-16,4,-9,4,-3,-1,-4,-13,-4,-21,2,-27,-13,-22,-27,-6,-6,-6,-21,-14,-7,-17,-19,-3,-8,-18,-5,-2,-26,-14,-8,-20,-10,-7,-18,-15,-2,-3,-6,-10,-4,3,-9,6,-8,-4,-9,-8,-17,-10,-3,-5,7,-17,7,-17,-1,-20,-9,-3,-13,6,-26,5,-17,-7,-10,-7,-11,-21,-18,-10,-14,-11,-6,-13,-28,-34,-20,-13,-16,-11,-21,-15,-28,-15,-20,-11,-15,-17,-13,-14,-16,-9,-27,-13,-15,-19,-9,-1,-4,-14,-12,-4,-14,-9,-14,-4,-12,-22,-17,-7,-14,-5,3,-15,-10,1,-17,0,-3,-13,-6,-13,-12,-11,-8,-1,-9,-10,5,-12,3,1,-7,4,1,-25,9,-43,-11,-33,-75,-24,-20,-15,-22,-33,-46,-27,-61,-38,-20,-43,-12,-19,-22,-11,-31,-27,-38,-26,-25,-11,-18,-27,-12,-22,-16,-8,-24,-6,-24,-14,-39,-19,-8,-5,-2,-27,-24,-18,-10,-21,-15,-31,-18,-32,-33,-5,-20,0,-44,-2,-14
2,-2,-1,-2,-1,0,2,-1,1,-5,0,-4,-4,5,-4,-2,0,-1,2,-11,14,-2,4,0,2,-2,-10,1,-14,9,6,-2,1,12,-14,-2,34,4,-7,-9,-3,-19,4,5,9,7,-5,2,-34,-12,6,7,29,18,-15,-6,2,1,1,0,-2,0,2,1,1,-1,8,7,11,-2,0,0,3,-1,10,2,11,-2,8,6,-13,5,-1,12,10,9,-5,-2,3,-13,-10,0,-13,10,-7,7,-13,-2,-2,6,-16,4,-11,6,4,-14,-10,8,7,13,0,6,-20,-14,11,7,0,11,8,7,3,-8,1,-9,3,2,7,-1,-5,8,7,11,-19,6,5,-7,2,2,10,3,5,3,1,-21,7,1,1,-1,8,-9,-2,-2,18,3,2,-1,-4,14,-3,-2,-5,23,-6,-5,5,-2,2,18,17,2,21,-3,16,-10,2,5,-7,5,-11,20,-12,13,-9,-3,10,-13,0,-1,8,-19,4,-41,6,10,10,6,8,9,15,9,6,2,5,6,11,-1,2,10,3,14,18,10,3,-4,9,5,7,-6,7,24,8,10,17,3,-15,6,-2,9,12,-3,-2,-3,-12,-17,-52,6,-6,9,-15,-14,14,-1,6,-6,2,6,15,5,3,10,-8,3,-4,7,2,-1,4,-3,5,1,-8,16,11,22,17,5,-4,6,3,17,8,6,-9,-9,11,3,-1,-3,13,-9,1,15,-7,5,8,19,-11,3,-28,4,-17,-17,3,-8,10,-5,1,-11,11,-10,11,2,2,-4,-7,3,-5,-24,24,-8,-21,-9,-12,-3,6,3,-12,-5,3,-9,-2,-2,0,2,2,-2,-2,-2,-7,0,2,-21,-10,-3,6,-14,5,6,-9,0,-4,-4,-4,-7,2,4,-6,-3,-2,4,3,-4,2,1,-6,7,-4,10,-6,-5,3,7,2,1,0,5,-5,-1,-1,-2,7,-11,3,-1,-2,0,-1,-2,-1,1,-2,0,2,0,-3,-11,16,-5,4,1,1,-6,-34,-11,0,-4,-21,-18,4,-5,-22,-5,-28,-12,6,-19,-13,-37,-4,-1,-18,10,-28,6,-2,-6,-15,-12,-7,-17,-2,-2,-16,1,-4,-9,-2,2,-7,-8,-10,-1,-10,-9,-8,3,-5,9,-4,-7,2,-8,-2,-10,-2,5,-5,8,-11,-18,-4,-9,5,-6,0,-6,-7,-7,-15,-16,-29,-14,0,-5,-7,-12,-22,-12,12,-24,5,-14,-3,-7,-33,15,-19,21,-7,-3,-7,-31,-11,-14,-2,-12,3,-5,-15,-13,-4,4,-9,-4,-5,-2,-27,-11,-1,2,-4,1,3,6,-1,-4,-5,-1,-8,-3,1,1,-3,-14,1,-30,-3,-16,5,1,-8,-8,-10,-7,-20,-11,5,-2,2,-3,-14,-5,-3,-20,1,-15,4,2,-22,9,-32,16,-6,3,-7,-11,-6,-16,9,-15,-1,-1,8,-17,-7,3,-15,-5,-11,-9,-10,7,-11,8,-16,4,-5,-12,-6,-9,3,0,11,0,1,-4,-18,-22,1,-21,17,-23,6,-15,-25,13,-26,-35,-30,-6,20,0,-10,0,-18,-22,23,-43,-9,-44,-4,4,-45,22,-43,34,-14,-1,-12,-13,0,-60,15,-29,-7,-22,7,-20,-3,4,-23,6,-37,-29,-26,-1,-12,4,-10,0,-12,-42,-14,-12,-10,-4,16,-14,4,-21
0,-1,2,0,0,2,1,0,0,0,-2,-2,0,-4,-2,2,0,-1,-4,-5,-4,0,-2,3,0,-5,2,3,-5,-6,1,-1,3,2,-9,-7,-3,-3,-1,0,6,-5,1,-23,-3,3,-1,-2,1,-5,-9,-8,8,7,5,12,-1,-1,2,0,-1,0,-2,0,4,1,4,-2,-6,2,1,4,0,6,-1,-1,-4,1,1,2,0,-3,-1,-9,0,-5,-2,-8,-12,-3,-11,-3,-6,-5,-2,-7,5,-12,2,-6,-12,3,-6,4,0,-23,13,1,29,10,-3,9,-14,9,-19,-2,0,-6,-6,11,-4,-8,-7,5,8,0,-1,2,18,13,8,20,9,15,7,12,27,10,18,9,21,3,16,9,13,20,9,17,8,14,8,11,14,12,25,10,2,9,17,10,20,17,3,24,14,5,9,17,24,13,6,4,22,17,8,25,6,22,14,9,10,28,4,16,8,16,15,12,12,8,24,12,4,7,3,7,9,6,16,2,5,-2,3,12,1,11,13,7,2,9,-2,2,17,-3,8,4,2,15,-4,14,10,5,14,14,0,1,0,13,5,3,10,-6,9,12,-3,9,-3,-14,7,1,25,20,9,16,13,2,16,6,21,33,11,11,0,8,19,15,11,3,2,18,23,22,8,9,6,0,9,12,16,18,28,8,12,6,-7,16,22,-12,12,19,5,10,2,5,14,9,26,23,-1,-7,5,0,21,10,26,14,-1,-5,-11,27,13,11,21,15,7,8,5,20,34,38,3,27,-5,12,42,30,28,5,27,18,1,-1,0,2,-2,0,2,1,4,-5,-29,-8,-10,-19,-8,-6,0,3,-12,-3,0,-9,3,1,1,2,-10,-1,-1,-9,12,3,0,9,-7,-1,1,-9,5,-5,5,4,-3,-1,-7,-6,7,-5,7,4,1,1,4,-3,6,-4,2,0,-2,-1,2,0,2,1,-2,-14,-5,-1,-15,-7,-19,7,-3,-12,-3,-1,4,-9,-12,-13,-4,2,-10,-2,-16,-14,2,-9,-3,-6,-5,-5,-14,-18,3,-8,0,0,-8,-9,-3,-15,-13,-5,4,-8,-4,-10,-12,-7,-9,-10,-8,-1,-11,-5,-5,-8,-11,-5,-5,-7,-10,3,-6,-1,-3,-7,-8,-3,-4,6,-8,1,0,1,-8,-15,-3,-6,7,-20,1,-12,-11,-4,-14,1,-15,-3,-8,-8,1,-6,-1,-16,-3,-9,5,-5,-7,11,-16,3,-3,-7,-8,14,11,-10,-2,-5,-6,-10,2,-4,2,8,-4,-2,-6,-2,2,-2,1,-5,-13,4,5,-2,2,-8,-21,-17,-17,-4,-21,-11,-28,-1,-17,-10,-21,-14,4,-15,-14,-15,-18,-18,-16,-13,-20,-7,-10,-13,-23,-20,-10,-10,-22,-13,-1,-3,-19,-9,-11,-8,-20,-18,-13,-12,-3,-12,-19,-18,-13,-15,-20,-18,-6,5,-4,-13,-13,-10,8,-21,-9,-6,-5,4,-4,-2,9,-14,-27,-44,-58,-9,-29,-42,-25,-22,-19,-39,-11,-27,18,-44,-18,-40,-40,-38,-70,-28,-65,-28,-23,-22,-10,-43,-24,-34,-53,-66,-7,-18,-32,-11,-45,-12,-39,-46,-28,-4,-17,-23,-45,-35,-24,-30,-41,-52,-19,-11,-13,-21,-24,-21,11,-57,-3,-12,-15,3,-3,4,12,-22
-1,1,2,2,-2,-1,2,1,1,4,2,0,1,2,-3,-8,-1,2,1,1,1,1,-8,-8,0,-1,0,-1,0,1,-3,-9,-4,-5,-4,-3,0,-1,-3,-6,-8,-8,-4,-2,-1,-4,-4,-8,-12,-13,-11,-5,-6,-5,-6,-13,2,-2,0,-2,1,2,-2,0,7,18,16,15,11,11,11,-9,17,17,16,14,16,10,16,15,17,14,14,15,16,13,12,7,14,15,15,14,13,15,11,10,14,14,14,15,14,8,9,12,12,13,14,10,10,9,10,8,10,8,13,8,11,10,8,8,2,8,7,16,-9,2,-29,4,8,7,16,9,13,9,14,11,11,15,12,12,7,13,6,14,15,8,11,9,12,7,9,12,5,16,5,13,10,13,4,13,12,10,17,8,11,7,14,10,11,14,9,15,6,8,10,11,12,10,11,9,15,8,13,7,-22,12,9,10,8,9,7,10,4,7,9,9,8,8,7,4,12,16,15,12,13,8,5,2,12,13,13,11,12,14,4,6,12,12,7,8,16,13,2,7,7,12,7,9,7,8,4,6,-1,7,8,-2,7,-1,2,1,-3,5,3,2,3,7,3,0,3,8,8,9,6,10,4,0,11,-20,11,14,13,11,9,17,16,14,25,10,10,21,26,24,14,11,21,21,26,19,12,29,13,26,10,20,-1,31,13,6,17,11,36,13,14,21,26,17,8,21,9,-1,6,15,25,18,20,14,27,11,5,16,24,25,23,-6,19,10,18,21,23,13,-1,-2,-2,-2,-1,1,1,0,-60,-3,-3,-9,-7,-10,-13,-65,2,-4,3,-4,-3,-6,-7,-55,-3,-7,-6,-6,-7,-10,-7,-39,-3,-7,-9,-6,-6,-10,-11,-37,-5,-7,-9,-5,-7,-9,-13,-30,-6,-11,-8,-8,-5,-9,-10,-33,2,2,0,-1,2,2,1,2,-12,-9,-9,-8,-5,-7,-10,-8,-8,-4,-8,-5,-5,0,-5,-9,-8,-10,-13,-8,-8,-9,-5,-9,-12,-11,-11,-6,-8,-5,-13,-11,-16,-9,-9,-9,-7,-7,-10,-6,-15,-10,-10,-10,-7,-5,-8,-7,-11,-9,-12,-10,-9,-8,-8,-6,-11,-13,-11,-8,-7,-6,-8,-7,-11,-9,-14,-9,-8,-13,-15,-13,-11,-9,-13,-8,-7,-6,-9,-13,-35,-12,-13,-11,-13,-11,-11,-14,-11,-13,-12,-11,-13,-12,-13,-13,-11,-11,-12,-11,-9,-10,-14,-11,-13,-14,-13,-10,-11,-10,-13,-14,-15,-16,-14,-12,-12,-12,-12,-13,-15,-16,-12,-11,-9,-10,-12,-15,-19,-20,-17,-20,-18,-15,-14,-19,-21,-20,-25,-22,-18,-17,-19,-22,-20,-22,-22,-21,-16,-18,-18,-18,-19,-16,-21,-18,-18,-18,-19,-18,-22,-21,-16,-18,-18,-18,-19,-17,-19,-21,-25,-17,-16,-18,-18,-15,-24,-23,-25,-21,-20,-20,-21,-18,-20,-22,-24,-19,-18,-14,-19,-17,-24,-26,-20,-29,-19,-23,-25,-26,-20,-24,-25,-16,-11,-15,-17,-20,-21,-25,-17,-25,-21,-28,-24,-24,-27,-15,-22,-21,-22,-24,-30,-22,-23,-23,-17,-28,-22,-20,-21,-26,-27,-15,-28,-13,-22,-20,-29,-32,-24,-25,-21,-26,-19,-29,-24,-31,-27,-16,-18,-27,-21,-16,-23,-27
2,-1,-2,2,2,0,1,-3,3,3,-2,2,-2,3,0,4,-2,-3,-1,-1,-1,0,4,3,-1,1,4,-1,-2,1,0,1,-5,-5,16,-2,-1,3,2,1,-11,15,-77,13,-4,-2,3,3,-58,-4,90,8,-17,3,-4,4,2,-1,-2,-2,1,0,0,1,7,0,7,-2,4,-6,6,-24,-5,5,2,-1,3,-10,8,0,1,2,4,2,4,4,-2,4,-2,5,2,3,3,2,-4,5,1,-3,-2,0,2,3,4,-3,6,-1,-51,0,-3,2,6,1,0,-19,-1,-9,2,2,0,4,1,2,-2,1,4,3,3,3,1,-4,4,-13,10,2,11,-3,-3,-3,-3,8,-3,8,3,12,3,-3,4,0,8,-2,1,4,-2,-1,-4,1,-4,5,0,9,12,4,8,-9,8,0,0,-2,4,7,-3,9,1,-4,-5,5,5,-1,15,-2,4,-5,2,-4,4,12,-2,9,6,0,-3,10,-1,5,4,4,-1,-2,-2,0,-1,5,6,2,-11,-3,-8,2,3,10,-13,0,1,4,-23,6,7,4,3,2,5,-5,0,4,-5,-6,0,0,1,-2,4,2,-2,-8,-7,-4,-4,-29,-1,6,0,-2,-6,12,4,0,3,-1,3,10,4,-2,-3,4,8,9,-21,13,-2,10,8,-2,21,3,-16,8,8,3,10,-1,-12,24,0,11,13,6,-1,9,7,23,6,14,21,-1,7,7,14,16,-32,13,7,12,13,-7,14,5,19,15,8,12,8,8,25,18,15,4,5,-7,17,2,26,6,-5,10,19,1,-9,31,-7,11,1,3,-1,0,1,0,-1,-1,-5,-8,-8,-20,5,-2,5,-22,0,4,1,0,-2,1,6,5,-2,-3,-4,0,3,1,5,5,-1,-5,-4,2,-1,2,0,2,-1,-4,-18,-4,-1,0,-2,0,0,-14,-8,-15,1,2,-2,-2,1,2,2,0,0,0,-2,1,-11,-11,-11,2,0,3,-4,-19,-7,-7,6,-8,-3,-1,-3,-4,-3,-12,-1,-5,4,-2,-6,-6,4,-13,4,-5,-3,-17,-5,-27,-23,-3,-7,0,-16,-4,-5,-10,-13,-22,-8,-31,-8,-4,0,-8,-54,-21,7,-6,-39,-13,-14,-15,7,3,-64,-28,6,-18,-3,-6,-31,2,-7,3,-5,6,-13,6,5,-2,2,0,10,-27,2,-7,-12,2,-2,5,-12,5,6,2,3,-10,1,-9,2,-4,-101,-8,-2,1,-3,9,-8,-24,-10,5,-29,-8,2,-12,-18,-8,8,-10,-17,-33,-4,-88,-8,5,-10,4,-2,-7,-109,-5,0,-7,4,-12,-10,-4,-32,-3,-2,-5,-7,-7,-10,-11,-50,-20,-9,-6,-9,-3,-8,-29,-14,-4,0,-11,-4,-7,-7,-12,-67,-8,-5,-4,-7,0,-3,-10,-63,-16,-10,-11,-14,-12,-8,-4,-83,-1,-5,-16,-5,-12,-1,-13,8,-13,-10,-11,-10,-7,-33,-2,-56,-9,-16,-11,-9,-11,-13,-32,-40,-4,-7,-11,-37,-15,-32,-13,-54,-12,-18,-5,-2,-12,-22,-22,-11,-46,-38,-24,3,-45,-31,-22,-32,-33,-18,-19,-32,-27,-25,-5,-50,-25,-22,-25,-24,-25,-36,-8,-45,-30,-33,-7,-16,-37,-30,-77,6,-46,-29,-19,-13,8,-52,3,-70,4,-8,-16,-18,-10
0,0,-2,2,-2,1,1,-1,2,5,4,3,2,4,1,1,2,1,3,3,2,1,-1,2,0,0,3,3,4,-2,-5,1,1,-3,5,8,3,2,11,-4,1,1,-6,-4,-1,5,-7,8,-17,-6,3,-9,2,13,25,9,1,-2,0,2,-2,1,1,-1,11,5,10,11,10,4,10,-11,7,3,9,-1,3,-6,4,1,1,8,-1,7,5,1,-3,2,6,5,0,0,-3,4,-2,7,-4,-6,3,3,-12,-1,-12,-10,4,6,-3,-5,2,7,14,0,-4,-3,10,6,-1,1,-2,5,-2,-19,-8,-25,-7,11,1,-3,4,0,5,2,3,3,-1,-5,2,6,-1,7,5,-4,0,2,3,4,3,-1,1,-10,6,2,1,8,4,-1,1,4,-1,4,-6,7,8,6,1,-4,5,-1,-12,-1,-1,4,1,6,7,12,4,4,2,-2,-4,15,15,10,3,-12,-1,-5,4,2,6,1,-4,-7,-6,-1,5,19,-72,34,-4,1,9,6,10,9,24,-31,-1,-7,-1,-7,-1,-1,2,-8,2,-6,4,-1,7,14,2,11,1,-10,-3,0,9,8,11,-20,-12,-11,-27,-5,-4,3,-10,-9,-2,-16,-20,-3,12,3,-9,-7,25,4,31,25,37,30,24,24,3,14,13,8,9,16,19,37,13,15,16,12,19,3,19,-17,19,14,12,7,0,-14,33,-9,13,15,14,11,18,1,20,5,16,15,19,28,19,9,10,-2,6,-9,24,-7,-13,12,17,13,28,21,17,25,18,26,23,22,34,10,8,3,1,22,-4,19,-1,1,2,0,1,2,1,-1,-11,-13,-6,-8,-7,-10,-52,-8,-1,-3,-3,-12,2,-1,-1,-4,-3,-2,-6,0,-5,0,-1,-2,-2,-3,-2,-1,-5,1,-7,-1,-3,0,-3,-2,-5,7,-3,-3,-1,2,1,1,-3,2,-6,-6,-1,-1,-1,-1,0,0,-2,2,-5,-8,1,-28,3,-7,-23,-13,-13,0,-1,-11,8,-35,-12,11,-5,-7,-6,-7,-7,-3,-48,2,-9,-6,-6,-3,-13,-5,-3,-6,-6,-10,-12,-3,-7,-14,-10,-18,-10,-15,-9,-11,-8,-6,-12,-2,-15,-19,-11,-10,-9,-13,-11,-6,-2,-6,-7,-6,-1,-5,-5,-14,-7,-40,-15,-4,-6,-16,8,-28,-6,-4,-21,-20,3,-5,-42,15,-10,-11,-3,-8,2,-23,-3,-7,-8,-8,-3,-1,-22,-9,-7,-25,-7,-13,-3,-21,0,-11,-15,-7,-8,-8,-22,-7,-3,-6,-18,-12,-9,-18,-7,-8,-7,-9,-3,-14,-10,-12,-6,-9,1,-11,-4,-8,-23,-38,-23,-7,5,-19,11,-10,-12,-17,-20,-12,-6,4,-4,11,-9,-7,-6,-4,-6,0,-7,-5,-8,-14,-12,-17,-11,-3,-7,-4,-13,-14,-20,-1,-6,-7,-16,-9,-13,-17,-15,-6,-2,-5,-19,4,-16,-22,-13,-9,-9,-11,-10,-11,-4,-6,-10,-9,-1,7,-4,-1,-46,-53,-39,-30,-2,-54,26,-34,-34,-65,-63,-56,-47,1,-64,48,-42,-39,-36,-36,-29,-40,-21,-28,-44,-38,-39,-37,-36,-36,-25,-38,-24,-34,-38,-41,-20,-39,-32,-39,-30,-20,-41,-19,-16,-31,-41,-14,-43,-50,-24,-18,-16,-26,-28,-28,-15,3,-20,-15,-4,14,-9,2
0,0,-1,0,2,1,-3,-1,-1,0,1,4,0,-33,9,50,0,1,2,1,-1,0,9,-49,-1,0,1,2,1,-2,-8,-37,-3,0,2,-1,3,-1,-7,0,-2,-5,-2,2,1,1,-6,-11,-2,-5,-7,-6,-7,7,8,-21,2,-2,1,0,2,-2,-2,0,-1,0,-7,5,0,-3,1,-2,1,1,3,-1,-4,11,2,-5,2,0,2,1,2,3,5,10,-1,0,3,-1,1,3,5,-1,-4,-1,-1,0,-1,4,-1,-4,-2,-2,1,3,4,1,-2,-5,2,-5,-6,-1,-1,0,-11,-1,-4,-9,-1,-3,-1,1,-2,-1,1,-1,4,-3,5,1,4,0,7,2,5,5,2,0,7,17,1,6,6,1,4,4,10,7,6,-3,3,6,-2,4,-4,2,-1,1,0,6,3,2,0,-2,-2,-2,8,3,4,-5,-3,-5,6,5,-1,10,-7,1,3,-6,1,6,6,1,5,-5,2,-4,2,1,-1,1,1,1,-12,-4,-1,7,0,-5,6,-3,3,-33,2,-3,-5,6,-2,-7,15,20,1,1,-13,-9,-1,-8,-6,2,-1,0,-3,-3,-6,-13,5,12,-6,-7,-13,-3,-18,-8,-1,-10,0,4,-3,-1,-8,-3,4,6,-6,-5,2,-2,-4,1,1,-2,14,3,9,10,14,9,11,-1,3,12,8,12,20,-2,8,-4,5,7,5,13,5,13,21,17,5,6,13,12,2,8,4,13,5,8,7,5,7,6,5,9,-3,-11,0,-3,12,-3,15,15,-1,6,6,3,3,11,9,15,-3,18,20,-2,1,14,3,12,-2,-2,0,0,0,2,0,1,-11,-19,-9,-3,-9,-52,-47,-12,-5,-2,-5,-4,-4,-13,-9,8,-2,-3,-4,-3,-1,-10,-6,4,-1,-3,-2,-4,-2,-5,-4,-3,-1,-1,-1,-2,-1,-3,-3,-2,1,-1,0,-1,0,-3,-4,-1,2,1,-1,1,1,1,2,2,-5,-3,-15,-18,-15,-23,-31,6,-5,-5,-15,1,4,-16,-9,-51,1,-9,-8,-9,-24,-10,22,-11,-4,-6,-12,-5,1,-8,-14,-4,-6,-5,-3,-7,-5,2,-4,11,-2,-5,-4,-5,1,-6,-2,-10,-4,-1,-2,-3,-2,-4,-8,-6,-14,-1,-4,-4,-7,-4,-3,-8,-15,-7,-11,6,-6,2,-47,-16,-7,-7,-6,-9,-5,-14,-11,-20,-5,-6,-10,-6,-25,0,27,-4,-3,-11,-9,-9,-5,0,-2,-1,-5,-1,-9,-5,1,-4,-6,-11,-4,-13,-5,-1,-6,-7,-1,-10,-15,-4,0,-5,-6,-3,-9,-6,-8,-4,-3,-7,-4,-6,-2,-9,-12,-9,-8,-15,-5,-12,-13,10,-13,-17,-19,-13,-47,-10,-23,-5,-8,-14,-14,-11,-31,-18,12,11,-5,-8,-17,-9,-3,-17,-11,-1,-10,-13,-5,-14,-11,-12,-15,-13,-10,-11,-11,-6,-15,-10,-7,-9,-9,-11,-11,-7,-11,-7,-9,-10,-8,-10,-8,-9,-12,-9,-5,-5,-22,-20,-30,-13,-21,-31,-35,-14,-23,-29,-35,-13,-56,-10,-27,-24,-34,-29,-38,-14,-53,-12,50,13,-11,-25,-12,-25,-16,-11,-23,2,-15,-27,-20,-18,-4,-15,-7,-31,-28,-13,-22,-7,-19,-15,-7,-21,-17,-24,-7,-12,-15,-14,-14,-17,-19,-2,-9,-11,-15,-15,-6,-9
1,1,-1,-2,0,2,-1,-1,-1,-5,-10,-9,-6,-6,-13,-12,-8,-10,-10,-10,-7,-9,-6,-8,-9,-11,-8,-8,-6,-6,-6,-9,-7,-7,-6,-5,-3,-3,-7,-10,-6,-7,-7,-6,-5,-8,-6,-9,-7,-5,-5,-9,-3,-8,-4,-5,2,-1,0,1,0,1,-1,-2,-7,-11,-17,-15,-13,-19,-21,-17,-19,-15,-19,-16,-14,-21,-16,-22,-16,-14,-14,-18,-17,-16,-19,-20,-18,-18,-18,-17,-20,-20,-20,-20,-18,-17,-15,-17,-19,-19,-22,-17,-17,-19,-15,-21,-27,-17,-27,-14,-17,-14,-16,-18,-16,-26,-15,-20,-26,-20,-20,-17,-20,-22,-20,-26,-44,-21,-27,-19,-32,-16,-42,-14,-26,-27,-23,-38,-15,-29,-12,-35,-34,-20,-42,-18,-25,-21,-28,-21,-17,-39,-20,-45,-21,-37,-19,-37,-41,-17,-27,-22,-39,-19,-28,-14,-21,-41,-19,-20,-25,-39,-21,-37,-33,-22,-39,-21,-23,-21,-41,-15,-17,-29,-19,-48,-19,-41,-31,-28,-36,-43,-51,-46,-50,-40,-45,-39,-44,-43,-44,-44,-39,-41,-44,-44,-43,-43,-44,-41,-36,-38,-40,-50,-41,-42,-41,-34,-41,-41,-43,-40,-38,-48,-44,-47,-44,-47,-37,-37,-44,-46,-48,-49,-41,-41,-48,-42,-48,-35,-41,-40,-41,-43,-33,-43,-45,-33,-43,-44,-41,-33,-46,-47,-27,-30,-29,21,-29,11,-26,-12,-32,-28,-31,3,-29,-25,-26,-25,-40,-26,-41,-30,-32,-22,-28,-33,21,0,-23,-30,-30,-23,-17,-24,-43,-30,-32,-32,-24,-18,-30,-13,0,-32,-31,-48,-25,-23,-23,-45,-24,-39,-31,-31,-36,-19,-26,-23,-28,-33,-36,-26,-27,-27,-21,-39,-1,0,-2,2,1,-2,-2,3,-14,-25,-31,-48,-44,-48,-33,-45,5,-28,-34,-42,-44,-42,-36,-42,10,-45,-43,-33,-41,-29,-39,-35,7,-54,-51,-43,-43,-30,-39,-44,4,-46,-58,-45,-48,-46,-44,-45,3,-48,-47,-48,-45,-38,-38,-49,1,-1,-2,-1,2,0,-2,0,0,0,-8,-5,-9,-9,-11,-8,-11,-12,-7,-9,-8,-8,-10,-12,-10,-14,-7,-7,-3,-6,-10,-7,-8,-7,-12,-7,-7,-3,-7,-14,-7,-8,-6,-2,-5,-4,-7,-8,-7,-10,-8,-6,-7,-2,-4,-9,-11,-8,-2,-9,-2,1,-6,-5,-8,-10,-6,-8,-6,-8,-5,-8,-17,4,-15,5,-15,5,-8,3,0,-15,5,-17,6,-17,2,-12,-16,9,-15,5,-10,7,-22,6,7,-19,8,-14,5,-15,4,-14,-16,7,-14,10,-12,2,-19,3,6,-11,5,-19,8,-12,3,-9,-9,2,-16,7,-19,8,-12,2,5,-15,7,-19,8,-18,8,-14,-22,-21,-22,-26,-29,-28,-30,-24,-28,-18,-27,-26,-28,-24,-28,-22,-26,-21,-25,-21,-28,-23,-28,-22,-28,-19,-24,-25,-26,-29,-27,-24,-29,-22,-23,-22,-32,-30,-28,-25,-25,-24,-23,-26,-28,-31,-34,-24,-30,-21,-27,-22,-32,-32,-27,-28,-28,-24,-24,-27,-28,-26,-33,-24,-21,-18,-17,-18,-18,-14,-21,-21,-24,-17,-23,-22,-29,-32,-19,-17,-38,-24,-21,-33,-18,-33,-31,-31,-35,-34,-27,-22,-33,-30,-27,-34,-25,-23,-33,-40,-34,-28,-22,-31,-33,-28,-24,-34,-30,-26,-34,-19,-15,-15,-27,-36,-21,-33,-24,-15,-43,-33,-37,-34,-34,-16,-16,-17
-2,0,-2,1,1,-2,0,1,-1,-1,-4,-5,1,2,1,1,-1,1,-4,1,-1,1,0,0,1,0,3,-1,4,0,-1,1,1,2,0,3,3,-1,1,0,4,-1,8,12,7,7,1,4,3,7,2,4,4,5,-4,3,-2,-1,0,0,-2,0,0,-2,4,13,6,11,-1,14,8,3,6,10,7,16,10,13,14,7,14,9,16,6,17,9,8,9,6,4,11,8,8,17,5,7,0,7,2,17,8,9,9,5,-4,15,-1,15,2,6,5,1,10,-7,11,-1,12,0,8,-3,3,-3,4,4,0,4,-4,-1,16,6,16,14,17,13,4,14,14,17,11,17,16,18,14,12,14,15,15,14,19,12,13,11,11,21,15,16,13,18,7,13,11,10,15,18,21,13,20,14,6,17,11,19,13,20,15,20,14,7,18,9,16,16,20,13,13,16,-4,23,8,15,10,20,20,14,19,15,22,7,15,14,16,29,13,19,14,34,19,13,24,20,8,11,28,22,10,16,10,27,7,17,11,14,4,17,20,5,14,18,14,7,12,10,9,29,3,15,18,2,1,-2,15,27,18,14,16,15,17,20,22,24,17,17,21,11,15,9,27,23,28,21,24,12,16,10,14,25,17,21,17,28,11,-2,37,18,18,14,23,16,16,-12,9,30,9,30,4,19,-5,-6,10,12,25,28,13,20,-13,9,20,18,20,21,5,0,9,13,28,27,22,18,8,24,-7,1,36,21,14,21,3,23,12,-11,2,-1,2,-1,-2,-2,1,2,-5,-1,-6,1,8,-1,-4,-18,-4,-2,-11,-7,-4,-5,-8,-7,-4,-8,-6,-10,-2,-2,-7,-1,-3,-3,-6,-7,-3,-5,-4,0,-6,-1,-7,-1,-3,-3,-3,0,-4,0,-5,-1,1,-4,-3,-1,-1,-2,0,1,-2,2,1,0,-10,2,-14,-13,-10,0,-5,-7,-16,-17,-58,-10,1,-7,-27,-25,-7,-46,-16,-63,-9,-11,-9,-21,-10,-17,-19,-21,-9,-9,-18,-12,-10,-13,-15,-14,-13,-12,-13,-14,-11,-9,-12,-9,-18,-3,-10,-11,-5,-14,-11,-9,1,-11,-6,-11,-3,-7,-7,-13,-14,-6,-5,-7,-13,4,-12,-8,-4,-5,-36,-16,-12,-28,-6,-3,5,-8,-32,-19,-28,-10,-41,-8,-42,-11,-50,-27,-7,-33,-1,-48,-12,-6,-13,-8,-29,-10,-56,-13,-19,-8,-13,-30,-12,-31,-12,-10,-10,-7,-11,-13,-17,-16,-7,-7,-2,-13,-3,-12,-16,-3,-7,-7,-10,-3,-10,-2,-10,-9,-14,-8,-10,-10,-11,-25,-10,-10,-16,4,2,-12,-14,-14,-14,-21,-21,-12,-10,-16,-11,-32,-12,-16,-9,-10,-12,-9,-8,-15,-13,-19,-14,-13,-16,-9,-13,-15,-15,-11,-10,-11,-14,-8,-10,-13,-12,-12,-15,-12,-14,-10,-7,-12,-8,-8,-14,-15,-9,-10,-8,-6,-16,-12,-33,-41,-44,-30,-36,-48,-17,-29,-18,0,-14,-15,-44,-27,-33,-24,-35,-28,-24,-48,-21,-29,-26,-32,-25,-25,-28,-13,-27,-16,-34,-31,-25,-27,-30,-26,-22,-30,-25,-24,-25,-22,-29,-25,-24,-25,-26,-24,-26,-23,-15,-25,-21,-27,-23,-22,-28,-19,-19,-17,-25,-19
2,0,-2,1,0,1,2,-2,1,4,-1,8,9,13,8,1,3,0,2,3,6,8,5,-3,2,3,2,3,5,1,-4,0,2,2,4,-1,6,-2,8,-3,-2,10,2,9,3,5,-2,4,-2,-12,13,0,14,-9,6,-23,2,-2,0,-2,-1,2,-1,1,12,6,-3,10,5,-10,8,12,7,15,-5,4,12,4,-1,0,4,-7,6,3,2,0,2,5,1,8,-9,9,1,-4,-5,-23,17,10,-3,9,-10,-2,10,12,14,13,2,-1,4,25,1,16,5,3,4,-4,8,14,-8,-4,-3,-5,0,7,-6,-1,-4,0,22,-6,14,-12,27,-5,25,2,11,17,4,16,4,29,3,31,15,0,14,-3,18,-7,8,-2,6,28,-6,29,-14,18,-20,14,23,-8,24,-11,35,-10,29,-6,-12,18,-8,30,-16,35,-40,24,30,-26,34,-21,32,-5,26,-30,-17,28,-17,26,-12,18,-13,30,2,7,7,7,4,0,-1,9,3,6,5,7,8,3,3,6,-3,-4,6,5,-7,4,7,11,1,-4,-12,-2,-13,5,-7,-2,5,-7,3,-3,10,-5,27,7,-14,-27,-12,-16,11,0,9,12,-3,-19,1,-19,-31,18,4,2,8,1,13,7,-34,-2,0,16,1,11,13,6,-2,-7,4,11,6,13,9,10,6,11,-2,-4,3,-5,2,12,-1,3,1,7,12,13,6,8,-1,11,-13,-5,17,1,4,-20,15,12,8,12,0,20,4,15,-9,8,12,12,21,-15,2,-31,-3,-10,-9,-1,0,1,10,-4,0,-8,-3,2,2,0,3,1,1,-1,0,2,-43,23,-25,10,-8,34,-37,15,-4,0,-6,-7,-27,-10,-10,-1,2,0,-6,-3,-5,-14,-11,-1,-3,0,-9,-2,-5,5,10,3,-1,-3,2,-4,-2,-12,-3,-9,-2,5,-3,0,-9,5,-10,1,1,-1,1,-1,-2,2,0,1,3,-9,-12,5,29,-6,-9,0,-15,-21,-11,-1,2,8,-11,-2,3,-7,0,-57,7,0,3,0,-3,-7,-16,5,-5,-10,-10,-1,5,4,-6,-5,-14,0,7,-5,-8,-7,-3,7,-10,-2,-12,4,1,-4,-2,-5,4,-4,-6,-2,-6,-4,2,6,-12,3,-4,1,-9,3,-1,4,12,-1,6,-4,-5,12,-1,-27,-6,2,-45,8,-5,-20,9,-6,14,10,3,3,6,-5,-13,1,-7,5,-7,1,-11,-1,-7,-1,-11,-7,2,-8,2,-1,3,-4,0,-3,-7,-2,5,-1,-6,-2,-6,0,-8,6,-8,-13,-2,-12,2,-9,-2,-10,-12,-1,-9,-16,26,0,-47,-22,-3,14,-7,4,-13,-13,-8,-15,-1,-11,0,-5,13,19,20,12,-3,-2,-1,7,6,11,-24,-19,-1,2,1,-8,-3,-4,0,-12,-11,-2,-5,1,-6,-5,-16,0,7,-5,9,-7,6,-6,2,-4,-2,7,-6,3,-3,9,-5,1,-1,0,13,24,53,38,6,-12,-8,-9,-2,1,-14,-46,-47,-8,-6,-39,28,-20,27,26,17,-7,-1,-45,-23,-8,5,10,-9,-5,-12,4,0,-10,-11,-8,-23,-11,-14,-11,-9,0,-13,12,-12,0,7,-18,2,-6,5,-15,6,14,5,0,-9,-1,-8,0,9,-35
0,-1,-2,-1,1,-3,0,0,8,1,4,1,3,1,-1,-4,0,-4,-2,0,3,2,-3,5,4,8,2,0,-1,-1,2,-5,9,-5,8,-3,-8,3,4,5,-4,-3,-4,-1,-7,-1,-3,7,-11,-6,-16,-11,1,2,20,-12,-1,0,-1,-3,0,2,1,2,1,6,5,-4,4,-1,-1,1,-4,6,2,19,-6,1,-1,7,33,9,-5,-9,2,-2,5,-3,2,-13,14,3,-13,11,-6,10,3,-9,-1,2,11,-23,-11,9,-11,-7,-7,-34,-4,17,1,-11,-17,-28,-14,10,-2,-21,0,8,2,-13,-3,-16,-20,21,-12,19,-1,-12,5,12,-7,-8,4,-3,12,1,-6,5,6,-1,0,-5,-2,-1,4,-12,2,15,-15,-1,6,4,-9,6,-8,-6,5,-5,-7,-7,8,-10,-10,-8,0,21,-22,7,0,-6,-8,-13,5,4,3,-11,1,-5,-11,9,6,2,-2,-6,-1,9,11,-3,5,-7,2,6,2,4,3,2,9,2,4,5,-6,-2,-6,-8,-3,6,12,11,27,9,-2,4,10,9,6,11,-16,-3,4,3,-9,7,18,20,20,3,3,19,24,8,11,-11,1,5,-7,7,6,18,9,10,-6,-8,-10,16,11,2,0,3,5,6,-19,-23,-1,9,14,7,12,9,6,10,25,13,14,17,8,10,4,-4,11,15,9,19,28,17,1,13,-4,24,30,39,13,-7,17,13,10,7,8,20,23,15,-5,35,8,19,21,5,48,2,26,8,12,14,27,32,28,24,-12,23,21,7,12,21,6,2,30,12,24,29,-2,-1,2,-2,-2,0,-1,-1,-29,0,-15,-9,-12,-10,11,-35,0,4,-6,6,3,2,7,-7,-1,-11,-3,1,-2,0,5,-2,3,-2,0,-2,-2,1,0,0,-4,1,-6,-4,0,-2,3,1,1,-1,-1,-2,1,0,3,1,-2,0,-3,-1,-1,2,1,-1,-5,-3,-8,-5,-4,-10,-7,11,-11,-16,-3,-11,-13,3,-3,-6,3,11,-11,-11,11,-9,-2,-5,-5,-7,-1,-4,-8,-4,15,-9,8,1,-11,-4,-8,-9,-5,8,-3,5,-1,-13,-17,-8,8,0,-3,-7,2,-1,-3,-11,-1,-1,-8,-2,-7,-8,-5,-3,-3,-6,-3,8,-5,-1,0,-2,2,3,-21,-15,-7,-4,-12,0,-5,-13,13,9,-23,-17,0,-4,-10,-21,-21,-27,12,1,-17,-6,4,-10,9,10,-8,-13,-2,-12,-5,4,-11,12,-10,-11,-18,0,3,-3,-3,-10,12,-10,-8,-10,-1,8,-10,-2,-7,-13,-11,-1,-15,-1,-20,7,-15,-7,-15,-6,-20,12,-32,-17,-5,1,-10,-13,-7,-10,20,20,-31,-5,4,6,-26,-20,-24,-22,1,-16,-15,-25,19,-12,16,1,-5,-11,-9,-33,-21,20,-14,14,-11,-10,-27,-5,17,-10,-8,-12,-8,1,-23,-14,8,-4,-4,-10,-14,-16,-5,-1,-5,-3,-18,-4,-37,-43,-61,-36,-44,21,-64,-38,-5,-35,-79,-62,-40,-49,28,31,-54,-37,8,0,-49,-42,-49,-41,10,-29,-59,-44,23,-73,27,7,-18,-37,-26,-48,-32,33,-22,21,-43,-46,-42,-21,23,-13,-38,-33,-33,-22,-41,-40,-15,-3,-12,-25,-35,-27,-25,12,-16,-11
2,-1,0,0,2,-2,0,0,-3,-1,-2,0,-2,-3,-24,-6,-4,1,0,-1,0,-4,-50,-3,-4,1,-1,-2,-3,-5,-36,-3,-1,-2,1,0,-3,-8,-43,-5,-1,-1,-2,-7,-5,-3,-40,-5,-3,0,-8,-8,-17,-6,-45,6,1,0,2,0,1,-1,0,-2,6,5,4,2,-1,1,6,5,4,2,-2,3,-1,4,1,6,3,0,3,0,0,2,-1,1,0,-1,2,1,3,-9,6,0,3,-5,-2,0,-1,0,-1,7,-3,2,-1,3,4,1,4,-10,4,-8,5,-7,1,7,3,2,1,5,4,13,-2,0,3,0,-1,2,6,-2,-3,-2,7,5,3,5,-4,3,4,-5,2,-4,5,3,1,4,2,-3,5,-8,4,-4,4,-3,1,-3,3,-7,6,6,-1,1,-3,-5,-1,-3,4,-1,2,-2,-2,-2,2,-10,3,4,-1,-4,-3,-5,6,-3,6,1,6,-4,5,9,4,1,13,11,8,11,9,9,10,11,9,10,11,8,9,5,4,2,7,8,7,7,11,1,0,5,9,5,5,7,8,8,3,1,3,6,1,7,10,8,-1,-1,6,7,8,12,8,8,-2,7,12,5,11,12,10,7,-4,0,14,13,9,10,10,16,8,11,20,17,17,18,15,14,16,8,21,18,15,15,16,12,12,18,13,12,8,12,14,6,21,11,10,5,7,12,14,8,22,6,3,-5,15,3,2,8,10,6,2,22,1,6,15,-2,7,14,9,10,1,14,2,18,8,3,4,9,6,8,-15,2,-1,4,-2,-1,1,0,-1,-2,1,-1,3,7,5,6,-1,0,-12,-4,-1,3,3,-1,-3,-1,-39,3,2,3,1,3,-1,-6,-46,-1,2,1,3,0,0,-6,-67,-3,3,3,0,3,0,-3,-86,-5,2,2,3,2,4,0,-79,0,1,-1,-1,-1,2,2,-1,2,6,8,10,3,-4,-3,6,0,3,5,-1,6,-18,-8,-7,-3,5,5,2,0,1,-4,-6,-3,5,0,1,0,-1,-4,-8,-8,0,2,2,-3,-7,-2,-22,3,-2,1,-3,1,-9,1,-32,-1,4,3,-2,0,-1,0,-36,-4,-2,-2,-3,-2,2,-9,-10,-19,-1,-13,-6,-8,2,0,1,-4,3,-4,-1,-6,-5,-10,-3,-3,-4,-1,-7,0,-5,-4,-5,1,2,0,-3,-4,-2,-5,-11,-4,0,-3,0,1,-2,-2,-18,-4,0,-1,0,-4,-3,-6,-16,-3,2,-1,-4,-3,-1,-9,-35,-5,-5,-4,-5,-6,-1,-4,-11,-2,-1,-10,-4,-1,-2,-1,2,-8,-2,-5,2,-7,1,0,-1,3,-5,-1,2,3,2,-1,4,2,2,3,-2,-2,-2,-3,6,-2,-1,0,6,-4,-2,1,12,2,-5,-5,1,-5,3,-4,22,5,-5,-4,1,-2,3,-2,33,9,0,0,0,1,2,7,50,7,-2,-18,-16,-9,-16,-11,3,-1,-4,-10,-16,-5,-14,-6,8,2,-17,-18,-23,-10,1,-3,3,1,2,-2,-11,-14,-3,2,0,7,-7,-17,-9,-5,-2,2,9,12,-9,-2,-6,-2,6,6,8,10,-6,-9,-9,3,5,1,24,14,-4,-5,-1,-3,6,5,40,8
2,-2,0,0,-1,2,-1,-2,2,1,2,1,2,-28,2,1,1,2,0,1,1,2,2,2,2,1,2,2,2,2,0,2,2,0,1,3,2,2,3,2,2,0,2,1,1,1,3,1,1,-3,4,-3,-2,6,-3,7,-2,2,-2,-2,1,1,-2,1,0,2,-3,-1,4,-8,1,-5,6,2,1,0,-1,1,-1,-4,0,1,2,4,-3,2,1,8,1,1,2,-3,5,1,3,-5,5,-1,-1,-2,1,1,1,4,4,-2,1,3,-2,-4,-2,-2,-4,1,-3,-1,-4,4,4,-3,0,7,2,-1,3,3,0,2,3,6,2,4,-4,3,2,1,3,2,4,2,5,-21,1,-4,1,4,-2,1,3,4,3,1,2,-4,1,-1,2,0,1,-4,-1,0,0,0,0,6,-3,3,-3,-3,-1,-2,4,0,1,-8,-2,-2,1,5,-1,7,-5,2,3,3,-2,-2,5,-4,4,-1,3,4,5,2,3,1,2,3,6,4,3,5,7,4,9,8,3,1,0,4,3,5,6,1,4,2,3,7,-1,2,1,1,2,2,7,1,4,8,-3,3,0,-3,0,8,0,3,0,2,2,5,-4,5,-1,6,6,4,3,5,3,2,3,3,7,5,-4,5,1,8,11,11,7,2,6,4,5,9,15,16,14,7,1,2,7,-1,15,13,17,-11,3,-10,-1,6,-5,5,-14,8,-13,-2,9,-8,-14,9,-1,3,-16,-2,-12,-23,-7,-28,-15,-9,4,-12,-4,-4,-1,1,-6,1,-5,-2,-10,7,3,15,-19,3,-2,-2,1,0,-1,1,2,-1,-8,-2,-12,-17,23,30,24,-21,-4,-4,-4,0,-67,0,-78,-4,-3,-4,-3,-1,-2,2,1,-2,-3,-3,-3,0,-1,0,-2,-1,-2,-2,-2,-1,-2,1,-1,-3,-2,-2,-1,0,0,-1,0,-1,3,-2,0,0,1,-1,-2,-1,1,-6,-3,-80,-2,-9,-11,-84,-5,-6,-9,-10,-22,45,5,0,5,-2,-9,-79,-4,-13,-9,-54,-1,-4,-1,-3,-83,-8,-76,-9,-1,-1,-6,-2,-5,-4,-7,-6,-4,-5,-2,-3,-3,-5,-3,-2,-7,-2,-2,-1,-1,-3,-4,-1,-2,-2,-3,-3,-2,-7,-5,1,-3,-6,-10,-8,-81,-12,-71,-4,-7,-3,-3,-17,1,45,2,-10,-3,-7,-13,-3,-79,-8,-75,-4,0,-9,-2,-74,-3,-3,-7,-58,-5,0,-80,-3,-1,-4,-8,-4,-4,-71,-6,-6,-1,-6,-3,-3,-77,-4,-6,0,-3,-2,-4,-7,-2,-5,-1,-9,0,-3,-2,-3,-9,-16,-14,-23,1,-64,-8,-12,-66,-75,-57,-79,-52,58,-76,-72,-6,-6,-7,-17,-15,-67,-12,-8,-7,-16,-10,-11,-15,-64,-15,-12,-7,-10,-11,-7,-10,-79,-13,-9,-11,-11,-6,-8,-5,-57,-12,-8,-6,-9,-7,-8,-9,-58,-13,-8,-6,-7,-6,-4,-8,-50,-8,-8,-12,-32,-32,-25,-36,-34,-58,-17,-47,-36,-24,-23,-30,82,-36,-14,-10,-26,-20,-23,-52,-44,-38,-35,-22,-21,-7,-33,-15,-53,-22,-23,-15,-22,-28,-14,-9,-19,-22,-16,-20,-38,-16,-14,-12,-33,-16,-8,-53,-16,-14,-11,-12,-24,-10,-13,-17,-13,-10,-14,-10,-55,-9,-18
2,-2,1,-1,2,-1,-3,0,0,0,1,-5,0,2,0,0,2,-1,-1,-2,0,2,0,1,0,5,-3,49,0,4,0,0,-1,0,-8,-5,-4,-1,-2,1,-3,-3,1,-4,-3,-5,6,1,-7,1,-6,-7,-6,0,-8,5,-2,2,-1,2,-2,-2,1,1,3,1,-2,-4,2,-1,0,-1,2,-1,6,1,2,3,3,1,2,13,3,12,0,3,4,0,12,-3,-3,-5,11,-1,6,0,-2,1,-4,-3,-5,0,-1,-1,23,-5,14,-8,15,5,2,6,-7,13,-3,22,6,-4,-6,-2,-3,7,-9,-4,-10,14,-16,-9,-3,1,2,4,-2,0,7,0,5,3,6,2,3,11,2,-3,9,-1,2,-1,11,0,-3,2,-1,11,-2,25,2,0,-1,-2,2,0,7,-4,-3,3,-4,-1,-10,19,-6,11,-9,1,2,-7,12,-1,-3,-24,12,-2,-9,-5,-3,2,-2,-8,-4,19,4,2,3,4,6,6,5,5,4,3,3,1,5,9,3,3,3,2,2,2,9,1,-5,1,-1,3,3,5,12,-11,7,1,-6,1,10,12,-12,22,18,14,7,4,1,-2,13,0,-6,2,-1,4,2,1,7,-6,-2,6,6,5,4,1,8,7,5,1,2,4,10,9,10,8,7,8,8,5,6,4,11,10,10,12,10,4,11,6,8,7,7,8,4,4,12,12,12,16,12,8,4,0,12,9,16,20,14,9,11,3,5,14,13,22,4,-3,18,13,3,13,12,3,19,23,9,9,7,8,3,17,6,24,13,14,-1,2,1,-2,-2,0,1,0,-13,-15,-2,-3,-12,-1,1,-9,3,-8,-3,-4,-1,-4,-2,-3,-1,-3,-6,0,-1,-2,-1,-3,-3,-1,11,-1,-1,-1,-1,0,-1,-7,0,-3,-1,-4,-1,0,-1,-3,-1,-3,-2,-1,-1,-1,-1,0,1,0,1,-2,0,2,-6,-5,-12,-4,-11,3,-28,-3,-10,-8,-5,-3,-1,-1,0,-5,-2,-8,-3,-17,-7,-8,-14,-9,-7,-3,-5,-7,-8,-3,-7,-3,-11,-11,61,-5,43,-5,-9,-3,-10,-4,-5,-7,-13,-4,-5,-2,-4,-18,-4,-8,-4,-2,-7,-5,-3,-4,-2,-4,-2,-5,-1,-4,-12,-6,5,-11,-4,-5,-12,-7,-8,-7,2,-8,-5,-10,-4,-10,-2,-6,-6,-12,1,-1,-5,-13,-5,-5,-7,12,-6,-5,-2,-9,-17,-7,62,-5,47,-3,-3,-4,-4,-6,-5,-5,-4,-4,-3,-4,-6,-3,-4,-3,-7,1,-6,4,1,-4,0,-1,-4,-6,-7,-6,-8,-1,-4,-3,-3,-4,-6,-1,-7,-6,-2,-7,-3,-14,-9,-9,-4,-10,-17,-1,0,-10,-18,-11,-9,1,-19,26,-11,-7,-6,-8,-21,-13,59,-11,42,-12,-5,-4,-4,-9,-11,-13,-9,-6,-8,-4,-5,-10,-6,-9,-9,-12,-8,-2,-5,-6,-5,-10,-9,-6,-4,-5,-15,-1,-50,-32,-15,-28,-16,-6,-48,-28,6,-13,-7,-44,-43,-20,-13,-52,-26,-15,-6,-28,-56,-26,-19,2,-25,41,-11,-8,-15,-21,-29,-36,68,-19,49,-21,-17,-15,-14,-18,-15,-12,-14,-9,-12,-11,-5,-18,-10,-10,-11,-12,-10,-4,-13,-8,-12,-6,-9,-20,-10,-10
2,0,0,1,-1,0,-2,0,-1,0,-2,2,-1,2,2,-1,-2,-2,-1,0,0,1,0,-3,-1,-3,-1,-3,1,0,2,0,-1,1,-2,-1,-2,3,0,-20,4,-3,-6,-2,-2,-1,-2,51,1,-7,-2,-16,2,-1,11,84,-2,1,1,-2,0,2,0,-1,-4,1,-2,0,-7,-4,-1,0,0,-6,-4,0,-2,0,-4,-8,-3,-9,2,-12,-3,1,-8,-2,-10,-13,-3,-4,-5,0,2,0,0,-8,-6,-3,-9,-1,-6,-3,-14,-2,0,-2,-7,0,6,-2,-8,-12,2,-10,-4,8,-13,-53,-4,-2,-8,-8,0,11,10,-4,3,-3,0,-5,0,-1,3,-9,0,2,-5,-3,-5,-6,2,-11,-2,-12,6,-9,3,-2,-3,-2,-4,-1,-1,8,-1,0,2,-3,-2,0,-2,-3,4,-2,2,0,1,0,-12,3,-3,9,-1,-3,2,-4,-8,2,-1,-5,10,-35,-8,4,-1,3,0,3,13,-11,-1,-2,1,1,-1,3,5,7,5,2,-2,2,4,-6,7,10,-4,2,-4,2,-3,-8,8,14,-26,-14,-1,6,1,-5,10,10,-5,4,1,1,14,-4,0,12,8,6,-1,-2,3,-1,-2,7,10,12,9,-3,5,-5,8,-22,8,16,18,16,16,12,18,-19,-1,9,1,1,6,-3,9,13,9,9,-1,6,-4,-5,5,8,5,0,11,-3,3,-3,4,20,-1,8,4,-4,-5,0,5,4,3,10,-4,-14,3,-4,9,-15,11,-4,-8,-6,-1,-16,8,-7,2,1,-4,5,6,11,-9,-13,1,2,0,1,-2,4,-4,-19,1,0,-2,-2,-1,0,2,2,-12,-7,-5,2,-4,4,1,14,2,2,4,-2,0,-2,-1,3,1,0,0,0,1,-1,-2,2,2,0,0,0,-1,1,-3,0,1,2,0,-1,-1,-1,3,1,3,0,0,0,-3,-1,4,-60,-1,-1,1,1,-1,2,-1,-2,-3,1,-1,1,0,-9,1,-4,-2,-1,-3,0,-2,-1,5,-2,-2,-2,3,-4,-6,3,-4,-5,-2,-2,-2,-1,4,-7,4,-10,-2,-5,-3,1,-8,4,-32,1,1,1,-1,-1,0,-17,-52,-1,1,-3,2,-3,-5,-45,-1,-29,2,2,3,1,6,-23,16,-63,-52,-13,-9,-7,1,-2,-5,-3,1,-97,-16,-11,0,-6,-3,-6,-2,-3,-88,-18,-8,0,-5,0,-5,-4,1,-57,-12,-9,-3,-14,2,-6,-4,2,-100,-16,-14,-2,-3,-3,-4,-4,3,-67,-30,-5,-5,-2,-5,0,-7,0,-48,-50,1,-4,5,-3,7,-1,-38,-116,-4,3,-4,-15,-17,-2,-12,-44,-3,-4,-14,0,-5,-16,-13,-49,-8,-13,-11,-10,-6,-19,-15,-42,-9,-8,-14,-12,-10,-9,-15,-48,-4,-11,-5,-7,-9,-15,-17,-58,-4,-14,-9,-6,-5,-10,-15,-43,-8,-12,-15,-16,-18,-22,-1,-65,-12,-14,-16,-20,-31,-40,-7,-70,-48,-31,-19,-21,-36,-27,-37,-44,-34,-62,-40,-32,-27,-23,-26,-43,-31,-40,-62,-38,-47,-42,-21,-56,-25,-24,-25,-72,-25,-35,-31,-58,-15,-31,-20,-27,-47,-29,-22,-57,-10,-12,-18,-20,-14,-46,-44,-59,-15,-29,-19,-19,-23,-32,-23,-56,-11,-24,-13,-15,-46,-65,-15,-67
0,0,0,0,-1,0,-1,0,-1,-3,-6,-1,6,0,-20,-1,-1,-4,-2,-1,-2,-12,1,-5,-1,0,-1,-1,-12,0,-3,-3,1,-2,-1,-5,1,-1,2,-6,-2,0,-7,3,-1,1,1,-4,6,2,-3,-18,-2,-7,1,-10,0,0,2,-1,2,-2,-2,-1,10,-4,-8,-8,2,-9,-4,-4,-2,-8,-3,-4,0,-3,-7,2,-1,-3,-5,0,-2,-7,8,-3,-6,-3,-4,3,-5,1,-9,-5,0,-8,-4,-8,3,-4,3,-3,8,3,-6,-2,1,-7,7,1,4,-1,3,-3,0,0,2,4,1,2,-1,-11,-18,2,-4,2,4,32,2,28,2,36,-9,34,33,-2,30,2,32,6,41,3,-1,36,5,29,1,27,2,37,32,4,27,-6,31,-1,27,0,-2,31,-10,33,4,29,-2,26,39,-5,32,4,34,1,31,-7,5,37,-4,36,-6,28,5,37,42,-6,33,-11,27,-4,34,7,3,4,5,2,0,0,-3,3,3,0,3,2,7,-6,-8,-2,5,6,-8,8,6,6,6,0,-3,0,3,-9,-2,9,4,8,-8,9,3,6,-9,5,-13,4,-2,-1,5,5,-6,9,-6,7,2,7,-23,-4,-10,-9,-4,2,-11,11,-8,-26,-3,-8,-13,0,15,15,23,14,9,9,19,34,2,5,11,12,20,9,12,23,-6,22,11,19,15,10,12,13,16,19,12,13,13,1,13,2,5,20,2,11,13,9,14,23,16,-19,24,18,35,8,20,-2,3,11,14,-34,24,28,6,20,23,-33,28,-21,-34,-17,7,-22,1,2,-1,-1,2,0,0,-2,-15,5,-27,3,-49,10,-24,9,-14,1,0,-4,-2,-1,-2,0,-2,2,-2,1,-8,-1,-4,-2,-2,0,0,-7,-1,0,-1,-2,2,3,-7,-2,-5,-1,0,-3,1,-9,1,-7,0,-4,0,-3,0,-2,2,0,1,0,-1,2,-4,-8,-3,-5,-25,-3,-10,4,-5,-5,-9,-12,-6,0,1,-6,-4,-9,-8,2,-8,-9,3,9,4,1,-3,-8,0,-5,-5,-12,-5,-2,-3,-5,-2,-6,-2,-7,-1,0,-1,-2,-3,0,-5,-2,0,2,-6,-2,-5,-3,-6,1,-9,0,0,-6,-1,-2,-2,-2,16,-44,11,-14,14,-13,12,-37,-15,17,-16,9,-17,14,-7,14,13,-56,14,-12,15,-24,17,-6,-30,16,-21,15,-32,13,-7,12,15,-15,13,-39,13,-16,11,-15,-12,12,-36,12,-14,13,-9,11,12,-34,15,-16,13,-13,13,-15,-27,12,-12,13,-13,13,-21,12,-10,-2,-6,-9,-11,-9,-6,-2,-1,-10,-1,-13,-15,-9,-2,-14,-1,-5,-5,-9,-8,-7,-6,-1,-5,-5,-2,-6,-1,4,-12,-13,-7,0,-6,6,-1,6,0,-5,-5,-3,0,-1,2,1,-6,-3,-8,-1,-5,2,0,-1,-2,-1,5,-4,2,-1,-2,-2,2,-1,-14,-40,-43,-55,-31,-16,-24,-14,-17,-23,-30,-43,-18,-20,3,-26,-13,-26,-20,-16,-23,-30,-25,-13,-29,-18,-11,-25,-32,-33,-23,-31,-10,-19,-26,-23,-15,-15,-26,-33,-17,-18,-18,-15,-14,-18,-16,-12,-32,-9,-14,-19,-12,-15,-11,-9,-21,-16,-20,-17,-15,-14,-13,-14
1,1,2,-1,2,2,-2,-1,2,1,0,-1,5,9,-2,-1,3,2,1,0,7,2,1,-2,2,2,0,2,6,9,8,1,-2,4,1,3,15,9,6,3,-3,0,-3,2,4,9,7,6,-11,-5,-18,4,10,-3,10,2,1,0,0,-2,-1,1,-1,0,2,1,-1,9,13,5,11,5,5,-2,3,4,12,13,14,15,2,7,3,12,4,14,12,19,1,-3,11,12,13,11,22,13,10,2,8,-1,20,14,17,6,-37,1,32,22,11,10,22,12,9,-9,16,15,29,15,-3,12,-8,-11,-30,24,14,2,5,7,15,17,10,16,8,10,9,10,17,12,16,10,10,9,11,4,9,10,15,13,8,4,7,10,-1,14,18,7,15,10,14,10,13,10,11,22,9,10,8,9,1,14,9,2,20,18,9,12,4,2,5,10,18,17,11,15,9,6,2,17,6,23,13,4,7,5,6,6,9,4,14,14,3,3,0,7,5,10,15,12,1,5,1,10,0,13,17,14,5,0,5,4,10,20,23,16,-8,-8,-24,15,7,20,19,12,16,-9,19,12,-6,15,8,15,16,9,5,28,4,21,4,13,3,-18,1,14,0,21,22,12,7,22,22,26,17,14,9,21,23,17,22,23,16,28,19,30,16,22,10,22,19,24,18,32,17,12,19,9,17,23,23,35,10,15,26,28,18,19,15,37,11,11,22,38,22,22,25,33,1,18,3,17,35,32,31,20,-26,-1,27,27,23,30,41,23,0,-1,2,0,-2,-3,0,2,-4,-8,-1,-14,7,-26,-51,-2,1,2,-2,-2,8,-5,4,-5,1,-1,0,-4,-5,-7,-9,-4,3,0,-2,-7,-3,-9,-8,-7,5,1,0,-4,-4,-10,-11,-8,3,3,0,0,2,-2,-4,-1,-2,-1,1,-2,1,0,-2,-2,-9,4,-4,-2,-27,5,-3,3,-6,0,-8,-19,-3,16,-23,-20,-1,-6,0,-20,-24,-34,-12,5,-4,-9,5,-5,-1,-16,-1,-13,-2,1,-9,-5,-11,-9,-7,-10,-4,-5,-4,-7,-9,-11,-16,-8,-2,-3,-4,-5,-7,-6,-8,-13,-3,-3,-4,0,-7,-5,-3,-5,-6,-13,-6,-7,5,0,0,-11,-11,-14,0,-14,-10,-5,-19,-11,-9,-3,-10,-7,-9,-9,-5,-9,-3,-10,-10,-3,-8,-13,-4,-10,-10,-4,-4,-7,-10,-9,-5,-11,-8,-8,-4,-10,-8,-14,-9,-8,-6,-6,-9,-9,-8,-2,-5,-4,-4,-7,-7,-4,-14,-4,2,-8,-6,-8,-2,-12,3,-15,-16,-8,-11,-6,6,-9,3,1,4,-9,-9,-3,-9,0,-10,-5,-11,0,-4,-6,-6,-3,0,-16,-6,-5,0,-8,-3,2,0,-1,-7,-8,-1,-1,8,-3,5,-2,-7,-5,-2,0,-5,-7,-3,4,-17,-1,0,-5,-7,-15,-7,-4,-2,-2,2,2,3,-21,-18,-12,-10,-15,-5,-8,5,-6,3,-46,-20,-7,-4,6,-15,2,2,4,1,-22,0,-6,-4,1,-1,-2,-4,1,-1,-5,-5,-3,-5,-8,-2,-5,-12,-3,-9,-3,-8,-1,-13,5,3,-3,0,-8,-8,-2,7,-17,-9,-12,-4,-11,-10,-6,6,-1
-2,0,2,0,2,1,-2,2,-1,-2,0,-7,-1,5,-2,-1,8,8,11,-5,-1,3,0,5,-4,-5,-2,-7,18,15,27,3,-4,-1,-1,-5,7,-5,-6,1,10,-9,9,-4,-11,-6,6,0,11,36,6,-7,5,-21,3,-8,-1,-2,2,-1,2,-2,-2,0,-4,-4,5,-3,-3,-5,0,3,5,5,10,-4,-3,5,-12,10,2,-1,2,1,17,2,4,14,-6,12,-11,-9,18,2,-3,-9,3,6,1,-16,-4,-3,-5,-2,8,11,-11,-21,-4,24,-7,-2,-12,11,11,-22,-25,15,19,9,-10,-2,-4,1,-10,9,-8,-15,-3,9,2,6,11,3,3,-3,9,6,4,2,16,0,1,-8,21,10,3,-6,14,13,6,-11,-1,8,1,-8,5,4,17,0,-6,2,25,-9,7,-9,-8,3,6,-9,11,-8,5,1,1,2,18,15,13,-18,11,3,9,-2,4,-8,-3,3,-3,13,-8,-8,9,0,4,2,1,5,6,-3,2,7,-8,14,2,-3,9,5,10,3,-1,14,-10,3,-14,-3,10,11,7,16,-2,6,-2,11,8,3,-7,19,-18,9,9,11,0,3,-1,15,-3,10,-15,-15,-11,-8,-2,16,-1,4,-5,8,1,-1,13,16,20,-3,-4,9,-5,6,4,7,10,4,-7,-1,6,-9,-2,10,6,-7,-4,-2,14,10,-1,-1,4,-5,-9,-2,1,-8,6,-23,-16,-11,0,6,7,-7,9,4,6,5,-14,4,0,-6,-34,-5,-34,5,-1,0,1,2,-11,-8,-12,14,-19,-5,10,-5,-16,-9,20,-19,-8,-1,-2,1,-1,2,0,0,1,-2,9,-14,-7,-10,-8,0,4,-23,-6,2,0,-2,-2,0,-7,1,0,0,-3,-3,0,-5,2,-1,0,1,-4,0,-2,2,6,2,0,-3,-2,0,4,0,0,-2,-1,0,-1,-5,-1,-1,-2,1,-1,-2,2,1,0,-1,-1,2,-8,4,-11,-11,-16,4,-23,6,1,-16,-8,-11,1,24,-2,-20,0,-8,-19,-2,-2,-22,5,-13,4,1,-3,-5,-9,-12,2,-14,-8,-6,-8,6,-5,14,3,15,-5,-11,-3,5,-3,-1,-14,-3,-1,-1,-9,-6,-1,-11,-7,3,-3,-4,1,-1,0,-3,-3,-8,-4,-18,-7,-2,-3,-4,-5,6,5,-18,-7,-16,0,8,-14,-27,-5,-7,-21,5,2,-12,-3,-3,1,-2,-12,12,-9,-12,10,-11,-2,-18,-8,14,-8,16,17,12,-5,-16,-11,-1,-4,2,-7,-7,-11,2,-12,-7,-5,-2,-9,4,7,-22,0,3,-5,-3,3,-3,6,-18,-9,8,-38,-18,-7,1,-10,-26,-7,-3,14,28,-22,-13,-28,-19,-21,-9,-35,-14,-13,-23,1,21,-7,-1,-25,-23,24,-8,-18,-34,-9,25,-5,22,29,25,-5,-19,-13,20,-17,-10,-3,-3,-7,-1,-23,-8,-9,-10,-9,-3,4,-2,-4,-2,-4,0,-9,-5,-1,-5,-8,24,-46,-36,-29,-25,26,-54,-14,-37,-31,40,-38,-47,-44,-43,-69,-8,-54,-52,-25,-41,18,34,7,5,-49,-49,27,-38,-47,-58,-26,28,-34,25,39,40,-2,-42,-43,33,-32,-33,-28,-28,-13,-3,-34,-8,-19,-47,-33,-13,12,-9,-19,-12,-15,-4,-25,14
2,2,1,-1,-2,-1,-1,-2,-1,1,-3,6,7,3,-14,5,3,-3,-1,-2,-2,-1,9,6,1,0,0,-2,-15,6,9,6,6,2,-2,-8,2,1,4,3,-4,7,14,7,-2,0,2,-2,37,24,22,30,30,5,-28,4,-1,-2,1,3,-2,-2,0,2,-7,7,1,8,-7,-2,9,11,3,6,1,1,2,3,2,6,5,9,1,10,2,4,8,7,8,-3,4,7,3,3,8,-2,1,7,-2,7,1,5,4,1,5,10,2,12,9,-5,-1,3,20,7,5,21,6,-3,3,5,0,9,0,4,18,4,5,3,8,19,-1,8,10,9,3,5,7,1,12,9,5,16,-7,13,5,5,8,8,6,-6,11,1,6,-3,0,13,6,1,17,2,8,7,3,0,7,9,14,1,4,24,-1,8,-8,13,10,-9,20,1,22,15,18,4,5,8,2,10,12,15,13,5,9,5,2,13,7,7,10,5,6,13,8,5,4,2,9,-1,0,2,10,13,9,2,14,4,2,1,5,10,2,12,21,11,11,-10,14,11,13,21,10,13,8,11,0,7,9,7,8,4,16,7,5,5,9,5,5,1,-5,19,3,4,12,5,14,7,20,13,9,23,15,17,21,19,19,34,25,23,22,15,16,7,15,0,26,17,35,8,9,13,11,17,18,13,8,25,19,26,25,9,8,18,11,28,7,12,18,27,22,25,18,0,21,15,-8,31,40,33,11,38,27,11,20,23,35,17,22,-4,31,24,-4,14,-1,-1,0,0,2,-2,-1,0,-24,16,-23,-4,-15,-32,-11,-9,-7,1,-5,5,-3,-2,1,8,1,-2,-3,-1,-8,-4,8,9,5,2,0,-2,-4,-1,8,1,4,0,-4,1,3,-2,-4,-1,5,5,-2,8,1,-2,1,0,2,-2,2,2,-1,2,-2,0,-2,9,-7,-10,-1,-2,-4,-1,4,-6,-8,-12,-2,-12,-8,-7,-12,-8,-8,5,-8,-5,-9,-10,-4,1,-6,-4,-16,-2,7,-2,-1,-15,4,-17,-1,-6,-4,-1,-6,-7,-10,-5,-6,-9,-3,-8,4,-3,-4,1,-6,-5,-1,-4,-6,-1,-4,3,-2,2,-7,-5,5,-13,-8,-19,0,-9,-2,-44,-24,1,-19,-5,1,1,-34,-1,-5,-25,3,-10,3,-31,4,-2,-28,-2,-3,-3,-57,-1,-5,7,-1,-8,6,-66,-7,-16,11,-7,-11,-1,-51,-9,-14,-6,-15,1,-2,-70,-6,-9,-3,-10,-11,-6,-36,-4,-1,-1,-6,-5,-9,-2,-6,-4,-15,-11,-17,-23,-3,-12,-11,-5,-8,-1,-7,-6,-5,-26,-9,-10,-13,-4,-4,-11,-1,-10,-10,-32,-8,-10,-11,-10,3,6,-5,4,-5,-12,-4,-1,11,0,-9,-11,-4,-13,-19,-2,-1,-8,-1,-9,-7,-8,-5,-11,-3,-6,0,-5,-5,-1,-7,-4,-9,-11,-3,-24,-16,-32,-17,-29,-10,-33,-31,-9,-59,-36,-11,-25,-39,-32,-44,-31,-16,-19,-24,-38,-14,-16,-14,-18,-18,-29,-62,-16,-5,13,-10,-10,-12,-81,-12,-22,14,-17,-24,-16,-67,-13,-35,-11,-9,-16,-7,-40,-19,-19,-15,-22,-15,-18,-34,-11,-6,-12,-21,-21,-28,-30
1,0,1,3,2,3,2,1,2,19,13,-7,-7,4,-2,0,4,14,5,-10,-6,-2,2,-4,3,-4,11,-7,2,5,2,-1,2,3,-9,7,5,0,4,-1,2,-1,17,11,3,-7,-7,0,-6,10,-1,11,1,-4,0,3,-1,-1,-1,2,2,-1,2,-1,3,7,6,6,2,1,8,14,9,12,2,4,0,10,2,6,8,-3,10,4,6,7,-1,8,12,2,14,0,6,8,7,0,3,5,10,-1,18,1,6,4,7,10,12,15,0,9,9,3,11,16,8,2,4,5,10,11,1,4,-3,-4,5,3,1,8,4,-7,8,3,4,11,-1,3,-16,14,14,0,7,14,9,7,2,0,10,1,10,13,7,5,10,-25,9,4,9,11,17,3,7,8,-2,4,16,2,2,6,22,6,13,-20,15,15,2,8,4,16,3,5,7,4,20,-1,5,17,3,0,-16,18,-2,18,-1,-10,-2,31,8,5,10,14,-14,-9,21,6,13,8,10,6,-12,23,1,0,7,13,3,11,-1,5,14,6,5,14,5,14,-14,14,16,10,2,16,10,4,-5,-2,14,-4,1,12,0,6,1,-8,-5,4,13,19,-1,-8,-2,4,-1,5,5,17,-4,-8,-6,-5,7,17,9,9,9,2,1,8,15,0,19,7,21,12,-11,15,-8,5,15,20,0,19,3,12,5,6,7,7,6,-1,3,30,4,6,30,6,-1,-4,31,6,18,15,19,10,-1,12,33,34,1,-1,-21,19,7,22,12,6,6,15,-13,18,4,16,0,0,0,0,1,-2,1,-2,-39,-1,4,-11,-28,12,-9,-2,-16,10,12,-8,-6,1,-3,0,-1,0,12,-9,-3,3,-8,-2,5,-6,10,-8,-1,-4,-5,-5,1,2,6,-11,3,-9,-3,-4,1,0,5,-6,3,-1,-4,-4,2,0,0,1,-2,-2,-2,0,-18,-6,8,9,-9,10,3,-8,-24,-10,-11,-4,-33,-12,-14,-9,-8,-7,-1,-9,-25,-8,-8,-11,1,-3,3,-28,1,-3,-12,-20,-11,0,-19,-1,-7,-16,-8,-4,-6,-9,-8,-10,-6,-6,-18,-7,-7,-10,-8,-11,-8,-11,-2,-10,-6,-10,-9,-3,-2,-12,-6,-21,-18,-3,4,-22,-3,-6,5,-13,-8,0,-19,-6,-20,-17,-36,-9,-18,-13,7,-5,-11,-20,0,-8,-11,-1,-1,-14,-25,-18,-28,-6,6,-4,-24,-12,-1,-17,-7,-21,-6,-14,-16,-4,-5,-3,-10,-8,-8,-11,-3,-9,-3,1,-7,-15,-12,-13,-13,5,-14,-2,-8,-12,-47,-4,14,6,0,-1,8,-10,-14,18,-14,6,-7,-10,-2,-14,4,5,5,-4,-11,-8,1,-8,6,-2,6,-1,-11,-10,-1,-6,-17,8,-5,-3,4,-15,0,-5,-2,-12,-2,-14,-11,-10,-8,-12,-6,8,3,-8,-3,-7,-8,-20,-3,-8,8,-11,-8,-10,-12,-8,-36,2,6,-8,-1,-3,10,-10,-11,-9,-36,6,-13,-14,-19,-2,-20,-9,9,-2,-28,-29,0,-14,0,-15,2,-5,-25,-11,-22,-20,1,-5,-13,-3,-2,-24,-17,-1,-7,-5,-15,-5,-2,-10,-18,-21,-3,9,-4,-7,-11,-9,-7,-18,-2,-5,-7,-6,-9,-18,-17,-13
2,1,1,-2,0,-2,0,-1,2,3,3,3,1,3,3,2,3,3,2,4,3,3,3,3,1,2,2,2,1,2,2,3,3,4,2,2,1,1,3,2,4,5,5,4,1,0,0,3,6,8,3,6,7,0,2,-5,2,-1,1,-1,-2,0,-2,-1,17,13,15,12,12,11,12,9,12,14,12,14,12,15,11,12,12,14,13,13,12,12,11,14,15,12,11,13,15,12,13,12,9,9,11,7,13,13,6,8,10,9,14,4,13,10,14,8,7,15,8,16,-12,12,-11,8,4,10,15,-10,-9,-9,-8,-11,11,9,12,11,12,11,11,8,13,12,16,12,12,14,14,18,12,13,9,13,12,12,13,12,11,13,12,10,13,13,11,9,11,11,8,11,12,11,8,12,14,15,11,12,12,12,14,11,12,12,12,15,6,9,-9,12,13,14,16,13,13,11,13,8,20,18,18,21,20,19,18,17,18,20,21,21,17,16,16,16,20,23,22,20,17,16,20,15,19,20,25,22,19,14,19,16,18,18,21,22,21,18,18,12,15,18,18,16,16,6,17,16,19,21,19,23,22,16,13,6,19,18,22,25,20,24,21,19,37,33,33,35,39,38,34,33,37,30,35,36,33,36,40,37,38,36,35,32,35,30,36,32,34,31,34,30,37,31,28,36,34,37,36,15,26,35,42,35,30,23,36,31,-6,21,35,33,39,32,22,36,2,21,39,37,26,32,29,32,16,36,32,41,0,0,2,0,0,-2,1,1,-45,-54,-3,1,-64,-46,5,-42,-3,-9,-2,-5,-2,-2,0,-6,-3,-4,-4,-5,-3,-3,-3,-4,-3,-3,-3,-3,-3,-5,-3,-3,-4,-4,-3,-2,-3,-4,-2,-4,-4,-5,-3,-1,-2,-3,-3,-4,1,0,-2,0,0,-1,0,1,-26,1,7,6,-13,-8,-8,-16,-25,-19,-32,19,-10,-9,-24,-6,-10,-24,-16,-18,-78,-17,-10,-11,-12,-14,-13,-19,-9,-15,-11,-20,-12,-16,-12,-15,-13,-15,-12,-15,-10,-11,-11,-10,-11,-11,-15,-12,-10,-12,-11,-10,-11,-12,-10,-11,-13,-10,-10,-10,-10,-11,-9,-15,-15,-14,11,5,-7,-8,-18,-13,-18,-17,-15,-6,-13,-14,-16,-16,-19,-26,-16,-12,-16,-55,-14,-21,-59,-14,-12,-15,-17,-15,-16,-12,-10,-16,-15,-13,-13,-15,-16,-15,-11,-11,-13,-12,-12,-11,-17,-13,-15,-13,-12,-12,-11,-13,-12,-14,-10,-13,-12,-11,-12,-10,-12,-11,-22,-7,4,18,-17,-82,-18,-21,-21,-22,-18,-25,-25,-19,-20,-18,-19,-19,-20,-18,-20,-18,-20,-21,-20,-19,-20,-19,-19,-18,-18,-20,-20,-19,-21,-23,-18,-18,-19,-20,-15,-18,-21,-21,-17,-19,-19,-17,-18,-18,-20,-19,-13,-19,-16,-16,-18,-15,-18,-16,-17,-18,-17,-17,-34,-36,-42,13,0,-35,-49,-29,-33,-31,-45,-48,-45,-32,-23,-26,-23,-38,-26,-19,-22,-27,-28,-29,-31,-25,-29,-26,-24,-30,-31,-30,-29,-18,-35,-24,-27,-23,-36,-29,-25,-30,-32,-31,-20,-31,-26,-26,-37,-33,-31,-31,-28,-20,-30,-22,-31,-31,-32,-32,-31,-31,-27,-33
0,2,-2,-1,-1,1,-1,-2,0,2,0,5,8,-1,9,2,1,1,-2,1,2,-42,1,2,-1,1,1,1,0,-1,3,0,2,2,2,1,3,0,3,2,2,0,2,1,0,5,-1,1,-4,4,0,-4,-1,0,-4,2,-2,-2,-1,0,-1,2,-2,-2,7,6,6,5,13,3,11,3,5,-4,6,7,5,1,7,11,5,5,3,4,8,68,6,2,6,3,4,6,3,3,6,11,2,7,-2,7,6,3,9,6,-2,5,2,-2,10,3,4,4,-5,4,2,2,5,8,2,7,4,-3,3,2,2,-2,4,4,4,1,5,8,9,4,7,10,-8,7,-5,6,10,-1,9,10,6,5,4,5,6,70,1,5,6,7,5,5,10,9,-1,4,4,3,4,20,0,2,6,13,0,2,4,7,-4,11,3,10,5,-8,8,1,1,-1,9,5,2,13,-3,-2,-2,15,2,10,8,6,6,2,4,5,4,7,3,8,8,-1,7,7,6,8,8,5,7,4,10,-7,8,1,6,3,9,6,3,28,7,8,3,9,-3,1,-1,12,2,8,2,3,8,1,3,9,9,9,8,0,15,6,7,11,-1,8,5,12,7,8,3,13,4,5,11,9,10,10,10,7,2,7,12,9,8,7,11,7,4,2,10,7,5,9,11,7,7,3,10,13,9,3,2,20,15,15,15,1,4,6,1,5,8,4,-6,7,-2,8,-19,8,16,4,17,2,7,2,8,12,11,12,16,9,5,18,-1,8,0,10,2,-2,-1,-2,-1,-1,-2,0,-2,-31,-6,3,-12,-3,-3,-1,-2,-2,-2,-6,-2,-11,0,-6,-1,0,0,-1,-62,2,-55,-3,-1,-2,0,-3,-4,0,-2,-1,0,-3,1,-4,-3,-3,-2,0,0,-1,0,0,-2,0,-1,-1,0,2,-2,-1,-1,-2,2,-1,-6,-8,-12,-2,-3,2,-18,1,-4,-7,-2,3,4,-10,3,-15,-2,-12,-19,-13,-3,41,-1,-9,-9,-6,-5,-6,-11,-10,-9,-12,-2,-1,-3,-6,-14,-4,-13,-2,-6,-6,-5,-6,-3,-5,-10,-4,-4,-1,-6,-5,-4,-8,-7,-10,7,-4,-5,-8,-3,-5,-4,-5,-5,-1,-4,-12,10,0,6,-8,-3,-10,-5,8,-7,-6,2,3,-3,-6,-1,-10,-9,42,-7,-21,-5,-4,-7,4,-3,-11,7,7,-4,-5,-4,-2,0,-4,3,-1,-4,-1,-3,-5,-4,-3,-5,-4,-8,-2,-3,-4,-4,-6,-4,-8,-3,-13,-5,-8,-4,-4,-8,-7,-1,-9,-10,5,18,-16,25,0,-1,-9,-2,21,14,-12,7,12,-2,-14,-13,-15,-16,44,3,-22,-5,-9,-10,19,-11,-3,1,17,-10,-7,0,10,11,3,7,3,-5,-6,-1,-4,-2,-4,-3,-3,-3,1,-3,-5,-6,-7,-6,-4,-4,-5,-5,-4,-5,-3,-4,-4,-10,-33,-27,7,17,-16,14,11,-7,-12,-14,18,11,-20,20,16,-9,-20,-16,-35,-22,40,-14,-24,-8,-7,-14,6,8,-14,11,15,-8,-10,-5,13,6,-2,13,8,-13,-7,3,-6,-5,-1,0,-7,-3,-2,-7,-6,-3,-11,-3,-6,-9,-8,-8,-6,-9,-10,-9,-12
-2,-1,2,1,-2,0,-2,2,-2,-2,1,3,1,-2,1,-2,-1,1,1,0,1,0,4,1,-1,-1,-1,1,2,0,0,1,3,0,1,2,2,-2,-7,-3,-1,-1,1,-1,2,-7,36,-5,0,-4,-5,-2,-5,11,96,15,-1,1,3,0,0,-2,-2,2,-10,-2,-2,-7,6,0,-2,-4,-8,1,-3,1,-1,-1,-1,2,-2,-4,-4,-6,-4,-2,-10,-5,-6,-3,0,-1,-5,-5,-2,-1,1,-4,-15,-5,4,-12,0,-8,0,1,-3,4,-1,3,-35,7,1,-4,2,0,-18,-7,-23,-1,-4,9,0,5,2,-3,-22,-10,-8,-4,-3,9,-12,0,-7,-5,4,-2,-3,-9,-1,-4,2,2,-8,8,-9,4,-2,2,0,-5,-6,-1,8,-14,2,3,-11,0,6,5,3,9,-8,-3,2,5,0,-1,1,-4,9,-12,4,-8,0,-1,2,-2,5,11,-16,6,7,6,4,-3,4,6,-32,-6,-3,1,1,-2,-3,3,10,-1,3,3,0,-3,-5,5,9,0,-4,-2,3,0,-11,7,12,2,1,-10,-5,-3,-11,3,15,-4,4,-3,3,-3,1,10,7,1,-4,0,-8,-5,1,6,7,6,3,-2,5,-21,-16,-1,-15,9,4,6,7,10,13,12,-16,12,7,3,5,0,-12,-9,13,-12,2,4,-10,-21,0,4,1,-3,1,14,-3,-6,-1,-8,14,-2,-9,13,-15,6,11,-15,-2,-12,-3,1,-2,12,5,-18,13,-29,10,13,11,2,-13,3,9,-34,-20,-4,11,-17,12,10,4,-6,-5,-10,-12,15,5,2,-15,-7,2,-1,2,1,0,0,0,-2,5,2,-5,2,-11,-2,-9,3,0,3,1,4,-2,-1,3,3,2,-1,1,-2,3,0,3,-2,0,-1,-1,1,1,-1,1,-3,0,1,0,0,1,2,-1,0,2,2,2,1,1,5,-44,2,2,0,-2,-2,-1,-2,1,0,-3,-6,-1,-7,-3,-2,-17,0,-1,1,-2,0,-4,4,4,-4,-7,-1,6,4,2,4,-1,0,-2,-8,4,-3,-4,4,0,4,-4,5,-1,1,4,-13,9,-12,-1,-2,-1,3,-14,-73,-1,-97,3,-1,1,-4,-64,3,-43,1,5,5,-4,3,-6,10,-104,16,-15,-1,6,-9,5,-10,-1,-3,-36,-12,-2,0,5,6,-4,0,-2,-46,-11,-3,5,-9,5,-5,-7,-1,-51,-11,-1,3,-1,6,2,0,2,-53,-21,-3,5,-3,-1,3,-3,-2,-58,-16,-1,-23,-3,-2,0,-3,3,-60,-43,-59,-10,3,3,5,1,-17,-71,-7,2,4,1,-4,2,-6,-41,0,-3,-7,-1,-1,-7,0,-64,-3,0,-5,-1,-4,-1,-4,-55,-4,0,-5,0,-2,-9,-4,-72,-3,-5,-1,1,4,-4,-8,-53,-5,0,-3,2,1,-1,-10,-77,-5,-4,-9,-10,-9,-15,0,-45,6,-1,-7,-8,-20,-47,-32,-116,-8,-14,-11,-20,-24,-22,-21,-41,-15,-39,-20,-25,-24,-19,-24,-57,-14,-47,-43,-22,-22,-30,-16,-58,-35,-9,-3,-41,-43,-15,-23,-64,-22,-18,-18,-15,-35,-40,-13,-46,-18,-9,-20,-6,-9,-46,-45,-48,-36,-15,-8,-4,-13,-21,-65,-39,-59,-11,-7,-17,-12,-63,-6,-87,-6
-2,-1,-2,-1,-2,-1,-1,-2,-1,6,1,-3,0,-4,-3,-4,-1,-2,-4,-3,0,-5,-6,-5,-3,-3,2,2,2,9,-4,-1,2,-6,-1,-8,-1,-7,5,-1,-2,12,-11,3,24,18,-8,-4,6,-1,1,11,8,2,-25,-7,-1,2,-1,0,1,0,-2,-2,-8,12,-12,3,5,2,2,2,3,-5,3,1,-10,-1,-2,-5,7,-9,12,-10,6,2,-6,3,-9,7,3,13,2,26,-4,1,7,20,-10,-2,10,-20,9,-2,-22,-9,5,1,-19,-10,0,-12,7,7,3,-3,-4,-6,-17,2,5,-13,2,-5,-10,-6,10,14,6,9,1,12,3,7,2,8,9,3,16,-4,4,1,-2,-2,4,5,5,-4,6,18,-7,-3,6,10,10,12,24,5,-19,-11,30,-2,7,-5,-2,-21,-5,18,-27,16,-11,-3,17,4,22,-20,4,-42,8,-8,5,8,-19,-14,18,0,-20,3,11,-3,9,-19,7,3,-2,6,4,-4,5,9,-4,0,4,13,4,-5,29,10,4,14,11,0,-14,-8,-4,9,14,3,10,5,-16,4,-14,0,11,16,7,6,11,-10,13,4,4,-17,-6,14,6,3,3,18,-9,13,2,12,12,-3,13,9,-6,-11,-36,0,-41,-3,31,11,3,10,11,12,8,17,20,12,15,8,14,8,16,10,8,33,10,9,6,14,12,3,5,18,11,13,33,10,3,13,-1,5,29,23,10,-5,8,-2,12,-3,17,5,-5,15,3,13,13,1,20,-21,22,11,2,8,-4,10,10,21,-1,14,-19,20,28,-29,0,-1,0,-2,2,1,0,1,-13,9,-22,2,-16,-18,18,-3,5,5,5,-5,-1,2,-4,-8,3,-7,9,-7,4,1,-6,1,4,-6,-11,-7,-4,0,2,2,0,-7,-16,3,2,-1,-3,-4,3,16,-7,7,4,-6,3,-3,-1,2,-2,0,-1,-1,0,-2,-2,15,0,4,-15,-9,1,3,1,7,-20,-8,3,-4,7,-1,9,-7,1,11,-13,-5,-9,-10,-8,2,-11,-13,-2,-8,-5,-9,-6,-8,-1,-4,5,-2,6,-1,-9,4,-10,10,-6,1,-5,-6,-3,-1,-9,2,-1,8,-5,-1,-9,-6,8,-2,1,-15,-1,-4,-7,6,-6,-10,-16,-28,-15,10,-7,-27,-11,-11,2,-29,15,18,6,2,12,7,-1,-13,-11,-13,-2,-5,-14,-5,-15,-5,-11,2,-21,-14,-6,2,-2,-8,10,-9,-10,-8,-14,0,-6,-2,-21,-3,-7,-6,-18,-3,-3,-1,-1,-7,-11,-10,6,-3,-10,-4,-25,-2,-18,17,-18,2,-9,-70,-19,-51,-26,-13,-6,4,14,8,11,-1,17,-17,14,14,-13,-12,-19,-5,-2,-2,-20,-11,-10,-5,-23,-20,-19,-36,-17,14,-5,-22,-7,-2,-25,-6,-19,-9,-13,-7,-9,-13,26,-15,0,-5,3,15,-7,-7,-8,3,-22,2,-3,-14,-3,-6,-9,21,-51,-9,-31,-44,-3,-21,-15,-22,-23,-62,28,-7,24,32,33,-21,0,25,-21,-26,-24,-42,-25,-21,-31,-36,-23,-40,-34,-16,-34,-20,-27,24,-16,-20,-21,1,-3,-19,-9,-10,-12,-10,1,-13,2,-25,-6,-3,-8,16,-14,-3,1,-20,-17,-10,-9,-10,-26,12
-1,2,-2,-1,0,0,0,-2,4,7,6,-3,14,10,-1,1,5,2,5,14,12,1,-6,-6,1,-2,-3,4,4,1,2,-1,1,4,2,8,3,5,0,3,7,6,15,-1,13,11,1,2,12,7,8,15,1,3,-5,3,-1,1,-1,-1,2,0,1,-1,5,1,0,0,3,-1,4,4,-1,2,13,-1,11,12,9,5,5,3,8,14,11,12,7,6,10,10,10,17,9,11,9,4,1,20,8,8,8,7,-5,8,2,7,11,7,8,-8,2,8,6,5,6,15,5,1,4,2,6,-3,11,12,4,2,3,-3,2,-15,-9,-3,-3,-20,-3,-1,7,-2,2,-15,-9,1,-6,-3,2,6,0,1,2,-3,9,-18,5,1,1,6,0,3,2,0,1,4,-4,0,-4,-1,-2,4,-5,-5,11,-2,-3,-3,5,-8,4,-9,2,0,-2,4,-23,-8,-6,0,1,6,0,-5,1,2,1,10,13,8,14,8,9,6,2,2,14,3,11,14,13,5,9,9,1,11,15,10,18,6,16,14,10,13,7,9,19,18,12,15,1,11,4,4,7,12,12,21,4,11,6,14,13,16,18,16,10,17,10,5,16,16,6,7,5,9,12,-4,12,12,14,6,18,7,12,11,11,22,15,19,17,7,7,25,30,15,31,17,12,3,35,24,19,29,32,41,34,30,30,28,13,34,26,29,33,36,37,25,25,32,15,27,24,22,40,23,37,21,22,17,40,25,17,24,30,27,38,31,25,32,49,38,29,24,2,1,1,2,1,-2,0,-1,-1,6,-12,5,6,-20,-8,9,5,5,-1,-13,6,8,5,-1,5,2,-3,12,9,0,9,-9,-2,2,-8,11,-6,0,0,-8,-1,0,-1,9,2,-3,5,-10,1,0,-7,-2,-13,-14,-2,-11,-2,-1,2,0,-1,-2,2,1,0,-4,-17,-13,-10,-18,-12,0,1,-7,-5,-24,-2,-9,-15,-3,-6,6,-11,-3,-9,2,-7,-10,-3,-7,-8,-11,-9,-13,-8,-9,-9,-8,-4,-11,-9,-14,-15,-9,-5,-4,-8,-5,-11,-11,-1,-9,-1,-2,-14,-8,-18,-3,-19,-7,-13,4,-14,-2,-12,-10,-16,-3,1,8,-18,8,-15,-6,5,11,1,6,7,-9,-4,-5,8,10,2,6,3,7,-6,0,-8,9,11,1,7,-11,-1,-9,10,-12,-10,7,-14,-7,-7,3,-9,4,5,-9,4,-7,9,-8,6,-4,-8,11,-7,0,-8,8,-7,3,8,2,6,-7,4,-15,2,-6,-3,1,-11,-1,-5,-11,-2,2,-5,1,-2,-13,-6,-14,3,-4,1,1,-7,5,-7,-2,-3,-11,-1,-12,-4,2,4,-8,-4,-9,-14,-9,-5,-10,-5,-13,-17,-16,-1,-2,-2,-7,-11,-8,2,-11,-5,-7,-12,-5,-10,-6,-9,-21,-5,-9,-16,-9,-9,-30,-16,-30,0,-6,-15,-11,-2,-8,7,2,-6,5,-5,-15,9,-7,-7,-2,-8,9,-16,-20,-12,-13,4,-5,10,-5,-11,-14,1,-20,-19,-6,-5,-11,0,-4,3,-9,-21,-16,-15,-9,-8,-9,-15,-22,-1,-24,7,8,-16,-15,-15,-10,-11,-3,14,-3,-14,-24,-1,-34,-17,-33
1,-2,2,0,1,-1,0,0,11,2,2,0,1,2,3,-1,-1,-3,-3,1,1,2,-1,1,3,-1,-1,-2,-1,-1,1,0,-2,1,1,2,-4,-1,0,3,39,2,-34,3,4,0,1,1,34,45,-2,1,-14,1,-8,-2,0,1,3,2,-2,-2,1,0,14,-15,14,-17,20,-24,16,-17,8,-12,8,7,10,4,-4,-13,0,7,14,4,16,-13,4,3,0,9,0,14,-10,6,-15,-6,8,-4,7,3,5,-16,9,-6,-1,0,-2,-22,5,-9,-6,-6,-47,7,4,1,-2,-15,-2,-1,-10,-10,1,-18,2,1,5,-7,7,-11,7,-10,5,1,4,4,-14,8,-14,5,-14,13,-7,2,7,0,-1,-6,9,-6,-1,-8,-2,-2,2,2,-5,8,-8,3,8,-11,6,-1,-3,-3,1,-5,-14,15,-15,2,-12,4,-5,7,8,5,4,-5,2,5,5,-3,-39,9,0,-3,-1,-6,3,8,6,0,3,-8,-1,-2,-2,-3,13,3,-4,2,0,8,7,-2,8,2,1,-1,6,1,3,-5,12,-5,1,2,3,-11,-9,-7,2,0,4,-9,4,-7,-5,-11,-6,1,11,4,-1,7,0,-9,-37,6,3,-3,8,-18,5,-3,-4,4,1,0,8,3,6,-1,-2,10,28,7,-7,-10,-5,17,24,6,27,13,-2,33,-3,-7,25,5,26,20,27,22,30,12,18,-4,-6,-20,3,19,-6,18,31,-5,-18,-2,16,4,-11,19,12,31,-7,-20,-3,-5,-16,13,28,-17,-19,-12,14,-12,-9,18,2,-2,2,-3,14,-13,-7,4,2,-2,0,-2,-2,-2,0,-2,15,-24,22,-14,-11,-33,22,-20,8,1,1,-7,0,1,0,-3,-5,-2,0,-3,0,0,-3,-3,-7,-4,-1,-4,-4,-3,-4,-4,-12,-3,-1,-7,-4,-3,-5,-6,-42,-6,-2,-10,-9,-3,-6,-5,-2,0,2,-2,-1,-1,2,-1,9,11,9,2,6,11,13,8,11,3,9,7,10,10,4,15,5,5,11,8,14,9,8,9,6,7,6,6,7,6,4,6,11,6,7,6,7,10,7,4,10,5,8,7,8,7,5,5,6,9,6,7,8,5,7,7,6,7,-13,12,3,9,4,13,-3,-11,-1,-23,-3,-15,2,-7,-7,3,-6,2,-14,-2,-8,-1,3,-21,2,-15,-14,-2,5,-20,-9,3,-11,-9,-10,1,-12,2,0,-4,-7,-10,1,-9,-8,-19,-4,-23,-14,-3,-5,-6,-16,-6,-17,-10,-3,-9,-5,-9,-5,-6,-35,-10,-29,3,-14,-6,-19,-9,-4,-13,-9,-15,-9,-15,-34,-11,0,-9,-7,-13,-7,-14,-14,-17,-6,-9,1,-2,-9,-6,-13,-21,-10,-8,-11,-15,-8,-15,-19,-16,-13,-27,-6,-9,-8,-15,-9,-7,-10,-21,-5,-18,-12,-19,-24,-9,-25,-8,-20,-20,-14,-21,-15,-15,-13,-27,-19,-32,-47,-53,-48,-58,-31,-16,-21,-10,-9,-23,-21,-27,-15,-23,-17,-16,-32,-17,-17,-28,-8,-12,-38,-11,-23,0,-6,-21,-17,-5,-27,-17,-21,-19,-23,-9,-17,-32,-17,-16,-3,-28,-11,-37,-23,-47,-23,-39,-5,-24,-29,-31,-36,-12,-60,-40,-17,-15,-22,-32,-29,-33,-23,-39,-43,-48,-59,-36
-2,2,1,2,0,-1,-2,0,0,-7,-2,-3,-4,-2,-1,1,1,-1,-1,-4,-3,-2,-3,0,-1,-1,-6,0,-2,6,8,-1,-4,3,0,-5,7,6,-2,1,12,-5,-2,-1,4,-13,6,-8,13,13,-23,1,4,7,10,6,-3,2,2,2,-2,0,0,-1,2,-2,3,-9,5,2,-4,0,0,-2,2,2,-5,-5,-7,-12,3,-5,1,-8,-5,-1,8,0,-2,11,5,-7,2,9,-22,5,2,-4,-41,-4,-10,-1,-4,-12,-7,41,-30,-20,-11,11,-14,-14,-3,8,37,4,10,-24,1,6,12,1,14,0,9,-6,0,4,-3,-12,7,6,0,4,18,6,5,6,8,8,4,6,3,0,16,5,8,5,0,0,-3,4,8,14,7,-3,-7,10,11,3,6,-3,12,2,9,-7,0,-4,-18,0,-43,13,3,-9,5,9,3,1,-7,-22,5,1,8,-8,2,3,8,-12,6,14,9,7,1,3,5,5,-3,0,5,4,2,5,5,12,11,14,3,5,0,4,6,5,-6,10,8,18,10,10,7,3,6,15,-5,13,17,11,22,8,3,7,17,-2,15,-17,-8,-1,-3,17,8,9,21,2,3,3,10,1,10,7,9,3,17,12,13,21,6,20,15,8,15,15,12,5,23,15,14,3,10,17,13,10,7,-2,23,13,8,17,0,4,4,19,14,12,13,4,-7,4,12,12,23,17,19,15,12,4,17,17,15,12,23,19,1,2,19,11,-6,2,0,-14,14,23,21,12,-22,-1,15,25,-13,33,33,25,-2,-2,2,1,0,-2,1,0,2,-19,10,2,5,-5,-11,13,4,-2,2,-1,-3,-6,-2,5,3,-2,-3,1,-7,-4,-3,3,2,0,-6,-10,-2,5,-5,0,8,-2,-3,7,-1,-5,3,-4,6,11,-13,15,-24,-2,-7,-4,-2,0,1,-1,-1,0,2,2,-2,6,4,2,-7,-13,1,-4,1,5,14,22,-14,-10,-9,0,-10,2,-5,-10,-10,-6,-4,-12,-3,1,-4,-8,-11,-11,-1,0,5,-10,-6,-6,0,7,4,4,5,-10,0,13,-8,-8,4,1,7,6,-5,0,-14,2,-8,0,-2,6,2,-4,-14,5,-8,-8,-2,6,-8,-1,-11,-6,-6,1,4,-9,10,4,-7,-23,-18,-18,-16,-7,-12,-1,-27,-2,-14,1,5,-6,-15,-20,-7,-8,-5,-14,-10,-7,-13,-8,-6,3,-10,13,9,-15,-18,7,-3,-15,9,-11,-11,-7,-8,1,-29,-2,-18,5,3,15,19,-14,0,-18,1,-3,-4,-2,-5,-4,-3,8,-4,-6,2,-6,11,1,-19,-16,-1,2,-26,-8,-19,-16,-6,-12,-1,-23,-4,3,-8,-30,-40,1,-6,-6,-12,-14,2,-1,-10,-2,3,15,-2,-9,-34,-1,-2,3,-2,-2,6,-14,-8,-8,-10,-3,-13,-16,19,-1,-19,-20,-19,0,-9,-11,-16,-13,-10,-11,-7,-11,-18,-10,-13,-31,11,-34,-25,-50,-27,-11,-36,-9,-28,-20,-57,-4,-13,-15,-7,6,-15,-42,-27,-11,-8,-25,-15,-3,-18,-1,-17,3,-17,15,4,-11,-20,-4,-15,-21,-22,-14,-5,-22,-10,-13,-28,-7,-18,4,30,-28,-10,-31,-22,-8,8,-9
0,1,3,-1,-2,-1,3,-1,0,0,-2,0,-1,1,-1,-1,-1,0,-2,0,-1,-2,0,-1,-2,1,-2,0,-8,0,-1,-1,-2,11,-4,3,-1,-1,-2,-2,-2,-1,-40,0,0,-2,-1,-5,-4,-2,-6,-6,-2,-7,-8,-5,2,1,1,-2,-1,2,0,2,-3,-3,-2,-4,-5,-2,-2,-5,-3,-6,-3,-1,-3,-1,-5,-1,-4,-7,-4,-2,-4,-4,-3,-3,-5,26,-6,26,-7,-3,-1,-1,25,-6,-9,-7,23,-4,-4,-2,-8,-4,-13,-5,-6,-3,-4,-7,24,-10,-7,-16,25,-10,-12,-1,-3,25,-7,20,-7,-7,-10,-6,-5,-3,-3,-2,3,-3,-1,11,-5,-1,-2,-3,-1,-3,9,-1,-2,-2,-3,0,-2,15,-4,-2,27,-8,-2,-6,24,-3,-6,-1,-6,40,-4,29,-6,1,-5,-3,-6,-5,-13,-3,-6,-5,-2,-5,-7,33,-5,33,-3,-5,-1,-2,30,-2,-7,-12,34,-12,-9,-4,-1,-2,4,-3,-3,-2,-2,-1,-2,-2,4,-4,-2,-7,-2,-2,-1,0,11,0,-3,-6,-2,-3,-3,-3,21,-7,-8,-2,0,-10,-2,-6,25,-12,1,-8,-6,-6,23,28,-18,30,16,15,13,13,-7,0,23,1,-13,-6,-3,-5,5,-4,20,-4,-6,-11,-6,-6,-7,-4,-4,-3,-2,-4,-8,3,-12,-5,0,-3,-2,-4,7,-22,-15,-3,11,-2,-1,11,-3,-1,26,-2,26,0,23,-3,0,0,5,37,30,30,-11,-6,-10,0,21,32,18,32,17,25,5,-3,-6,30,28,19,-6,-9,0,-9,33,13,26,13,29,1,0,-9,2,-1,2,0,-2,-1,1,2,-5,-1,-10,-14,3,-1,2,-6,-2,0,-1,0,-4,-1,1,-3,0,-1,-1,1,-2,0,-1,0,-1,-1,-2,-6,1,-1,2,2,-1,0,46,2,-1,-1,0,1,-1,-58,-1,-63,0,0,0,0,-1,1,-2,-1,-2,-2,-2,-1,-3,-6,-10,-8,-10,-6,4,-3,-2,0,-5,-2,-7,1,2,-2,-2,1,-4,1,3,-4,-2,-1,1,-39,-2,-21,0,-3,0,-5,-36,-2,-1,-9,-34,-1,-3,3,1,1,63,-1,-1,0,0,0,-30,1,1,-3,-38,1,-2,1,-1,-41,1,-44,-2,4,0,6,-2,-8,1,-2,1,-6,-9,-18,-5,-2,-2,-5,-2,0,-21,2,2,1,-2,3,-2,-22,-3,-3,-21,1,0,2,-28,-2,-1,2,0,-36,-1,-25,0,0,1,2,1,-1,64,2,-2,-1,0,2,0,-33,2,-43,2,-2,1,-4,-32,-1,1,-3,-31,2,-1,-1,2,-5,-21,0,-3,-8,-5,-7,-1,-3,-34,-9,-18,-6,-6,-1,-2,-5,-15,-7,-5,0,-5,-1,3,-2,-36,2,-18,-2,-3,0,-1,-11,-24,-4,0,-1,-1,-1,-34,-29,65,-29,-26,-23,-27,-10,0,0,-36,-2,0,1,-3,1,2,1,-28,0,1,0,1,1,-1,-9,-21,-38,-13,-20,0,-11,-21,-8,-39,-7,-8,-14,-18,-11,-3,0,-25,-31,-17,-17,-9,1,-22,-12,-16,-29,-32,-8,-5,-3,-1,-44,-38,-34,-6,-5,-5,-1,-23,-30,67,-37,-26,-18,-11,-18,-8,-38,-32,-39,1,-2,0,4,-30,0,-19,0,-32,-3,3,1
-2,-1,0,-2,-2,1,1,1,1,2,1,-1,-6,4,20,-14,2,1,0,-11,-5,0,-13,-18,0,1,0,-3,-4,1,-10,-7,2,-1,2,3,0,-4,-8,10,-1,-6,-4,-3,4,-12,-7,-7,-17,-9,-10,-12,0,-9,-8,0,1,1,0,1,2,2,-1,0,8,3,11,-6,-12,-18,1,-21,6,-5,7,6,-8,-3,-64,-6,3,8,0,-2,16,-4,-12,0,0,-1,0,5,-6,8,-5,-2,5,-3,-6,10,1,-12,0,3,-7,-1,-4,-3,7,-19,-7,-11,-3,0,1,-12,-7,2,-4,8,-3,-11,3,-7,-10,-8,0,-1,4,7,8,-16,14,29,-1,-32,5,8,15,6,-5,12,19,-17,9,-10,3,-7,0,-1,-3,18,-8,0,-8,6,4,3,-8,12,5,-5,10,2,1,7,4,8,2,8,-4,0,8,2,-2,-4,5,-18,1,7,1,1,4,-2,-19,0,5,12,-2,-5,-10,9,4,2,-4,0,-12,-1,-15,6,2,2,1,-1,-2,-8,-66,-4,6,4,3,5,4,6,40,5,7,10,-1,-5,1,-3,7,1,-2,-6,-10,-1,0,-1,7,-3,-4,5,-1,-5,5,2,-2,2,11,-2,-17,5,-9,-24,-4,-6,4,-2,-6,-4,-12,0,-17,-5,-3,3,9,6,-4,19,-4,22,4,15,11,2,-10,-2,-3,-13,6,5,-8,3,5,11,21,10,4,15,-3,8,18,19,17,19,0,-2,9,6,-4,20,9,16,-3,17,13,-5,10,14,15,11,-9,1,-20,-15,7,22,15,2,6,-18,-20,14,13,9,0,5,0,1,0,2,-1,0,-2,-2,-8,-13,-1,-6,-17,20,25,-41,-2,-1,0,-2,-11,12,13,-15,-4,-3,0,-2,-1,-7,-2,-5,-1,-3,-1,2,-2,0,-3,-2,-5,-3,-2,1,-5,2,-4,2,-2,-3,0,3,2,2,-2,0,1,0,2,0,0,2,2,2,-3,8,11,-17,-5,-11,16,-19,9,-3,-23,-7,-9,-14,16,-22,-3,-6,-4,-6,-16,13,-20,45,-3,-5,1,-10,-17,5,-8,11,0,-5,0,-3,5,-4,-20,-10,-2,1,-4,-1,-3,-9,7,-8,1,0,-2,-2,-3,0,-12,-8,-7,-3,1,0,-4,2,-3,-7,-8,-24,-8,4,1,-4,3,-4,-6,-7,-13,-1,-13,-6,29,4,6,-6,-5,-11,2,15,-4,63,-16,1,-8,-6,0,-8,-16,-14,1,-6,-6,-3,-7,-9,-13,0,-2,-1,-1,0,-5,-3,-1,-8,0,-2,-4,-5,-3,-4,-4,-13,0,-4,-6,1,-9,0,-8,1,1,-2,-16,-17,-27,-7,-5,-75,-9,-14,-3,-6,-30,-8,23,-33,-1,6,-23,-9,-1,-25,-1,41,-16,6,-5,-24,-15,-16,-18,-11,-12,-8,-4,-7,-9,-7,-7,-13,-7,-7,-2,-9,-9,-3,3,-6,-7,-7,6,-4,-8,-9,-11,-8,-6,-12,-6,-1,-6,-5,-7,-4,-11,2,-7,-24,-27,-16,-21,-30,-13,-18,-30,-14,-21,-13,26,-25,7,19,-24,-12,-8,6,-40,50,-16,-6,-14,-31,-24,-24,-24,0,-12,-28,-24,-7,-33,-28,-10,-31,-10,-11,-3,-11,-25,-12,1,-19,-16,-20,-6,-13,-12,-11,-15,-43,-11,-25,-19,-7,-13,-17,-19,-28
-1,0,-1,2,0,0,-2,2,1,-2,4,1,1,-1,0,-5,0,6,9,-5,10,-4,-9,-3,-2,-2,14,1,2,14,-5,6,0,-1,-10,7,-5,-6,6,-1,-3,3,-1,-1,1,-7,-10,2,-2,-11,13,-15,-13,-10,-19,-2,2,-1,2,1,0,1,3,0,0,3,-3,8,2,-6,2,-4,1,-1,-3,3,-6,10,-14,2,4,0,1,-3,-1,9,4,7,-9,3,-1,-4,-12,10,11,-3,-6,2,1,-6,-21,8,3,-14,1,-7,30,-1,43,-10,-7,1,-1,-35,1,-27,1,32,2,8,-1,-3,-5,3,1,6,3,3,2,-13,-6,-2,-10,-2,0,2,-9,-1,-7,-6,-1,-6,1,-5,-9,5,-1,-4,7,-12,-14,2,-6,-16,2,-6,0,41,-1,-1,12,-5,-22,0,3,-12,-2,-5,-3,8,-4,-4,-10,14,-17,13,20,-8,28,-8,-27,-12,-4,-13,9,19,-10,3,-3,-6,-2,-6,3,4,4,5,4,6,4,4,2,2,-7,6,5,1,1,8,10,-3,3,4,4,3,2,8,5,2,5,11,12,-10,-8,5,7,0,11,18,10,6,-2,15,-4,-5,13,12,-1,12,-4,9,1,18,-6,17,2,-5,-7,5,1,6,-9,0,11,7,7,1,14,1,2,8,12,16,10,14,5,7,2,3,6,-2,22,-10,-6,5,0,10,5,9,4,3,7,-8,17,0,20,35,-3,10,16,9,16,20,17,14,-6,15,-5,10,20,9,-18,4,17,-11,16,3,-5,18,-28,3,16,-10,15,10,8,15,23,6,14,11,-1,1,3,0,0,2,0,-2,3,-21,-29,-30,-23,-6,-31,7,-1,2,-3,-1,-5,4,-14,7,0,-4,4,-7,1,11,-13,0,0,-5,2,-6,-10,3,1,-3,-1,-6,-3,2,2,-2,0,-2,1,-4,1,-3,2,3,1,-1,0,2,2,2,2,1,-1,0,-4,5,-15,2,-40,-2,-8,-5,-1,0,-10,-16,6,3,-18,-6,-5,4,-9,-5,-4,-9,-18,7,-3,-16,-3,6,-11,-3,-12,0,-1,-4,-12,6,0,-7,7,-9,-1,-11,-7,-3,4,-4,1,10,0,6,-5,-8,-7,-7,-6,-11,-7,-1,1,5,2,0,-8,-2,-15,-1,-32,-6,-11,3,-44,-1,-5,-20,-14,-10,8,3,-16,-2,-4,0,-24,-4,-1,-2,-19,-2,0,-8,3,10,-13,-5,-6,7,-2,5,-22,6,11,-7,27,-7,-3,-9,-11,-13,0,-8,-1,21,-8,-8,0,-6,-7,-4,-8,0,-8,3,-4,0,-3,-3,-5,-5,-15,-8,-20,5,-14,9,-16,3,-13,-25,-6,-10,-22,-13,-26,-10,-20,-11,-38,-6,3,-8,-21,-1,-7,-8,0,25,-30,-13,-19,-19,-8,-2,-12,12,13,-38,15,-20,-11,-17,-9,-17,0,-17,-12,12,-11,-7,5,-9,-9,-9,5,-12,-8,-1,-10,4,-7,-6,-10,-7,-26,-20,-41,-12,-34,8,-34,12,-35,-43,-35,-50,-38,7,-62,-11,-35,-25,-34,-43,-25,-29,-24,-4,-21,-35,-36,40,-28,-21,-29,-52,-20,-37,-43,18,35,-48,34,-33,-26,-22,-20,-7,15,-52,-44,13,-12,-13,31,-20,-37,-38,-9,-20,-18,6,-11,10,-43,-8,-28,-23
-1,1,-2,2,2,2,1,0,0,-1,0,-4,-1,-1,-1,-1,2,0,0,-4,4,-3,-2,-3,0,-2,1,0,-2,-1,-2,1,-5,-7,1,-7,-9,-12,-15,-3,16,-12,-4,20,33,-2,30,-9,-17,5,21,-15,12,-1,-32,16,-2,-1,1,-1,0,0,1,-1,4,3,6,10,3,-6,-1,4,7,2,-8,11,0,-1,-4,-1,7,0,2,-6,-6,2,-4,-1,6,7,-4,-9,-2,-6,17,-10,9,-8,-13,-3,-5,2,2,7,19,5,30,10,40,-1,-35,9,3,11,8,26,12,14,8,17,18,-3,-22,12,9,1,20,-23,5,7,2,-4,-7,3,17,-6,16,0,10,-1,1,2,-1,0,4,4,7,-3,-2,-4,-3,2,-4,0,-11,-2,4,-2,-1,4,3,-3,11,5,-5,-2,3,-8,-11,-5,-13,2,20,-9,17,-6,8,3,22,-7,15,-6,-38,11,0,-11,-11,-2,0,-27,10,-9,15,0,4,-2,0,6,5,4,1,25,12,7,-2,5,1,5,2,18,1,-3,6,8,0,8,9,8,-5,-9,-29,1,-11,2,13,16,11,6,-1,11,-2,2,5,20,0,-13,-22,13,-4,-1,5,4,-8,-15,-3,15,13,2,-3,24,-7,-1,-25,27,-2,13,23,25,16,15,8,17,24,-5,12,30,22,25,21,11,-5,10,23,28,24,18,6,12,17,5,25,31,7,5,24,4,9,-10,23,24,40,9,-10,6,1,-7,35,26,-3,9,25,-20,30,-10,22,9,32,22,2,2,-11,1,12,12,17,-25,-9,13,-36,-12,0,2,2,2,2,-2,-2,-1,-6,-4,-5,-10,-23,-1,-12,-5,-7,-8,-3,-9,-12,3,0,-1,-6,-3,-3,-1,-1,-4,-1,-1,-4,-3,-1,5,0,1,2,2,-1,-2,0,2,-1,10,-6,4,-3,2,-2,1,-2,13,-1,4,0,1,2,-2,2,2,0,1,-1,-1,-3,-6,-15,-5,1,-10,9,0,4,0,-9,21,-5,3,-9,-4,-8,2,-16,4,-10,-8,2,1,-2,2,-24,1,-15,1,-2,-15,-5,-7,4,-8,-7,4,-4,2,-12,-2,-10,1,-12,-4,-9,-9,-5,-6,-5,11,-12,-3,-7,-4,-4,0,-9,-7,-4,2,5,18,5,5,2,-4,2,-8,13,2,2,-3,-6,13,-1,13,7,5,-14,0,6,2,-4,-16,-11,6,-2,13,-26,4,-23,6,-4,-9,-2,4,2,-16,-6,-5,-5,4,-9,-8,-18,3,-14,-10,1,-2,5,-8,-3,15,-3,-26,-13,5,-6,-5,-1,-3,1,-4,-26,23,-13,-20,-30,-21,-27,-14,17,-13,-15,-16,-8,-13,-5,-3,-17,-16,-8,-16,-11,-17,-16,-17,-30,-10,-4,-2,-28,-19,-23,-15,-19,-6,-21,-19,-13,-30,-34,-1,-13,-27,-25,-27,-32,-24,-18,-24,-15,-11,-14,-8,-21,22,-42,16,-6,-3,-13,2,-24,3,-7,-17,-34,33,-39,-7,-35,-17,-26,-20,26,-12,-5,-22,-49,-21,-8,-6,-15,-19,-27,-10,-23,-24,-37,-38,-23,-7,3,-3,-49,-12,-36,-44,2,-9,-32,-27,-29,-23,-24,-17,-13,-11,-17,-27,-39,-35,-30,-14,-23,-1,-5,-8,-29,25,-28,-3,11,6,-2,10,-13,7,-5,-38
1,0,1,-1,2,-2,-2,2,0,1,1,4,-13,-14,-17,9,0,2,2,1,3,-13,6,10,2,2,6,2,5,7,7,10,1,0,4,4,5,8,9,6,9,4,6,0,4,3,3,8,-12,-4,4,4,7,4,-5,-3,-2,1,0,0,0,1,1,2,0,-1,3,-7,-9,-6,-20,-25,9,-9,1,-1,3,-9,-7,-11,3,1,4,-8,1,-2,-6,-5,5,6,1,2,-3,3,-6,3,2,7,2,5,0,0,1,8,-1,0,5,3,-1,2,-3,8,-4,5,5,6,6,5,10,8,4,0,14,0,3,4,13,9,2,0,8,-3,-1,-9,-21,-8,8,1,-2,5,-11,-4,-16,3,3,-3,3,-4,-4,-19,-7,-4,7,9,-6,0,-12,1,-5,-3,9,-8,-1,-11,4,-1,8,-8,-7,-8,-3,-7,-7,6,3,4,-12,-11,-2,-9,1,3,1,-10,-21,7,-5,-2,-2,2,1,-2,6,4,11,9,13,3,8,4,4,10,11,15,11,10,7,20,13,19,11,15,18,8,12,12,6,12,10,10,15,5,5,11,2,13,10,10,13,-3,6,8,19,17,16,26,12,7,10,20,14,19,10,12,15,2,12,10,8,11,2,9,1,7,6,8,11,-12,12,-1,-9,10,14,21,8,12,3,8,3,-16,5,-6,21,9,9,4,26,-28,28,18,12,9,-7,11,13,19,16,15,14,13,17,10,30,12,7,5,34,14,22,9,-3,11,7,3,-6,9,-17,16,27,14,21,8,14,14,5,29,23,16,23,20,2,-1,0,2,2,1,0,-1,2,-2,-7,-4,-21,-48,-22,-34,2,1,2,-5,-35,-59,-46,-22,-3,-1,1,-2,-8,-41,-11,-7,-3,-2,-4,0,-4,-2,-2,0,-5,-3,-3,-6,-1,3,2,4,-7,-10,-8,-9,-5,-2,-4,-1,2,-2,1,0,-1,-1,0,-2,2,8,-2,0,1,3,5,-30,-4,0,-9,-3,-7,-15,-7,9,-2,-4,-3,3,-4,-6,5,5,-1,2,-5,-2,2,8,2,11,-2,-5,0,-3,-1,-3,3,-5,-2,-3,-7,-4,-4,-3,-4,2,-2,2,-9,-5,-2,-2,-4,-2,0,-3,-6,1,-4,-5,-9,1,-5,-4,-5,-5,-13,1,-10,-6,-3,-7,-10,-14,-1,-12,-14,-20,-15,-2,-4,-8,-8,-8,-9,-10,-8,-10,1,-3,1,-8,-12,-1,1,0,-1,0,-10,-6,-9,2,-1,-3,4,-9,-10,-9,-1,-7,-4,2,-4,-6,-10,-6,-11,-1,3,-8,-9,-4,-5,-14,-13,-10,-6,-1,-3,-6,-9,-16,-9,-18,1,-2,-8,-2,-5,-11,-13,-17,-4,-13,-2,-12,-2,-22,-7,-16,-12,-19,-5,-9,-20,-1,-16,-18,-16,-14,-5,-6,-3,-4,-10,-21,-10,-8,-13,-7,-14,-4,-7,1,-16,-11,-6,-5,-6,-9,-13,-7,-21,-17,-14,-11,-8,-9,-19,-18,-9,-6,-23,-5,-14,-60,-23,-36,4,-13,-10,-17,-5,-19,-19,-16,-21,-64,-13,-27,-22,-51,-9,-56,-20,-39,-45,-10,-20,-12,-44,-13,-14,-21,-33,-14,-18,-7,-17,-20,-12,-17,-11,-17,-32,-8,9,12,-6,-9,-8,0,-11,-9,-8,16,-15,-19,-52,-8,9,-42,-15,-16
1,-1,2,2,-1,2,1,-2,1,3,3,3,2,2,3,2,2,2,4,3,3,2,3,2,2,3,3,3,2,3,2,2,4,4,3,2,2,1,2,3,1,5,5,5,6,0,3,-1,4,5,3,8,2,-2,-3,-5,2,-1,-2,1,-2,-1,0,-1,2,3,1,1,0,-2,2,-1,-2,1,2,1,1,0,0,1,1,3,1,-2,-2,3,1,2,1,-1,3,0,4,-1,5,1,1,5,2,6,-4,7,1,4,3,0,7,2,7,-4,6,-12,-1,5,-1,8,3,6,-10,1,1,-4,2,-4,4,-6,-6,-10,-1,3,4,5,1,5,3,4,7,1,5,2,4,-2,5,2,0,7,2,4,2,4,3,6,4,-1,5,5,6,-2,5,-1,-1,7,-1,10,3,8,-1,6,8,2,6,4,10,-1,5,-4,3,4,-4,6,-3,0,-5,0,4,-3,5,1,6,-3,0,-2,10,7,7,7,8,8,10,12,7,6,7,4,5,6,9,10,6,4,4,2,7,2,4,6,6,5,4,5,5,3,7,4,7,4,4,4,2,4,7,0,2,5,3,4,-1,0,-5,-1,4,4,9,4,8,2,2,0,-1,2,1,4,2,1,-3,0,-5,-15,-16,-17,-17,-5,-8,-6,-9,-18,-13,-20,-13,-12,0,-9,-13,-14,-22,-15,-19,-16,-14,0,-11,-8,-17,-23,-15,-29,-11,-9,-22,-20,-15,-5,-17,-8,-16,-11,-9,-5,-11,-7,-10,-13,-5,-7,-9,-11,-1,-6,-6,-1,0,3,-2,-14,-12,-13,-9,-2,-11,-13,0,0,0,1,-2,-2,0,2,-13,-3,-2,4,-10,-12,-18,-15,-1,-2,5,1,1,1,-5,-4,-1,-2,1,1,-1,-1,-2,-2,-3,-3,-1,-1,-1,-3,-4,-3,-3,-3,-2,-2,-3,-5,-3,-4,-3,-3,-3,-2,-2,-3,-3,-3,1,2,-2,0,2,0,-1,-1,-6,-10,-8,-10,-17,-14,-17,-9,-7,-5,-4,-5,-7,-11,-10,-13,-10,-2,-11,-3,-10,-6,-10,-9,-8,-10,-2,-13,-7,-8,-8,-10,-9,-10,-8,-12,-8,-9,-8,-8,-10,-8,-8,-7,-10,-8,-10,-8,-9,-9,-8,-9,-9,-7,-12,-10,-12,-9,-9,-11,-9,-8,-8,-6,-12,-11,-12,-17,-20,-17,-20,-12,-12,-14,-7,-2,-13,-12,-13,-17,-9,-8,-8,-7,-4,-7,-7,-4,-12,-7,-6,-8,-9,-10,-7,-7,-8,-10,-8,-11,-12,-8,-10,-10,-7,-7,-10,-12,-10,-10,-10,-9,-9,-9,-12,-9,-11,-11,-10,-11,-12,-13,-9,-12,-10,-10,-8,-10,-16,-16,-19,-15,-27,-20,-21,-19,-18,-17,-12,-19,-18,-23,-19,-20,-17,-13,-15,-12,-20,-11,-18,-17,-12,-16,-11,-12,-11,-16,-14,-16,-16,-16,-19,-15,-13,-12,-19,-15,-14,-15,-18,-14,-16,-16,-16,-16,-14,-11,-18,-13,-11,-13,-12,-14,-12,-12,-14,-13,-12,-10,-14,-12,-22,-27,-22,-24,-31,-26,-28,-22,-26,-22,-14,-25,-23,-26,-28,-29,-21,-20,-26,-20,-22,-23,-22,-24,-18,-25,-21,-24,-20,-22,-20,-20,-18,-20,-22,-20,-23,-21,-22,-21,-21,-17,-20,-17,-17,-17,-17,-18,-21,-16,-13,-10,-14,-12,-17,-13,-17,-12,-13,-10,-17,-14,-11,-15
0,0,2,0,1,1,-2,-2,-1,0,1,-8,3,0,0,0,-1,-1,3,-8,4,-4,0,1,-1,-1,18,-9,17,0,-1,0,-2,-4,1,-47,2,-3,-2,-1,-6,-3,-2,-13,-4,-4,1,-2,6,-6,-2,-4,-4,0,-11,-3,2,-1,2,2,-1,1,-1,2,-1,-3,-6,-2,-7,0,-3,-4,-1,-4,0,-3,-3,0,1,-4,-2,-2,14,-1,13,-4,-1,-3,-1,20,-4,-11,-4,14,-3,-5,0,-7,-5,69,-3,-7,-3,-6,1,16,-9,-4,-6,10,-5,-11,-3,-8,0,8,16,-7,-13,-5,-12,-10,-12,8,-49,2,7,-7,0,-8,-1,-6,-6,-3,2,13,16,0,1,-2,1,4,13,0,0,15,-3,-1,-2,14,0,1,8,-4,12,-9,9,-2,2,-2,-3,2,0,56,-6,-3,-6,-4,-1,-2,12,-1,15,-8,-6,-1,0,22,3,-2,-5,18,-3,-7,16,-2,12,-16,-6,-6,18,-3,-1,0,2,5,1,-1,-1,-1,-2,-1,0,9,1,1,0,-5,-4,0,7,11,-2,-5,-1,-4,3,-9,-2,9,-6,-4,2,-2,7,12,19,-9,9,5,12,1,-2,-5,-2,14,1,2,3,-2,-5,-25,6,7,-8,-10,-3,-1,1,-6,1,19,-13,-2,7,-4,4,2,1,6,4,-1,-1,6,12,0,3,8,7,0,9,-2,0,16,3,8,0,12,-1,3,6,4,20,7,18,1,-1,-11,5,11,15,44,8,7,9,6,-3,4,13,17,26,-10,4,-6,-14,15,0,21,20,13,-7,3,4,-7,-8,33,-3,-8,15,-5,2,0,1,1,-2,2,-2,2,-9,-10,-3,-2,-14,-1,-5,-3,-3,-3,-4,-4,0,-3,-2,-3,-1,-4,-1,-6,-3,-3,0,-1,1,-4,2,48,1,-1,-1,1,1,1,-31,-2,-23,-1,0,0,1,-3,-1,-2,0,-2,0,0,-2,2,-1,0,-1,0,-1,1,-1,-13,-7,3,3,-5,0,0,-5,4,-6,4,-9,-3,-4,-2,2,-5,-26,-3,-11,3,-5,1,-3,-15,-3,-3,-9,-8,-1,-3,1,-2,-1,66,0,-2,-2,3,0,-23,3,4,3,-18,-1,0,2,3,-22,3,-19,-1,0,0,2,4,3,4,2,1,-1,-3,-1,-3,-2,3,-11,-9,4,-7,-6,-8,-4,0,-1,-5,-10,4,-5,-14,-2,-5,5,-9,0,-8,-6,-2,-24,0,-19,6,-6,0,-7,-5,1,61,-1,-3,-4,-2,-7,-2,-13,2,-13,-1,-4,1,-3,-14,-1,0,2,-20,-1,-5,-14,5,-2,-2,-4,2,-15,2,1,-6,5,12,12,8,0,2,-5,-4,-2,-15,-9,-8,2,3,-4,-13,5,-19,1,-3,-1,-4,-3,3,-7,-21,-1,2,-5,-2,-10,-16,-11,61,-18,-3,-7,-1,1,3,1,-6,4,2,-1,1,1,0,1,-5,1,-1,0,4,5,4,1,-10,0,2,5,3,-1,-18,3,14,-5,-1,-4,3,-1,-32,-20,-16,-1,-13,-21,-9,-8,-50,-7,-7,0,-22,-8,-13,-6,1,-9,-10,-20,5,-4,-5,-5,-16,-10,57,-14,-20,-7,-17,-8,-1,-9,-13,-15,-2,-6,-3,-8,-7,-1,-11,2,-17,-2,2,9,0,4,-7,-1,-3,3,-1
-1,2,2,-1,-2,-2,-1,2,2,2,1,0,0,-2,2,-2,2,5,-5,7,-14,2,-4,-1,2,3,2,0,4,-6,1,-2,3,4,4,4,3,2,0,1,3,2,5,10,6,6,-1,4,8,12,-1,14,1,12,-6,11,-2,1,1,-1,2,-1,0,-2,-12,4,-1,2,-4,-5,0,4,6,9,-10,8,-41,12,-5,3,5,-7,8,-11,11,-31,11,-24,3,-3,3,-1,1,7,-13,4,5,2,3,10,7,-4,4,-1,3,13,-2,14,-12,14,-15,3,5,4,10,-2,-3,-11,8,-1,6,8,12,8,8,13,6,8,-11,13,-7,15,-9,13,-21,13,19,-13,21,-10,13,-26,15,-33,-5,12,-12,16,-24,20,-32,17,14,-4,14,-20,17,-26,17,-11,-5,12,-14,23,-28,19,-16,19,11,-8,19,-18,19,-22,23,-17,-11,15,-14,21,-17,22,-16,13,16,-23,17,-7,4,-5,9,-1,2,-1,-3,-3,-7,-7,-5,-11,-2,-1,-9,-1,-15,-6,-27,-2,-4,-4,-4,-9,5,-18,-8,-19,-8,-3,-19,3,-16,-2,-28,-7,-1,-1,0,-4,9,-7,2,-15,4,1,-3,0,-6,1,-10,-2,7,2,1,6,4,5,-2,-5,-4,4,-18,2,-11,-1,-7,-7,-5,5,-1,5,-1,-7,-14,1,4,-4,5,-14,5,-24,0,-19,-4,8,-8,-5,-24,2,-32,-2,1,-6,0,-12,-1,-26,-11,-18,-4,7,-11,9,-23,-26,-20,-2,5,-12,8,-15,7,-21,-2,-9,-3,-6,-4,2,-9,-3,-24,-1,0,-1,3,-7,-1,-12,-2,0,0,-1,2,1,1,-1,1,-2,11,-5,22,-13,11,-8,7,28,4,-5,3,-3,1,-3,8,-3,-3,-1,-1,-5,2,-4,-2,2,1,-3,-4,-1,-8,1,-4,-2,-1,-1,0,-2,0,-3,-1,-1,2,-1,-3,0,1,0,-2,-2,-2,0,2,2,0,-1,-2,-3,3,0,0,-6,-1,-5,2,-5,-1,-6,1,1,-7,-11,1,5,0,1,0,-1,1,-2,-2,-4,-5,1,-10,13,-5,10,1,1,-5,-1,0,-3,4,-9,0,-5,-3,-8,-1,-6,-2,-5,-5,-3,-1,-2,-5,-3,-4,-2,-4,-4,-5,-1,-4,-2,-10,-3,-5,0,1,-1,8,-4,-4,-7,15,-4,-10,-3,-4,2,-9,5,-11,23,-3,-6,-1,-9,4,-6,8,-4,-5,-2,-7,28,-11,28,-11,5,-5,-5,2,-5,16,-8,12,-9,-6,-7,-4,0,-2,-3,-5,4,1,-8,-1,-3,-4,-8,-3,-9,0,-1,-3,1,-3,-3,-6,2,12,-11,15,-19,13,-4,36,-4,-1,5,0,11,-9,14,3,28,7,-1,12,-2,11,-1,25,-3,-12,0,-13,30,-17,30,-12,20,-2,-2,1,-7,18,-5,28,-2,-2,-10,-2,-9,-4,-2,0,8,0,-5,-4,-7,-11,-8,1,1,-3,0,-3,0,-8,1,2,5,16,-12,30,-17,12,-19,45,-10,-7,10,-13,19,-8,22,-29,52,4,-31,36,-10,26,-17,40,-12,-22,-2,-28,58,-41,56,-26,33,-2,3,3,-22,47,-17,50,-15,0,0,-3,-2,-16,5,-20,15,11,-6,3,-9,-10,-27,5,-3,3,10,-3,-1,-21,2,3,25
-1,-2,-2,-3,0,1,1,-1,-2,0,1,-5,1,6,1,3,-3,-2,-3,-4,18,0,4,0,8,-1,10,2,15,17,1,0,-5,-2,-2,-3,5,-6,14,5,19,-9,-5,-3,1,-8,1,-10,-15,19,18,-18,-14,-23,-14,3,-2,-2,1,0,0,0,0,-1,7,0,-2,-12,-8,15,-1,8,4,7,0,0,20,5,2,5,7,1,-1,12,-4,10,5,4,-9,-2,-7,-3,8,-8,20,0,-1,-8,-14,3,-1,0,16,16,-1,3,16,-2,-12,-11,1,6,5,-33,2,-1,-26,-10,-3,9,-8,4,-13,18,12,-22,14,14,-11,-19,6,-10,-3,2,6,1,3,0,1,3,-2,1,3,13,-1,-8,-8,-2,15,1,1,4,11,-9,8,-12,9,9,6,7,-8,-3,-24,5,2,-13,24,20,2,-6,6,0,-4,-2,11,11,12,9,0,-14,-4,-10,20,-11,5,3,-15,1,6,-13,8,4,2,4,1,12,-4,6,2,7,-3,-6,2,-6,-17,13,3,3,1,-6,-2,1,-4,16,-3,8,-2,0,-3,-1,0,6,-1,7,6,-1,9,4,-4,22,9,5,5,-1,-8,5,5,22,12,-14,-9,-1,-5,3,10,5,1,12,1,-8,-6,-3,-6,12,6,-20,1,-3,10,10,4,3,3,15,-5,-8,4,-3,1,-5,9,-20,3,-7,-10,-5,16,14,3,11,6,-1,8,-22,-6,-6,-11,-1,13,4,-3,-19,8,2,-5,18,-11,4,-13,1,4,-10,-25,-9,-10,5,-20,-4,-25,5,-9,-19,-7,-1,2,-1,-1,3,10,-19,-1,1,-1,-2,-1,-1,1,-1,-16,-24,-1,8,-27,13,3,18,-9,1,-1,2,-5,-2,-2,2,-4,-5,2,0,1,-1,-4,-2,-3,0,-3,-1,5,-8,-3,2,-4,-3,0,3,2,0,5,6,-4,-1,-1,0,-2,0,-1,3,-1,2,0,-1,1,2,-1,-1,-8,-10,15,-9,-17,-6,3,-4,-25,-13,-8,-3,-9,-14,-8,-5,0,-15,-8,-2,-13,-1,9,-11,-9,-8,-6,10,-8,19,-12,-11,-1,13,-11,5,11,1,-7,-4,-4,-5,-5,-6,-10,1,2,2,-7,-8,-5,-6,-2,6,-6,-8,3,-5,-4,-5,-3,-6,-3,7,2,3,18,-4,-5,-12,1,-3,-19,-10,-12,10,-21,-1,-11,13,1,-19,-2,-5,-34,-28,20,-3,-7,-6,-1,16,-6,22,-19,-9,3,27,-9,20,24,4,2,-18,-2,-9,-3,-5,-7,10,1,2,-8,1,-3,-4,-3,10,-2,-3,-3,-12,-4,1,-13,-2,-10,7,-43,-47,27,-12,-8,-5,-20,-5,-21,-29,-22,4,-2,-11,-11,2,-10,-31,-24,-19,-8,-11,25,-11,-17,-29,-56,9,-7,33,-12,-10,-24,32,-38,15,25,10,-18,-8,-10,-14,-7,-13,-24,20,0,20,-10,-3,-25,-13,-8,1,-9,-5,-4,-5,-8,1,-9,-8,-10,-5,-21,-56,44,-4,-31,7,13,-4,-76,-58,-51,18,-25,-24,-15,8,-26,-32,-23,-23,-16,-53,23,-16,-11,-43,-49,19,-32,38,-25,-25,-44,36,-38,27,31,4,15,-37,-34,-30,-28,-42,-19,29,-15,29,-21,-28,-28,-21,-15,29,-35,6,5,-12,-18,-10,-18,-20,-10,-21
2,-1,0,0,0,-2,1,2,1,-1,0,0,-2,-3,-1,1,0,-1,1,0,1,-2,2,-1,1,1,-2,2,-1,-1,0,1,1,1,2,0,-1,-1,-1,2,1,3,1,-2,4,2,-2,-4,-5,-4,-3,-8,-9,-1,0,3,-2,-2,2,1,-1,-2,1,0,6,4,5,8,6,2,7,3,7,8,7,7,5,2,-2,6,10,16,8,18,4,8,1,9,9,7,18,7,16,4,11,-3,16,20,14,17,2,4,-5,3,7,7,17,2,2,-3,-4,-6,2,6,-2,4,-3,0,1,7,-2,-3,6,-12,13,-3,1,4,4,6,2,10,9,9,10,11,8,1,9,3,10,-1,9,7,4,10,4,8,8,10,10,13,14,3,11,-1,13,10,22,11,10,11,6,11,2,17,9,15,20,8,15,5,17,5,12,4,2,14,9,15,0,11,9,13,8,1,14,3,16,2,21,11,12,10,10,17,13,15,13,12,16,17,12,18,23,19,17,17,12,15,13,23,21,19,9,11,19,9,17,13,19,17,15,15,15,11,13,18,16,10,8,3,15,7,16,9,15,17,11,16,14,9,14,12,20,16,25,22,10,2,0,12,8,18,3,19,25,30,27,32,33,40,29,37,38,32,36,30,37,35,32,26,27,34,28,34,32,31,28,30,42,28,32,23,31,29,22,13,32,31,31,37,26,24,13,17,33,32,19,32,37,17,15,17,35,30,16,36,29,22,31,8,36,33,26,25,33,26,5,41,2,0,1,2,-1,-1,-2,2,7,-8,-11,0,-20,-8,-27,-9,-2,3,-6,-5,-3,-3,-8,0,-2,-3,-9,-3,-7,-3,-5,1,-1,-5,-6,-6,-6,-2,-5,0,-2,-4,-7,-3,-5,-3,2,-1,-1,-6,-6,-9,-8,1,1,1,0,0,-2,-2,2,-2,-1,-1,3,-6,-3,-3,9,-4,-8,1,5,-8,6,5,1,-5,-5,-3,5,8,-4,-2,-9,-8,-1,4,-8,1,-4,4,-3,8,-4,12,-6,-3,-7,-5,1,-4,-3,-3,-8,-6,-6,-4,-6,-4,-5,0,-7,-7,-9,-8,-4,-2,-5,-4,-7,-10,-3,-12,-8,-10,-3,0,-5,3,-3,-6,1,-6,-1,-6,-2,-3,3,4,0,4,-11,-3,-2,-7,-4,6,0,2,-5,5,-2,-4,-5,0,1,0,-9,4,1,2,-5,-5,-11,4,-2,-4,-4,-2,-6,-9,-5,-7,1,-3,-1,-5,-8,-9,-9,-1,-10,0,-5,-12,-10,-10,-1,-11,-6,-8,4,-5,-1,5,-2,0,0,-3,1,6,0,1,-1,-2,-5,1,-4,-5,-3,-7,-6,0,3,-5,-4,-6,-7,-4,-7,-1,-2,-3,-3,0,-10,-8,-8,-5,0,-6,-1,-4,-6,-7,-2,-3,-2,-3,5,-1,-4,-6,-4,-1,-2,-6,6,7,2,-6,-6,-2,-9,-18,-15,-18,-23,-33,-17,-28,-27,-19,-15,-10,-15,-9,-30,-18,-40,-9,-29,-17,-24,-33,-19,-25,-25,-13,-14,-26,-26,-25,-20,-24,-17,-16,-17,-21,-24,-15,-32,-11,-22,-20,-12,-21,-19,-22,-22,-11,-10,-18,-12,-11,-21,-16,-13,-8,-20,-16,0,-9,-5,-19,-16,-15,-11,-37
0,1,1,-1,-2,1,-2,2,0,0,-2,8,-6,5,3,-1,0,1,1,1,0,-2,2,-2,1,4,-8,7,-16,11,1,-1,-1,2,2,-4,21,-1,2,2,15,1,0,7,-6,10,13,9,4,11,12,8,6,17,16,2,-1,1,-2,0,0,2,2,0,0,5,4,12,3,14,11,1,6,3,6,0,6,10,-6,5,5,8,-2,9,12,15,8,6,5,7,1,15,-8,12,7,8,-1,0,12,4,24,8,11,5,15,5,7,2,5,14,21,10,-4,-3,-12,3,4,8,12,-5,1,4,9,-2,-6,-5,5,7,1,2,-4,0,-1,7,11,3,-6,-4,-4,-3,4,-5,-4,6,-3,5,-7,1,0,5,-3,1,6,-3,-13,11,-12,8,5,-2,0,10,10,14,25,4,1,0,9,3,21,-5,8,14,12,2,2,9,2,16,-11,4,13,3,15,0,7,4,6,-3,-12,20,13,7,11,11,5,2,9,8,12,15,17,14,21,20,20,12,9,6,13,-1,16,6,4,8,11,7,-4,17,-3,13,2,6,20,18,15,2,21,8,10,15,10,23,16,15,19,12,17,8,22,9,16,15,6,12,10,15,5,13,32,11,8,-1,16,16,15,16,23,21,21,6,26,6,10,20,13,21,12,13,19,-26,13,18,13,10,18,14,21,14,16,32,-9,25,7,18,14,4,22,15,28,26,24,16,23,19,27,27,45,23,28,37,38,16,23,30,44,20,29,39,25,20,18,27,20,24,16,18,25,27,-2,1,1,-1,0,0,0,0,0,-10,-16,4,-5,-10,1,-3,-2,-11,2,3,-5,8,-11,8,0,-2,-8,6,-5,0,-2,-1,-4,-2,-4,17,-5,11,-1,-2,-6,-1,-4,-15,3,-18,-1,-1,-5,-1,-1,-13,5,-3,-1,-1,1,-1,1,-1,1,2,0,0,-7,-5,-6,-3,-8,-2,-10,-11,14,-7,-22,9,-18,-8,-29,-5,-6,-20,-12,3,5,-39,-1,-37,-4,-5,-16,-1,4,-4,-10,-12,-7,-22,-2,-20,-10,-12,-4,-1,0,-6,-12,-13,-10,-6,-12,-12,-5,3,-4,-12,-11,-9,-7,-4,1,-8,-5,-13,-3,-11,-8,3,4,6,6,8,-5,-15,-1,1,17,-22,4,6,7,-14,0,-10,5,-3,-11,15,-33,-3,-11,14,-1,-7,4,-13,14,-20,-7,-9,-7,-6,-7,-3,-5,-7,-2,-16,-8,-10,5,-14,-3,-13,-3,-7,-13,7,-10,-2,-9,3,-6,-2,3,-16,-2,-10,-3,-10,2,-5,5,-18,-18,-1,-6,-11,-18,-19,-5,-9,19,1,0,2,-17,4,-12,-7,-2,1,2,-6,-7,2,-8,-25,-5,-1,-11,1,-12,-7,-9,-1,0,-5,4,-10,-2,1,-12,-16,-6,-9,-11,-5,-10,-12,-14,-5,-7,-6,-1,-7,3,-9,-10,-8,-5,-11,0,-6,-8,-7,2,-5,7,-14,-7,-15,-27,-10,20,-50,22,8,9,-27,-8,0,-10,-16,-14,9,-17,-36,-18,-10,-8,-21,4,-23,2,-36,-15,-7,-16,-1,-8,-13,-18,-15,-5,-7,-2,-13,2,-20,-12,-9,-10,-10,-10,-2,-14,-12,-11,-5,0,-14,-4,-16,-14,-15,-7,-11,-10,-14
1,0,0,-1,-1,2,0,0,5,1,-50,1,2,1,0,2,3,2,1,1,2,2,1,2,2,1,-1,1,2,3,1,2,1,1,0,0,1,2,0,0,3,2,-1,-1,-1,0,0,2,4,4,3,4,0,1,3,2,-2,0,-2,0,0,0,0,2,-12,1,-4,1,2,4,0,-1,-14,-5,-7,-4,-3,0,5,8,2,0,-1,-8,2,2,3,1,4,1,1,2,3,-4,5,5,0,-2,2,-5,-6,4,2,0,2,7,4,1,0,2,0,7,2,4,4,-1,5,3,5,3,2,2,5,4,8,0,4,2,3,-14,1,1,4,3,7,4,-3,2,-45,-2,3,2,2,5,-1,-10,-2,-3,-2,2,5,2,-2,-1,-2,2,-8,2,3,4,-1,3,3,-3,0,-8,-3,4,-5,4,3,4,-6,-1,-6,-2,7,2,0,4,4,2,-1,-5,1,-1,3,8,2,4,2,4,0,-2,-3,2,3,1,3,3,3,3,-26,0,1,3,4,5,0,4,4,-7,-2,4,8,6,6,8,3,-2,3,3,2,5,7,1,-5,3,7,4,6,1,7,-2,-2,3,2,-1,3,1,4,0,-1,0,6,-3,6,3,4,1,3,3,4,5,3,4,-1,15,22,26,-13,-6,8,2,-9,11,11,17,-15,12,8,8,0,18,15,12,-10,-5,0,2,13,-13,-34,-15,0,-3,-11,6,-3,-9,4,-3,-6,11,-12,-5,-14,-8,-16,-1,-8,5,4,1,-1,-6,1,14,13,5,-1,3,3,7,-19,-1,2,8,-1,1,1,-2,0,0,-1,2,2,2,-34,29,32,20,-23,-10,0,-3,-13,-89,21,-85,-7,-7,-2,-3,-3,-5,0,-2,-3,-2,-2,-3,-2,0,0,-1,-1,-2,-2,-2,-2,-2,-1,-1,-5,-3,-3,-2,-2,-1,-1,-1,-2,-1,-2,-1,-2,1,-1,-1,0,0,1,2,-81,6,4,-4,-68,0,0,-2,-1,-6,52,-9,-4,-5,-4,0,-63,5,0,-5,-80,-3,-6,-1,-3,-84,-3,-83,0,-2,-3,-1,-1,-5,0,-5,0,-6,-1,-2,-8,-1,-5,-3,-5,-1,-7,-1,-4,3,-2,-5,0,0,-1,-6,-1,-6,-5,-1,2,-5,-1,-4,-5,-75,-8,-65,-2,-1,-9,-10,-8,8,48,-8,-14,2,-4,-3,1,-53,-8,-80,-2,-3,-1,-7,-69,-2,-7,-7,-87,0,-2,0,-1,-4,0,-6,-3,-85,2,-4,-1,0,-6,-1,-7,-3,-69,3,-1,-4,-1,-4,1,-5,-2,-65,-2,-3,-4,-1,-4,0,-7,-5,-13,-11,-74,-3,-3,-12,-24,-6,-81,-76,68,-64,-74,-60,-51,-43,-6,-1,-62,-5,-11,-3,-6,-12,-8,-8,-74,-7,-8,-9,-4,-9,-8,-12,-57,-8,-7,-7,-11,-10,-9,-18,-64,-9,-6,-7,-9,-7,-7,-7,-70,-5,-5,-10,-8,-5,-6,-8,-56,-6,-7,-5,-8,-7,-29,-47,-57,-56,-30,-29,-6,-15,-46,-57,81,-37,-42,-29,-35,-4,-22,-62,-27,-41,-14,-21,-9,-12,-44,-20,-41,-15,-43,-12,-32,-17,-20,-31,-44,-18,-14,-53,-15,-17,-11,-16,-61,-15,-12,-10,-44,-9,-12,-13,-49,-11,-12,-9,-12,-32,-9,-17,-20,-8,-7,-14,-21,-8
-2,0,0,0,-2,-2,0,2,1,5,-9,-10,-2,11,4,2,0,5,5,-8,4,4,5,3,-1,4,5,6,5,7,2,3,4,4,8,5,12,9,4,5,10,5,5,7,4,7,9,4,18,6,11,1,4,-9,9,1,-2,1,2,1,0,-2,2,2,3,-16,-1,-20,6,-19,-1,-7,3,3,-1,0,0,2,-2,3,0,-4,5,-7,5,0,3,-1,-2,6,1,4,-2,6,-2,1,2,3,8,6,3,1,0,-4,-4,6,-1,5,2,2,1,8,6,-2,4,-4,1,12,5,2,-1,-6,-2,-2,-2,-5,-5,-3,17,-12,7,-24,11,-22,11,-38,-26,12,-28,9,-24,19,-20,14,10,-26,13,-38,16,-20,16,-14,-27,12,-20,14,-21,15,-14,17,14,-11,12,-13,10,-17,18,-9,-16,12,-17,15,-24,11,-23,9,16,-25,18,-20,16,-14,18,-11,-20,13,-22,7,-12,12,-16,13,9,7,10,7,5,10,9,6,13,11,13,6,13,10,10,4,14,10,11,10,14,8,11,11,9,9,18,11,16,0,16,11,9,6,8,13,9,5,6,11,10,1,14,1,14,-1,15,4,10,5,10,3,6,8,7,10,13,8,22,13,8,16,15,17,21,14,11,7,8,7,-6,25,5,9,13,14,-10,4,22,23,0,16,9,18,20,33,14,30,13,-20,20,11,19,7,35,13,20,27,19,29,12,49,22,30,41,-6,37,10,36,28,38,-13,6,26,15,17,17,24,22,20,1,11,29,15,24,18,3,23,0,1,1,-1,2,2,2,-2,7,-37,8,-44,6,-37,1,-37,-8,-5,-20,-32,-6,-1,-4,-7,1,-6,-2,-16,-4,-3,-2,1,-1,0,3,-2,3,-5,-1,-2,-2,2,-2,2,-9,0,-1,-3,0,1,0,-9,-7,-6,-1,-3,-1,-1,2,-1,1,1,-1,-1,2,-14,-1,-11,1,-2,13,-8,-1,-4,-7,-11,-20,1,-1,-4,8,-4,8,-10,-8,0,-11,-4,-9,-5,-6,0,-4,-10,-3,-8,-11,-9,-5,-3,-4,-8,-7,-11,-8,-8,-9,-15,-10,-12,-4,-19,-20,-2,-11,-8,-12,-6,-20,-7,-9,-17,-17,-11,-11,-12,-11,-4,-1,-21,1,-27,4,-45,3,-23,-11,0,-16,4,-46,3,-28,3,2,-17,6,-25,1,-35,5,-21,-23,3,-20,-4,-23,7,-48,-3,3,-25,2,-18,6,-24,7,-10,-21,3,-21,-1,-25,2,-11,-1,-3,-18,1,-35,1,-13,-5,-21,-16,4,-46,-1,-19,-3,-19,1,-9,-10,-10,-8,-3,-6,-8,-12,-12,-13,-16,-15,-15,-9,-10,-9,-12,-13,-11,-15,-10,-14,-17,-15,-15,-16,-7,-9,-6,-9,-15,-11,-12,-16,-10,-7,-13,-13,-17,-18,-15,-16,-4,-9,-9,-14,-13,-20,-12,-11,-11,-8,-18,-15,-19,-16,-2,-3,-9,-9,-13,-16,-9,-7,-40,-45,-40,-31,-41,-44,-50,-58,-42,-41,-58,-49,-36,-38,-26,-29,-44,-48,-42,-27,-32,-36,-21,-17,-41,-26,-48,-36,-25,-23,-40,-22,-37,-36,-33,-40,-18,-19,-18,-28,-26,-18,-24,-28,-19,-18,-29,-18,-59,-39,-22,-45,-16,-28,-51,-32,-39,-23,-34,-31,-29,-26,-45,-35
-3,-1,-2,2,1,1,-2,-2,0,1,1,-40,-2,1,4,2,0,2,-3,-32,-4,-1,0,2,-1,-2,-1,14,-4,0,5,2,2,2,4,1,-1,1,6,3,3,4,8,6,9,7,-4,4,0,10,6,13,5,8,5,2,-2,1,1,2,-1,0,-2,1,2,1,16,1,13,0,1,-5,2,7,8,2,4,10,3,1,-2,8,3,32,0,2,2,6,-1,12,-1,9,-8,5,7,1,6,-4,13,2,11,-2,3,0,4,4,6,11,9,13,-5,-1,0,2,-9,3,3,10,-1,13,6,5,2,13,1,10,3,-5,5,9,2,2,4,8,8,4,7,12,7,6,4,8,3,6,6,10,0,49,0,6,3,5,1,0,6,10,3,3,6,3,1,1,4,6,13,7,4,5,9,5,1,10,9,5,14,1,-7,9,10,6,8,6,1,9,5,7,7,11,6,2,-2,-1,6,5,4,11,9,4,5,4,6,1,3,13,2,10,2,2,8,13,6,32,4,6,8,9,6,4,8,1,11,-10,16,0,4,4,8,-3,13,9,5,10,6,7,6,-2,0,8,11,6,3,-2,9,-3,6,-4,3,7,7,8,5,8,11,5,7,10,7,15,7,13,12,4,6,10,16,17,13,15,8,7,10,14,15,10,1,62,9,21,9,27,11,7,15,-5,12,8,15,7,13,13,-27,8,5,14,17,9,3,-3,20,4,5,13,19,16,22,24,14,22,21,12,12,20,10,4,20,10,-1,21,20,5,1,0,0,-2,-1,2,2,-2,-3,-17,12,1,0,-4,-15,-15,2,-5,-9,43,-14,14,-3,-5,1,1,-68,24,-92,4,1,-3,1,1,-8,5,-8,-3,3,0,-1,-1,2,2,3,-3,-3,0,0,0,0,-1,0,-4,1,-2,1,-1,2,0,2,2,-2,-2,2,-13,-1,-11,15,-2,-5,-8,8,-66,-3,-2,13,-55,-4,-19,5,-17,-11,27,-16,-13,-2,-2,-18,-45,-25,10,-20,-6,-2,-3,-10,-2,-11,3,-32,-3,-4,-1,-4,-7,1,-10,0,-6,-1,-2,-6,-6,-6,-7,-5,-6,5,-2,-7,-3,-11,0,-1,-9,-4,-3,1,-18,-15,8,13,-11,-4,-4,-4,-4,-14,5,-27,-1,3,0,3,-5,-4,23,-15,-5,0,-7,-3,-7,-17,3,-14,-14,-8,-4,-9,-20,1,1,4,-15,-14,1,-22,-2,4,-7,0,1,-15,-7,-6,1,-7,1,-4,2,-4,-23,1,-3,-1,-8,-1,-3,0,-5,3,-7,3,-10,-2,2,0,-14,5,1,0,2,-9,-15,-1,-3,-7,-15,-12,-8,-46,-13,-5,-28,-4,-3,1,-9,-12,-3,-2,-4,-6,-3,-2,-5,-7,-2,-3,-5,0,-1,-1,-8,-7,1,-1,-8,-9,1,-6,-8,-9,-3,-4,-1,-5,-3,-4,-9,-7,-7,-4,-5,-3,-23,-39,-28,-9,-19,-12,-21,9,-17,-21,-24,-32,-15,-19,-1,2,-19,-14,-4,-38,-20,-10,-19,-2,-12,-20,-18,-13,-24,-18,-14,-13,-17,-4,-8,-3,-9,-11,-33,-9,-14,-8,-11,-13,-10,-13,-17,-20,-11,-11,-10,-14,-14,-15,-20,-9,-8,-12,-12,-13,-11,-15,-6
-1,2,2,2,-2,1,1,2,3,-4,-4,-3,1,-5,6,-5,-1,-1,-2,-7,-3,-3,-5,-5,0,0,0,-2,1,-1,-3,-1,0,-3,2,-3,0,2,1,1,-32,-41,-8,-2,3,-4,2,-1,67,7,71,1,-3,-19,-10,-16,-2,-2,2,-2,0,0,0,-2,-4,0,-4,-8,-6,5,6,-3,-1,7,-6,3,-1,-2,-1,-1,3,-1,0,-1,-4,3,-9,-3,5,-5,-2,-7,0,3,-4,-7,6,3,2,3,-2,-8,-5,-2,1,2,1,4,-7,3,-6,-1,5,-1,1,-2,-2,-15,3,3,-9,3,-36,-6,-2,-8,0,2,-4,6,-5,6,-8,3,-3,9,6,-16,13,-4,7,-2,10,-5,-6,7,-6,5,-3,8,-20,7,11,-6,3,-6,13,-11,3,-9,-6,-14,-9,8,-28,9,-6,6,5,-19,9,-9,3,-6,8,-7,-41,8,-20,-7,-11,4,-5,10,11,-46,5,-11,8,-5,6,0,-4,2,2,-1,0,-2,2,0,0,-1,3,-1,-2,0,-1,2,2,3,3,-6,-5,0,1,2,-10,-7,-5,2,4,-6,1,3,-7,2,-1,5,0,8,0,12,-7,-28,-5,-7,-5,-3,-11,9,-4,-6,-4,-3,2,-7,3,-7,-14,3,-61,0,3,-1,0,10,12,15,10,9,10,18,7,20,6,16,15,-9,2,12,-16,-19,-9,-9,10,-5,-6,-14,3,20,3,10,-9,-17,-9,-1,11,1,-7,-8,12,-2,19,4,15,-13,4,-5,-4,3,7,11,8,3,-26,-8,-6,-11,-25,5,-2,6,-12,5,-33,-13,-13,-4,-8,-5,0,-2,1,1,-2,1,-1,1,-22,10,-7,15,-12,-33,-11,-25,1,2,-1,4,2,2,-4,0,-1,2,-6,-1,0,-1,-3,0,-4,2,-5,-4,2,-3,-4,4,-4,-3,0,-2,1,-3,-2,6,-5,0,-1,-3,-4,-1,-6,6,1,1,2,1,-2,-2,2,1,-17,-6,-10,-9,-4,-12,-10,-4,-12,-18,-20,-4,-7,-7,-5,-7,-24,-24,-10,-17,-6,-7,-6,-18,-15,-10,-4,-16,-8,-20,-16,4,-6,-7,-10,-3,-3,-3,-28,-20,-3,-35,-3,-15,-5,-9,-3,-6,-32,-14,-28,-9,-20,-5,-16,-9,-35,-8,-38,-17,-10,-22,-10,-10,3,-4,5,-6,4,-11,6,-3,-7,5,-9,8,-15,7,1,6,3,-3,8,-8,5,-3,8,-19,-4,5,-5,8,-1,7,-42,6,9,-6,8,-3,7,-14,4,-8,-28,12,-27,5,-17,8,-8,4,7,-61,6,-14,-4,-14,7,-1,-28,9,-36,7,-10,-9,-8,9,-10,1,-15,-5,-11,-7,-10,-3,-11,-11,-8,-7,-3,-14,-2,-15,-19,1,-10,1,-13,-5,-10,-12,-29,-11,-11,-3,-6,-12,-11,-9,-22,-9,-20,-7,-7,-4,-8,-6,-22,-9,-8,-14,-2,-3,-9,-1,-13,-4,-9,-3,-3,-1,-3,1,-62,7,-63,-39,-52,-56,-91,-103,-16,-4,-22,-19,-21,-38,-32,7,-23,-38,-7,-29,-28,-32,-9,-12,-13,-31,-25,-23,-47,-16,-25,-55,-6,-28,-30,-26,-38,-35,-28,-22,-27,-28,-7,0,-30,-23,-15,-18,-29,-3,-16,-24,-21,-9,-14,-20,-22,-66,-18,-42,-29,-32,-33,-20,-47,18,-51,-53,-56,-50,-71,-60
1,-2,0,-1,-2,-1,-2,1,3,5,-8,10,-8,0,-1,7,3,-8,6,-9,-2,0,3,-1,3,5,4,-1,5,5,7,3,5,7,5,9,2,9,0,8,3,4,6,2,6,5,17,5,6,9,-2,10,15,15,16,6,0,2,-2,-1,-1,1,1,2,-6,13,-3,20,-3,16,-4,7,6,11,-2,9,1,-3,3,4,4,-3,13,7,6,5,7,0,14,1,3,-2,8,5,6,4,-1,8,9,11,3,7,4,3,-4,6,6,10,2,5,6,-5,6,6,4,-3,10,4,4,16,10,2,14,-2,1,16,12,9,-10,12,-14,2,6,16,1,14,3,0,0,-1,3,3,9,2,4,3,2,11,-1,7,9,11,4,4,8,-4,12,5,11,12,1,12,1,12,2,9,4,6,9,-2,8,8,5,3,9,8,-3,10,1,-8,9,10,4,10,9,6,11,14,27,11,16,5,-1,13,7,6,12,8,5,2,13,14,5,15,-1,6,15,11,17,2,13,7,10,8,9,3,5,6,14,8,12,8,9,4,3,-4,-3,1,11,8,8,20,9,18,7,-2,18,27,18,28,10,7,15,11,12,26,7,16,7,9,-4,-4,9,-6,8,26,12,20,-17,9,10,4,19,17,13,1,-6,19,7,22,10,30,27,-6,15,7,24,8,25,8,-13,5,15,7,3,25,22,29,10,6,8,21,15,13,24,24,7,28,-10,21,26,37,9,69,22,-19,18,34,24,32,24,29,34,24,31,38,33,22,33,27,2,1,2,2,-1,-1,-2,-1,-45,2,-45,5,-24,12,-18,0,0,1,-17,10,-13,-3,7,4,2,-13,7,-14,-3,-5,4,0,2,1,5,-6,3,1,-1,-1,1,9,7,-5,0,-3,-2,-4,-2,5,7,-2,-5,-1,-14,-5,0,2,1,2,1,0,2,0,-6,-6,-5,4,-10,-20,2,-1,7,-8,-3,-7,7,-9,-6,-7,1,1,0,1,-11,-9,3,-5,-5,5,-11,5,-13,-2,-15,-1,1,-2,-1,-7,-3,-6,-6,-8,0,-10,3,-10,-3,-11,3,-3,-3,-8,-7,-8,-1,0,-6,-6,6,-2,-20,-6,-15,1,-22,6,-18,3,-20,2,-10,-2,-5,-6,6,-13,-5,-11,3,-5,4,-8,-12,-1,-14,1,-9,4,-4,-2,0,-13,-1,-9,9,-10,5,-5,1,6,-12,6,-11,4,-17,9,3,1,5,-21,7,-6,7,-17,-7,10,-14,3,-6,1,-23,2,6,-10,5,-10,-5,-20,0,-10,-4,-7,-5,-9,-18,-3,-20,-9,-2,-16,-5,-16,-10,-15,-12,-4,-10,-17,-5,-23,-14,-21,-20,-15,-19,-8,-13,-20,-9,-20,-32,-14,-15,-8,-9,-11,-7,-11,-16,-2,1,-13,-14,-18,-8,-14,-1,-5,-1,6,-10,-15,2,-7,-13,-9,-17,-17,-6,-23,-14,-10,-18,-25,-32,-50,-36,-22,-27,-28,-31,-19,-33,-36,-22,-47,-37,-46,-17,-30,-24,-32,-25,-44,-41,-48,-28,-32,-32,-39,-24,-35,-45,-25,-32,-8,-11,-19,-29,-43,-23,-25,-18,-17,-7,-21,-11,-17,-13,-19,-4,-25,-8,15,-12,-17,-7,-37,-31,-2,-15,-12,-5,-22,-22,-11,-22,-34
-1,-2,-2,1,0,-1,1,1,6,6,5,3,5,4,5,4,5,3,3,2,2,3,1,1,3,3,3,2,1,2,2,1,3,3,1,3,3,3,2,2,6,4,3,3,3,3,1,2,4,6,2,1,3,0,5,6,-1,2,0,1,-1,0,-1,0,-18,10,-10,-15,-18,-2,7,0,-21,-14,-16,-10,-7,-5,-1,2,-6,-33,-19,-9,-6,0,0,2,-1,3,7,2,4,4,5,2,-1,1,-2,6,5,5,3,2,3,4,3,6,1,3,5,5,3,3,5,2,7,0,2,3,-3,5,1,4,2,3,2,1,-11,-18,-19,-17,-9,3,-2,4,-7,-25,-20,-9,-1,-2,4,2,-13,-16,-12,-4,-4,0,3,2,-5,-3,5,-2,2,-2,2,0,-3,5,0,4,-1,-2,-5,1,5,2,3,2,6,-4,-5,-5,-1,5,3,4,0,4,-6,-5,2,5,3,2,5,3,2,-5,-20,-62,-63,-69,-66,-62,-9,-6,0,0,1,6,3,8,9,5,4,3,0,1,4,3,4,4,5,6,-1,1,2,2,8,7,2,0,0,0,4,4,8,6,3,6,7,-6,5,4,4,4,5,5,4,6,6,2,8,7,6,6,6,3,0,7,7,7,-16,-56,-59,-67,-51,-19,5,11,-8,-19,-12,-8,4,0,10,5,7,6,-9,4,0,6,6,1,7,1,2,-8,3,6,5,2,8,1,4,3,4,0,-4,-2,-1,7,-6,5,5,0,-1,-2,4,1,5,-9,-1,0,-1,5,4,1,1,-9,1,-1,1,3,-1,-1,2,-1,-1,0,2,1,45,39,38,31,19,3,7,6,-4,-4,-4,-2,-4,0,0,-2,-4,-2,-1,-2,-1,-1,1,-1,-2,-2,-1,0,-1,0,0,0,-2,-1,-1,0,-1,-1,0,-1,-2,-1,-1,-1,-2,-1,0,0,0,2,0,0,1,-1,-2,-2,-4,-5,-16,-7,-13,0,-5,-4,-2,-4,-8,-10,-5,-3,-6,-3,-6,-6,-4,-6,-5,-3,-1,-5,-4,-6,-4,-4,-2,-3,-3,-4,-2,-2,-2,-1,-3,-3,-5,1,-1,-1,-3,-3,-5,-3,-3,-2,-2,-4,-1,-2,-2,-4,-1,-2,-5,-2,-3,-4,-1,-2,0,-5,4,-9,-18,-7,-10,-6,4,1,-7,-12,-6,-12,-3,-12,-9,-8,-6,-10,-5,-7,-5,-5,-8,-6,-7,-4,-6,-2,-5,-8,-3,-1,-2,-2,-3,-2,-8,-5,-6,-4,-4,-5,-5,-5,-6,-5,-5,-5,-5,-7,-4,-4,-6,-7,-4,-8,-8,-4,-4,-3,-6,-3,-4,-7,55,57,64,59,47,26,8,7,-7,-11,-18,-13,-13,-21,-18,-14,-8,-18,-10,-7,-12,-6,-11,-12,-7,-11,-4,-7,-7,-12,-13,-9,-8,-7,-4,-9,-4,-15,-13,-6,-5,-9,-4,-3,-7,-14,-11,-7,-7,-8,-5,-11,-7,-11,-12,-7,-6,-7,-6,-9,-7,-7,-10,-9,73,69,76,74,76,37,26,15,-6,-36,-6,-21,-17,-28,-27,-21,-32,-27,-29,-8,-13,-11,-15,-21,-32,-21,-1,-6,-21,-8,-21,-8,-9,-10,-18,-8,-7,-6,-11,-13,-5,-12,-15,-13,-9,-12,-10,-8,-1,-27,-16,-13,-8,-5,-17,-6,-12,-16,-6,-9,-2,-16,-15,-5
1,-1,-2,0,1,-1,-1,-2,-3,1,-3,8,3,7,2,4,-2,-2,1,-7,-7,-6,-4,1,-5,-6,6,-3,3,-9,-3,-1,8,1,20,-6,-13,-9,23,-6,-1,-28,2,-3,7,6,-14,-6,18,41,9,-4,-13,-4,-12,10,-2,-1,-1,-2,2,2,1,1,1,1,1,4,0,18,5,-4,3,-2,-2,1,17,-5,3,4,-7,4,-6,-24,-6,-2,-13,2,9,-21,0,-3,-7,-10,-3,-7,11,-12,-14,-10,-9,-2,8,-1,-6,6,-18,8,-16,-11,-11,-10,-4,-8,-9,-7,-17,1,-8,-27,-6,5,-8,-9,-7,4,-27,-11,1,15,5,4,2,0,7,-4,3,-6,1,7,14,13,6,-4,-5,0,4,-2,-10,-1,-18,4,9,-12,3,20,8,-6,-8,-30,18,0,15,-11,-24,1,6,-2,5,-18,17,-12,0,19,-4,-1,4,-4,-12,11,-20,-2,-14,8,7,4,1,5,-5,3,0,9,7,0,10,7,6,1,3,4,-1,11,-5,-7,-5,5,0,5,5,5,6,23,2,-2,4,8,1,4,1,4,-1,0,-1,4,-8,4,14,-1,-14,-10,-25,-12,14,3,4,2,-27,2,-38,6,-3,10,0,5,-5,12,9,9,4,3,14,7,12,-6,-5,9,8,1,4,0,12,0,-12,-1,11,-5,1,-2,12,8,13,-2,-4,5,4,14,-11,21,-8,-17,0,-18,-2,7,5,1,5,-27,10,13,-11,-3,-28,-5,8,-5,7,-36,4,-14,-12,9,12,0,21,20,-2,13,2,15,6,11,-21,-26,6,14,4,-5,19,-9,2,2,-2,-1,2,-2,-2,-2,3,-64,1,-18,-47,-9,-17,-20,1,4,5,-10,10,-5,2,-1,-5,-1,1,4,-6,4,-3,4,1,-2,-7,1,-7,2,3,3,3,1,1,8,-2,3,-4,0,3,3,1,5,-6,1,3,1,0,0,-1,-1,-3,2,1,-2,-3,10,-12,9,-4,5,-1,-6,-6,-9,-33,-23,-18,-22,1,4,-2,-31,14,-5,27,-5,19,14,-20,-10,10,-7,-15,-13,-1,-1,-8,-4,-14,21,-14,4,-42,-7,-3,10,-2,-5,-7,-4,-15,7,-8,3,-2,-4,-9,-10,-3,-8,-3,-4,5,-6,-1,-3,-6,-5,-3,1,-10,-7,-22,11,4,-17,1,-26,-19,2,-19,-8,-8,10,-23,5,20,-11,-1,1,4,1,-9,-31,-13,-4,-12,-17,-9,-3,4,-8,-7,0,-13,-1,-22,-11,-6,6,-12,1,-12,-1,-11,9,-19,-1,-4,-4,-2,-5,4,-10,2,-13,2,9,2,-1,0,12,-7,-22,-3,-1,-21,14,13,-4,-13,-22,-15,-8,-6,-21,-3,9,-12,-17,19,-18,-6,19,11,9,-18,-6,-9,-7,-13,-27,-18,-22,-24,-24,-10,2,-38,-5,-21,-7,-5,26,2,0,-10,3,-18,14,-9,19,-16,3,-9,-12,-1,3,5,-3,6,0,-14,-9,-5,-4,2,1,1,3,-36,10,3,-6,-14,-50,-43,22,-27,-46,-43,-12,-43,-33,23,-27,28,22,17,-6,-21,-39,-30,-13,-25,-40,-22,-38,-35,-28,-28,-1,-55,-38,-39,-19,-25,31,-21,-20,-28,-33,-45,24,-27,-3,-26,-20,-28,-21,-17,2,9,-5,-9,-13,-19,-26,-14,-46
1,1,2,-2,0,-1,1,0,-2,-4,-3,0,-3,6,11,-5,-5,-9,-6,-4,5,0,0,-2,10,5,25,0,-22,-7,0,0,-12,1,-6,12,7,3,-7,0,12,8,-2,-12,12,-5,1,-6,-18,-14,-1,0,-12,-12,-16,-16,-2,0,2,0,-2,2,0,0,-2,4,-4,2,-3,-1,-5,-4,3,10,-6,4,-1,4,7,0,-5,-3,2,1,5,-4,-2,7,7,1,3,1,9,-4,4,4,-1,3,9,-3,-1,-6,0,-8,-3,-18,-9,-13,-8,-4,-13,-4,-6,-17,3,-2,-9,-17,0,-19,5,15,7,2,-5,-2,-5,2,-9,9,-2,5,-5,-2,-1,3,-4,-2,7,-3,14,-1,16,2,-2,-10,0,6,-1,17,0,-1,9,-3,-6,-8,7,0,4,11,-15,-2,-8,-6,11,0,5,0,-7,-5,-4,1,-2,3,8,4,-3,5,6,4,5,-2,1,5,-2,-8,-7,-8,3,0,-6,-5,12,3,8,13,8,12,8,4,2,0,0,1,-5,0,-10,-1,2,0,-2,4,-7,2,-4,6,3,-13,-4,5,-1,7,8,1,14,17,-26,8,6,2,-2,0,2,14,-1,24,5,-3,4,11,15,7,-13,7,-8,7,17,5,-9,-13,0,3,-2,-6,1,2,16,26,9,10,10,2,11,7,5,13,6,13,6,5,19,16,7,7,-5,1,-15,24,17,9,-1,19,6,21,20,17,19,18,-5,6,9,4,14,18,7,14,-1,-1,11,-4,8,13,6,27,2,27,-17,13,24,27,31,8,0,6,1,9,1,32,17,16,2,2,-1,-2,1,0,-2,0,-9,6,-25,13,-21,-9,-11,-7,-11,-1,-8,-3,-2,1,-1,-10,-5,-5,-2,0,-5,3,2,-5,3,4,-4,-11,7,-9,4,0,9,-1,3,-6,4,-6,5,-4,3,-4,-4,-3,-7,-1,-1,0,1,0,-1,-2,0,2,-2,1,4,14,-6,15,3,10,10,-1,-18,-28,-18,-13,2,3,-6,-9,-11,-18,-5,6,-1,5,1,-14,-5,4,-4,-4,-4,3,3,-1,-9,16,-21,9,-1,-5,7,7,-2,-14,2,-1,11,-5,-1,-6,10,-6,-5,-10,-10,2,2,5,-4,10,-7,1,-9,-7,-6,9,4,-3,2,-1,-1,-24,-7,1,0,-1,-11,5,-15,-1,-20,-8,-4,-8,-2,-19,2,0,0,-7,-15,-7,-5,-1,-11,14,-7,-5,-4,12,-8,1,1,-18,-3,-2,7,-5,-10,10,1,-7,-12,-7,-13,-8,4,-5,-11,-3,-9,-10,1,15,-12,-7,-2,-11,-2,-9,-13,2,-14,16,-8,-8,-14,3,-20,-13,-21,0,-12,-9,-2,-12,-9,-17,0,-6,-1,-2,-5,-5,-16,-15,-16,-14,-22,-9,-14,-5,-11,21,-4,5,-17,-20,-8,-2,6,-13,-2,1,6,-7,-6,-3,4,-7,0,-2,-11,-13,-1,-4,5,-6,-10,-11,-15,-9,-10,-10,-2,1,-1,15,-31,-7,-17,20,-1,-67,-22,-13,-55,-13,-43,-29,-21,-48,-27,-31,-4,7,-10,-14,-48,-44,-44,-24,-43,13,-18,-25,-8,40,-7,-1,-50,-33,-12,1,-3,-20,-1,-2,-4,-10,-26,-31,-3,-4,-15,-6,-30,-18,-22,-7,-20,-11,-16,-18,-16,-23,-42,-11
-1,-1,-1,-2,-1,2,0,1,4,0,0,-2,-2,-6,1,1,5,3,4,2,-3,-1,0,1,0,2,4,1,1,-2,-3,1,3,2,4,2,-3,-3,-1,0,-1,4,3,0,-2,-3,-4,-5,-2,1,2,7,0,2,1,1,-2,0,2,-2,2,0,2,0,16,5,11,0,12,4,-3,9,14,4,17,10,8,6,10,7,14,10,10,10,7,7,8,0,4,14,4,12,3,7,12,10,12,9,13,10,8,10,5,10,17,10,13,8,12,8,13,10,10,11,14,8,6,10,6,0,13,15,7,19,9,10,-10,3,6,2,1,-1,10,0,12,3,4,5,-2,7,0,8,4,9,5,3,11,-3,2,1,10,-1,-1,2,2,10,-1,5,-5,6,11,-1,5,5,7,-1,3,3,-3,5,0,8,-4,11,3,4,5,0,7,1,3,-4,3,-1,5,8,-4,6,-2,5,-2,5,15,16,18,10,21,14,12,18,19,16,13,15,19,7,12,21,18,17,19,15,16,10,18,19,15,10,16,16,20,10,14,17,22,18,16,6,22,16,24,23,17,13,12,16,18,13,23,21,15,8,12,14,14,9,9,19,19,9,14,11,18,6,12,16,18,30,26,10,16,24,12,7,33,21,-45,28,32,12,13,24,25,31,23,21,23,16,36,17,13,15,-2,15,30,24,3,18,19,25,37,5,17,2,13,27,35,24,20,38,29,6,22,28,29,25,20,38,23,17,19,26,26,23,23,23,14,28,22,12,-1,2,2,1,2,2,-2,0,-3,-37,-19,-42,-5,-44,-11,21,-1,-36,-4,-32,-6,-34,-8,10,-5,-13,-2,-13,-2,-9,-8,2,-3,-10,-4,-8,-7,-6,-9,-1,-5,-9,-6,-6,-6,-8,-9,0,-4,-12,-5,-3,-6,-5,-7,-1,-2,2,-2,2,-2,1,1,-2,-4,-5,-1,-3,-1,-6,5,5,-8,-6,-1,-8,-8,-2,8,13,-1,-2,2,-3,16,-2,-3,3,-3,-2,-2,-4,0,2,-3,3,-3,-2,-4,-1,-3,-5,1,-4,-1,-3,-6,0,-4,-3,-2,-4,-5,-4,-2,-4,-4,-2,-2,-9,-6,-1,-3,2,1,-3,-4,-5,-7,-7,-11,-8,-9,-12,-10,-6,-6,-10,-3,-7,-4,-6,-4,5,-5,-2,-8,-4,-3,-1,-9,-1,-6,-2,-5,-7,-4,-8,-5,-4,-6,-6,-8,-9,-10,-7,-7,-8,-6,-6,-7,-10,-7,-9,-6,-8,-2,-11,-11,-8,-9,-10,-14,-10,-8,-8,-12,-6,-9,-11,-6,-13,-14,-16,-29,-18,-10,-21,-22,-23,-19,-20,-26,-22,-18,-19,-3,9,-20,-18,-18,-22,-17,-20,-20,-23,-19,-14,-18,-21,-10,-13,-12,-13,-18,-20,-22,-20,-18,-20,-19,-18,-18,-13,-17,-15,-15,-15,-16,-19,-20,-19,-17,-22,-16,-20,-17,-17,-17,-18,-20,-14,-19,-17,-17,-13,-30,-38,-36,-45,-28,-26,-41,-37,-36,-41,-29,-46,-44,-63,-28,-11,-31,-24,-44,-36,-40,-35,-45,-23,-25,-17,-19,-27,-30,-29,-22,-20,-22,-24,-49,-25,-21,-28,-16,-28,-25,-26,-16,-25,-28,-28,-42,-24,-33,-30,-27,-31,-20,-41,-55,-23,-30,-37,-47,-28,-18,-27,-25,-20
-2,0,1,1,2,0,1,1,-1,0,-5,6,-27,6,-8,6,2,2,-6,13,-23,10,-6,6,2,2,-3,8,-13,6,-7,2,4,3,3,4,-2,2,2,0,0,-3,2,0,-4,-1,1,1,-1,-1,5,0,5,3,7,-3,2,-2,-1,0,-1,-1,1,-2,-2,-5,-3,-5,-3,-3,-8,-10,-1,-3,-7,-3,-11,2,-9,-8,-3,-2,-1,2,-10,-5,-1,-3,-6,-1,-7,-1,0,-1,-7,-2,1,-8,-6,2,-3,7,0,2,1,0,2,3,5,0,7,2,1,1,4,4,7,13,9,-3,2,-4,-4,7,-3,16,-9,-4,-4,-2,-5,-9,-8,-4,0,-7,-2,-3,-3,-5,-2,-9,-1,4,0,-2,-5,-4,-19,-6,-1,-5,-6,-1,-7,1,-3,2,-6,4,-2,0,-3,1,-4,13,6,-4,-5,-2,-3,8,-2,5,1,-2,-2,-5,5,-5,4,-6,5,-1,0,-10,-6,-4,-5,7,2,1,-4,-4,1,-4,-8,-3,1,1,-9,-6,-7,-11,-13,-14,-2,-4,-12,-13,-9,-17,-20,-16,-12,-8,-12,-8,-6,-7,-8,-8,-7,-3,0,0,1,5,3,4,12,6,-10,-6,5,-12,7,-1,13,5,-18,-12,-8,-4,-9,-17,-7,-3,-11,-12,1,-16,-6,-8,-6,-13,-7,-3,-2,-3,-1,-3,-2,-4,-5,-1,1,-8,-3,-20,-3,-7,-4,-2,-6,-8,-24,-13,-5,-12,-3,-5,-10,-15,-11,-1,-18,-9,7,3,8,-11,-7,23,4,0,-3,7,6,13,13,15,19,9,-8,-3,3,3,34,4,7,1,-6,1,8,5,5,3,2,-15,2,0,1,2,0,1,0,-1,-9,-8,-14,-14,-25,-33,-48,-49,-3,-10,-17,-25,-31,-34,-32,-26,-8,-5,-12,-27,-31,-26,-23,-16,-4,-3,3,-6,-4,-10,-3,-1,-3,0,1,3,3,3,4,3,-2,0,2,3,4,6,4,5,-1,-2,-2,0,-2,2,0,-1,-10,-12,-5,-15,-16,-30,-13,-30,-3,-9,-7,-7,-3,-8,-12,-25,-5,-2,-5,1,-18,0,-14,-11,-8,-1,-17,7,-15,5,-24,-4,-4,2,-8,-3,-12,-3,-14,-5,-1,0,1,-6,4,-6,0,-2,7,-3,6,-1,6,-4,2,-5,6,3,3,2,6,6,1,1,-1,-15,-7,-13,-13,-12,-14,-15,-10,4,-9,-7,-8,-18,-7,-10,4,-5,2,3,-15,4,-16,4,-6,-4,-6,0,-12,-6,-2,-9,-10,-7,-7,-6,-6,-6,-8,-12,-2,-9,-8,-2,-6,1,-4,-2,-10,-5,-7,-1,-3,-9,-2,-3,-13,-10,0,-2,-8,0,1,1,-2,-5,-9,-8,-17,-13,-21,-13,0,-3,-4,0,-11,-12,-20,-10,1,3,3,10,-2,3,-17,-3,11,10,1,9,10,5,1,3,6,10,5,5,-5,0,-1,-1,7,2,-2,1,-2,-4,-10,-7,13,5,-2,3,-6,-6,-12,-3,8,8,3,3,-4,-3,-6,-3,-15,-14,-19,-11,-12,-21,-28,-20,-8,3,-11,9,14,1,-17,-17,13,0,6,26,22,24,-11,-4,2,-3,-9,8,3,1,-5,-17,-6,-3,-14,-4,-5,-5,-5,-23,0,-1,-10,-2,-8,-6,-23,-16,1,-4,-6,-1,-10,-3,-15,-29,3,-2,3,-1,-3,-11,-4,-21
1,1,0,-1,1,-2,1,1,3,4,3,3,3,4,4,2,4,4,3,3,4,3,4,3,3,2,3,1,4,4,5,3,0,1,-1,3,3,3,2,2,-2,-3,-3,-4,1,2,2,2,-11,-4,-2,0,1,2,2,4,2,2,-1,0,2,-1,2,0,14,13,15,13,15,16,14,15,13,13,14,13,13,13,15,14,12,12,13,13,14,13,12,14,12,13,14,12,12,13,15,13,11,11,12,12,12,12,13,13,6,-17,9,0,12,14,10,13,-1,-10,0,11,-12,11,13,14,-17,-3,-17,13,13,16,-2,10,11,13,13,14,16,14,15,13,15,14,12,13,13,14,13,14,13,14,15,13,12,13,16,13,14,15,15,16,13,14,16,18,15,16,18,13,15,13,13,14,14,14,15,16,14,15,10,16,14,-25,12,15,14,17,16,15,14,10,12,14,15,21,18,15,18,19,18,19,19,21,20,20,20,18,18,20,20,21,20,21,18,17,18,18,21,22,22,18,18,-8,18,23,22,23,19,19,20,15,21,16,20,19,20,22,17,19,20,18,23,23,24,22,17,13,20,15,24,22,24,19,19,16,18,19,18,20,19,17,-9,40,31,40,34,37,42,1,-16,1,40,39,39,-8,37,-18,31,19,38,5,35,37,7,36,-2,-9,40,-12,4,-10,30,-4,-16,-14,-9,36,-10,38,36,27,-6,-12,32,-10,2,-3,-11,-8,-21,-14,41,14,26,10,-11,-5,-8,-14,-3,1,-12,-9,-4,-14,-2,2,1,-2,-1,2,2,2,2,-50,2,-1,0,1,-4,1,-2,-6,-2,-2,-2,-4,-6,-4,-4,-4,-3,-3,-4,-4,-4,-2,-3,-3,-2,-3,-4,-3,-5,-3,-3,-2,-2,-4,-3,-4,-3,-3,-1,-2,-1,-3,-3,-3,-3,-3,1,-2,-2,1,0,1,-1,-2,-6,-18,-20,-22,-23,-22,-26,-22,-10,-17,-19,-16,-18,-27,-27,-26,-17,-15,-18,-17,-15,-16,-22,-19,-15,-15,-16,-16,-18,-15,-15,-16,-14,-13,-15,-15,-15,-15,-19,-16,-14,-15,-13,-14,-13,-12,-14,-12,-16,-16,-13,-13,-12,-13,-14,-11,-17,-13,-13,-13,-13,-13,-13,-11,-17,-28,-18,-22,-20,-26,-19,-20,-14,-16,-16,-15,-25,-17,-30,-22,-17,-17,-16,-17,-19,-16,-20,-21,-14,-15,-16,-16,-14,-17,-16,-15,-16,-16,-14,-13,-16,-15,-17,-17,-14,-13,-12,-15,-14,-14,-14,-14,-15,-12,-14,-13,-13,-13,-13,-9,-11,-10,-13,-12,-13,-13,-11,-13,-28,-33,-31,-26,-28,-31,-32,-29,-24,-24,-29,-28,-30,-27,-28,-25,-24,-24,-23,-26,-26,-30,-31,-29,-24,-22,-23,-28,-27,-29,-26,-24,-22,-21,-23,-25,-24,-24,-28,-25,-21,-21,-21,-22,-23,-23,-23,-22,-21,-21,-19,-22,-21,-23,-23,-22,-21,-20,-20,-22,-20,-21,-22,-22,-50,-48,11,-51,-49,-46,-49,-49,-45,-48,-42,-46,-43,-44,-45,-49,-52,-51,-45,-49,-44,-44,-58,-46,-46,-44,-46,-46,-44,-51,-43,-45,-43,-43,-47,-44,-45,-41,-50,-45,-44,-43,-41,-42,-42,-43,-43,-43,-40,-41,-41,-40,-41,-43,-52,-46,-45,-42,-41,-39,-44,-43,-54,-44
2,0,0,-2,-1,-2,1,-1,1,2,-1,1,-1,5,-2,-1,2,-1,1,-4,3,1,-1,-5,3,0,-4,2,-3,5,0,-2,4,-2,3,-2,3,0,3,3,7,5,4,4,-3,-3,9,1,-32,-14,0,-9,4,12,-3,12,2,-2,-2,-3,0,-2,2,0,-12,2,-1,3,3,0,-1,12,4,-2,1,3,4,-4,1,-4,5,1,2,2,-3,2,-2,-3,3,8,5,1,6,-2,11,2,-4,3,1,1,-3,16,-6,11,-3,2,10,-7,-3,2,1,2,-2,1,-8,11,4,4,-5,4,3,5,7,-7,8,8,11,4,-10,13,0,17,-4,9,-2,10,9,-1,15,2,8,1,2,-2,-1,2,4,4,-6,9,3,3,10,0,10,-2,10,3,17,4,-3,11,-4,10,-2,14,-4,20,6,1,8,-5,22,-4,18,2,-6,8,3,5,8,19,-4,16,9,-1,14,-1,18,3,8,0,-2,1,0,-4,4,2,4,2,-2,-4,3,0,1,0,3,1,3,-1,-2,-3,0,-1,2,0,0,0,-1,5,-4,5,12,-6,-15,1,-3,1,18,1,11,1,9,-5,1,3,4,8,13,-5,18,13,14,15,25,25,19,12,11,-5,7,-4,8,0,9,4,18,22,7,15,21,21,11,24,19,19,20,21,14,13,17,11,28,21,15,16,14,18,18,20,10,12,17,31,14,-11,32,4,19,11,12,30,33,28,26,11,5,51,30,37,36,30,39,-5,13,18,27,25,5,10,27,20,17,22,26,9,28,35,26,25,0,0,-2,1,1,-1,0,0,-41,-13,-49,-8,5,-16,-49,-13,-7,-12,-5,-7,0,-7,-3,-21,3,-10,-1,0,-2,0,-3,-17,2,-9,1,-6,3,-6,2,-9,0,-3,-1,1,-5,1,-3,-5,-3,-5,-1,-11,-2,-6,-2,-5,2,-1,1,-2,-1,-2,0,-1,-3,-3,-1,3,3,0,-2,-4,2,2,-2,1,5,9,-3,-4,9,3,9,-4,1,-5,15,-11,10,2,-2,0,-2,2,6,-2,3,0,5,2,0,0,6,3,3,4,1,-1,-4,-3,-1,3,0,1,1,-5,-1,2,5,6,4,0,-2,1,-3,2,4,0,7,-22,4,-15,10,-19,10,-16,-1,17,-8,3,-10,9,-11,14,12,-14,14,-16,8,-19,16,-22,-12,3,-15,14,-15,11,-15,4,7,-12,6,-13,17,-18,15,-13,-18,13,-11,12,-17,9,-16,11,9,-11,14,-14,11,-8,13,-5,-9,13,-15,4,-19,6,-10,15,-4,-16,-2,-9,9,-7,-4,-15,-6,-9,-4,-11,-6,-10,-1,-10,-3,-5,-7,-7,-6,-9,1,-18,-4,-9,-8,-6,-11,-13,-8,-16,0,-7,-7,-11,-4,-8,-12,-13,-1,-8,-3,-11,-13,-13,-1,-19,-2,-9,-3,-6,-5,-7,-8,-12,-11,-17,-9,-12,-10,-15,-5,-16,-5,-16,-5,-26,1,-27,-13,-32,-25,-26,-31,-23,-20,-17,-11,-10,-27,-18,-15,-21,-9,-31,-14,-29,-12,-29,-19,-18,-15,-37,-23,-21,-20,-47,-21,-14,-6,-27,-20,-27,-18,-12,-12,-16,-10,-9,-23,-7,-5,-20,-13,-13,-11,-15,-3,-22,-14,-19,-15,-18,-16,-8,-16,-17
0,1,1,-2,-1,-1,1,0,-4,-4,-1,-5,-2,1,-1,-2,1,3,2,-7,1,-1,-2,-1,-2,-8,4,-2,10,1,-4,-1,-2,4,-3,0,-16,-1,-6,7,3,6,-4,24,9,7,-5,-7,7,3,1,-4,-8,-6,-36,-4,-2,-1,-2,2,0,1,-2,2,-29,2,8,8,8,-18,1,14,9,5,1,-4,5,-4,2,2,1,-6,6,33,-13,-1,-9,10,-2,9,-17,-10,0,7,-4,28,7,0,-28,9,-15,2,-13,-13,17,4,-4,4,5,-31,21,-14,-2,5,-10,2,-6,-46,-25,-10,4,21,-14,16,5,-14,-15,16,-9,-2,11,-3,-1,0,5,1,-3,4,0,-5,0,-11,-3,20,26,-3,-4,-4,5,-12,16,-7,9,10,-3,-8,16,11,-12,-4,3,4,20,-5,7,4,3,4,-3,4,5,38,-12,14,-15,-11,7,-4,0,1,5,2,-31,0,4,20,1,1,-2,16,-7,-12,9,2,-2,3,-2,9,1,5,5,7,6,6,0,-10,11,-8,-4,13,17,-12,-5,14,15,-12,3,9,4,0,11,16,13,1,3,-5,6,-2,3,2,8,0,-7,1,5,-30,-16,-11,-16,-5,17,27,14,1,-6,-5,7,8,-13,-15,24,1,6,-2,6,-11,13,7,-2,5,1,14,1,10,-2,3,14,6,10,5,-1,15,12,12,29,-12,12,-1,19,-9,24,21,-4,15,14,23,13,1,19,2,7,-13,4,-4,13,4,-5,6,6,36,10,-5,-13,-11,17,-4,15,-10,-3,12,2,11,-19,10,10,17,-5,14,2,11,0,0,-1,2,2,0,-1,0,-44,-9,4,-28,-16,-37,1,-17,-3,-5,-2,4,-5,-4,1,-2,3,-2,-3,0,-3,-1,1,0,-2,-2,-4,0,0,-5,-2,-3,1,-3,4,-3,-2,2,2,-4,3,-1,0,2,-3,0,-1,-4,1,0,1,-1,2,1,-1,2,-15,-7,7,-10,-3,3,11,-3,-4,-4,-10,12,-14,9,-13,-2,13,-8,-15,-2,-11,-8,-4,-12,0,5,-2,-22,-10,10,5,-11,-5,1,-5,-6,3,-4,-7,-12,-1,-9,-1,-3,-14,-4,4,-8,-3,-2,11,-3,2,-2,-3,-2,-1,2,-8,-9,-9,-5,-3,0,-5,7,2,-12,-13,-13,9,-10,9,1,-13,-19,-9,9,5,-33,-1,-3,-21,5,-9,-9,-19,-2,12,2,-1,-43,-6,2,-10,-1,-17,10,-9,7,3,-7,-15,-5,6,-25,1,-8,-4,-12,14,-9,-8,5,15,-2,-3,7,-9,3,4,5,0,-5,6,-5,9,0,-22,-24,-4,-30,-6,-30,36,-22,-7,8,-9,-15,-12,9,-11,-13,1,-17,-38,-3,-22,-12,-8,-6,10,16,-24,-20,-15,13,-35,-18,-18,-6,-2,2,-4,-9,-21,-20,-1,-27,12,-17,-30,-19,17,-12,-6,0,27,-21,16,-8,-10,-16,1,3,-8,-12,-7,0,-6,-5,-37,-6,-8,-58,-50,-54,42,-39,3,12,-40,-35,-65,23,-40,-57,9,-63,-61,-34,-52,-21,-26,-22,17,3,-41,-47,-68,26,-23,-54,-35,-24,-6,20,1,2,-36,-44,-39,-43,-6,-23,-62,-45,22,-45,-32,-5,32,-42,17,-24,-34,-42,-2,-12,-20,-17,-30,-16,-16,-28
-2,-1,0,2,-1,1,2,1,-7,-2,-4,-4,1,-5,-3,-2,-9,-3,-8,-41,-2,-7,-3,-4,-7,-4,-4,-3,-53,-6,0,-5,-11,-7,-6,-6,-6,-83,-13,-6,-5,-9,4,-8,-3,45,-49,15,-12,-7,-19,-17,-1,-55,16,-8,2,2,2,2,-1,-1,2,2,-5,-5,-7,-10,-9,-1,-6,1,1,-23,-9,-10,-6,-9,-10,-6,-7,-4,-5,-7,-7,-5,-8,-7,-6,0,-10,-7,-40,-6,-1,-12,-15,-12,-17,0,1,-42,-3,-22,-7,-4,-12,-7,-8,-18,-41,-8,-18,7,3,4,0,-28,6,12,4,-16,-15,-2,10,-21,1,-14,-25,-19,-3,-4,-15,-14,-8,-9,-5,-6,1,-4,2,-9,-11,-11,-1,-20,-14,35,-7,-21,-5,-19,-15,-5,-16,-41,26,-5,-15,3,-12,-29,-3,-10,-13,28,0,-41,-12,-11,-33,8,-3,-15,4,-8,-8,-12,-12,10,15,-47,9,13,-24,-31,-6,-1,-8,-39,-21,-12,-6,-3,-27,-21,-19,-14,-17,-8,-7,-24,-32,-17,-21,-8,-20,-12,-6,1,-27,-9,-15,6,-24,-8,-9,-2,-19,-5,-18,-15,-21,-44,-2,-13,-19,21,16,6,6,-8,-5,-28,-17,6,18,-11,-22,11,6,6,-45,-10,-5,-5,-15,-29,-16,-10,-17,-6,-14,-50,-20,-20,-21,5,-21,-23,-24,-20,-15,-13,-18,-14,31,-21,-25,-24,-15,-21,-19,-25,-25,28,-23,-16,8,4,-12,-16,-35,-25,31,-26,32,-11,1,-9,-19,-4,-4,34,40,41,-21,-5,-14,5,-15,22,-28,45,-8,-20,0,15,11,-20,21,35,-22,-19,9,3,17,-20,-18,-4,1,-2,-1,-1,1,1,1,-2,-15,7,6,9,-1,-7,4,-2,1,5,2,-7,-5,-2,4,-4,2,1,-3,-3,-23,-1,2,-1,0,1,-1,-7,-10,-47,2,0,0,4,-3,-9,-14,-1,-2,-1,-1,2,-2,28,28,-98,0,-55,1,-1,1,-2,0,-1,1,-1,0,-1,2,-3,10,-2,-2,-13,-14,6,-20,7,-8,-5,-7,7,-6,-5,-4,-20,-11,-4,-6,10,-5,1,-7,-13,-11,-33,8,-36,0,-4,-12,8,-56,-38,-47,12,-1,-18,-1,-49,-9,4,4,-62,-6,-6,-3,27,-42,-83,-8,-16,6,-1,4,-55,24,-35,6,-48,-44,-1,-32,8,-43,-1,-13,8,-50,-20,-10,-44,4,-30,3,-32,-49,-53,-18,1,-39,3,-41,1,14,-22,-49,-33,-7,-43,1,-17,-21,5,-33,-59,-32,-3,-27,-47,7,-25,3,-34,-58,-28,-28,-46,-26,6,-43,34,-11,-53,-35,8,-1,-36,7,-19,-10,12,-27,-33,-20,-30,-25,-44,-11,-29,-14,-22,-17,-24,-29,-17,-47,-35,-52,-15,-15,-27,-28,-38,-20,-35,-33,-20,-50,-22,-34,-34,-24,-33,-41,-12,-15,-25,-22,-19,-12,-21,-43,-10,-27,-22,-42,-34,-28,-50,-6,-59,-13,-17,-46,-44,-6,-74,-65,-20,-8,-11,-9,-18,-27,-31,-57,-7,-7,-16,-12,-5,-27,-30,-53,-18,-34,-47,-36,-25,3,-21,-44,-30,-38,-49,-32,-26,-24,-34,-23,-41,-8,-26,-41,-30,-17,-8,-33,-30,-6,-30,-1,-51,-49,-22,-31,-22,-18,-21,-16,-39,-45,-22,-7,-14,-21,-31,-6,-24,-19,-47,-6,-16,-11,-22,-22,37,4,-36,-34,-39
1,0,-2,-1,-1,-2,2,-1,-4,-11,-1,-1,2,1,-2,1,-2,-12,-2,3,1,1,-1,-1,3,-11,-1,-5,1,-5,-4,0,6,-11,-1,3,-4,2,-5,3,5,-16,-4,-10,-2,-5,10,-7,12,24,19,16,3,-14,-13,2,1,2,1,1,-1,-2,0,-2,-18,0,4,2,19,1,-4,-5,-7,5,-4,8,8,-2,3,19,-1,0,5,6,5,16,0,-5,15,-7,2,-6,-2,-1,1,12,4,-8,-6,2,24,-5,18,5,6,2,12,-8,17,-2,-12,-1,7,9,-12,0,-6,33,-2,-5,7,1,-9,1,-28,-13,1,21,3,-1,10,-35,-4,7,-3,-5,7,-1,5,-2,4,3,8,12,10,-4,-3,4,2,-5,9,7,6,-5,-6,-18,-12,1,-6,11,10,2,-3,-5,6,5,7,-1,6,1,-6,4,7,5,12,0,13,7,20,-4,4,-3,-13,17,4,3,15,7,-8,-7,1,4,4,14,3,19,8,7,2,8,10,-4,4,11,5,10,18,0,1,22,5,-2,19,-1,-5,0,2,22,12,23,3,-1,15,19,6,3,1,19,6,4,16,-2,6,15,0,24,18,13,17,-3,14,23,2,-4,9,3,11,-28,11,1,18,8,20,17,26,16,29,16,15,4,6,-1,9,19,22,10,9,-1,12,27,-3,24,-3,26,8,20,18,6,15,15,21,2,22,-2,0,19,5,6,10,3,12,4,33,39,4,14,-19,24,-25,17,-3,11,30,17,24,-26,10,-22,18,10,18,13,1,21,10,12,-5,-6,41,28,-2,0,0,1,0,-2,2,1,-7,13,-16,-15,4,-7,0,-11,9,1,-10,-2,4,-5,1,-5,4,-8,-9,-1,0,1,-1,-2,10,-9,-3,3,-3,-2,-1,-3,11,5,-4,-11,-2,-8,-2,-4,6,8,-3,0,2,-4,-4,-4,2,0,2,1,1,-2,-2,1,0,2,-7,-3,1,8,-4,-1,-8,-7,-14,-14,-8,-8,-11,3,-7,-7,-12,3,-6,-7,5,3,-14,-13,-7,-3,9,-7,-10,-1,-6,2,-8,-6,-7,-1,-5,5,-3,7,-9,-6,-5,4,-2,-10,-22,-10,0,2,-3,1,-12,3,6,-1,7,1,-2,-9,-1,-6,-14,-7,-9,-2,0,3,-5,-1,-16,-1,-6,-15,-2,-33,6,-17,3,-12,-15,1,-5,-1,-3,-7,-8,-14,-3,-16,14,-21,-5,-8,-35,5,-16,0,-14,3,-8,-11,-5,-4,0,-23,3,-21,9,-3,-19,3,-12,5,-17,4,-15,7,0,-6,10,-2,-3,-9,2,-10,-9,-14,-16,-28,-5,14,5,-34,-15,0,-16,7,-9,-31,1,18,-22,-23,-12,0,-12,-8,-4,-10,-12,-26,-21,3,3,-24,-6,-2,-20,-6,-16,-15,-18,-13,-12,-20,-12,-6,-14,-13,-17,-13,0,-16,-13,-9,-13,5,-24,2,-22,-9,0,7,-9,12,-13,-8,-13,-9,-29,-5,-32,-28,-5,7,5,-8,-29,19,-16,-11,-53,-34,7,8,-35,-34,-62,-1,-20,-9,-24,-22,-21,-29,-22,-2,21,-40,-14,-9,-38,-28,-27,-10,-21,-51,-14,-50,-23,5,-20,-16,-26,-18,8,-28,-26,-25,-14,3,-20,9,-38,-11,-7,-2,-12,3,-31,-38,-23,2
2,-2,2,-2,-1,2,-1,1,4,4,2,3,1,-4,3,0,9,4,3,-2,-2,-4,20,2,8,0,3,5,-1,15,-5,13,0,9,1,4,-4,2,-4,2,2,-5,19,1,3,-9,-3,-8,-3,9,3,7,17,-5,10,23,2,0,0,1,-2,2,-1,0,11,4,9,7,-1,0,1,-2,1,5,-2,4,9,1,18,-1,19,-11,4,8,-8,4,-7,1,-6,-3,-2,27,3,15,-4,-7,1,-6,14,15,-6,-10,10,-4,9,-10,10,-4,12,-16,9,1,8,13,7,9,-28,13,13,2,-6,4,10,28,-22,10,1,-8,-4,12,-6,13,7,7,-18,8,-1,-3,-3,11,9,1,2,-6,-3,2,2,6,-9,-9,15,7,5,-1,5,-4,2,6,0,8,9,2,2,11,-11,9,12,3,-3,-8,9,-2,-10,12,6,-5,-8,-1,15,7,20,11,-10,11,6,6,16,21,18,5,10,0,1,2,5,4,5,-4,4,0,-5,18,2,4,-3,14,-11,3,-4,4,6,0,4,-2,4,-13,6,3,-1,-5,9,2,29,11,-7,7,16,-4,13,16,5,13,-3,6,-4,-4,-26,-8,2,11,-1,-9,-8,-8,9,1,7,5,-2,-6,-4,9,1,17,9,11,5,6,10,8,13,8,12,16,-12,18,6,14,13,17,-5,10,-8,5,6,7,12,6,14,5,-10,6,1,13,15,2,13,1,14,4,5,13,6,15,13,21,11,3,21,2,-15,35,13,25,2,5,16,-11,20,21,17,-3,-4,0,7,16,19,16,14,26,1,1,-2,-2,0,0,1,-2,-6,-5,-2,0,9,-1,-21,13,-3,-1,-4,-5,4,-3,2,2,2,0,1,-1,0,0,6,5,0,2,0,2,-2,-4,5,0,-3,-6,5,5,1,-2,-4,-3,-2,-2,3,3,-2,-1,-2,-2,-1,1,1,2,-1,-2,2,-1,-3,12,-3,-16,9,3,-9,-8,-14,-7,15,5,-14,-14,5,-1,-19,8,3,-8,2,-8,-22,-27,-1,6,1,-12,-12,18,-15,20,-3,11,-3,-7,7,-4,33,-12,-3,-3,3,-6,-2,-4,-8,-7,-7,12,-8,6,-7,-5,-8,-7,-2,-2,3,-5,4,-2,-3,2,-5,7,-12,-8,-7,-4,-13,-4,-4,-13,1,-5,4,-10,-10,0,-10,-14,23,-12,-4,-11,-3,7,-3,3,1,-10,-3,15,-13,22,0,15,-9,3,13,-5,24,-7,-7,-4,11,-8,12,-3,-6,-4,-5,6,-1,4,-11,-3,-6,-5,14,-8,2,0,-2,-1,4,-5,-11,3,-7,-9,-5,5,-6,8,11,-15,-1,-11,9,-16,4,-19,-6,-8,22,0,-12,-11,-19,3,-5,16,-2,-9,-18,20,-9,30,8,21,-4,-10,15,-9,36,-5,1,-6,-2,-16,18,-16,-23,-13,-7,3,6,5,-7,-5,-7,-7,-4,-9,-5,2,-12,-3,-5,-6,-29,3,-3,-15,-57,-3,-21,-18,-4,-22,18,-49,26,-47,25,-41,-25,-15,19,-26,-18,-25,-44,-26,-15,29,4,-44,-21,32,-28,37,-32,36,-34,-30,32,-30,39,-28,-10,-13,12,-30,39,-22,-23,-26,-18,2,-8,-7,-26,-20,-43,-57,-4,-13,-17,-2,-21,-24,-3,-35
0,-1,0,-2,0,1,-2,1,0,0,37,-7,11,-1,0,-1,1,-2,0,-5,1,-1,-1,1,1,-2,0,1,0,0,0,0,0,1,-1,1,0,-1,-3,-1,-7,0,-1,-1,-3,-2,-4,-8,-12,-12,-4,0,-15,-3,16,-2,0,-1,-2,0,0,1,-2,1,-3,0,16,-2,12,-1,0,-9,2,14,-5,-8,-6,9,1,-1,-2,-6,0,-10,-5,0,-2,0,-2,8,-2,-7,-2,9,1,3,-2,-4,13,0,8,-3,1,-6,-1,-5,-7,2,-6,-4,6,3,-5,-11,-1,-13,-4,-2,4,5,-2,-2,-14,2,-10,-11,-1,-1,2,17,1,-10,1,1,-1,0,-7,1,35,-4,5,-6,-2,-1,1,-3,3,-1,-2,-2,3,-2,2,-2,8,-3,5,-3,-11,2,2,6,-7,-5,-7,2,0,-5,4,-2,-15,4,-3,-7,9,-14,-15,-4,-1,-13,-10,0,3,4,1,1,-6,0,-11,-4,-5,-3,1,1,-1,7,0,3,1,4,3,-1,-5,14,-13,-2,2,-1,3,9,11,-1,14,7,4,3,-3,-5,2,10,-2,-4,-1,1,1,-4,-7,3,-4,-6,0,5,-6,-3,-7,5,-5,-5,1,6,-4,5,-8,-1,-1,-9,-2,6,-8,-5,-2,9,3,7,2,2,-5,11,-4,7,3,11,6,6,-2,-7,31,12,17,-7,11,2,4,9,15,3,19,9,6,14,-4,-17,20,12,15,4,4,-1,-2,12,-19,6,-14,7,1,4,2,11,-1,3,-3,-3,-6,10,-9,3,-19,-2,-11,2,9,1,-3,7,-9,16,-4,-2,7,-1,0,2,0,-2,2,-2,-1,-1,-6,-14,-7,-15,-19,-12,8,3,-7,1,3,-1,0,-4,1,-7,-1,-2,-38,1,-36,1,0,-3,0,0,-1,-1,-1,-2,1,-1,-1,-1,-2,1,0,1,-1,0,0,-1,-1,0,-1,0,-2,-1,-2,2,-2,1,1,2,-1,2,-1,0,-30,-10,-30,-15,-3,-6,-14,-30,-4,-16,-3,-39,-7,-2,-3,34,-7,75,-1,-4,-10,-5,-3,-28,-8,2,-7,-30,-4,-3,-8,-4,-32,-3,-33,-3,-4,-5,-5,-4,-4,0,-6,-2,-7,-3,-1,-4,-4,-5,-3,-1,-3,-1,-15,-4,1,-6,-2,-2,-1,3,0,-32,5,-13,2,-26,-4,-7,-7,-6,-33,-15,-21,-3,-7,5,-12,-7,-2,71,-7,-17,-5,-8,0,-2,-36,2,-32,-5,-6,2,-3,-38,-2,-6,-8,-26,-3,-5,-26,0,-3,2,-2,-1,-33,1,-3,-2,-1,-3,-2,-4,-1,-27,-6,-1,-3,2,4,1,-7,1,-6,-7,-13,-38,-7,-10,-14,-4,-20,-17,-8,-39,-22,0,-15,-4,-26,20,-37,81,-41,-35,-31,-36,-4,-5,-9,-14,-12,-14,-4,-7,0,-11,-9,-31,-8,-4,-11,-5,-7,-8,-4,-12,0,-4,-13,-4,-6,-2,-3,-22,-8,-4,-8,-8,-3,-2,-7,-17,-3,-1,-4,-2,-24,-5,-26,-21,-24,-25,-6,-10,-4,-15,-33,-57,-44,-17,-37,-6,-37,37,-31,84,-35,-39,-31,-27,-9,-21,-48,-35,-46,-14,-15,-16,-9,-28,-16,-18,-12,-18,-23,-20,-22,-7,-13,-17,-10,-9,-29,-17,-12,-5,-6,-12,-11,-10,-13,-24,-8,-6,-6,-8,-8,-7,-18,5
0,2,0,-1,2,1,0,0,-2,-1,-2,-2,1,2,1,-1,-3,-1,-1,-1,10,1,6,-1,-1,0,-3,6,2,17,5,-1,-1,-3,-1,-4,-67,3,-1,-2,-6,-6,1,16,15,2,4,2,21,13,-1,-6,-9,10,3,3,0,2,1,2,1,2,0,-1,-2,1,-7,-3,-4,2,3,-5,-1,6,9,3,0,-8,3,-1,0,2,-1,12,-3,4,0,3,-5,-8,2,-2,-2,0,3,-10,-6,1,9,4,52,22,2,7,-1,7,-3,0,-1,4,25,11,8,6,2,7,7,14,5,-3,-1,15,-6,-17,8,11,13,15,0,9,-6,5,-8,3,-2,2,10,-3,2,-8,4,-13,3,33,-5,-1,-3,3,-7,2,41,-6,3,-2,1,7,-1,56,2,-13,-4,-5,6,6,53,4,3,-3,-1,4,-5,37,4,-16,4,4,9,0,26,0,2,10,5,8,6,41,0,0,-5,6,19,8,4,3,3,2,5,0,3,2,1,4,-4,2,-3,-1,-5,5,0,3,0,6,-1,0,8,6,-5,7,-9,2,13,-8,11,-4,-4,8,8,13,-25,22,-5,-4,5,12,-1,4,-2,-6,-6,3,2,20,4,16,-3,4,13,-1,1,2,4,0,10,-20,-6,1,8,8,2,3,-2,2,-12,-15,11,3,1,1,3,2,-8,7,0,7,5,9,4,9,-12,5,-4,4,1,11,-1,37,-4,-6,4,-1,18,16,21,17,18,5,6,6,2,6,9,1,17,-7,-11,14,-7,10,27,13,13,-2,7,16,6,11,-11,-7,8,-3,-2,-2,-2,1,0,-1,1,2,9,1,-11,0,-17,-12,-3,7,-3,4,-7,-4,4,-4,6,1,-1,-3,2,0,5,-2,-1,-3,1,-1,0,0,-72,1,0,-1,-1,-2,0,-71,6,-11,-2,-2,0,-2,-1,-2,4,0,0,-2,1,2,2,2,1,-1,-1,1,-2,7,-21,-10,-5,-11,-3,4,-7,-4,-1,1,-7,-10,-12,6,-15,-8,-8,-19,8,3,2,4,-10,-5,-5,-3,-5,23,-4,-1,-3,1,0,-2,9,-3,7,-4,-4,-3,-3,-14,0,-1,-5,-4,-8,-13,4,-9,0,-4,5,-4,-8,-2,-6,-5,-5,-4,-2,-26,2,-4,-2,-1,2,-2,-1,-2,0,-6,-5,2,0,-5,-14,1,-3,-10,-21,-2,9,6,5,-4,-6,-3,2,-6,-4,26,0,-4,-6,-6,-3,1,8,-5,1,-5,-5,-2,1,-10,-3,-4,-14,0,1,0,0,-2,2,6,-2,-5,-2,3,-2,-1,-7,0,-4,-2,13,9,-7,-8,-24,-3,-12,3,-2,-4,-18,-10,-8,-11,-4,-1,-18,-14,-37,7,-4,13,9,-6,-7,-10,14,3,-17,39,1,0,-13,-17,-11,-22,36,-6,-7,-5,-4,-8,0,11,-3,-9,0,-3,-9,-11,12,1,8,20,-9,-4,-3,6,-3,-2,-1,-3,-1,0,7,15,-29,12,15,-10,-21,-3,-24,-29,-22,-27,-41,-39,-31,-10,-42,-36,-43,6,-2,6,10,-30,-33,-33,9,-5,-24,37,-6,0,-46,-2,-8,-33,38,-34,10,-10,-46,-21,5,23,-23,-4,8,4,-14,-23,29,16,9,30,-11,-11,-18,19,-11,-1,-7,-18,-22,13
0,-2,2,-2,1,0,1,-1,-2,3,-1,-5,-5,2,-1,2,-1,-1,-1,0,-4,5,2,-1,-1,0,0,-1,-3,3,2,0,4,-2,1,0,4,-2,1,-2,5,1,-6,11,3,14,9,9,1,-19,-7,-19,26,26,24,22,-2,1,2,-1,1,0,0,-1,-5,7,-18,7,-7,-2,-1,-4,-3,0,-6,1,0,0,2,7,1,1,0,1,2,9,0,4,-6,-11,1,-2,1,-6,6,5,0,-8,2,-6,8,-1,10,6,-7,-4,-7,-4,-5,18,25,9,-9,-4,-12,0,11,16,-3,-1,0,10,-4,23,8,-2,2,8,-4,-1,-9,4,-2,0,-1,-8,5,1,7,-10,-8,-6,0,-11,2,4,-3,5,-4,-2,-1,1,0,-8,5,-4,-5,-11,-5,-11,-8,-4,-13,-2,-9,4,-6,-1,7,-6,-9,-11,7,-3,11,-4,3,-15,-15,-6,2,1,-3,5,1,3,-4,-1,-4,-1,0,-2,-7,5,7,6,7,7,8,3,-1,0,1,7,11,12,8,8,2,8,5,9,4,11,4,0,2,9,8,8,8,10,13,12,6,3,13,5,16,10,1,14,1,10,7,3,8,13,7,1,17,18,30,14,19,24,21,13,23,27,18,18,15,8,17,9,-14,-15,0,-1,9,11,-5,8,11,8,10,-9,-6,6,10,18,19,10,0,1,3,21,6,13,2,13,6,15,-7,25,6,4,23,4,23,0,22,-3,-14,19,13,21,2,6,38,11,10,5,40,18,22,19,25,31,22,6,46,49,19,29,21,25,19,22,0,0,1,1,-1,0,-1,2,-24,14,-22,6,-24,12,-17,-34,0,8,3,1,-9,6,-4,-1,6,-5,4,1,-7,5,3,3,2,-6,4,-5,-2,6,6,1,-1,-7,3,-3,5,4,1,2,0,-9,1,-9,12,5,12,5,-2,-2,2,-1,-1,0,-2,2,-1,11,1,2,-7,-5,-5,-6,-4,-4,1,-2,0,-1,1,-11,-3,1,-1,-3,-14,-8,-12,2,-1,-6,-7,-7,3,-6,-8,-2,-2,-9,-4,-7,-1,-2,-1,-10,-5,-4,-16,-3,-4,-1,-13,-3,-4,4,-4,-6,-1,-7,-2,0,-5,-8,-4,-3,-5,-3,8,-2,-3,0,-10,-2,-3,-6,-14,-7,-18,-10,5,-8,-20,8,-6,-10,0,-8,-10,-6,-6,-21,-3,-6,5,-6,-12,-10,-7,-7,0,-1,-4,-8,-7,-10,-3,-2,-8,-10,3,-13,-8,-9,-4,-12,-8,-1,-5,-5,1,0,5,2,3,3,3,-5,-4,3,-2,10,9,9,-11,1,-10,2,-15,-2,-5,-16,-17,-17,-10,-11,-26,-10,-4,-4,-34,-25,-21,-15,-12,-27,-12,-15,-23,-31,-18,-18,-9,-15,-4,-11,-24,-24,-22,-17,-14,-17,-9,-5,-18,-17,-12,-10,-17,-11,-16,-15,-21,-19,-10,-9,-3,0,-6,-1,-32,-33,-21,-19,-17,-14,0,1,-20,-33,-15,-45,-30,-30,-37,-33,-43,-48,-46,-57,-38,-44,-23,-37,-32,-21,-43,-47,-34,-34,-37,-30,-45,-35,-31,-31,-24,-34,-34,-10,-21,-51,-46,-32,-48,-17,-22,-24,-36,-27,-26,-32,-40,-16,-26,-31,-44,-21,-32,-19,4,-5,-28,1,-29,-23,-16,-12,-13,-12,0,5
2,2,-2,2,2,1,2,-2,0,-5,-1,0,2,4,-11,3,0,0,1,14,1,-7,6,3,0,3,2,-9,-5,-2,9,2,2,2,-4,-5,-8,3,-2,0,1,4,1,-1,1,-11,1,-5,-35,-37,-31,-7,-11,14,9,16,0,2,0,2,-1,-1,0,-1,3,3,3,5,-1,-3,5,0,0,9,6,4,7,-11,6,-5,6,-4,0,2,13,3,-11,2,-2,-2,6,2,4,1,3,6,4,3,-16,10,0,-3,-6,3,4,-7,-26,-2,-8,4,4,3,-7,2,-1,-19,-8,2,14,-4,-3,-1,-6,0,-18,-3,2,6,-4,-6,1,1,3,6,7,6,7,-2,-10,4,-6,0,5,-4,5,-1,-4,-4,8,5,3,5,-3,0,0,-11,-4,3,1,-2,-5,5,-3,1,-5,-8,-3,-4,0,-35,4,0,-2,-1,2,1,-4,-3,5,-9,-19,3,0,-11,7,1,0,8,5,7,4,11,14,8,6,2,7,8,6,9,8,13,10,5,4,8,13,7,8,2,12,2,3,11,9,1,12,3,7,13,21,5,8,-1,4,5,13,14,0,17,4,-4,4,-2,-3,3,1,7,-4,-19,-2,8,5,3,1,5,3,-1,7,3,7,5,6,7,14,7,26,2,5,6,8,8,5,8,-3,9,-1,7,5,2,16,6,8,3,8,15,11,23,22,3,13,-18,7,13,18,-6,20,-3,-5,15,12,21,-10,7,10,-11,-3,1,-3,-6,-1,-5,21,2,-21,-41,-9,-8,7,23,19,-15,17,5,15,-27,7,16,15,18,-1,1,1,-2,-2,0,0,-3,10,-14,-13,11,-9,1,13,-7,2,-1,-9,3,9,-35,19,-46,0,-4,7,-1,-2,-3,-2,-5,-3,2,1,-6,-7,4,0,1,-1,2,-1,-1,-3,-3,0,1,0,0,3,0,-3,-1,-5,0,1,0,0,0,1,1,-2,0,-2,1,-8,-4,-37,-7,14,22,9,-25,-20,-4,-3,-7,24,1,-6,-11,-11,-6,-47,-19,16,-1,-15,-4,9,-11,5,-6,-9,-62,1,0,2,-11,-16,-2,7,-9,-1,-2,-4,1,-1,-4,-12,-7,-2,-1,-5,-4,-6,-5,-18,-4,5,-2,-6,0,2,2,-1,-18,-20,-1,3,-2,-5,-17,17,-35,2,-45,-3,-5,-6,-1,37,6,-7,-11,-25,-5,9,-32,10,-34,-18,0,13,-8,-18,1,-8,-4,2,7,-3,-44,-21,4,-3,-1,-5,-4,-68,-11,-9,-21,1,-9,-5,-52,-9,-8,-5,-11,-25,-13,-54,-4,-8,-11,-4,-8,-9,-16,-7,-15,-16,1,-24,-24,-56,-15,-2,-14,-7,-14,-61,-49,47,-61,-7,-9,-4,-23,-3,-22,0,7,-18,1,14,-8,-5,3,-14,0,-14,-2,-6,-11,-10,-3,-15,6,-10,-8,-6,-17,-5,-11,-41,-2,-7,8,-5,-12,-4,-7,-28,-2,-4,-9,-4,-14,-3,-3,-2,1,-14,8,6,-2,-28,-32,6,-10,9,-56,-6,-19,-31,-28,63,-29,-35,-10,-16,-18,-7,-25,15,-52,-36,-4,19,-21,-21,11,-11,-30,-11,-24,-15,-33,-17,-15,-20,-3,-16,-16,-22,-29,-15,-28,-36,-19,-18,-20,-10,-8,-13,-30,-41,-28,-27,-21,-22,-12,-13,-16,-3,-25
-2,-2,-2,0,-2,-2,0,2,1,0,1,1,1,1,1,0,-1,-2,-1,1,1,0,-1,0,-2,-1,-1,0,1,1,0,-1,-2,-2,-2,-2,1,0,-1,-1,0,0,-1,0,-1,-1,0,0,1,-8,-4,-20,-4,-4,-4,-2,-2,0,1,-2,1,0,-2,1,6,9,7,10,6,13,8,11,8,9,7,9,7,9,7,7,10,6,8,8,6,6,6,8,10,6,8,7,12,9,9,4,7,8,-38,3,7,3,7,7,6,6,2,9,-37,-39,-30,0,11,10,4,11,9,-23,4,-2,11,6,8,10,7,2,5,-2,11,13,13,11,11,12,12,13,13,11,14,13,12,12,12,15,9,12,12,12,13,10,8,11,13,12,13,12,13,12,14,7,15,12,10,15,9,13,12,12,14,11,13,8,9,-47,11,13,16,9,10,17,13,11,11,12,14,13,13,15,10,14,13,11,21,18,19,18,17,18,18,18,20,20,17,18,19,15,18,19,21,20,22,21,18,16,20,17,22,22,19,22,19,17,19,16,17,19,22,21,18,18,22,15,15,18,22,21,22,16,19,19,12,16,13,17,17,7,12,14,-1,8,15,12,10,6,0,10,-24,-23,-28,-33,-25,-23,-36,-25,-21,-22,-24,-23,-18,-25,-23,-21,-22,-22,-37,-8,-25,-34,-22,-35,-22,-27,-23,-28,-22,-30,-18,-35,-22,-23,-46,-22,-11,-25,-26,-23,-22,-20,-24,-20,-20,-39,-21,-23,-21,-22,-8,-19,-18,-16,-21,-20,-20,-26,-19,-20,-19,-16,-16,-18,-1,-3,-2,1,-1,-2,0,-2,-8,-8,-4,-3,0,-3,-4,-4,-6,-10,-8,-4,-5,-1,-5,-5,-6,-6,-5,-6,-5,-5,-4,-5,-4,-4,-4,-5,-4,-4,-3,-5,-2,-3,-4,-4,-4,-2,-4,-4,-3,-2,-3,-3,-3,-4,-3,-3,0,0,-1,-1,1,-2,1,-2,-13,-11,-14,-19,-11,-16,-11,-13,-16,-13,-20,-14,-18,-17,-14,-13,-13,-15,-13,-11,-13,-11,-14,-16,-14,-16,-10,-13,-12,-13,-11,-11,-13,-11,-11,-12,-10,-11,-11,-11,-10,-12,-11,-12,-11,-11,-7,-12,-11,-12,-11,-10,-10,-10,-12,-12,-9,-11,-11,-11,-10,-11,-11,-7,-14,-17,-18,-17,-17,-20,-20,-16,-18,-17,-15,-16,-16,-16,-18,-16,-14,-18,-16,-16,-16,-18,-16,-15,-15,-16,-15,-16,-16,-15,-14,-14,-15,-17,-14,-17,-13,-13,-13,-15,-15,-16,-14,-12,-12,-15,-11,-16,-13,-14,-15,-13,-12,-13,-13,-15,-14,-16,-13,-15,-13,-14,-15,-13,-27,-25,-27,-27,-28,-29,-26,-25,-23,-25,-26,-20,-22,-23,-23,-25,-27,-26,-28,-26,-27,-25,-26,-25,-26,-29,-26,-28,-24,-25,-27,-25,-25,-28,-26,-22,-25,-22,-24,-23,-27,-25,-27,-20,-20,-19,-22,-23,-24,-26,-24,-22,-23,-20,-24,-24,-25,-25,-25,-24,-24,-21,-23,-24,-58,-48,-50,-47,-60,-64,-49,-51,-50,-72,-65,-46,-55,-47,-50,-50,-54,-66,-54,-52,-52,-55,-63,-63,-52,-53,-66,-81,-58,-66,-60,-70,-45,-57,-51,-57,-61,-53,-64,-50,-53,-54,-52,-83,-51,-55,-56,-49,-68,-74,-53,-75,-83,-59,-81,-49,-84,-62,-64,-76,-77,-83,-80,-62
0,-2,-1,2,-1,2,0,-3,3,3,3,1,6,5,-1,-55,1,2,2,4,4,4,-8,-53,3,2,5,2,3,7,-10,-33,1,-1,-1,0,3,2,-1,-11,1,0,1,0,1,0,-1,-4,-7,4,4,5,-1,-4,-5,-4,2,1,0,-2,-1,2,-2,-2,-1,3,8,5,11,7,6,3,10,11,9,7,10,6,7,-18,3,6,7,5,12,5,2,5,3,9,5,4,7,7,5,10,6,8,9,8,12,5,9,4,14,6,3,3,11,6,9,1,7,0,6,4,12,14,0,2,4,7,3,4,16,13,-1,11,17,8,2,-1,9,0,9,4,3,5,1,4,4,7,3,1,4,0,10,5,9,0,-1,1,2,8,7,4,7,8,0,4,10,0,10,9,12,-3,-2,-5,-3,6,4,6,4,7,-3,-8,11,6,7,-1,6,3,10,8,4,3,-14,2,7,10,2,10,4,4,8,6,8,6,12,37,3,2,7,5,8,4,12,40,4,1,8,7,6,0,10,37,1,7,4,7,11,0,14,19,9,7,4,8,2,-1,20,11,7,-4,5,9,2,2,-3,-4,7,5,7,8,6,-3,5,6,8,12,10,9,5,10,1,6,9,9,10,10,16,18,28,43,4,9,10,11,17,5,20,20,7,9,5,12,10,16,15,25,8,1,16,13,14,17,17,11,6,-3,2,4,12,3,15,26,18,9,-22,-5,7,-2,6,16,5,4,13,19,-13,4,29,22,0,1,7,15,14,12,20,23,-1,-2,-2,1,-2,2,1,2,-2,-5,-10,10,-5,-44,7,-32,1,-1,-1,2,-6,-9,5,-30,2,0,2,-4,-3,-6,-9,-31,1,0,-1,-4,-3,-4,-13,-33,0,0,0,-2,2,-1,5,-31,0,-2,0,0,1,-4,0,-19,1,-2,-1,2,1,-1,1,1,-11,-10,-20,-7,-17,-13,5,-9,-5,-12,-12,-5,-6,-14,-4,1,-12,-14,-18,-12,-6,-8,-17,-18,-11,-6,-12,-8,-5,-12,-14,-6,-9,-24,-8,-10,-7,-7,-14,-12,-7,-7,-5,-7,-10,-12,1,-9,-7,-11,-4,-4,-7,-9,-7,-9,0,-3,0,-9,-4,-25,-7,-10,-7,-6,-7,-3,-2,0,2,1,-3,-7,-4,-10,2,-4,5,-6,-7,-9,-3,-4,-4,-2,-3,11,2,-4,-8,-3,-2,-3,-9,5,-4,-3,-4,-1,-4,-11,-4,-1,-3,-4,-5,-6,1,-9,4,-4,-1,-3,7,1,-7,-1,-4,0,-1,2,0,-2,-5,-7,-7,-2,-7,-11,-9,-8,-6,-3,-4,-9,-4,-6,-2,-6,-9,-4,3,-13,-5,-15,-8,-7,-3,-5,-8,-9,-4,-3,-5,-4,-8,-6,-9,-17,-3,-4,-1,-4,1,-4,-14,-19,-3,0,-3,-3,-1,0,-6,-14,-4,-4,-4,-6,-2,-4,-4,-15,-2,-3,-3,-2,0,-2,-9,-8,-10,-26,-24,-14,-37,-20,-14,-13,-20,-11,-19,-9,-16,-16,-17,-16,-24,-21,-19,-14,-9,-15,-41,-25,-12,-18,-11,-14,-25,-23,-27,-29,-2,-2,-7,-13,-12,-23,-21,-31,-4,-7,-7,-8,-11,-14,-15,-10,-9,-7,-3,-1,-7,-11,-11,-5,-4,-2,-1,-1,0,-6,4,-5
-1,1,1,-2,-1,-1,-2,-2,-1,-20,2,60,5,-6,3,1,-1,4,1,-16,6,-1,-1,2,1,4,-1,-4,0,2,0,2,0,3,-2,-1,-3,2,1,-1,-3,0,0,-1,1,2,1,1,-1,10,-5,7,7,-4,8,0,1,0,-1,1,0,2,2,1,15,-5,6,-11,5,-4,3,9,7,9,7,-48,4,10,0,1,6,9,8,8,9,1,3,6,2,3,8,4,4,5,3,-2,5,2,7,4,5,-2,2,5,1,5,5,7,10,9,0,-5,-2,1,0,3,-6,7,2,7,-1,5,4,6,-12,-1,-8,2,-2,7,5,9,-29,6,-3,6,4,2,12,-30,3,-6,8,5,10,8,6,13,12,-2,4,1,5,3,4,-10,4,8,-12,-2,-4,2,-1,8,4,6,8,-3,-7,0,-4,4,0,3,4,9,-5,2,11,-10,9,-2,2,8,6,6,-6,6,-3,9,-1,7,1,4,-1,-9,-2,4,5,5,-4,-6,-15,-35,-18,2,3,-2,-2,1,5,7,10,3,2,7,9,2,14,5,14,0,3,3,6,8,15,8,10,-1,5,2,1,8,8,-2,8,-7,-4,7,0,6,4,-1,6,0,-4,1,2,6,6,10,2,6,0,2,2,16,2,4,-3,18,7,18,2,1,10,-15,5,8,27,17,10,9,16,27,13,8,11,12,10,14,20,8,23,8,7,9,7,14,6,27,9,15,6,6,13,16,20,19,14,19,9,2,1,11,21,26,15,-9,13,22,19,14,12,18,22,17,17,11,-2,-2,1,1,1,-1,1,0,-1,-13,23,-19,-22,-13,-17,-11,-5,-7,35,3,22,-7,-6,-5,2,-7,2,4,-3,-1,-2,-5,-2,-4,-3,-1,0,-1,0,-1,-3,-3,-3,-2,-2,-1,-3,1,0,-2,-2,-2,-2,-2,-1,0,-2,2,-2,-1,-1,2,-1,1,-7,2,2,8,-16,1,-7,-11,-8,-11,9,-18,-11,-25,2,-13,-4,-15,12,-13,13,-17,-12,-11,8,-9,8,-3,2,-9,-5,-14,-14,2,-10,8,-10,0,-14,-7,-7,-7,-7,-6,-12,-4,-7,-6,-8,-7,-8,-5,-4,-7,-4,-7,-7,-8,-6,-9,-9,-7,-4,4,1,-8,12,-4,4,-3,-1,-9,-10,2,-14,4,-16,-4,-12,-9,2,-17,14,-14,20,-19,-11,-11,-7,8,-4,1,-9,6,-15,-9,0,-5,0,-2,-5,-6,-5,-11,-8,-7,-10,-7,-8,0,-13,3,-2,-8,-2,-5,-3,-6,-4,-16,-9,-5,-7,-7,-11,-1,-11,0,-4,-6,2,-16,-9,-6,-24,-11,2,7,13,-20,2,-4,2,-4,4,4,5,-6,11,-2,-11,-4,0,-3,3,-6,-4,1,-5,-12,-6,-1,3,0,-5,-5,-7,-10,-2,-6,4,-12,-4,-7,-5,-11,-7,-4,-1,-11,-7,-3,-12,-7,-4,-6,-4,-12,-5,-8,-6,-6,-2,-7,1,-6,-12,-27,-33,-23,-12,8,3,-19,-14,-27,-25,-20,-2,-10,11,-4,25,-30,-29,-15,-7,-7,-14,-10,-24,-12,-29,-25,-1,2,-6,-10,-18,-3,-22,-14,3,-14,-3,-13,-15,-21,-21,-11,-9,-14,-12,-13,-12,-14,-14,-21,-20,-14,-12,-12,-9,-16,-14,-8
2,2,0,0,-2,1,-1,0,4,2,-5,2,4,-4,1,1,1,-3,6,1,6,0,0,3,8,-1,8,-3,7,-2,0,2,-9,6,4,-3,-5,0,3,2,15,-3,-1,-1,0,-3,-5,-1,-10,-12,-5,-4,8,-6,19,-3,0,0,-2,-1,0,2,2,1,0,-3,10,-3,6,3,-2,2,10,6,9,-10,12,2,12,10,-11,1,12,-17,13,2,-10,-8,4,23,-8,-22,-11,33,-3,4,-14,0,28,-14,18,-4,-15,-10,-3,6,-13,-20,6,-10,0,-16,-3,-14,19,17,23,-29,-8,9,-3,13,-7,-6,-9,20,2,7,-10,2,-10,6,-5,-4,-5,-3,-3,-7,-11,-9,-5,-5,-4,-24,-16,3,-6,-7,-3,-13,-14,-6,-11,4,0,-9,11,-14,-11,-9,-15,-2,5,-26,-18,3,-12,3,6,-5,0,-31,2,-23,-29,-12,-9,2,-13,-8,-15,-4,2,4,7,-5,7,-2,-4,-11,-12,5,9,7,-6,7,4,4,8,3,8,4,10,15,10,13,12,9,17,-3,6,6,-4,-2,5,-3,17,2,2,5,-8,-2,2,8,7,2,9,9,-21,7,13,5,16,9,5,20,-11,0,3,8,13,-15,-17,5,-12,5,-8,3,9,22,-10,17,1,-1,10,3,-12,14,4,11,1,4,10,6,16,14,5,-1,5,9,5,-1,14,6,13,6,9,3,4,7,8,-43,22,16,6,10,-17,-14,13,14,10,26,13,10,20,8,19,6,18,28,16,16,-45,12,22,28,17,-11,20,31,18,22,10,2,20,21,10,-1,6,19,1,2,-1,-2,1,1,1,0,4,-1,-20,13,10,-2,-3,-5,-5,4,-15,-1,2,-16,-5,0,-3,4,-3,2,0,-5,-2,-5,-4,7,-7,5,-4,1,-4,-4,2,1,-3,-4,-4,-4,-3,-4,-3,-4,-3,-8,1,-3,-2,-5,-1,2,-1,-1,-1,-2,-2,-1,-1,-10,-4,2,1,6,-2,-1,9,-9,-15,-1,2,-5,4,-11,4,-1,-22,11,-17,-2,0,2,-14,-1,-7,6,-9,-4,-1,-6,5,5,-6,3,-8,-4,-5,2,2,-4,1,5,-6,-3,2,2,-5,-1,-16,-3,-2,-3,-6,-3,-3,-2,-1,0,-1,2,5,1,-3,-1,-3,6,-15,-1,-11,-7,13,-7,-8,-8,-1,-9,2,-18,-6,-7,-7,-1,-13,-5,-15,-4,-3,-8,-12,-3,-9,-5,2,1,-8,-3,-14,10,-19,-7,-5,-3,14,-7,-6,-15,-5,-6,8,0,-5,2,-5,-4,-6,-7,-7,-3,4,-4,-4,-3,-13,4,-10,-4,-7,-14,-24,5,-10,-10,-11,-7,11,-11,-15,-18,-2,-15,0,2,-12,-12,-8,2,-30,-18,-17,-12,-9,-1,-30,19,-25,-10,-4,-7,1,2,-21,25,-33,-7,-13,-10,7,-4,-8,-14,-11,-8,0,-11,-13,1,-14,-4,-22,-14,-19,-9,-1,-6,-13,-10,-21,6,-9,-5,0,-45,-14,-1,-46,-26,-16,-2,36,-44,-24,-33,13,-46,-7,-19,-25,-24,-2,3,-47,-31,-35,-22,17,-17,-36,37,-26,-33,8,-18,-13,-35,-30,42,-46,-56,-31,-11,36,-13,-29,-26,-12,-22,33,-21,-31,11,-24,4,-33,-30,-18,-49,11,-49,-18,-29,-30,13,-6,-14
-1,2,2,0,0,0,1,-2,-10,-34,-24,6,10,4,2,1,-12,-20,5,6,2,1,1,-1,6,9,9,6,4,2,3,3,4,6,3,2,5,5,4,3,1,6,2,4,6,8,4,7,-6,3,4,7,8,12,3,6,0,1,-2,2,-1,-2,-1,-1,-27,-28,-12,-5,0,5,10,8,-52,-28,-16,-14,-2,3,2,6,-16,-7,2,0,-1,9,7,12,-7,-1,2,5,8,11,8,10,4,5,1,4,6,11,17,12,3,9,11,11,9,13,13,16,13,12,8,12,7,16,12,11,16,11,12,13,18,6,15,11,-7,-18,-28,-16,2,5,9,8,-23,-45,-38,-15,0,1,5,14,-25,-34,-9,-2,-4,2,7,1,-12,-4,-2,3,0,-1,6,1,5,5,2,1,4,-2,7,3,1,12,4,2,-7,3,5,0,7,5,4,4,2,-4,1,-15,4,3,5,6,-1,-7,-3,-7,10,7,7,16,17,16,15,13,10,6,2,16,11,14,12,14,3,8,8,4,10,12,9,10,4,9,4,13,17,12,18,12,9,8,11,12,13,20,17,15,9,13,6,10,13,13,9,16,8,11,11,14,15,8,13,11,5,9,3,13,12,10,12,13,18,4,6,11,31,35,35,23,0,-17,17,-2,23,25,28,5,-4,-13,-3,17,24,21,23,11,-1,7,13,-4,8,9,12,11,11,23,9,-17,4,24,12,15,9,11,12,-34,2,20,20,12,24,8,5,21,-1,6,13,4,13,9,-3,-4,6,18,1,-4,2,-1,2,-1,2,1,2,2,-25,-37,-45,-46,-32,4,-5,-4,-35,-39,-51,-14,-4,-5,-6,-9,-34,-33,-9,-2,-5,-5,-7,-8,-10,-5,-1,3,-5,-5,-6,-8,-2,-3,-1,0,-4,-3,-4,-4,-2,-6,-2,-3,-5,-6,-5,-4,-2,-1,1,-1,0,-1,-1,0,-20,-3,-1,6,0,0,-8,-1,-25,-17,-7,-3,-6,-8,-3,-5,-17,-16,-2,-6,-11,-22,-7,-11,-16,0,-6,-3,-15,-9,-16,-9,1,-6,-16,-10,-10,-11,-14,-13,-8,-9,-11,-10,-15,-13,-10,-9,-15,-11,-17,-14,-10,-14,-12,-7,-16,-12,-17,-14,-15,-13,-8,-7,-12,-4,-10,-7,-6,-6,-15,-6,-14,-7,-7,-13,-13,-11,-4,-13,-14,-12,-7,-6,-10,-9,-13,-14,-2,-8,0,-3,-4,-9,-14,-7,-11,-1,-7,-6,-5,-5,-10,-12,-14,-17,-10,-5,-5,-5,-11,-14,-11,-11,-16,-10,-6,-6,-2,-1,-16,-31,-9,-11,-9,-6,-4,-4,2,5,-12,-2,-8,-11,-3,-11,7,6,7,7,7,8,10,-2,-9,-4,0,-2,-12,-6,-8,-5,-8,-1,-4,-12,-12,-18,-11,-13,-9,2,-8,-13,-12,-18,-18,-15,-10,-4,-6,-13,-17,-19,-33,-24,-8,-3,-4,-14,-17,-13,-15,-12,-12,-3,-10,-10,-10,-18,-14,-12,-6,1,-9,-13,5,-9,2,-10,-4,11,13,10,7,9,-7,-14,-8,-1,13,6,-13,-2,-2,-11,-1,-4,-7,3,-3,-9,-28,-14,2,-9,-4,-5,-8,-6,-24,-20,-11,0,-16,-5,-9,-18,-31,-20,-11,-15,-11,-16,-31,-4,-5,-13,4,-6,-28,-17,-25,-17,-15,-5
-2,-2,-2,-2,-1,1,0,-1,-1,1,1,-3,-3,21,-5,17,1,2,0,-2,-4,-2,-3,0,0,-1,-1,1,-1,-1,0,-3,0,-3,0,0,0,-2,-4,3,-1,-2,-2,0,-2,-1,-1,-5,-3,-9,-1,-5,-17,-2,-8,11,0,1,2,0,-1,-2,2,2,-3,1,-2,-10,0,6,0,15,6,0,-3,5,4,-9,14,-1,1,2,2,-1,-7,-2,15,-6,4,3,0,-2,8,1,-18,0,-1,-2,-2,-1,1,6,-1,7,-1,-3,-8,3,-5,-1,8,-20,-3,-6,-6,-7,-14,-6,-3,-15,1,5,2,-1,-2,3,2,-4,1,-1,2,0,8,0,-31,6,6,3,5,-3,0,24,2,11,2,7,6,6,4,-1,26,2,3,-7,-2,-1,-2,6,0,4,-3,1,-3,3,4,-6,5,-1,-7,5,0,-4,-1,4,-8,1,-10,-6,-3,-13,-8,3,-6,4,3,-3,5,6,6,-18,9,-6,1,2,-3,-3,0,-1,5,-1,2,-3,2,1,-9,-3,4,0,5,9,8,-2,7,11,30,23,2,-4,-4,1,-8,8,17,-12,-3,2,9,-4,-7,-16,1,-17,3,1,0,5,8,-4,6,9,-2,1,-11,-1,-7,4,5,0,2,3,2,9,3,3,-4,6,3,7,10,10,11,-1,-20,-2,5,2,11,8,2,27,11,22,12,7,13,9,19,15,52,19,11,6,9,8,8,20,21,16,14,1,13,-13,13,-8,14,4,-3,-2,-11,4,-17,18,-4,11,9,9,13,-1,3,23,27,-20,18,10,-7,10,-1,-18,-2,23,-2,0,1,-1,0,-1,-2,-2,-8,4,-1,-8,-13,5,-8,-7,-1,-2,-2,-3,-2,7,25,2,0,-2,-3,-6,0,-46,2,-50,0,-1,-1,-1,-3,-1,-5,1,-1,-2,0,-1,-1,-1,0,-1,-1,0,-2,0,-1,-3,-1,1,1,-1,-2,-1,-1,-2,-2,-2,2,1,-3,-8,-5,-35,-1,-39,-13,-6,-6,-11,-38,13,-7,7,8,2,-5,-3,18,-6,73,-7,4,-6,-8,-8,-35,-15,-10,2,-3,-5,-9,-2,-8,-42,-3,-35,-3,-2,-4,-6,-6,-7,-6,-9,-1,-5,-5,-3,-5,-5,-14,-3,1,-4,-1,-4,-2,-7,-5,-2,-10,-6,-4,-13,-31,-7,-13,0,-7,-10,-10,1,-9,-21,-12,-28,-9,-12,-11,-2,18,-4,65,-2,-2,-7,-2,-15,0,-40,-1,-22,-1,-6,-5,-2,-30,-3,-5,-1,-1,-7,-1,-28,-4,-9,3,-8,-6,-4,-31,-2,-7,-8,-6,2,-2,-43,-3,-2,-1,-5,-12,-5,-15,-1,4,-8,4,-9,-22,-5,-18,-10,-16,-9,-4,4,-6,-10,-13,-36,-41,-25,1,-35,68,-18,-14,-4,-3,-22,-13,-24,-15,18,-9,-8,-12,-16,-9,-19,-29,-11,-5,-6,-4,-11,-4,-10,-16,-10,-2,-9,-10,-1,-8,-6,-28,-10,-5,-6,-4,-5,-4,-5,-11,-7,-23,-39,-51,-38,-19,-30,-18,-32,-37,-18,-18,-22,-27,-11,-6,-2,-27,-41,-26,-34,12,-24,78,-21,-27,-14,-18,-18,-35,-34,-24,17,-8,-18,-27,-24,-15,-17,-24,-9,-13,-8,-13,-17,-13,-7,-11,-24,0,-9,-13,-11,-13,-14,-32,-19,-15,-14,-10,-10,-17,-16,-10,-27
0,2,0,0,2,1,1,-2,1,1,3,1,-50,-2,0,1,2,1,3,-4,-47,-4,1,-1,2,2,2,-3,-37,0,2,2,0,2,2,-2,-34,-4,3,2,3,0,1,0,-26,2,3,2,2,7,1,0,-25,-6,7,4,1,0,2,-2,0,0,1,2,9,3,3,3,7,2,-1,9,5,1,-5,2,-20,4,-9,4,2,1,-3,-4,-14,-2,2,4,7,4,-4,-6,-4,-7,-8,4,2,1,3,0,-6,-3,-5,5,6,4,-7,-14,3,-19,3,2,5,-1,-22,0,7,-4,-28,-1,-1,4,2,-10,7,4,1,1,0,1,4,2,14,5,3,2,6,4,1,3,-16,3,-2,0,6,1,4,-1,-12,-2,2,4,8,2,4,-2,2,-1,-2,4,5,-2,0,-6,3,-5,1,-3,3,4,-4,3,6,5,-4,3,3,1,0,-12,8,-15,7,4,5,3,3,1,7,2,6,3,7,7,8,7,5,11,9,6,5,8,1,4,-49,4,3,7,7,2,3,1,-60,3,2,4,5,6,0,-2,-44,4,1,8,0,11,0,1,-47,-2,6,8,9,10,3,4,-49,8,-1,8,3,7,7,2,-35,-7,6,2,8,15,6,9,-24,7,10,11,2,11,14,7,12,12,15,13,10,7,6,3,-4,6,6,6,5,9,7,-1,1,4,4,15,11,2,5,-2,6,-2,2,10,14,13,7,2,5,5,0,9,10,16,2,18,10,-2,9,8,8,6,6,11,-2,13,11,6,6,13,-3,11,14,21,12,10,-2,2,1,-1,-1,2,1,2,-2,-7,-5,2,-30,1,0,-8,-3,-2,2,3,-51,4,2,-2,-2,0,0,0,-56,1,-2,1,0,2,-1,-1,-61,0,0,0,0,1,0,-1,-73,0,1,1,-1,-1,0,-3,-22,2,1,-1,1,0,-1,0,1,0,2,0,-2,-1,0,0,3,2,10,3,5,2,-11,-1,-15,-11,6,-2,-2,-10,8,2,-24,2,6,-2,1,1,2,4,-23,5,6,-3,-4,-1,-3,5,-22,3,2,4,-4,-1,-4,-2,-29,2,-1,1,4,1,0,-2,-20,0,5,-4,-7,-3,-7,-7,-8,-3,-3,-7,-4,-3,-5,2,10,-9,4,0,-2,0,-2,-1,-12,-4,-2,-4,-1,-3,3,7,-26,7,7,-3,-8,0,3,5,-20,4,8,-5,1,2,0,5,-21,4,5,-4,3,6,4,5,-27,1,-3,4,1,2,2,1,-18,3,1,2,-2,-5,-1,-1,-2,-1,4,-7,0,-1,4,5,24,-13,-1,-11,0,-3,-1,7,24,3,1,2,-4,-4,-6,4,20,3,-5,-3,-15,-2,-3,2,36,-5,1,1,-9,-1,1,2,45,0,-1,-6,0,-6,-3,6,52,2,3,-3,-1,-3,-4,3,53,5,1,-5,-2,-2,-2,1,55,-1,-1,-2,8,-7,9,4,31,-27,3,-3,-5,2,2,6,2,-5,-1,-2,-1,1,4,17,7,7,2,-5,2,-2,8,7,26,14,8,4,-2,1,0,5,28,10,4,-1,8,3,7,10,39,6,-5,2,9,7,1,12,45,5,0,3,9,0,6,4,37,4,5,0
0,0,-2,0,2,-2,1,1,2,3,11,-1,-1,-6,0,-2,1,3,3,1,-7,-3,-8,-1,2,0,4,-7,-1,-7,5,1,6,-2,-6,3,0,3,-11,0,-3,-2,-3,1,-4,-12,3,-1,2,-12,2,-11,-38,-2,3,2,-2,-1,-1,-1,-2,-1,1,1,-4,-1,-2,0,4,-9,3,-4,-9,-2,4,-3,-5,-7,1,3,5,-5,11,9,0,2,2,6,-2,6,-8,0,4,-3,-3,-1,-5,-5,-2,-19,4,-8,2,-8,0,-12,0,-13,0,-5,2,-2,-8,1,-7,1,3,-3,-17,-4,-2,-1,-10,-1,-7,2,-7,-5,-3,12,2,14,13,9,9,4,20,-2,13,4,4,13,2,12,5,6,6,15,8,6,14,-5,4,4,4,12,15,-12,12,10,19,7,12,9,11,7,1,-3,7,21,1,13,5,2,13,-5,13,-1,10,-13,5,11,5,12,13,12,10,12,9,4,8,-2,-3,6,14,9,9,13,5,0,2,15,4,9,-6,7,10,7,0,0,8,11,4,0,2,9,1,7,12,11,2,7,7,10,6,14,19,15,15,9,-4,8,9,18,20,12,-5,4,7,5,4,15,6,7,8,-4,1,2,-6,5,10,-3,-5,1,-8,9,-19,-1,5,-5,4,11,9,-7,-30,23,3,-3,-4,11,6,15,14,1,9,1,6,5,9,-11,16,13,12,16,2,0,1,14,43,11,20,22,18,15,-1,1,35,23,25,32,-15,12,-5,-2,14,19,32,12,22,2,26,8,15,15,33,7,20,27,3,6,2,-2,-2,-2,1,-2,0,1,-31,-1,-10,-17,7,-4,-9,-3,-9,-3,4,5,1,2,-6,-3,3,1,7,-3,-5,-1,3,-8,-2,5,-1,2,-9,2,-3,-2,-1,-4,-5,-9,-5,-9,5,-5,-2,-1,0,-7,-7,0,3,-3,-2,2,2,-2,2,-1,-2,0,0,-14,-3,-10,0,-17,0,2,-15,-9,13,-2,-2,12,4,-8,6,7,3,-21,-22,-13,-6,1,6,4,-20,10,0,-5,7,9,1,4,2,8,-4,0,-6,4,0,0,-4,2,-3,-4,2,2,4,-5,7,-3,-8,3,3,-1,9,-3,-2,6,1,-4,-4,3,-11,11,-18,8,-11,10,-3,-2,-2,-12,10,-28,7,-2,-13,-14,-22,2,-22,3,-29,1,-16,-3,9,-15,-4,-18,-15,-18,9,-6,-9,0,-15,2,-33,-4,-27,10,6,-9,-5,-19,-4,-19,2,-19,-15,-3,-15,2,-22,1,-19,-1,-5,-7,-6,-9,3,-19,-2,-8,-1,3,-16,5,7,0,2,-2,-3,2,12,4,-1,7,-6,-4,3,2,-8,-6,-18,-1,-1,-8,9,4,-9,-6,-3,-14,-6,7,1,1,6,15,-6,8,0,-1,-7,6,6,7,-1,1,3,-13,2,2,7,-2,-7,-1,3,8,-11,-4,-9,2,-10,1,0,-1,-17,-1,-54,-19,-26,-27,-16,-5,-32,-14,4,-31,-2,15,-12,-16,-16,-2,-31,6,-56,-16,-36,-40,-5,-15,-14,-53,-8,-35,-25,-19,-22,-4,-1,12,-35,6,-50,-6,-14,-17,2,-12,-1,-28,-7,-40,-1,-29,-5,-18,-25,-1,-21,5,-30,-27,-20,-21,-44,-15,11,-24
-1,1,-2,-2,-2,1,-2,0,0,0,2,9,-3,3,4,-2,4,10,4,7,-6,-1,2,-2,-5,-9,1,-4,3,-1,-7,-1,-5,6,4,-9,-8,1,14,12,14,-20,-5,-1,-4,-12,-15,-11,-22,3,6,1,4,-10,-22,-7,2,2,-1,2,2,0,1,-2,-4,-4,-4,22,12,5,2,-1,2,12,6,-4,-13,4,12,-11,0,-8,9,9,-1,-2,4,6,1,4,3,-12,-6,-5,13,-4,-3,-5,16,5,-5,8,-14,3,3,12,-21,13,-24,-5,-13,0,-12,1,20,-4,-3,23,15,9,6,3,-24,5,16,-23,6,-4,1,6,7,16,16,4,9,2,-2,0,7,13,-1,12,12,13,0,3,9,13,8,17,6,-4,-5,-6,1,26,-9,-7,-7,3,16,15,5,4,5,2,16,0,15,11,5,6,-13,-5,3,-16,8,27,-7,0,17,9,17,-8,0,20,0,6,2,6,4,13,1,10,4,4,18,4,4,3,7,-5,0,12,9,1,15,2,7,11,2,-11,0,8,-2,-2,10,21,1,25,8,9,10,-4,14,4,1,-6,11,0,1,3,18,22,12,18,21,3,16,8,11,-3,-6,-7,12,0,-1,-12,11,-29,-6,3,-5,3,-20,-3,15,16,21,15,28,23,10,9,19,11,19,22,15,20,21,12,17,14,0,10,3,9,16,-2,1,14,23,35,10,-4,12,5,20,22,5,-8,13,1,7,0,29,36,12,16,12,19,28,15,6,31,-8,7,44,10,15,-12,19,14,25,0,-7,14,4,7,-1,2,0,-2,1,2,1,0,-15,-4,-36,-3,-9,-31,8,-17,1,-2,-6,7,0,-7,0,-21,5,1,0,0,2,-7,-3,-8,1,-3,-4,2,-2,-2,-2,-2,4,4,1,2,0,-3,-1,-1,0,1,-5,5,-1,-3,-5,-5,-2,1,-2,0,-2,1,1,2,1,-3,-9,5,-6,1,-15,-5,-8,3,-7,-8,0,3,7,-8,-2,-26,-7,-12,0,-30,-14,-5,15,6,4,-10,-4,-17,-5,-7,-11,-17,-14,6,-7,-4,3,-6,4,6,-11,0,-7,5,9,5,-4,0,-4,-4,-2,-5,1,-6,5,-6,-2,-6,-5,-5,0,-10,2,-15,-1,1,0,-5,-5,-7,-15,14,-7,-12,-1,6,10,-2,-15,-10,-5,-6,16,-27,-1,-24,7,-1,3,-6,5,-5,-19,2,-1,-18,-13,5,-9,-6,-4,-2,8,-1,-10,-4,-7,0,7,3,-8,4,1,-4,-2,-12,-3,0,2,-3,-4,-4,3,-3,-12,-12,-2,-3,-14,6,-6,-14,-7,5,-17,-2,-4,-9,11,-1,-9,-2,-18,-15,-7,-6,18,-16,-18,4,19,17,14,-26,7,-28,-27,-5,-9,-16,-21,-4,-11,-19,-18,-13,22,-7,-11,-9,-14,0,9,12,-13,7,-5,-13,-17,-14,-20,-23,0,-8,-9,-4,2,-14,-15,-10,3,-24,-52,-20,-29,-35,-18,-69,-37,13,-37,-65,17,19,-34,-78,-42,-43,-26,-11,28,-42,-35,-34,25,13,11,-25,7,-49,-45,-21,-34,-37,-30,-1,-36,-36,-36,-42,35,-13,-32,-32,-25,2,-19,15,-23,-15,-20,-20,-28,-24,-27,-28,-35,-18,-15,-7,-5,-44,-25,-25
2,0,-1,3,1,0,-2,2,-19,-1,0,0,0,1,0,0,75,-1,-6,-2,1,-2,-1,0,-43,8,1,1,-1,1,-1,1,11,-2,-2,0,0,-1,0,1,-10,0,-2,-1,-2,1,-8,1,-22,-6,-5,-9,-4,-6,-3,-3,2,1,2,1,-1,1,-1,2,-6,2,1,4,0,3,4,-4,-2,2,-6,4,3,2,3,4,-13,-4,3,-5,-1,3,4,3,3,10,0,2,3,2,-2,1,2,1,3,-2,2,1,1,3,-6,0,-6,1,0,-2,2,4,-2,3,-4,-5,-5,0,3,-2,-2,-3,3,0,-3,2,-6,0,1,-4,1,1,-3,5,1,3,-1,2,3,-1,3,0,3,-2,26,-5,-2,2,1,2,0,5,5,2,3,-1,-1,1,1,1,-8,-2,-5,-1,1,2,2,-1,2,-3,0,-2,1,2,1,4,1,-2,2,1,-4,1,4,5,1,-2,1,-4,-2,-12,-2,3,2,3,2,3,3,3,4,4,0,0,5,4,2,1,3,4,1,-3,4,4,2,1,1,4,5,15,-1,-2,2,-3,-5,3,8,0,5,5,1,-2,0,1,5,9,-2,4,-3,-4,-2,0,1,0,1,5,-4,-1,5,-1,0,-1,1,-2,-4,0,0,1,1,8,6,9,9,10,11,9,4,7,13,9,11,7,2,9,-4,4,8,12,7,8,7,11,6,7,5,4,7,7,3,6,-1,0,-5,7,2,6,10,4,11,6,2,-6,2,-8,-4,3,-3,5,9,-1,-10,9,7,4,6,6,-10,-2,4,-1,3,-1,-2,-1,-2,-1,-1,1,-1,-1,-39,-10,-8,-4,-4,-7,-4,-7,-19,-17,-6,-5,-3,-3,-3,-3,8,6,-3,-4,-3,-3,-3,-3,2,-4,-2,-3,-1,-3,-3,-2,-3,0,-1,-3,-1,-2,-1,0,-3,-3,1,0,-2,-1,0,-1,-1,-1,1,1,-1,0,0,-1,-17,-34,-6,-8,-8,-7,-6,-7,10,-7,-3,-6,-1,-6,-5,-7,-5,-15,-7,-3,-7,-9,-6,-1,-8,43,-9,-8,-5,-1,-6,-4,-6,-13,-7,-1,-6,-6,-5,-7,5,-3,0,-9,-4,-3,-5,-6,-5,-5,-4,-4,-4,-5,-5,-4,-6,-2,-6,-5,-8,-6,-4,-6,-11,-5,-22,-6,-13,-8,-8,-8,-1,-8,-7,-4,-9,-9,-5,-10,15,-10,-8,-4,-12,-6,-7,-7,-13,40,-5,-10,-6,-8,-7,-12,-11,-10,-7,-5,-8,-4,-7,-6,-7,-9,-5,-6,-4,-6,-4,-8,-15,-6,-8,-5,-6,-2,-8,-6,-6,-10,-4,-11,-6,-4,-5,-7,-17,1,-17,-14,-11,-10,-13,-9,-19,-8,-9,-3,-11,-9,-9,-9,-6,-24,-18,-14,-14,-16,-17,-10,-7,43,-5,-7,-8,-8,-13,-8,-8,-19,-13,-12,-10,-7,-12,-10,-4,-6,-9,-12,-11,-8,-11,-8,-4,-8,-10,-8,-13,-11,-9,-9,-5,-6,-8,-5,-11,-8,-8,-8,-20,-15,-22,-9,-11,-21,-18,-19,1,-21,-29,-5,-14,-12,-19,-25,0,-30,-29,-15,-15,-27,-27,-16,-11,61,-23,-18,-23,-16,-23,-20,-15,-29,-18,-17,-20,-14,-17,-16,-15,-12,-19,-16,-17,-17,-17,-17,-11,-15,-17,-13,-13,-15,-14,-14,-14,-18,-14,-12,-16,-13,-11,-12
2,3,1,1,0,-2,-2,-1,2,0,0,3,-1,3,2,1,-1,-3,-1,-1,0,1,0,-1,3,2,-1,1,1,-1,1,1,-2,-3,-3,-1,3,-2,-4,2,0,-8,-1,-5,-6,-13,-5,-2,-13,-18,-8,-14,17,107,12,17,1,-2,-1,-1,2,2,2,2,-5,0,-10,-7,-8,5,-3,-2,-2,-6,-10,-11,-2,0,5,-3,-9,4,-9,-5,-7,-4,-8,-2,2,-8,-3,-3,-11,-1,-6,-5,1,-5,-2,-4,-8,-2,-1,1,-6,-7,-5,-3,2,-8,3,-12,0,-5,4,2,7,-8,14,7,-13,5,-1,-5,5,-48,2,-3,-4,-4,-8,-7,-5,-1,-11,-4,-10,-2,-10,-2,-4,-11,-2,-1,4,-7,5,1,-5,-7,-16,-7,3,4,-11,-10,-4,-8,6,-1,-6,1,3,-5,7,0,1,-6,-6,-19,-2,6,-8,2,-8,4,-6,-7,-20,-5,4,5,4,1,-1,3,6,1,3,-56,0,-11,-5,-7,-12,-9,3,3,-3,-6,-6,-1,-5,-1,5,7,-3,-6,-3,-8,0,-11,-4,7,-19,-11,2,-14,4,-3,5,11,-21,-10,-1,-19,1,-9,-7,12,-7,-3,-9,-7,1,-1,-10,9,5,1,-8,-3,1,-7,2,-17,4,-1,2,1,10,10,1,-85,9,-1,-10,-14,5,-17,-11,-2,-2,-6,-9,-13,-13,-2,-23,-7,4,-4,-12,-1,8,-2,-21,-11,-2,11,-13,5,-20,-15,15,-12,-18,6,-2,-16,3,6,9,-3,-6,-34,-11,-15,3,11,-16,-7,-3,-4,-5,-3,-4,-13,17,12,-4,5,2,-3,9,12,-3,-21,-7,-19,-2,0,1,-2,2,0,-2,-2,-7,-13,-5,-15,-18,5,-9,-5,2,1,2,2,-3,6,-2,-1,0,-1,-1,-1,0,0,1,1,1,0,-1,-1,1,2,3,0,0,1,-1,1,0,7,2,0,2,0,-1,0,1,-2,3,0,1,-1,0,1,-2,1,0,-2,1,6,-8,-8,-12,-9,1,-7,-13,2,-4,0,-18,12,0,1,-5,2,2,3,-3,3,-4,3,0,2,1,6,-1,2,1,2,-5,1,-2,1,7,-4,0,4,0,-3,1,4,-79,1,-70,1,8,4,4,-75,-1,-5,-4,-81,5,8,7,9,4,-100,6,-4,7,-3,-1,2,9,0,-3,-1,3,11,3,3,1,4,-2,7,-57,3,7,4,0,5,10,-2,-3,-68,3,10,-1,8,3,3,8,-4,-66,6,3,3,5,1,2,-2,-4,-71,5,4,2,-80,3,-1,6,-2,-93,-21,-80,-3,0,7,7,11,0,-98,3,8,9,5,8,2,1,-53,0,3,1,6,-4,-4,-8,-49,6,1,-1,0,-3,5,1,-52,7,3,1,1,-2,8,1,-56,-2,5,0,1,9,9,1,-59,5,-1,5,-4,4,4,8,-63,5,5,5,1,-2,6,7,-15,-2,5,-65,-67,-72,-65,0,-110,1,-67,0,-10,-13,-7,-10,-46,-20,-14,-21,-10,-18,-22,-20,-50,-14,-6,-43,-17,-19,-17,-4,-55,-2,-13,-16,-44,-22,-9,-22,-60,-7,-3,-12,-6,-42,-26,-15,-46,-17,3,-3,-3,-5,-62,-4,-66,-4,-69,-7,-19,-1,-5,-64,-5,-64,-4,-53,-52,-64,-64,3,-74,-2,-54
-2,-2,1,1,1,0,2,2,-1,2,-4,1,-3,1,-2,0,0,0,-6,-6,2,3,0,0,1,2,-8,0,3,0,-2,-1,1,0,2,1,0,0,-2,-2,4,6,-73,6,2,-4,-2,3,-6,4,-13,1,13,13,5,2,-2,-2,-2,-2,0,2,2,-2,-3,-1,0,0,3,-8,0,6,6,-3,-6,-2,-3,4,8,-3,1,-3,-1,-8,-6,5,-1,-3,-1,43,0,31,4,2,7,1,40,2,-11,1,36,6,0,-10,10,-5,59,-3,-11,-8,9,0,46,10,-1,9,17,-17,-9,-9,2,54,14,32,-7,0,-7,-16,1,-4,-1,1,-10,8,-11,5,-1,-1,0,-4,10,-6,-1,1,0,10,-9,4,-5,4,-9,4,25,-8,7,6,7,0,6,1,-2,23,-9,15,-4,0,-3,4,17,8,44,-4,6,-12,7,-8,0,8,-18,5,-3,3,-11,-3,10,-5,11,-4,7,-2,0,-9,2,2,5,5,5,6,-1,5,2,6,4,-2,9,-5,-1,0,4,3,8,2,6,-6,3,-2,3,-2,3,-7,8,5,0,1,2,-8,-34,-4,5,-1,3,-3,8,18,14,13,14,3,7,6,24,5,19,23,11,11,7,14,0,9,7,15,-11,11,11,2,-1,3,11,7,8,8,4,15,7,10,17,6,12,-4,16,8,16,6,22,6,-1,1,3,10,37,-3,26,6,3,-2,-4,7,-17,17,19,12,13,14,7,3,33,-9,58,24,30,14,6,23,8,12,35,4,23,11,9,9,14,1,30,31,10,-10,21,10,0,0,-2,-2,-2,0,-1,-1,10,-11,1,5,-10,-3,3,7,1,0,1,-5,6,-6,2,-8,0,2,-10,-1,2,0,-2,-4,-2,-1,-3,4,-4,1,-2,-1,-1,5,-1,-1,0,-3,1,-1,1,-45,9,-45,5,0,1,-1,0,-1,0,-1,1,2,2,-2,-1,-15,-1,3,9,2,-3,2,-7,1,-3,-6,12,-5,3,-10,10,-5,6,-9,2,-7,-7,-2,-3,-19,-22,-10,-4,4,4,1,-21,1,-3,0,-9,0,-1,-2,9,-2,4,0,-5,-2,-3,2,-42,1,4,-2,-20,0,0,4,-7,-42,-3,-34,6,-2,-1,-12,-9,-8,-12,1,-1,-8,4,-2,-2,-8,-7,1,6,5,-23,0,-5,-14,-4,-12,-3,-9,-4,-5,-32,1,-3,-3,-11,1,-3,-6,-1,-33,-1,-24,2,-5,-3,-3,-2,9,9,-4,-6,-5,-7,-5,20,-33,5,-29,3,3,-6,3,-34,-4,-7,9,-42,3,4,-18,-8,-13,-7,0,-6,-18,2,-7,-10,-14,-5,-11,-2,11,-9,-1,-11,1,-15,-6,-2,10,4,-8,-4,5,-32,0,-15,-5,5,-4,-3,1,-42,-17,7,-5,-3,-13,8,-29,12,-25,-21,-11,-19,-7,7,8,-22,7,7,-1,-7,-6,-2,0,-10,4,6,-1,-4,-1,5,-22,-26,5,-15,-3,-12,-16,2,-28,-8,-8,-12,-3,-4,12,-7,0,-12,1,-4,-16,-7,-21,-24,1,-54,0,-36,-20,-13,-10,9,-2,-23,-6,5,-16,-5,-15,-28,-38,6,-12,-48,-7,-5,-14,24,-5,-20,-8,12,-11,-5,-23,-16,5,-20,8,-1,-4,-8,-18
-2,-1,1,0,-2,1,2,0,2,0,-4,-4,-1,1,1,-2,0,-2,-5,-3,-1,-2,2,0,-1,-3,-2,-2,0,0,6,2,-4,-1,1,-2,-10,-2,5,2,-4,0,-4,-5,3,2,-7,-2,1,-7,-19,0,-2,-40,5,9,0,-2,-2,-2,0,0,1,1,-12,26,-15,7,-17,-12,-5,-4,-7,-6,1,-6,-16,-5,-1,11,-1,-14,-7,-7,-6,-10,-9,0,-9,-14,0,-13,5,-6,-7,-8,-11,-11,-15,-4,-26,-7,-15,-7,-2,-2,-9,-20,-4,-11,-12,-12,-11,-11,-12,-18,-9,-7,-1,-4,-10,-8,-13,1,-8,-25,-2,-2,-5,-9,-10,-1,-2,0,5,1,-3,2,-11,-15,-1,4,-2,-9,0,-9,-8,-6,-4,5,-5,-1,-11,-2,-3,-3,4,-7,-4,6,-11,-9,-3,-7,-10,-8,-3,0,-5,-7,-5,-8,-13,-4,-7,-4,-3,-1,-7,-13,-6,-7,-7,6,6,-2,-1,0,-13,-6,-4,-3,-24,15,2,4,8,8,9,6,4,-2,2,6,3,1,9,1,2,-4,-6,9,2,10,0,-3,9,-1,3,10,9,4,1,-1,2,6,6,-3,6,14,-6,-3,0,-7,-5,-14,6,11,4,-3,3,1,2,9,-1,10,6,2,7,9,5,12,7,14,5,4,0,19,15,16,40,37,18,-18,-15,5,-1,-12,24,-9,-16,8,-6,6,-5,20,20,30,5,7,7,-37,16,7,18,-5,16,13,7,3,13,24,-7,1,-3,-10,1,7,-38,1,15,-2,-5,0,-6,-9,-7,-35,-17,13,6,5,9,3,6,-26,-10,6,9,-12,0,-1,0,0,2,0,0,0,-61,14,-59,-9,-8,6,-8,-8,5,-12,-17,-1,-1,0,-20,-19,0,-14,-13,-10,-5,-13,-9,-2,0,-8,-5,-3,-2,-8,-10,3,2,-8,-3,1,0,-2,-6,3,5,-7,-1,-2,-3,-4,-7,3,-1,1,2,-2,-2,-2,-1,0,4,5,5,3,2,9,-4,6,-5,6,-6,-2,-1,5,1,-10,4,7,-4,-6,-1,-11,-2,3,9,-8,-2,0,5,0,3,11,3,10,2,4,-4,0,2,11,11,7,3,3,-3,0,-2,1,4,4,9,4,3,2,2,-2,6,10,12,5,3,0,2,3,-6,-8,-16,-12,-16,-12,-15,8,-42,-12,-22,-9,-29,-10,-23,-7,-11,-21,-8,-24,-11,-19,-14,-25,-14,-15,-25,-21,-21,-11,-14,-17,-15,-18,-14,-10,-11,-16,-17,-20,-12,-19,-10,-9,-1,-14,-26,-10,-24,-7,1,-2,-8,-11,-8,-22,-22,-7,6,-7,-17,0,-18,-12,-5,-13,-18,-5,-5,-10,-20,-14,-14,-10,-18,-13,-7,4,-8,-17,-8,-19,-7,-9,-13,-12,-20,-16,-20,-19,-22,-17,-26,-18,-18,-11,-28,-17,-21,-11,-28,-17,-10,-19,-13,-14,-15,-13,-12,-19,-14,-1,-16,-11,-13,-11,-11,-15,-12,-18,0,-11,-8,-6,-13,-11,-8,-9,17,-28,-10,14,1,4,-27,-6,-55,-49,-45,-18,-3,0,-45,-52,-6,-50,2,-22,-39,-32,-40,-42,-42,-25,-49,-50,-53,-45,-20,-35,-50,-29,-25,-50,-38,-37,-48,-20,-34,-31,-29,-38,-39,-41,-47,-16,-12,-13,-42,-33,-25,-37,-32,-27,-4,-17,-16,-32,-41,-40,-3,-11
0,0,1,-1,0,0,-2,1,3,3,1,3,3,3,4,6,3,2,0,6,6,5,4,6,1,4,0,5,6,6,3,6,3,0,4,4,3,3,5,5,3,0,1,3,10,10,4,3,9,3,9,9,-2,6,12,12,2,2,-2,-1,-1,1,1,-2,-6,10,12,6,-8,13,8,11,12,11,-2,7,5,5,8,14,9,4,5,8,7,5,3,7,14,2,11,3,3,7,10,9,7,6,2,5,10,12,6,7,12,-6,4,1,24,3,13,10,-1,15,10,16,-7,1,3,7,15,-17,14,-2,21,0,9,0,7,15,7,7,3,8,2,12,12,8,15,0,5,0,8,10,9,12,5,11,2,5,0,10,23,1,9,1,11,1,11,9,5,10,1,14,6,13,2,4,12,3,16,-1,11,3,10,7,11,7,15,16,6,14,3,23,12,14,11,-1,17,-10,9,5,11,12,11,8,6,6,10,12,12,14,12,11,9,2,11,12,12,10,4,14,9,3,9,12,8,6,15,8,14,16,16,17,18,19,18,15,-11,22,11,14,14,24,14,20,10,21,8,16,4,13,21,17,21,12,20,15,17,19,12,24,12,13,12,16,2,18,16,15,12,10,18,24,16,19,21,15,8,8,23,17,10,19,27,14,14,22,16,12,19,13,17,23,19,21,37,21,15,22,20,21,24,34,35,23,21,28,32,30,29,28,38,18,27,33,22,29,47,24,23,35,31,31,32,29,25,30,33,13,2,-2,2,-2,1,1,0,0,16,-18,1,-11,22,3,6,-19,-3,1,10,4,22,5,2,-4,2,0,-2,-1,-4,-2,-7,-3,1,-2,-1,-4,-4,-2,-1,-3,0,0,-2,1,-1,-2,0,-3,1,-2,-1,-3,-1,1,-1,-2,0,0,-1,2,0,2,2,0,-8,8,-15,-10,-3,33,-3,-10,4,3,-36,3,18,-22,-16,8,-15,9,-17,-9,33,42,-6,15,-6,-13,7,-9,26,-5,-1,-6,-2,-3,-4,-9,-1,-3,9,-9,-4,-3,-8,-4,-2,-7,-8,-9,-3,-6,-7,-10,-8,-4,-8,-5,6,-5,-3,-5,-12,-12,-6,4,-20,0,-3,-11,8,7,-11,-17,-4,0,-6,-6,4,13,-15,5,2,14,-11,-8,30,6,-5,-2,8,-3,-11,-7,5,19,0,-9,-5,-5,-6,-9,-9,2,7,0,-6,-3,-10,-6,-2,-7,0,-13,-8,-8,-6,-4,-9,1,-6,-1,-8,-1,-5,-7,1,-10,4,-9,5,9,15,15,13,14,6,-12,-7,0,3,1,1,9,8,-9,-7,-8,-20,2,-23,-1,-29,-10,-6,-5,-13,4,-8,4,-2,-21,-8,-7,3,4,-10,-5,-5,-12,-9,-9,1,-10,-10,-13,-4,-13,-13,-8,-8,-7,-14,-8,-12,-11,-11,-12,-11,-9,-5,-9,-9,-9,-11,-9,0,20,29,20,7,-21,-3,0,13,11,38,35,8,-1,-25,-17,0,-2,21,1,1,-12,-7,-9,-11,-30,-16,19,-16,-19,-9,-8,-5,-7,-13,-3,-9,-17,-14,-7,-5,-13,-13,-18,-19,-22,-21,-19,-11,-12,-18,-24,-10,-33,-20,-18,-19,-14,-12,-9,-15,-24
-1,1,-1,1,-1,2,1,2,3,2,0,-2,0,-7,1,1,1,0,2,2,-1,-10,5,0,3,-2,0,2,-2,-62,-5,3,2,1,4,4,-5,8,1,4,4,-5,7,8,3,-4,-2,4,-6,7,1,4,3,4,-11,-4,-2,-1,-2,0,0,-2,-1,-2,-7,0,4,3,3,1,-1,1,-3,-3,6,0,17,-3,14,1,2,0,2,11,-8,-2,-2,17,1,-6,1,1,-3,51,-3,13,-2,2,-2,11,-3,1,-7,17,-9,4,1,3,16,0,15,-4,-13,-1,7,-6,0,3,6,-8,7,-3,1,9,-11,12,8,-2,7,2,10,-5,11,-2,-9,0,3,2,2,13,1,-3,4,21,-2,-3,8,0,10,1,23,-1,0,8,4,-2,1,59,-2,15,13,0,-2,0,3,7,5,7,6,-6,1,11,12,3,-9,14,-4,8,15,3,-6,-10,15,-3,1,8,3,0,-2,-2,5,-10,0,1,4,6,6,8,0,2,0,-1,-1,0,7,5,6,2,3,3,-3,6,2,3,-6,-3,2,3,10,6,14,40,11,5,3,1,-4,14,11,13,-9,3,7,4,-6,8,13,6,10,7,8,-4,13,-8,8,8,8,7,-6,3,-4,-1,-13,12,12,7,2,2,11,6,11,2,-4,3,7,9,4,9,9,9,9,4,2,1,3,4,14,3,11,4,6,-2,15,4,17,60,15,13,2,-4,-17,-14,17,9,-2,6,6,0,3,-9,-7,15,-6,13,4,2,8,10,-2,9,18,11,-4,0,13,-9,7,7,15,4,1,1,1,1,-2,2,-1,0,-14,-13,1,-9,15,3,-16,6,0,-5,0,-2,2,-5,4,0,1,-1,1,0,4,23,5,1,0,1,2,1,-64,10,-76,2,2,4,1,3,-5,6,-4,6,0,2,1,2,-4,-1,-5,0,1,-2,1,-1,-1,1,2,-1,1,-14,4,-6,7,-1,-8,-13,-5,-12,-7,3,-41,-7,-40,-5,-11,0,1,-32,-21,-16,-2,-22,0,-3,-3,-2,1,38,-6,-14,2,-5,-6,-39,-12,-6,-18,-50,-1,-2,-1,2,-26,-6,-44,1,2,-3,-1,0,-4,-3,-4,-4,0,1,3,0,-4,-11,-1,-4,-7,6,-18,2,5,1,-1,-11,0,-6,3,-8,-7,8,6,-8,-9,-5,-2,0,-22,-2,-18,-2,-6,-2,-4,2,7,26,-1,-3,0,1,-4,0,-35,0,-41,6,-1,1,-2,-27,5,-8,9,-27,-12,-3,-10,1,-2,-3,-7,3,-1,-20,0,-6,-2,-6,-7,-6,-10,0,7,-13,9,5,-12,-11,-2,-7,-13,-6,2,-11,-7,2,-13,-1,-9,2,-11,-18,2,-1,-16,-10,-16,-17,-10,50,-33,-16,-2,-3,-8,-2,-9,-10,-7,0,2,5,1,-4,3,-9,1,8,-3,6,3,3,-2,-15,0,-9,2,0,2,2,-10,-5,-4,-2,-12,-11,-17,-3,-12,15,-25,-23,-17,-11,-25,3,-15,11,-18,-3,-10,8,2,-1,-16,-13,4,0,-43,-1,-14,-6,-1,33,-24,-13,-5,-6,-25,-5,-11,-16,-21,-4,-1,0,-1,-7,4,-8,9,9,-9,0,-5,-1,-2,3,-4,-11,-7,-3,-1,-2,-7,-4,-11,-7
-1,0,2,1,1,2,0,2,-1,-4,1,-3,6,-1,0,2,-2,12,0,5,-1,5,-5,6,-3,8,-3,11,-2,-5,-1,1,-1,-1,-6,-6,1,13,15,-3,2,-9,-1,-4,11,5,-3,4,-8,-5,-17,-23,-24,-4,1,-12,0,2,2,2,0,2,2,2,-3,-3,0,22,-5,14,-3,20,0,16,0,-7,6,7,6,13,2,8,1,10,9,-4,1,-4,21,-10,-4,-16,0,-8,16,8,8,-7,10,-8,21,24,-7,16,13,16,-30,19,18,0,-9,18,-13,-6,0,12,4,-3,7,4,-5,10,-1,9,8,-9,6,-2,19,7,9,10,-3,1,7,10,4,10,-3,0,8,2,3,-10,10,8,6,6,3,11,-9,7,-9,-1,14,3,10,-9,-6,1,-11,-2,-13,5,14,-6,2,19,8,4,-2,1,5,8,-2,9,1,-9,-18,-6,-9,-8,8,-3,5,-2,4,-18,0,16,1,4,5,16,3,6,0,-1,3,11,13,3,6,5,-2,9,14,11,4,0,7,-1,5,-7,13,14,7,24,16,3,7,14,-3,14,-1,-1,6,6,12,3,11,1,-12,5,4,-18,-3,11,19,4,11,-5,1,11,2,-5,-6,13,0,-1,17,1,-2,1,-1,7,14,14,23,6,0,-5,8,21,18,9,11,18,5,8,11,-2,13,15,16,3,2,3,18,11,-1,6,9,18,14,2,4,12,1,21,7,3,30,-8,20,13,-2,4,19,-10,15,19,9,1,12,10,28,19,-10,-9,34,3,13,9,-3,-5,-9,2,5,16,-1,-2,-2,2,-2,-1,-1,1,1,6,-36,-8,0,4,-4,6,-19,11,-15,3,0,-5,-3,-6,-4,-3,4,3,-5,-8,5,-3,1,-7,1,-6,-4,-1,0,-2,1,-2,1,-4,-2,-1,-1,5,1,1,-1,-1,3,2,-2,1,-2,-2,0,1,-1,1,2,-1,4,-12,0,-10,-8,-16,-3,-13,-3,6,-6,-15,-5,-26,6,3,-5,-8,-13,-14,-13,3,1,-5,-4,-5,9,-3,-14,-6,-2,-11,-2,-8,23,-13,-27,-9,-1,-13,-7,-14,-1,-5,-3,-6,1,9,-8,6,-9,-10,-6,-3,-4,-11,-2,-3,-6,-8,-8,-10,-4,-5,2,-9,-16,-6,-6,-12,-9,-8,-9,26,-15,-17,-11,-15,-3,12,-20,-9,-15,4,-13,-18,-4,-12,16,-7,19,-2,-24,-11,8,-17,-20,-6,32,-13,-29,-7,-12,-15,-3,-9,-10,-15,-3,-13,4,4,-24,-1,-18,-9,-5,0,-7,-10,-11,-5,-6,-1,-4,-8,-4,-13,9,-15,-16,-24,-6,-19,-45,-7,-44,37,-22,-38,-46,-16,-3,13,-14,-17,-18,11,-6,-11,6,-26,10,-23,25,-4,-16,-23,25,-18,-37,-18,40,-16,-44,-8,-9,-17,-5,-14,-11,-8,0,-14,6,15,-9,1,-12,-6,-10,8,15,-12,0,-4,-3,-7,-5,-8,-7,-2,20,-35,7,-44,-21,-34,-44,-14,-12,36,-56,-38,-55,-30,-37,26,-39,-40,-36,3,-17,-37,-23,-36,16,-32,23,-30,-30,-33,31,-36,-47,-36,36,-9,-64,-15,-36,-17,-17,-24,-26,-31,-10,-9,6,24,-27,1,-20,-17,-17,16,19,-40,-14,-14,-12,-14,-16,-26,-13,-9
1,0,1,0,0,-1,-2,1,-1,1,-1,0,1,1,3,2,-2,1,-2,0,1,1,1,2,-2,1,-2,-1,0,-1,0,0,-4,0,-6,-1,-9,-1,0,-1,-4,15,-11,11,-1,-3,-2,-10,1,-3,-37,5,-5,-2,-1,-5,0,2,-3,-2,-3,-2,0,-1,-18,-6,1,-6,-2,2,0,-7,-5,5,-11,-5,-2,-1,-1,2,-4,-8,-9,-2,-5,-1,-7,-2,-15,-6,-16,-2,-13,-8,-4,-4,-4,53,-10,50,-8,-20,-6,-13,55,-4,-24,-27,41,-32,-14,-15,-12,-24,63,-18,-13,-14,6,-14,60,5,-42,-8,48,-8,-31,-5,-6,-5,3,6,-5,0,5,-4,-4,1,-13,0,0,4,-1,14,-5,4,0,-2,2,-2,11,-3,-4,-4,-6,-9,-1,14,-6,7,14,-10,-12,-8,16,3,1,-7,-3,22,-12,14,-7,-1,-13,-4,-6,-22,-46,-2,-20,-1,-4,-6,-5,18,-12,20,-3,-7,-12,0,3,2,5,3,2,1,1,1,3,6,10,5,3,0,5,1,0,1,7,-2,2,-3,0,1,0,-5,13,2,-12,-11,-7,-1,-6,-4,21,-12,-10,-7,1,0,-10,-8,22,-10,-18,9,1,-9,16,26,-18,24,22,2,11,9,-5,1,24,-8,-27,-11,-10,-10,-1,1,2,1,1,2,-6,-15,1,2,0,0,0,1,2,10,4,-3,0,2,1,-8,13,-1,4,-9,9,-14,-1,21,1,-9,27,-19,14,1,30,-8,-2,-3,9,36,37,34,-12,-2,7,5,10,34,-27,22,4,39,8,5,-13,28,17,35,12,33,-12,-1,0,-2,0,-1,0,3,-1,0,3,-5,-5,1,2,1,-17,-7,-3,-3,-6,1,-2,-3,-2,-4,-3,1,-1,0,-1,-2,-2,-2,-2,-2,0,1,-1,-1,-2,-1,-2,-1,0,-4,0,-1,0,-2,-5,-2,15,-2,1,1,0,-1,-1,2,-2,0,-1,0,-2,-1,-2,2,-4,-19,-1,-9,-2,-3,-2,-10,-3,-3,-2,-1,-5,-8,-19,-3,-7,-8,-7,1,-7,-7,-7,-2,-1,1,-6,-10,-4,-6,0,-11,-1,-21,-4,-1,-3,-3,-46,0,0,-19,-32,-1,-1,-1,2,-1,38,1,0,1,-4,-5,-18,-1,-2,1,-30,3,1,0,-2,-8,1,-3,1,-9,-5,-1,-7,-11,-7,-5,4,-1,-10,-32,-9,-4,-8,-4,-3,-7,-12,-6,-4,1,5,0,-6,-23,-2,-3,-23,-6,-2,2,-34,-4,0,-4,2,-39,-1,-50,2,1,-4,-3,-6,-5,43,1,-3,-2,0,-1,8,-42,-1,-41,-6,1,-1,-4,-19,-3,-26,2,-22,-16,-11,-9,-13,-9,-17,-17,1,-10,-15,-19,-12,-19,-57,-15,-7,-8,-11,-7,-13,-19,-14,-6,-19,-2,0,-10,-15,3,-27,-1,-7,-5,-8,-4,7,-12,-36,-28,2,-7,-4,-6,-29,-41,51,-24,-47,-15,-10,-6,8,-5,-28,-4,11,-4,-4,-4,-43,-25,-30,-21,-46,-24,-24,-16,-24,-23,-14,-29,-3,-36,-23,-16,-12,-24,-41,-17,-32,-41,-46,-12,-30,-19,-10,-6,-38,-23,-9,-16,-51,11,-20,6,-42,-22,-10,-19,21,-35,-46,-45,15,-10,-14,-9,-4,-54,52,-44,-39,-28,-22,-13,33,-33,-45,-40,7,-8,-8,-14
-1,0,-3,0,-1,1,-2,0,3,7,-4,1,-3,3,2,1,4,0,1,-2,-5,0,1,5,0,5,-2,-8,0,-3,0,2,3,-1,12,-1,-5,-2,9,5,18,10,3,16,2,13,-20,-10,3,1,14,-40,12,-5,-7,-8,-1,-1,2,1,-1,1,2,-1,-9,8,-2,9,2,3,0,3,2,8,7,1,-4,24,6,4,5,4,3,0,9,-1,-3,4,-3,-5,1,-4,3,-4,4,-11,18,10,6,9,1,14,4,-3,12,-11,-9,16,8,7,14,-5,2,0,-6,3,-15,-30,-12,9,-16,1,15,17,8,3,10,-1,-7,5,3,-2,2,10,-23,-3,-4,4,-8,6,10,5,11,-10,-5,2,4,-9,6,9,-1,12,5,22,1,-6,7,4,4,1,-1,-2,25,7,-5,-15,-5,-9,12,13,9,21,9,2,2,12,-2,-6,-1,4,25,-3,0,-9,9,-1,9,7,-6,13,14,-2,0,5,8,13,6,7,7,4,6,4,8,-7,11,8,-9,6,8,20,-3,-2,11,-3,9,8,10,4,-12,-5,19,13,5,11,4,7,-5,-12,5,-12,-1,-2,0,5,-9,1,1,3,7,-1,1,12,11,15,5,14,15,26,11,4,2,2,4,-7,13,1,14,7,14,11,5,23,-10,15,3,13,9,12,8,23,-1,18,30,27,15,2,12,5,20,21,39,34,1,14,12,13,-1,10,19,22,36,20,10,-7,10,12,5,29,8,8,15,-3,15,15,13,12,23,-6,36,16,4,2,4,15,12,19,27,-8,10,4,2,2,2,2,-2,0,-2,-2,-21,-4,-22,17,-7,0,-16,-8,0,-2,1,-7,3,-3,-21,-1,-1,1,4,-10,10,-1,-4,-1,-3,-3,-2,1,-3,-1,1,-1,-4,-4,2,2,-7,8,7,-4,1,5,2,1,-4,3,1,-4,-2,0,-1,2,-2,-1,2,0,-4,-1,-26,-3,11,1,-9,-3,-6,-42,-11,-7,1,-5,-14,-6,0,-12,-5,-33,0,29,-4,0,-3,1,-7,-18,-10,-24,-5,-2,-3,-12,-21,-14,-16,-14,-12,-9,-10,-4,-7,-1,-22,1,-10,-5,4,0,-4,-13,2,-4,-14,-5,-3,-8,-6,-22,1,-5,-2,-16,-10,-23,-23,3,-6,-7,-19,7,-5,3,-31,-5,-34,0,14,-6,4,-40,7,-18,0,-21,-18,10,-34,-2,-9,-14,0,-13,1,-15,-2,-1,-9,-3,-15,-12,-13,-6,-2,-2,-9,-3,-14,-5,-8,-6,-2,23,-8,-15,2,-6,-3,1,5,-7,-11,-3,-8,-5,-1,-1,-21,-16,-3,15,19,2,-16,6,2,-18,-21,-17,-28,-8,10,-7,10,-10,-6,-17,0,-8,-12,10,-5,-1,-8,-20,-14,-7,8,-2,8,-10,-5,-29,-23,-6,-9,-7,-12,-9,-6,-1,-9,-7,-4,6,8,9,-4,-16,5,-14,-5,-13,-6,-1,-10,-8,-11,7,-3,-9,-15,-30,-14,18,31,-19,-13,14,-35,-25,-28,-35,-30,-58,30,-24,28,-31,8,-51,-7,-30,-24,17,-29,-11,-16,-19,-22,-37,3,-4,2,-17,-20,-21,-40,-47,-21,-7,-37,-14,-20,-8,-18,-21,-17,-3,-5,24,-8,-24,8,-25,-8,-14,-33,-16,-17,-7,-19,8,-32,-24
0,1,1,-3,1,2,-2,0,-1,0,-3,-2,-5,5,-4,0,6,-1,-5,-10,-4,4,2,2,0,4,-8,7,-7,-4,3,1,4,-7,3,-12,10,4,-8,2,-9,6,-5,6,-4,-2,16,2,6,-39,-8,14,-16,12,-7,9,1,0,0,-2,1,-1,2,2,-22,0,7,3,18,12,-6,0,-1,0,4,1,10,15,10,4,7,6,1,3,3,-2,-3,-3,1,-10,-3,-3,7,-6,24,0,-9,-11,12,8,12,-20,-1,6,-15,-1,-22,13,13,32,-11,-10,-19,-12,14,1,-33,3,14,2,20,-5,7,-25,16,8,8,-8,-10,2,14,-9,21,12,-11,8,-6,9,-7,13,15,1,5,9,18,-15,5,0,-1,6,25,7,8,20,-4,-5,-12,16,9,-6,14,11,-1,-11,14,5,6,8,-7,-3,16,14,1,-13,12,1,-11,-10,10,17,-1,12,-21,5,20,15,7,-14,22,14,-2,3,3,-6,1,5,10,0,6,9,-6,5,15,1,15,25,8,3,6,7,15,3,3,8,13,5,0,2,2,3,6,3,12,16,2,10,14,-2,0,-11,17,5,9,1,4,-7,19,-6,3,5,-4,15,4,3,27,-6,7,20,-7,8,19,-8,12,2,9,6,13,7,16,10,17,9,22,10,-7,1,16,18,20,21,15,21,-7,6,18,10,8,7,14,23,5,12,7,24,0,20,12,27,18,4,8,-33,22,-1,9,9,-13,5,10,-18,5,2,14,20,23,-13,20,21,-15,32,11,23,18,27,39,-2,22,16,5,19,-2,-2,2,-1,-1,0,-2,0,-17,-22,11,-24,19,-21,-14,13,6,2,-1,-15,-3,-3,-7,-1,6,-1,-7,-1,-9,3,9,-1,0,0,-1,1,3,-13,0,-3,-1,4,-6,-2,14,-8,-1,3,1,8,-2,-8,5,-3,-2,6,2,-1,0,2,-1,2,0,2,-2,0,-1,-11,11,0,-15,-13,-11,12,-23,3,-4,6,6,9,4,-38,6,-60,-5,-27,-4,-16,-8,7,-12,-23,-14,-3,-1,-22,-4,-18,8,-13,2,-13,-6,2,-1,3,-15,6,-14,-8,-11,-6,-5,7,4,-6,-6,-3,-5,3,-8,-5,1,-2,4,-6,-1,-11,-13,-19,10,-6,-7,14,-20,2,8,-3,7,-16,8,-13,15,13,-1,-17,-4,-16,0,-25,-12,-4,-27,-4,-6,-24,2,8,10,-11,-10,-17,2,-9,1,-11,-5,-3,-14,8,-16,0,-9,-7,-15,-4,6,-8,6,-8,-6,-3,-8,-8,-7,3,-2,-9,2,-5,11,-3,-12,-2,16,-12,0,2,-7,3,-4,-3,-10,10,-1,-5,10,9,7,-9,-9,-5,-5,-2,4,-3,-7,4,-27,-16,-11,0,8,-8,6,-2,6,-18,-1,-11,0,1,-4,5,-19,15,-16,-8,6,-7,-5,-6,4,2,-3,-16,-3,6,-7,2,-26,-17,15,-16,-4,-1,-20,-47,25,-38,-4,5,-5,-19,-13,-8,-14,17,-10,-1,7,29,-10,-35,-5,-36,10,-31,9,-12,-29,6,-26,-22,-20,14,10,-13,2,-8,14,-13,-6,-26,-19,5,-18,8,-25,6,-21,-7,-12,-12,-12,-15,14,17,-7,-10,2,-14,-8,1,-9,-8,24,-31,9,-3
2,0,2,2,-2,-2,-1,1,-1,-2,0,1,-1,1,1,2,-1,-1,1,-1,-2,1,2,0,-1,1,0,0,-1,0,-2,1,0,-1,1,7,1,2,-1,1,3,2,5,8,-62,6,3,0,7,-2,2,1,11,3,9,1,0,0,-1,1,2,-2,0,-1,-26,-2,-9,0,0,-1,-3,0,-1,-1,-4,-1,6,-1,9,2,0,7,2,8,-4,2,-4,7,1,-5,-3,40,0,40,-3,-3,2,2,43,-2,-2,1,41,13,-3,2,-22,-2,45,-12,4,-7,-3,17,42,-1,-5,5,48,5,4,-6,-5,49,6,52,0,1,-3,7,-2,-2,-2,3,8,2,8,-3,-1,-1,2,-4,1,-10,0,11,-1,3,-4,2,-6,14,2,-8,10,-1,5,-4,14,-13,1,1,-1,15,-10,10,-3,1,4,-3,2,0,3,-3,1,-2,-3,4,-12,10,16,9,-2,3,0,-4,14,-8,10,-15,13,-2,2,2,3,1,9,4,0,2,0,7,1,3,9,-1,0,-4,0,4,2,-1,5,0,1,3,1,13,0,4,12,3,2,0,2,5,5,-1,7,9,-1,-7,18,9,22,23,-5,20,12,7,8,21,14,9,16,2,7,8,15,20,27,4,18,21,15,-2,6,9,1,4,9,7,2,1,11,3,8,4,16,1,0,0,2,18,10,7,16,5,-5,24,8,8,28,8,21,-1,26,11,7,12,16,28,34,24,-3,3,17,21,18,34,32,20,13,32,15,20,5,22,35,12,9,10,-3,19,42,22,18,28,15,-10,2,-2,2,2,-2,-2,-1,-1,-7,-16,-4,-12,-1,0,-7,-12,-3,0,2,-2,-3,0,-4,1,-3,-2,0,-1,-3,2,-1,-3,-1,-2,-1,3,-4,-4,-2,-3,0,-1,0,4,15,-2,1,-2,0,1,1,-64,2,-57,1,-1,2,0,-1,2,-1,0,1,-1,-1,2,-9,-2,-3,0,-3,0,-4,1,-4,-7,-7,-1,-10,-5,-5,-7,1,-6,0,-5,-8,-10,-2,-2,-7,-22,-9,-19,3,-4,-1,0,-21,-3,-3,-3,-25,-2,-4,-5,-2,-1,23,-1,-4,1,1,1,-28,-8,-2,-1,-13,0,1,1,-4,-31,-3,-35,1,-7,-1,-9,0,-10,3,-5,0,-1,-21,-5,-7,-4,-7,-4,-1,-3,-4,-15,-9,-7,0,-2,3,-27,-3,1,-28,4,-6,8,-29,0,-7,-9,6,-22,-2,-39,-1,-3,-1,-10,2,0,20,-4,-1,0,-13,6,9,-43,0,-34,7,1,0,6,-62,7,-1,6,-48,1,-9,-11,-19,-19,-15,-9,-8,-10,-12,-9,-4,-6,-22,-10,3,-9,-11,-7,-18,-3,-18,-4,-6,-4,-7,-6,-17,7,-17,7,-18,-15,-5,-14,7,-12,-18,-10,9,0,-2,-18,-24,-12,21,-19,-25,-12,-1,-1,7,-13,-24,-8,7,-3,-1,-1,0,7,-18,6,-1,1,-4,-8,-7,-11,-13,-26,-11,-16,-27,-8,-12,-19,-6,-14,-2,-19,-20,-9,-24,-11,-17,-5,-15,-14,-10,-14,-36,4,-22,4,-16,-9,-4,-24,0,-37,-34,-23,7,-7,-7,-13,-19,-20,21,-22,-12,-11,-14,-8,10,-29,-29,-19,13,-2,2,-1,-25,9,-12,14,-14,5
1,2,2,-1,0,-2,2,0,-3,8,2,6,2,1,-2,-3,-4,-2,-2,1,3,-2,-2,-6,-1,2,-1,1,0,1,-6,3,-4,-2,-3,-3,2,7,0,17,-12,-8,-6,-16,-5,-5,5,-29,5,-24,-21,-12,-7,16,-8,38,-2,-1,2,-2,-1,2,-1,-2,0,-1,10,15,-3,-14,11,-5,8,1,0,-4,12,-2,10,-5,-1,-6,-6,-6,-7,1,-2,20,-5,13,-16,-14,1,-3,-6,12,3,-6,-13,24,-6,-6,-4,14,-9,-29,-4,-10,-18,38,-2,5,3,-7,-11,-12,29,-16,-21,18,-1,-7,4,-19,-6,19,17,5,10,-2,-2,2,5,3,-7,1,-2,14,-3,4,4,6,-4,-8,-9,-8,8,-5,3,-1,-13,-7,-17,-10,2,11,-1,-9,-23,24,-3,-12,-18,4,2,7,4,0,-2,-5,-7,-47,5,5,-11,-2,-3,-8,-8,-1,12,21,-9,17,8,10,-5,-1,-4,-11,13,0,5,9,5,6,11,6,7,10,7,-10,-2,-6,-5,-2,11,9,10,-4,6,3,-1,9,17,3,-1,-7,2,-6,14,-9,15,7,2,-17,-4,3,6,3,11,3,9,-7,2,10,-10,8,19,4,3,4,1,1,-5,-18,30,-8,3,10,-1,10,3,8,13,1,6,16,10,8,9,25,1,2,16,21,11,11,9,-2,4,10,18,12,11,13,11,10,-3,5,6,6,4,9,10,3,4,16,6,-10,5,11,13,11,-3,9,23,-1,-4,13,21,-7,20,-26,18,-1,24,26,-8,19,-5,36,-7,9,8,4,15,-7,12,27,1,1,-2,0,2,1,-1,-2,-1,-31,-9,-15,-10,-21,-21,-35,-3,-7,3,-2,-1,-4,-5,2,-4,-5,3,0,1,5,-7,-2,-4,2,-1,0,-3,6,-8,1,-2,0,-5,4,-4,2,11,1,-3,-1,-3,-2,-7,-1,5,1,-2,-3,1,-1,0,2,0,2,11,-1,6,10,-5,3,9,-7,-2,-1,-16,-16,10,-2,-17,-14,-13,-7,7,3,1,-11,-17,8,-7,-7,-6,-2,-7,8,-8,-7,-8,-5,2,-9,-11,-10,-2,-11,-6,-6,-2,-12,-7,-9,14,-10,1,-7,-10,-6,-14,-6,-14,1,-9,-4,-15,0,1,-5,-5,-3,8,-8,-9,1,-3,3,9,-10,-2,-2,-8,-9,2,-8,-28,-6,-6,-4,9,4,-2,-12,1,5,-9,-3,-8,-2,-10,11,-10,-9,-3,-2,-2,-5,-9,-6,3,-13,-2,-3,-8,-11,-8,-4,25,-8,2,-10,-4,-4,-7,-11,-7,13,-8,-2,-1,-4,3,-2,6,-6,16,-16,-7,-7,-18,-19,16,-12,1,-12,-11,-4,-9,-9,-20,-35,-23,-12,25,-5,-9,-17,-31,-4,-16,-18,-1,-11,2,13,-16,-13,-15,-8,-11,-6,-8,-23,7,-24,-8,-9,-7,-16,-13,1,29,-13,-9,-14,-24,-10,-13,-21,-22,12,-7,-7,-3,-6,-6,-7,26,-5,19,-62,-17,-37,-5,-34,17,-21,-40,-15,-47,-59,-36,-8,-40,-32,-34,-17,17,-16,-20,-23,-35,14,-42,-37,-33,-24,-52,3,-43,-20,-31,-26,-28,-43,-26,-35,0,-17,-16,-17,-31,-29,-33,23,29,-20,-16,-12,-21,-10,-13,-63,-38,25,-28,-22,-9,-10,-11,-22,38,-20
-2,2,2,-1,3,0,-1,-1,4,5,4,-54,-2,-5,-2,3,4,2,11,31,-1,-6,1,1,7,9,16,17,8,1,0,3,3,7,6,4,4,10,3,6,1,1,0,-7,6,16,10,5,-47,-15,-12,1,6,1,15,10,1,-2,-1,-1,-2,2,-2,2,2,11,5,11,10,4,10,14,2,18,11,11,2,1,1,7,4,8,7,9,5,9,3,7,2,9,6,13,6,8,4,4,15,12,8,8,17,2,5,3,4,8,10,3,5,11,9,3,-6,4,8,1,11,19,2,5,-4,6,-11,11,6,10,7,10,-5,15,7,7,14,4,4,-1,-3,-1,7,12,-6,5,2,10,1,2,8,10,0,0,7,2,6,4,8,4,-5,2,-2,6,2,10,5,8,15,0,3,10,-4,9,9,7,8,12,14,-3,8,10,6,9,10,5,7,-1,3,0,-1,4,8,6,-4,-7,4,4,-2,-1,-3,7,3,7,6,7,4,5,5,4,11,9,-6,-13,-9,-11,8,3,3,10,-17,-13,-5,-20,2,-4,0,1,0,6,-5,8,5,7,8,6,8,12,2,5,10,7,-5,15,12,-2,9,3,8,0,5,4,4,12,9,4,4,15,11,11,11,11,9,18,18,23,17,5,17,18,20,16,16,19,29,15,19,-10,-55,6,11,16,15,8,3,-1,0,-30,3,10,12,8,-17,-20,11,-5,23,2,4,16,18,24,-2,10,3,16,9,0,10,-1,3,15,-1,16,17,14,1,-1,15,4,7,0,-20,4,-2,-1,1,-1,0,0,2,2,-68,-23,-25,-3,-8,-1,-22,-35,-18,-7,-13,0,-21,-5,-5,-5,2,4,7,4,-4,-5,-12,-3,3,9,6,9,0,-5,-4,-3,2,2,4,-6,4,-9,-2,-6,2,2,0,-4,-2,-6,-4,-6,1,1,1,2,0,2,-1,-2,-23,-41,-33,-43,-34,-16,-7,-13,-7,-12,-19,-14,-2,-9,-6,-1,-12,-11,-10,1,-34,-14,-15,3,-10,-7,-7,-5,-2,-6,-18,-8,-9,-9,3,-10,-3,-17,-10,-6,-6,-7,-9,-9,-12,-6,-2,-13,-14,0,-5,-6,-9,-6,-6,-6,-8,-11,-3,-7,-11,-2,-7,-12,-24,-20,-33,-29,-9,0,-30,-13,-1,-11,-11,-6,-2,-5,-11,-6,1,-15,-10,1,-19,-13,-14,-14,-4,-4,4,-6,-1,-16,-17,-10,0,10,0,-1,-8,-3,-15,-15,6,-6,1,-9,-3,-6,-2,-16,5,1,-6,-3,-9,-2,-9,-9,2,-6,-4,-9,-3,-9,-4,-12,-19,-10,-15,-21,-4,-24,-19,-11,-15,-20,-23,-22,-18,-20,-20,-18,-10,-12,-16,-9,-37,-21,-22,-10,-5,-2,7,0,-3,-18,-17,-11,7,3,-7,-3,-2,-6,-4,-8,-9,-6,-6,0,-8,-9,-3,-16,-4,-7,-1,-2,-10,-9,-17,-9,-5,-3,-4,-2,-6,-11,-6,-7,-13,-25,-51,-43,-15,-36,-45,-32,-19,-25,-15,-15,-15,-15,-20,-25,-22,-11,-15,-13,-45,-55,-19,-22,-12,-11,2,-7,-16,-30,-30,-16,-6,-7,-10,-9,-20,-17,-25,-9,-6,-19,-12,-13,-18,-11,-12,-34,-12,-10,-14,-23,-20,-23,-26,-33,-15,-24,-21,-22,-21,-22,-9,-16
2,0,0,-1,1,-2,1,-1,1,4,1,0,0,2,3,4,0,2,1,-3,-3,-1,4,3,1,0,1,-2,0,0,4,3,2,-1,1,0,-1,0,1,2,-5,2,-3,3,3,4,0,1,-12,-8,-14,-3,-8,0,-11,-12,1,1,0,-1,2,0,-1,0,12,-35,4,-1,5,-2,10,-3,8,8,-1,4,5,6,9,7,-3,8,2,-1,-1,1,3,10,4,0,-1,0,0,1,-1,3,4,-5,12,-16,-1,-5,2,3,3,-8,3,-2,7,11,4,6,5,6,-1,1,-2,10,13,12,12,10,4,0,4,6,11,23,4,5,2,5,3,3,0,2,2,2,3,2,8,1,5,-1,2,2,2,-1,2,3,-2,2,4,1,3,-3,-1,0,8,1,-1,3,0,4,-3,-1,1,5,7,1,8,-2,5,7,3,3,2,5,-2,2,-2,5,-1,5,7,0,9,-1,3,6,9,9,12,11,12,12,8,13,11,14,14,11,14,15,14,18,15,14,12,11,11,15,13,13,15,14,7,15,16,13,12,18,17,15,15,2,17,18,6,16,15,11,6,8,2,10,5,17,7,6,12,7,6,14,5,18,11,14,3,6,5,4,3,14,12,9,-3,1,14,23,11,1,2,17,4,-5,18,-4,4,8,21,2,21,17,13,-1,1,8,3,13,11,23,7,-1,-4,14,16,8,-3,-8,0,2,-8,1,1,13,-3,8,13,-1,7,3,-2,-5,2,-8,6,28,-6,32,7,-5,0,1,-10,8,6,-4,3,-3,-2,0,2,2,0,-2,2,-1,-20,-44,0,6,-9,-3,-6,-46,-53,-4,-8,-6,-13,-1,-9,0,-3,-9,-8,-8,-16,-4,-12,0,-8,-9,-10,-8,-14,-7,-11,0,-7,-10,-8,-9,-9,-5,-8,-2,-5,-8,-8,-10,-10,-6,-9,-1,2,-2,-1,0,-2,2,0,0,-2,-9,-4,-6,-6,-7,-8,-8,-2,-5,-2,-3,1,-9,-4,-10,0,-4,-6,-6,-6,-10,-4,-5,-11,-6,-7,-4,-9,-7,-9,-9,-1,-8,-8,-3,-7,-3,-7,-2,-7,-7,-8,-6,-8,-5,-4,-6,-5,-12,-3,-7,-5,-5,-3,-5,-4,-10,-4,-8,-4,-6,-10,-9,-15,-14,-17,-10,-18,-15,-17,-4,-11,-18,-9,-15,-7,-17,-7,-16,-21,-9,-17,-8,-15,-10,-17,-8,-8,-20,-11,-16,-5,-16,-10,-20,-18,-12,-15,-7,-15,-9,-16,-8,-10,-19,-8,-16,-8,-15,-9,-20,-18,-9,-18,-10,-17,-7,-16,-7,-12,-14,-9,-18,-11,-19,-10,-20,-15,-20,-17,-15,-14,-9,-14,-12,-17,-14,-13,-14,-14,-12,-23,-17,-20,-19,-20,-21,-22,-21,-21,-18,-16,-21,-17,-21,-19,-19,-19,-20,-17,-22,-18,-18,-21,-21,-21,-19,-18,-22,-22,-20,-23,-20,-23,-26,-20,-19,-17,-20,-24,-22,-25,-24,-25,-25,-25,-21,-20,-28,-28,-27,-30,-39,-46,-37,-56,-30,-34,-47,-22,-26,-25,-38,-28,-41,-58,-61,-34,-29,-37,-36,-39,-26,-36,-45,-24,-35,-43,-19,-32,-30,-31,-36,-26,-32,-18,-28,-39,-21,-35,-20,-37,-23,-25,-27,-39,-27,-21,-37,-20,-23,-27,-56,-32,-14,-31,-27,-31,-21,-31,-51,-49,-34,-39,-39
1,1,-1,0,0,-2,1,2,2,-1,8,-4,-2,0,-1,-1,0,1,2,-2,-2,-8,-3,-2,5,9,8,-4,-7,-15,-11,3,-2,-1,0,17,-19,-7,26,9,-2,8,10,-4,14,-6,-18,-13,-8,-7,-17,1,10,15,-24,25,2,1,-2,0,-1,-2,-2,-2,-3,-1,-2,-4,6,-21,3,-2,6,0,-17,0,5,0,-2,5,-3,-4,7,0,-1,-1,-10,5,6,-1,5,1,-15,-6,5,7,-13,6,7,-2,9,-23,-2,-19,13,0,-11,-2,2,0,-9,1,-15,3,11,26,2,9,14,-19,-6,6,8,-4,10,-2,15,-3,-7,0,3,-7,-16,-1,7,10,12,-4,13,-2,9,17,3,14,6,13,-9,12,20,0,1,3,8,4,6,3,-4,3,-3,-2,0,-1,22,4,-7,-13,9,4,-6,18,6,-7,14,-16,0,7,6,-7,-6,3,-7,6,-14,14,1,12,2,9,15,15,11,4,-1,2,0,7,5,7,6,3,-3,-3,-1,5,8,15,7,-5,9,-2,2,-6,13,20,6,2,-1,7,8,-2,-3,0,20,11,11,-8,-1,27,-11,9,3,-15,23,14,20,20,21,14,26,-13,4,10,4,9,3,12,20,14,7,3,5,8,9,13,16,-4,18,5,11,6,-8,3,-1,8,11,8,12,7,18,25,1,24,-14,-11,6,16,25,18,13,-1,16,13,-5,9,14,21,27,8,0,7,20,39,-11,6,-12,2,28,5,18,9,25,2,6,6,4,-3,6,8,5,23,17,-12,25,26,15,9,12,28,15,-7,1,-1,-2,-1,-2,-1,0,-2,-21,-8,-20,-11,-24,-19,22,-24,-2,0,2,-3,-3,-9,-1,-2,0,0,-3,-6,-6,-4,-1,3,-2,3,4,0,-2,-5,-7,4,1,-3,4,-17,8,-1,6,15,-1,-1,-2,-7,12,-7,1,0,3,2,2,1,1,1,2,0,-2,-16,-1,-1,-8,6,-21,5,-6,4,9,-17,-2,7,1,-14,-1,5,-14,-3,1,11,-11,-5,-8,3,-9,-15,-6,-3,-5,1,-2,9,10,-12,-12,-15,-14,-5,3,-2,-2,-8,5,-5,-1,15,2,5,-11,0,2,-4,-3,-10,7,-6,-20,-12,-13,-3,13,5,-13,-8,-7,-7,0,-9,17,-8,-1,-19,-9,-1,-7,-2,-10,-23,-4,-4,-5,5,3,-8,-6,4,15,-1,-9,-15,1,4,-19,7,6,15,5,-7,-13,-11,-17,-5,-3,3,-1,-16,1,-1,3,15,6,-6,-3,-5,-6,-8,-6,3,8,3,-11,-1,-7,2,19,2,-17,-3,-7,5,-16,-14,26,-5,-8,-6,-9,-21,-26,-7,2,-7,4,7,-12,3,-10,-7,-12,-8,-6,-6,-29,-14,-23,-2,-9,-17,-3,17,14,-4,-20,-30,-18,-10,-2,6,-2,-4,-2,-6,-13,31,10,-4,-6,11,-11,2,-7,1,-6,-8,-16,-12,-8,-8,6,1,-38,-11,-28,11,-14,-18,28,-16,-6,-19,-24,-32,-9,-12,-14,-14,-11,-3,-51,13,-4,12,-20,-33,17,-19,-36,-35,0,11,-14,-3,-3,26,6,1,-36,-7,-15,-1,-1,13,8,-8,-7,2,-3,36,32,-12,1,6,-15,11,-30,3,7,-11,-11,-2,-1,-5,11,-15
0,-1,-2,-1,2,2,1,-2,0,-1,-1,0,-4,-1,-2,0,1,2,0,1,1,-1,2,-2,1,1,1,2,-1,2,1,2,1,0,1,3,2,0,2,2,5,5,5,7,8,5,6,2,10,16,12,18,15,4,1,0,0,-1,0,-2,2,2,0,2,1,1,2,-1,-4,1,1,2,4,1,3,-2,6,-1,6,1,2,4,2,8,0,8,4,8,3,-4,6,3,10,7,10,4,5,4,4,11,6,14,10,8,8,5,17,8,18,6,4,-5,-2,4,11,25,8,6,-7,8,4,13,11,13,13,6,-5,-1,5,14,3,4,-8,7,1,5,12,5,15,1,8,2,8,2,6,15,8,9,8,9,2,6,12,7,13,13,12,4,9,-6,-1,8,13,15,11,12,4,8,11,0,16,14,17,9,13,1,5,14,11,16,9,15,-1,9,9,10,14,8,16,5,4,4,10,13,13,12,11,16,12,12,14,11,16,9,15,14,12,9,14,13,10,20,16,17,13,12,17,21,23,17,23,16,18,14,16,19,18,18,18,18,12,15,17,15,23,23,25,14,18,6,23,24,27,30,26,17,14,14,25,26,25,20,23,16,13,17,21,20,16,14,13,25,19,26,18,17,23,17,20,16,18,19,22,17,23,27,15,34,18,30,23,20,30,28,38,22,33,24,26,31,27,37,24,27,22,32,33,23,36,29,29,27,26,22,22,25,19,24,42,31,36,29,31,33,33,35,34,41,31,19,0,-2,-1,0,0,2,-3,-2,-1,-1,16,-10,5,10,4,-9,-2,3,-13,6,-22,1,-11,-3,-1,1,0,3,1,1,-1,-3,0,0,2,2,0,2,2,-2,-1,0,1,2,0,-1,1,-4,-1,1,1,-1,0,-2,0,-3,1,1,0,1,1,-1,1,0,6,-16,0,-25,0,-7,-1,-24,1,18,10,-5,3,32,5,-8,3,-14,17,-10,18,2,4,-5,2,8,-13,4,-30,7,-17,-2,-3,1,-3,-2,0,-4,-2,-5,-3,-2,-4,-4,4,-7,-3,-6,-1,-3,-1,0,-2,-4,-9,-6,-2,-1,-3,-2,-7,-4,-6,-9,-10,3,-9,7,-39,4,-14,0,1,-7,27,-10,18,-2,3,-4,-7,16,-9,8,-26,18,-11,-12,13,-7,0,-23,10,-20,8,-17,-10,2,-15,3,-10,8,-9,7,-3,-9,1,-9,3,-11,0,-13,-7,1,-10,-1,-12,-1,-11,-1,-3,-7,-2,-13,-2,-10,-6,-11,5,0,8,-11,6,-2,2,4,-13,-13,-27,-5,-27,-10,-23,-20,-7,-3,-1,-8,4,-17,7,-6,-8,-4,-3,-5,-2,-7,-2,-2,-8,-6,-8,-9,-4,-12,-3,-7,-12,-9,-9,-13,-4,-11,-8,-4,-9,-14,-14,-14,-9,-10,-5,-3,-9,-12,-12,-14,-10,-4,-4,0,-5,-10,-2,-4,-5,6,-6,6,-15,-14,4,8,-10,-10,-8,-7,-11,3,-6,5,-14,3,-2,-4,5,-22,-4,-29,10,-27,8,-29,-22,-2,-18,-6,-8,-2,-7,-4,-9,-21,-6,-15,2,-18,-1,-19,-19,-24,-20,-17,-18,-6,-2,0,-14,-19,-15,-25,-13,-4,-9,-3
1,-1,-1,0,-2,1,-1,2,1,2,1,0,0,0,-1,-37,1,1,0,2,-1,-10,-3,73,-1,1,2,0,-1,-1,7,-10,0,1,2,-1,0,-2,-6,-30,-1,-1,-1,-1,-3,-1,-7,-31,-1,-4,-6,-8,-12,0,-9,-1,-2,2,-1,-2,0,1,2,0,3,3,2,0,3,1,3,1,4,5,1,5,5,-4,0,-5,2,2,2,2,-3,4,0,-14,1,5,2,1,3,3,1,3,5,-1,-1,2,0,2,1,6,5,1,3,4,7,-10,-1,-11,-4,-4,1,-3,5,3,-1,6,-2,-3,-5,2,3,0,0,3,6,7,3,-3,5,3,0,3,4,4,3,5,0,9,1,5,2,2,6,5,4,-3,-2,12,1,-1,2,1,1,3,5,5,5,1,0,4,3,-4,1,-4,2,1,2,-1,-11,2,-9,1,-5,3,1,-8,6,6,2,1,3,1,0,5,6,4,2,0,4,4,6,4,3,1,3,2,3,4,1,2,2,5,2,0,3,1,0,0,4,6,1,4,2,2,-1,1,-2,-8,17,4,3,0,0,4,3,3,6,10,-5,4,-1,5,2,1,4,3,3,4,-5,-2,2,1,1,2,-2,3,0,-1,-2,5,1,-4,9,11,12,12,11,10,9,1,9,9,12,11,8,12,5,-1,10,10,10,11,12,16,11,3,8,8,5,10,6,7,8,7,4,8,7,4,6,1,4,9,9,8,6,7,4,3,10,14,7,-11,2,-10,4,6,7,8,10,17,7,3,5,1,7,5,0,-2,1,0,2,0,2,2,-10,-9,-11,-2,-5,-3,-3,-21,-5,-2,-4,-3,-5,-1,-21,-6,-3,-1,-2,-4,-5,-3,7,2,-2,-2,-2,-2,-1,-3,-4,0,-1,-1,-1,-1,-4,-4,-5,-3,-2,0,-1,-3,1,-1,-4,-4,0,-2,-2,0,0,0,0,0,-7,-7,0,-2,-7,-5,-35,-15,-7,-4,-8,-3,-1,-8,-8,8,-4,-7,-7,-9,0,-9,-11,-8,-6,-3,-4,-5,-8,-14,49,-7,-6,-5,-7,-4,-4,-5,-5,-3,-5,-3,-4,-6,-7,-1,-14,5,-4,-7,-4,-5,-5,-4,-8,-5,-3,-4,-5,-4,-4,-8,-2,-7,-3,-7,-1,0,-3,-10,-3,-11,-9,-9,-6,-2,-1,-6,-6,-3,-5,-9,-8,-8,-4,-5,-10,3,-8,-5,-11,-3,-9,-7,46,-5,-3,-7,-5,-7,-7,-5,-3,-10,-8,-4,-8,-5,-8,-6,-18,-4,-6,-7,-5,-5,-4,-8,-6,-8,-8,-3,-5,-4,-7,-4,-8,-8,-9,-11,-9,-14,-10,-9,-5,-12,-8,-10,-1,-8,-11,-12,-1,-55,-10,-6,-15,-10,-12,-25,-23,1,-11,-7,-7,-7,-5,-12,42,-3,-8,-7,-9,-6,-8,-10,-6,-4,-6,-8,-6,-11,-9,-7,-14,-7,-7,-10,-6,-8,-7,-8,-7,-7,-7,-8,-10,-8,-7,-8,-7,-7,-12,-17,-19,-44,-22,-47,-19,-8,-25,-27,-20,-26,-33,-20,-11,-4,-20,-14,-22,-23,-5,-33,-23,8,-22,-17,-20,-19,-25,-24,49,-7,-14,-24,-13,-16,-26,-17,-12,-6,-16,-12,-14,-16,-13,-16,-24,-10,-11,-16,-14,-15,-14,-17,-22,-13,-15,-11,-11,-12,-10,-16,-16,-11
1,-1,0,0,2,0,0,0,2,0,1,0,3,-1,-2,3,1,-2,1,-1,1,-1,0,1,3,-2,-2,1,-2,0,0,3,3,1,2,1,1,0,1,1,-7,-16,3,2,3,2,-3,0,77,4,41,10,-17,-2,15,13,-2,-2,1,0,-2,2,1,1,11,2,-4,-5,2,-3,0,5,-1,-2,-4,2,-7,-1,7,-3,-6,-5,-2,-1,1,-5,-10,-3,-6,-5,-8,0,-11,-5,-24,3,-7,-5,-2,-4,5,1,6,3,-20,-20,-6,8,-5,5,-2,4,0,-4,-12,-15,-12,-16,7,-2,-60,-26,-14,-32,-15,-30,-23,-5,-16,-11,-4,-1,-15,1,-13,-3,-2,-1,7,-4,2,-5,-7,-8,-5,-3,-6,1,-7,-5,-6,-1,0,0,-3,-15,-6,-15,-2,2,-1,-1,-8,-11,-11,-7,-5,2,-5,-3,1,-9,-13,0,1,0,1,-13,-5,-16,5,3,-14,13,-7,-25,-24,-17,-15,-10,-9,-2,0,3,0,-4,-7,-3,0,-2,1,9,2,1,-8,-4,-3,-3,6,0,1,5,-7,-5,-4,-4,9,9,2,3,-7,-13,1,-4,15,10,5,5,-4,-7,-6,1,18,13,-16,1,-8,-13,2,-1,15,20,8,3,-1,-7,7,15,36,21,-32,16,5,15,11,35,-3,-1,-2,5,-15,-10,-19,10,12,3,-11,1,-11,-3,-7,21,-9,15,3,-7,-26,-6,-5,-5,-6,4,-8,-1,8,3,-6,3,4,19,-34,6,17,11,-17,-13,-13,12,-2,22,4,-4,5,5,9,3,11,-4,9,10,3,4,31,5,20,8,4,-2,0,4,2,-2,0,0,1,1,1,2,4,13,14,8,1,-1,9,4,0,-1,-1,0,0,0,-2,-5,-4,-2,0,0,-3,0,0,2,-5,0,-3,0,-3,-1,-2,3,-4,-4,-2,-2,-2,-1,-2,-1,-7,-1,-1,0,0,2,1,2,-2,-2,-2,2,-1,2,2,2,-1,0,-6,0,-10,-9,-10,-3,2,-7,-13,-9,-9,-10,3,-1,-1,-13,4,-3,-5,5,-6,-1,-1,-3,-3,1,-4,0,-4,-6,-4,-3,-3,0,-5,-4,-8,-1,-6,-52,-11,-6,-11,-8,-10,-6,-24,-15,-61,-11,-6,-6,-9,-12,-57,-6,-24,-29,-41,-26,-7,-1,0,-3,1,-2,-16,0,-3,-9,1,-6,-7,0,-6,-5,-7,-6,-1,6,-10,-2,-1,-16,-16,-4,-2,-2,-2,-3,-15,-7,-2,-7,-3,-6,0,-32,-8,-9,-6,-1,-7,-3,-39,-7,-12,-17,-7,-4,-9,-67,-20,-4,-2,-8,-5,-2,-62,2,-21,-26,-25,-12,-12,-8,-38,-7,-11,-10,-10,-2,-4,-3,-33,-11,-20,-18,-1,-4,1,-9,-33,-9,-12,-11,-4,-7,-9,-10,-31,-13,-10,-13,-6,-15,-12,-10,-19,-5,-8,-7,-6,-3,-5,-3,-18,-11,-9,-17,-9,-7,-7,-8,-10,-3,-5,-10,-5,5,-2,1,-74,0,-62,-30,-10,8,17,23,-34,-27,-31,-22,-18,-7,-18,-6,-24,-40,-34,-39,-8,-13,-21,-23,-40,-20,-32,-12,-30,-28,-36,-26,-29,-10,-34,-32,-43,-44,-14,-32,-53,-34,-29,-28,-33,-45,-21,-12,-43,-30,-40,-32,-45,-13,-25,-10,-11,-49,-33,-9,-12,-6,-8,-11,-66,9,-46,-28,-26,5,11,27
2,0,0,-2,-1,1,0,1,2,6,7,1,-4,-1,-9,4,1,-2,0,-2,-3,1,-13,2,3,0,-4,-1,-5,4,-12,8,-2,-2,-1,-3,-1,0,-2,8,2,0,5,-3,-7,-7,-3,1,-9,-3,15,-7,-2,-14,-5,-5,-1,-1,1,-2,-1,0,-1,1,2,0,0,-6,8,-1,0,-10,9,-4,-3,-4,-9,-10,0,-1,4,-1,-1,-10,6,1,-3,2,-2,-11,-13,0,8,3,-6,10,2,-6,1,-7,1,-16,-8,-18,-12,2,-10,-5,-1,-19,-13,-11,5,-10,4,1,-5,-7,-6,6,-1,3,-9,-13,-1,11,4,12,7,5,-1,5,-12,16,-4,1,-9,2,8,3,-9,-13,4,-7,-6,-5,-4,10,-1,7,-24,2,8,1,-8,0,10,1,-3,-1,-8,-4,-16,-14,-12,3,-1,0,-16,-1,-2,-6,-14,0,-5,-4,7,-4,-2,0,-2,-2,-12,0,-7,-3,-2,-16,2,-20,-3,-10,1,0,0,-4,6,-4,9,3,-6,8,15,21,5,15,15,13,6,4,7,-5,-13,-14,1,-11,5,-6,-3,-11,4,-15,4,-5,7,-7,7,14,8,1,3,12,-8,-3,9,0,-21,2,10,2,2,5,8,-15,-6,-3,5,-16,6,-4,-2,3,-6,-8,-7,-14,-3,0,7,13,3,14,21,7,-16,2,20,30,10,6,6,2,0,11,14,-2,-6,3,3,2,1,-1,-1,-7,8,13,7,7,-24,-4,21,-4,0,1,19,19,1,1,-3,-29,-15,4,-6,11,9,3,-15,13,-16,-3,20,-27,-13,-29,-35,-16,-9,-18,-13,-11,1,-1,2,2,2,1,-1,-1,-11,-5,10,-4,-14,2,22,12,-10,-6,-1,-14,-5,-46,1,-73,-3,-2,-3,-4,-3,-1,13,-7,0,0,-3,-4,0,-7,10,-10,2,2,-1,-2,2,-3,2,-6,-3,-2,-2,-1,2,-1,0,-2,-1,-2,-2,2,0,-1,0,0,-8,-2,-13,-9,-21,-3,-10,6,-6,0,7,-11,8,2,41,5,-9,-2,4,-2,-46,-25,-8,2,-13,4,-15,-2,-7,-67,4,-45,-3,2,0,-12,-8,-10,14,-4,-1,-2,2,-5,-1,-3,6,3,3,-8,5,0,-2,-4,-7,1,-1,-2,-1,-2,-5,0,-4,-1,-7,-5,-11,-5,-11,-64,-12,-27,-13,-13,11,12,4,-2,43,3,-13,-12,7,1,-4,-52,-7,-38,-11,-3,-6,0,-55,-18,-8,-5,-2,0,1,-38,-9,-14,17,-14,0,-4,-29,-7,-4,-4,4,-3,-8,-17,-1,-6,-7,3,-5,-5,-17,-2,-4,1,-8,-4,-5,-4,-2,-6,5,0,-9,-13,-73,5,-27,-41,-37,-13,10,-26,53,30,-9,-1,-9,-1,-16,-2,-1,-30,-6,-17,-11,-11,-20,-13,-57,-22,-35,6,-14,-21,-36,-10,23,-30,2,-12,-5,-14,-3,-11,16,-17,-6,-2,-4,1,-9,-10,-36,-9,-2,-1,-5,2,0,-1,-22,-8,-6,-10,8,1,-15,-37,-33,-37,-23,-48,23,-46,28,-8,62,-15,-20,0,8,9,-43,-47,-14,-64,-39,-33,-45,-36,-31,-47,-60,-31,-26,4,-11,-39,-55,-31,34,-24,-17,-20,-17,-20,-26,-20,15,-25,-31,-44,-13,-1,-18,-21,-47,-2,-6,-7,2,-3,-9,-14,-17,-33
-1,0,-2,-1,-1,2,0,1,1,5,7,-4,-2,3,3,1,2,5,1,2,0,4,3,1,7,7,-99,7,29,3,-3,2,2,3,13,3,-6,0,8,4,6,7,-9,5,0,1,3,3,5,10,18,11,-2,-1,-11,4,-2,1,0,2,-1,1,3,2,-7,6,2,10,2,2,0,0,4,14,7,16,2,10,6,2,13,6,13,5,5,6,3,0,-3,-5,16,-7,2,7,9,5,6,1,7,6,-2,7,9,1,6,13,12,3,4,4,1,5,0,11,4,-3,-8,-1,0,5,10,10,9,13,3,7,8,8,-3,-9,1,7,2,14,-1,5,23,6,5,4,10,8,16,11,-2,18,0,10,-4,10,11,4,8,-5,30,-6,4,4,6,13,-5,12,5,10,6,4,6,5,20,8,2,5,12,4,1,-3,7,19,-1,3,-12,6,2,-2,11,-4,15,7,10,0,20,0,3,2,6,10,3,3,1,2,-4,4,13,8,3,4,1,0,-8,-3,7,3,-10,3,1,1,0,-4,14,10,3,-9,-8,2,11,3,9,7,10,9,-14,7,5,4,4,11,7,-13,4,7,10,0,8,10,1,-9,8,14,2,6,16,5,6,9,6,4,3,2,8,13,12,19,15,25,34,16,21,13,16,16,18,-8,5,16,15,17,-1,18,4,12,13,20,37,12,15,10,10,-5,4,24,17,14,11,15,10,10,26,-12,18,-21,22,-10,3,11,4,14,13,14,31,18,16,27,3,-5,29,18,17,-15,13,18,1,-1,0,1,1,2,1,-2,-14,-4,-23,-2,-16,-1,-14,-9,-3,2,0,-3,-11,-2,-5,-1,1,-2,4,-1,-1,1,-2,-1,5,-6,13,-29,4,-3,0,1,0,1,-5,-7,0,-1,1,0,2,-3,7,-6,7,-2,1,2,1,2,1,2,0,2,0,-1,-1,-4,7,-13,1,2,-4,-6,-10,-9,-2,-12,5,-12,-5,-8,-20,-1,-12,-5,-26,-17,-3,-4,-6,-8,9,-1,2,-7,-8,-9,6,-38,7,-15,-12,1,-6,-9,9,-9,0,-2,2,-7,-4,5,-9,-7,-7,2,-4,-6,3,0,-8,3,-4,-1,-11,-7,2,-4,7,-1,-6,1,1,-1,-6,-13,-6,-7,6,-10,-13,1,-11,1,-2,-13,-12,-26,2,-12,-4,-3,-7,-3,0,1,-2,-3,-9,2,-1,-36,12,-14,-14,-5,-1,-12,-26,-5,-13,2,-13,0,-12,-3,-6,-23,-2,-4,0,-19,-5,-6,-16,4,-7,2,-2,0,-11,0,3,10,-11,2,-5,0,-4,-1,6,-1,-14,-8,-12,-27,-4,-2,6,8,-22,-9,-8,-23,-1,5,-3,-8,18,-7,-2,-13,-11,-4,1,-21,-12,0,-10,-6,3,-9,6,-10,-12,-10,-4,-2,-8,-1,-6,-3,-2,-5,-4,-5,-12,0,-1,-6,-4,-8,-6,-8,-2,-4,-8,-8,-11,0,-13,-11,-31,-13,4,-4,-18,-29,3,-32,-13,-12,6,-18,-28,-20,-17,-66,-22,-10,-12,-22,11,-15,-4,-27,-29,-9,-13,-62,-14,-1,-17,-13,-13,-24,-6,-17,-18,-16,-15,-11,-14,-9,-18,-26,-10,-13,-11,-14,-19,-9,-17,-12,-8,-12,-13,-21,-8,-9
2,0,-2,0,-2,0,-1,-2,4,1,3,-4,4,3,2,3,4,5,4,-4,3,1,2,0,3,7,4,3,4,1,2,-1,4,3,7,-4,-5,-6,3,0,4,5,-3,-2,-2,-7,-3,5,-7,0,-4,3,-4,0,3,19,2,2,0,-1,2,-2,-2,2,13,6,11,6,5,4,6,0,9,16,6,7,5,4,1,3,2,7,3,8,13,6,3,5,8,12,3,7,4,6,-2,9,1,5,3,-1,7,0,0,1,-2,-5,-11,-7,-7,-1,-3,10,4,-7,-2,-2,-19,-23,8,-3,6,4,-6,-11,-5,9,14,2,21,8,10,7,-4,4,8,4,2,8,6,5,6,9,6,9,5,5,15,12,12,-1,8,8,-5,5,-1,8,8,1,-1,9,1,-1,4,-9,-3,1,-2,1,-5,-1,-7,6,2,6,-2,-7,10,3,-3,-10,-8,-9,13,8,0,-2,4,7,-5,5,-1,9,6,10,3,12,4,8,6,6,9,-6,12,10,6,7,6,7,7,9,-7,12,7,16,13,6,6,1,-10,7,-2,7,5,-3,7,14,5,15,-4,11,3,-12,-1,-6,6,6,-26,-11,17,0,8,6,7,0,0,16,-1,-6,15,6,8,-1,14,9,5,2,15,17,21,21,18,8,-20,-10,-2,-17,25,15,25,18,-7,-24,-17,17,17,27,19,14,12,-26,-4,0,-8,16,-4,1,-1,-43,-16,-4,-9,0,3,5,7,-7,-22,-1,-14,11,-1,-16,-9,0,-8,-20,0,15,25,9,28,-8,-1,3,-8,2,14,4,-36,-2,-2,0,-2,2,-2,2,1,2,3,11,-56,5,-60,8,-11,-11,1,-1,-5,5,-6,6,4,-3,1,-1,-1,-4,-13,-2,0,0,-2,0,3,-1,-1,-3,-2,-1,0,0,2,-3,1,-3,0,1,0,1,1,-1,-1,-4,-1,-1,1,0,-2,1,-1,0,-2,1,7,-2,-56,13,-24,-9,6,-5,-11,-65,11,13,2,-80,-2,-14,-4,-38,-59,17,-46,16,6,-2,0,-4,3,5,-14,-2,-6,2,-2,-8,-5,-2,-8,-3,-4,-6,-5,4,-7,-4,-7,-2,-12,-1,-2,-8,-4,-5,-5,-9,-3,-6,5,-6,-3,-3,-7,-8,-1,-3,2,-17,-9,35,-5,11,-6,-6,-1,17,-25,17,-66,0,-18,-9,7,-23,-4,15,-5,7,8,3,-47,6,-7,7,-20,0,-12,-5,9,3,5,-2,-1,-7,4,-21,-7,6,-6,-6,-12,-4,-22,-3,7,-9,-2,-8,-3,-10,-6,-9,-4,5,-6,-7,-1,-5,0,-1,-21,-66,-49,59,-59,31,-33,-48,-19,-2,-8,37,0,-18,-19,-27,2,-40,-5,38,-27,3,5,-4,-5,-16,-5,-35,-22,-14,2,-15,-4,-3,11,-25,-6,8,-21,-13,-5,4,-5,-65,-26,-6,-13,-7,-8,-7,-2,-48,-15,-19,-14,-10,-8,-6,-8,-58,-11,-11,-4,-9,-18,-58,-31,66,-69,29,-30,-61,-35,15,-21,33,-11,22,-31,-45,-25,-45,-26,40,-53,16,-15,-33,-28,-12,-38,-1,-19,-22,-30,-20,-16,-19,-9,-25,-29,5,-55,-35,-19,-15,-24,-19,-29,-16,-35,-28,-14,-22,-18,-19,-25,-27,-24,-29,-19,-21,-14,-20,-20,-24,-12,-24
1,1,2,-1,-1,1,2,2,3,5,6,4,3,3,4,2,1,4,4,6,5,5,2,1,1,2,4,3,-1,2,-2,-1,-4,-7,-12,-11,-8,-9,-7,-4,-13,-23,-18,-24,-15,-12,-19,-9,-23,-39,-27,-12,-13,-26,-21,-33,2,-2,-2,-1,2,-2,2,2,12,10,8,14,12,14,11,11,9,9,8,12,9,9,8,6,8,8,8,3,9,8,7,7,4,8,2,6,3,6,7,5,5,0,1,3,1,8,5,4,1,9,-2,-4,-2,4,-2,3,-23,3,13,2,-42,2,4,1,-3,-2,-1,0,-1,-15,10,-5,5,10,10,9,11,10,10,5,2,9,11,10,6,4,10,11,5,1,9,10,4,7,11,7,4,7,3,5,6,6,6,10,12,7,5,4,3,9,9,6,2,11,4,-5,6,2,10,6,5,2,1,6,-3,8,11,6,7,-5,7,6,5,7,3,8,15,14,12,14,14,14,15,16,17,18,14,20,12,13,15,16,13,9,12,13,12,13,12,11,11,13,12,15,15,11,13,14,9,13,12,16,15,14,14,9,5,13,11,13,9,10,8,-4,9,2,8,15,9,9,4,7,4,-6,7,8,8,4,0,-47,30,26,29,26,28,26,29,35,24,31,22,25,24,31,29,27,23,23,27,30,25,29,31,24,18,26,16,26,25,28,21,29,35,16,23,33,29,12,28,25,11,2,-18,30,11,28,-8,25,12,3,10,15,16,16,15,34,35,14,-56,11,12,14,-9,-18,0,2,-2,-2,-2,-1,2,-1,-6,-1,-6,-4,1,0,4,3,-3,-3,-2,8,-4,-1,-3,-3,-1,-3,1,-1,0,1,3,-1,0,0,-4,-4,-3,-3,0,1,0,0,-7,-3,-3,-1,-2,2,-1,0,-5,-4,-2,-1,2,2,-2,-1,-1,2,0,1,-1,-1,-7,-4,-9,2,-6,4,-3,-3,-15,-10,-6,3,2,4,-8,-4,-8,-7,-9,-4,-12,-16,-5,-5,-13,-15,-11,-9,-12,-14,-11,-14,-13,-12,-11,-20,-16,-14,-14,-11,-14,-16,-12,-14,-13,-14,-16,-16,-16,-16,-13,-13,-16,-14,-14,-15,-22,-14,-18,-11,-15,-10,-16,-11,-12,-9,-6,6,-10,1,-12,-9,-5,-9,-8,-3,3,-4,-2,2,-11,-15,-19,-9,-14,-11,-8,-3,-11,-10,-7,-6,-11,-10,-14,-11,-9,-18,-13,-17,-8,-14,-10,-17,-19,-12,-19,-12,-19,-11,-19,-9,-14,-19,-9,-16,-11,-17,-8,-21,-19,-9,-16,-10,-18,-10,-18,-14,-16,-15,-17,-14,-10,-7,-15,-12,-21,-24,-15,-18,-30,-15,-22,-16,-25,-24,-23,-24,-21,-23,-21,-22,-18,-20,-14,-17,-23,-18,-19,-18,-10,-26,-15,-22,-16,-18,-18,-18,-16,-18,-20,-20,-21,-14,-23,-15,-18,-21,-18,-19,-16,-22,-15,-16,-13,-16,-18,-12,-13,-16,-17,-15,-37,-50,-54,2,-4,-31,-43,-30,-38,-33,-34,7,-34,-26,-28,-38,-35,-38,-48,-36,-39,-31,-37,-48,-43,-39,-41,-38,-39,-42,-41,-39,-25,-38,-38,-42,-30,-41,-38,-33,-38,-34,-40,-37,-38,-35,-39,-41,-35,-36,-31,-34,-29,-35,-37,-26,-27,-34,-32,-29,-26,-32,-38,-35
0,1,-2,1,2,-2,2,1,1,-50,-50,-52,-49,-46,-40,-51,2,-53,-54,-51,-56,-55,-51,-41,4,-53,-48,-59,-56,-53,-46,-53,3,-50,-54,-47,-56,-50,-53,-40,4,-44,-26,-48,-32,-49,-23,-35,-2,-17,-14,-18,-30,-16,-44,-27,1,1,0,-1,-1,-1,-1,2,4,-1,7,5,9,9,8,11,5,7,9,7,7,9,10,8,5,4,8,10,9,9,11,3,3,6,9,9,8,10,11,2,7,4,5,7,9,10,7,7,4,2,7,6,5,11,5,6,5,4,6,3,5,9,6,-1,-1,2,2,8,5,2,-4,4,25,-19,24,-19,23,-21,21,-14,-16,25,-17,25,-19,23,-16,18,21,-16,24,-18,25,-16,21,-21,-17,22,-18,23,-12,24,-21,22,26,-20,23,-14,21,-16,25,-20,-21,20,-16,24,-17,24,-19,22,20,-25,21,-18,24,-20,20,-16,-22,23,-19,20,-24,23,-23,22,-10,-8,-6,-5,-9,-5,-5,-7,-9,-6,-5,-6,-6,-7,-1,-7,-9,-6,-8,-5,-8,-8,-6,-5,-9,-9,-7,-7,-6,-8,-7,-10,-8,-8,-9,-10,-12,-5,-7,-8,-7,-8,-6,-7,-10,-8,-9,-9,-11,-11,-7,-8,-9,-7,-9,-8,-3,-10,-11,-6,-11,-8,-8,-9,-8,-6,-6,-24,-5,-21,-21,-12,-9,-20,-9,-22,-15,-21,-12,-6,-7,-17,1,-6,4,-13,-11,-11,-12,-14,-5,0,-4,-8,-1,-3,-9,-14,2,-11,6,-7,-15,-2,-14,-18,-15,-8,-16,-3,-17,4,-2,2,-6,-11,-3,-20,-16,-11,-11,-7,-4,-7,-15,-6,-11,-7,1,-1,-1,1,2,0,2,-2,-18,-16,-7,-10,-10,-11,-7,-8,-14,-13,-8,-8,-6,-9,-7,-4,-10,-11,-7,-9,-8,-4,-3,-4,-13,-11,-11,-8,-6,-3,1,0,-12,-9,-11,-8,-5,-4,0,0,-3,-1,-9,-8,-8,-7,-4,-1,2,0,-2,-2,-1,0,1,0,-18,-25,-24,-23,-21,-28,-23,-23,-23,-22,-24,-22,-27,-26,-26,-26,-32,-27,-25,-27,-26,-28,-30,-23,-21,-25,-23,-29,-25,-26,-24,-22,-32,-23,-26,-28,-22,-24,-24,-21,-21,-24,-25,-19,-32,-21,-24,-22,-26,-21,-22,-25,-22,-14,-18,-23,-13,-22,-24,-28,-27,-22,-23,-22,-16,-26,-28,-29,-15,-24,-13,-21,-23,-26,-27,-14,-26,-37,-25,-15,-15,-28,-17,-28,-17,-29,-11,-20,-31,-20,-27,-23,-23,-17,-28,-18,-15,-30,-22,-27,-20,-28,-10,-19,-33,-18,-28,-17,-27,-15,-28,-16,-20,-31,-14,-26,-22,-27,-27,-25,-27,-27,-22,-18,-30,-17,-29,-21,-8,-12,-10,-4,-12,-11,-12,-6,-12,-13,-9,-8,-7,-8,-9,-6,-7,-8,-12,-8,-5,-10,-2,-8,-5,-5,-7,-8,-3,0,-1,-3,-9,-5,-5,-5,-12,-6,4,-7,0,-1,-7,-11,-7,-4,-5,-4,-8,-4,-7,-11,-8,-7,-7,-2,-2,-2,-1,-4,-4,-8,-2,0,-5,0,-5,4,-4,5,-1,-9,10,-8,-5,-6,-4,6,7,-8,-17,-2,8,18,8,5,6,5,-9,3,7,3,-2,8,13,-8,4,5,1,4,8,-3,16,11,7,-5,8,-2,-5,-11,3,-7,1,-3,-16,-1,-9,-7,-12,-4,2,-5,10,-5,3,-13,-16,0
2,1,0,0,2,1,1,-2,1,-2,-2,6,10,2,2,2,2,1,2,2,5,2,2,0,3,2,3,-1,1,1,1,4,1,4,1,5,1,2,7,7,-3,-5,12,1,42,6,10,5,-12,-9,-14,-27,51,30,-19,-7,0,-2,1,2,-1,-1,1,-2,4,5,8,0,7,0,3,4,-3,1,0,2,2,7,3,5,-2,-3,1,2,2,5,3,1,0,-4,3,0,2,2,2,5,0,0,-6,-2,3,0,4,3,2,0,-6,0,2,3,2,1,-1,-5,1,9,-33,0,0,5,-6,-6,1,0,-1,-5,-7,6,5,3,8,11,-12,12,2,8,2,7,5,5,9,6,12,13,14,7,7,8,6,11,9,9,9,12,7,8,5,6,10,8,8,10,7,6,10,3,12,5,6,9,9,10,5,12,14,10,7,7,6,10,13,6,7,9,10,6,11,12,-1,10,9,12,4,-3,-1,-5,-2,-2,-12,0,-3,-10,-8,-6,1,-3,-2,-10,-10,-7,-9,-12,0,-7,-13,-6,-7,-8,-9,-5,-4,-7,-5,-11,-9,-11,-4,-3,-2,-4,-7,-6,-9,-12,-12,-3,-11,-11,-17,-15,-7,-8,-18,-6,-51,-14,-18,-14,-8,-10,-10,0,-55,-5,-13,-15,-6,-11,-25,-12,-7,-5,11,3,-10,-4,-2,0,-16,5,-11,1,8,-10,3,-26,-5,-2,-5,1,4,-11,-9,-3,-11,-15,-4,-8,-2,-6,-7,-10,-6,-18,-2,-2,-12,-15,-5,-6,-9,-5,-10,-4,-4,-7,-1,-6,-7,-6,-10,-5,-8,-10,-7,-11,-9,-4,-14,-10,-1,0,1,1,2,0,0,1,-2,3,-4,8,-14,-23,-7,9,1,-3,2,1,-2,-3,-1,4,2,3,5,2,0,0,0,-1,1,-1,0,-1,2,0,-3,-2,-2,-4,-2,-1,-3,-2,-3,-4,-4,-3,-5,4,-38,-1,-2,-3,1,0,1,2,1,0,-1,-2,1,-3,-2,-1,-2,-3,-11,-3,-3,-5,-7,-3,-1,-10,-5,-4,1,-4,-6,-3,-16,-4,-17,-6,-5,0,-31,-4,-33,-10,-39,-12,-12,-22,-9,-50,-12,-43,-13,-50,-25,-9,-16,-22,-27,-54,-23,-9,-6,-28,-58,-13,-39,-15,-62,-29,-22,-8,-61,-3,-80,-11,-53,-8,-4,-20,-7,-51,-5,-17,-6,-34,-18,-10,-24,-7,-34,-5,-17,-16,-38,-19,-11,-30,-6,-23,-5,-17,-77,-27,-19,-10,-41,-10,-29,-7,-8,-56,-40,-17,-13,-17,-37,-63,-21,-10,-82,-53,-16,-19,-56,-14,-10,-23,-9,-38,-93,-52,-7,-11,-21,-10,-26,-38,-44,-73,-13,-8,-15,-20,-18,-9,-40,-26,-14,-15,-17,-18,-13,-7,-58,-19,-10,-14,-13,-17,-18,-10,-40,-14,-23,-21,-27,-28,-13,-15,-47,-16,-16,-21,-20,-23,-29,-10,-44,-24,-21,-24,-25,-24,-25,-27,-70,-33,-31,-23,-37,-35,-41,-11,-52,-15,-47,-44,-43,-52,-42,-36,-36,-31,-35,-38,-14,-32,-29,-29,-43,-43,-49,-27,-51,-35,-28,-20,-61,-44,-41,-42,-53,-38,-38,-26,-51,-65,-21,-49,-44,-54,-43,-43,-68,-38,-34,-26,-35,-60,-51,-21,-66,-35,-20,-69,-45,-45,-52,-52,-55,-38,-51,-50,-40,-27,-38,-29,-48,-23,-31,-38,-57,-43,-50,-36,-64,-45,-31,-67
2,-1,1,1,-1,0,0,2,-1,3,-21,3,1,1,4,-1,-7,-1,83,1,-9,0,0,-1,-1,7,-15,4,0,1,1,-1,-3,-1,-1,-3,0,-1,1,0,0,0,-2,0,-2,0,-2,-3,-3,-5,-1,-2,-7,-5,-5,2,-2,-1,-1,0,-2,-2,1,1,6,-1,5,-2,1,2,2,0,-13,2,-8,3,-2,1,6,3,4,-2,1,-4,5,1,1,5,-7,2,3,6,2,3,4,2,3,-7,5,-5,0,-2,-1,4,-1,1,-8,-3,-2,4,6,6,0,7,2,3,0,1,4,-1,2,-2,7,-4,3,-2,-3,2,-14,6,2,4,-7,6,2,2,7,-7,7,-8,7,0,4,3,-4,2,-34,3,2,5,2,5,5,-2,5,9,3,2,3,0,-16,1,-12,1,3,1,7,5,4,-2,5,-4,2,7,-3,5,0,3,-2,7,-5,3,1,1,5,1,3,4,-1,-3,1,0,6,1,0,3,5,3,6,6,5,7,-5,2,7,0,4,5,-2,-9,-20,-7,3,3,0,4,-1,-2,-9,3,-5,-2,1,1,7,3,8,2,3,1,1,0,3,1,6,0,8,3,6,3,3,4,-1,-1,6,2,3,4,6,-3,1,4,2,1,-1,1,0,13,6,7,7,9,7,11,13,3,4,4,12,8,7,11,2,4,-33,6,7,10,9,5,7,2,5,9,7,4,3,9,1,13,1,7,8,9,10,8,9,6,7,3,14,7,10,7,6,9,10,3,10,7,1,7,5,4,-3,9,11,10,3,5,-2,2,-2,0,-1,-1,0,-2,-4,-13,2,-4,-4,-9,-6,-11,-1,-6,-25,-8,-2,-3,-3,-3,-3,-8,1,0,-1,-4,-2,-4,2,-3,0,-3,-2,-3,-1,-2,0,-1,-4,-3,0,-1,0,-1,-1,0,-3,-3,-1,-1,0,0,-1,1,-2,0,-2,3,-1,1,-4,-16,-16,-12,-11,-2,-2,-5,13,-9,3,-5,-6,-10,-6,-8,-6,-9,-4,-14,-4,-2,-9,-12,-12,29,-7,36,-7,-8,-6,-6,-6,-2,-8,-4,-4,-3,-3,-7,2,-8,4,-8,-1,-5,-6,-4,0,-7,-4,-5,-5,-5,-4,-3,-4,-2,-6,-4,-5,-6,-3,-3,27,-9,-11,-8,-5,-8,1,-5,-10,2,-7,-11,-7,-3,-5,-10,1,-15,26,-12,-5,-1,-7,-4,-7,35,-11,41,-7,-9,-5,-3,2,-11,-1,-4,4,-6,-6,-2,-5,-3,-8,-4,-7,2,-6,-5,-7,-3,-7,-6,-3,-7,2,-8,-8,-6,-5,-4,-8,-3,-6,2,-11,-6,-6,-7,-10,-8,-8,-12,-11,-17,-15,-6,-13,-11,-8,-10,0,-4,-27,-15,-11,-1,-5,-8,-9,39,-3,41,-3,-11,-1,-9,-9,-8,-2,-8,-6,-10,-9,-8,-7,-9,-6,-8,-10,-7,-6,-5,-7,-5,-7,-7,-9,-4,-7,-6,-4,-6,-4,-6,-4,-7,-5,-5,-5,-11,-28,-24,-14,-14,-15,-12,-19,-24,-17,-8,-25,-15,-17,-22,-9,-21,-23,-30,-21,-15,-14,-18,-9,42,-16,45,-19,-25,-17,-20,-6,-20,-4,-15,-11,-21,-19,-15,-14,-14,-16,-15,-13,-9,-12,-16,-17,-15,-16,-12,-14,-18,-9,-19,-8,-11,-14,-10,-10,-15,-11,-7
2,1,-1,2,0,2,-1,-2,-1,1,-8,5,1,4,6,2,9,11,5,-1,-1,-2,2,0,-6,-8,7,-1,3,-2,-1,-1,-11,-6,-7,0,-3,-4,-9,0,-8,-15,-3,-4,-8,-3,26,2,-19,-24,3,1,4,-7,-23,7,1,-2,1,0,1,-2,0,0,-6,5,-10,5,1,-6,7,-4,10,14,14,-3,-1,5,-10,1,-5,-21,2,7,-1,2,-8,-3,12,-6,-4,-7,13,-2,-1,-9,-25,-7,0,13,-21,-7,28,-3,9,1,-17,-19,-13,18,-14,-10,5,-19,-24,10,11,-30,-15,5,2,-9,-5,-13,0,20,2,-7,7,-2,-6,-2,13,2,-9,-10,-30,0,1,9,-4,9,6,-1,-2,11,11,-6,-10,-13,10,-2,9,5,0,-15,-11,6,2,5,26,11,-12,-28,3,4,-10,2,-10,11,-2,3,5,-10,11,1,-2,-22,18,10,5,-29,-12,-6,1,1,-10,9,5,4,2,-10,4,1,4,12,3,11,6,2,1,-1,-7,-12,16,-16,-19,8,9,1,0,9,0,8,10,4,2,9,11,12,-1,-1,-20,0,2,10,10,15,11,2,-1,12,2,-1,-1,3,-4,-6,-2,9,12,-3,13,31,5,14,9,12,6,15,-3,20,25,-3,-11,10,12,1,0,13,14,16,3,5,-5,3,16,3,5,3,1,24,7,25,15,6,1,4,1,4,9,23,21,-12,9,22,19,-1,18,3,-11,-17,2,29,9,27,24,17,12,6,14,-3,15,14,-11,-3,12,33,18,14,0,-23,4,25,23,15,8,10,32,6,-2,-1,1,1,-2,-2,-2,-2,-1,-3,-29,12,-7,-9,1,-20,4,0,-21,-2,4,-7,0,9,4,2,-4,4,-1,-2,0,5,-2,-4,-4,0,-1,-2,0,4,-3,-2,-2,0,-1,0,-4,4,-4,0,-3,1,-1,-1,-2,7,1,0,1,2,2,2,1,-1,-3,-20,-11,-8,10,-7,-22,-2,-12,-14,-13,-7,-13,-6,-30,-10,3,-9,-10,-14,-3,-1,0,3,8,19,-12,-7,-1,-22,-10,-5,-5,-13,-4,0,-11,0,-11,-13,-9,-10,-3,-2,-5,-3,-8,-7,-7,-8,-1,-7,0,-1,-3,12,-6,-4,-3,-2,-4,-3,0,0,-7,0,3,-2,11,-4,4,-2,-18,-14,-17,1,-25,-1,-11,-26,-14,-13,7,-24,1,-9,8,23,24,17,-3,-6,-5,-11,-16,8,-2,-6,-6,6,-16,-9,-4,-9,-6,-5,-12,-7,-5,1,-8,-2,-4,-7,4,-8,-5,-1,1,7,-4,-4,-4,-5,-27,-3,1,1,4,-19,-20,-1,13,-10,-11,-9,-10,-18,-13,1,-15,-1,-16,-17,-13,-21,7,-22,2,-5,5,23,31,19,-15,-20,1,-32,-34,-7,-15,-13,-6,12,-10,-16,-33,-24,-19,-16,-7,-10,-13,-16,-35,-18,-21,-18,3,-2,-14,-7,-29,31,-13,-6,-5,-3,-8,-8,-3,-6,3,-41,-25,1,30,-10,-23,-12,-55,-26,-44,-1,-66,-16,-50,-37,-46,-53,10,-49,0,-14,-1,36,36,30,-48,-48,-34,-37,-32,-16,-37,-39,-29,5,-32,-24,-48,-27,-31,-19,-23,-25,-24,-29,-54,-43,-36,-34,5,-18,-22,-11,-39,28,-46,-18,1,-11,-36,-16,1,-29
-2,-1,0,0,-1,-1,0,-1,3,7,10,8,-4,0,-7,3,0,-3,2,6,-3,4,-3,7,-1,-2,-3,1,-3,4,6,6,-4,9,1,-4,5,-13,1,3,11,-14,7,-21,0,0,11,12,-15,1,-25,-11,-21,4,-11,2,1,-2,1,-2,2,2,1,1,-3,8,9,6,-10,14,2,9,4,-4,-3,8,-10,11,-7,-2,-4,1,14,6,-4,2,14,5,-4,1,9,3,21,4,26,1,11,-5,5,-5,-25,-11,-5,7,1,-7,-36,-1,-31,19,-14,-2,-28,-3,14,-6,-23,6,-14,0,-9,-3,2,1,4,-9,-6,-7,-6,11,3,12,-13,7,3,5,5,6,16,-4,3,-5,-2,5,-3,3,-12,12,-2,16,1,17,12,0,-2,3,-2,14,18,-7,-11,25,1,7,2,5,3,4,4,-15,22,-7,-12,-6,21,9,-5,10,-19,10,-2,14,0,8,6,4,22,-23,22,3,-6,-2,8,6,3,4,11,5,2,11,11,12,12,7,11,6,12,5,-10,-1,2,9,6,-6,12,0,4,2,-4,12,3,-12,-17,10,10,3,0,17,8,2,13,-4,0,16,-5,-8,6,-7,-3,2,6,6,-13,14,6,4,-1,0,-10,3,-11,-1,-20,-25,-7,-13,-3,-6,-3,-6,-12,12,32,3,4,17,-3,-9,3,11,-2,12,-2,-5,-12,-6,-9,3,-8,-1,-9,-7,-15,26,0,2,-11,-8,-1,1,7,9,-7,0,-5,-1,15,-16,0,4,-8,-22,-10,15,13,-2,-7,4,20,1,-35,-3,-1,5,15,8,-3,-26,-15,2,1,1,-1,-1,-1,-2,-2,0,-28,3,-24,7,-30,1,-27,2,-2,-3,1,8,-11,1,-16,12,0,3,-1,4,1,-2,-7,5,-3,-3,0,1,-5,-3,-1,6,0,-5,-6,-2,-7,1,2,0,-5,-4,-6,-5,2,2,4,1,1,-2,-1,0,1,1,0,2,-5,2,-24,-8,-22,0,-2,-8,1,-3,0,-5,-17,7,-14,7,10,-1,-4,-17,3,-33,2,-1,-2,-7,-6,0,1,-7,-8,-5,0,5,-1,3,-8,1,-9,4,-1,-1,-3,4,-6,1,-4,-1,-12,6,-16,-3,-4,2,-7,-6,3,-2,-8,0,-1,-4,0,-16,-4,-5,-12,-22,-26,-5,-5,-11,-7,-17,-12,6,6,-11,-18,2,4,4,-3,-20,-3,-23,-38,2,-5,2,-5,-10,-3,-28,-1,-24,5,-4,-2,-17,-1,-13,-12,4,-2,-26,-3,3,-11,-5,2,-1,-11,-4,-23,0,-6,-9,0,-1,-8,-5,-11,-6,5,-2,9,-10,1,9,-21,1,-29,1,6,-3,6,-9,-21,13,3,3,-1,13,4,-4,-2,6,-1,-35,-13,1,-2,-14,-17,-13,10,-20,11,-14,-12,-16,-7,-14,2,-9,-6,12,-4,-38,-5,4,-25,-11,-17,1,-18,9,-23,4,-19,-6,10,16,1,-9,-16,-9,8,-3,3,-1,-20,22,-49,12,-40,-15,22,-5,7,-19,-43,20,12,13,-14,29,21,11,0,1,8,-62,-31,-21,-22,-52,-20,-56,21,-51,17,-49,-40,-43,-35,-34,16,-8,14,33,15,-49,4,11,-34,5,-39,4,-43,18,-44,2,-47,-33,-14,19,13,-38,-37,-40,20,-40,-13,-31
0,2,-1,-1,1,-2,-2,-2,3,0,5,3,-1,-5,-1,2,0,-2,3,1,2,-1,0,1,-1,-3,-2,0,17,-10,0,1,-4,-5,-5,2,27,8,2,4,1,-3,-1,-1,-31,8,8,5,-8,-15,-9,-8,-17,-11,8,8,0,1,-2,-1,0,3,-2,0,0,0,-8,-3,8,3,-2,-6,-2,5,5,-1,3,0,0,-19,-6,-6,-4,6,-6,-1,0,-7,-1,-9,-13,13,-5,-9,11,-6,-15,-3,-11,-1,28,-11,18,2,-4,4,-9,3,-1,-6,9,-3,-3,-5,-4,0,-8,5,2,1,4,-4,-8,-5,-9,-6,-2,-1,6,-14,-4,4,7,-1,-3,6,-5,6,-4,1,2,8,3,7,-7,-2,4,-5,1,-6,0,-5,-11,-10,0,14,-9,-6,-6,-13,2,-6,5,1,14,-8,1,0,-16,-11,-11,-9,-12,-3,-6,-4,-6,-5,-15,-4,2,-12,3,-6,-5,-8,-8,-4,10,-24,0,4,1,3,-3,-1,3,11,-1,1,1,-9,7,3,5,2,1,-1,3,3,6,11,1,7,-15,-8,19,-8,2,-20,2,13,1,-20,6,-4,0,-2,-37,11,5,8,14,3,-15,7,-5,11,25,24,15,10,3,7,5,7,-5,19,13,0,-2,-1,-4,4,5,0,7,14,6,8,17,23,27,3,17,13,11,12,13,14,19,16,21,30,0,5,10,19,9,9,30,22,17,-31,9,9,15,9,4,18,16,27,-2,13,-4,11,29,16,1,11,16,22,17,24,29,18,13,-8,4,-2,-1,8,-3,4,-4,-12,10,1,22,-4,-1,-1,-1,2,-2,2,-2,2,-15,-43,-49,-13,3,-30,-10,-29,-11,-7,-6,-2,-9,-8,6,-2,-8,-3,-5,-1,-6,2,3,3,-7,-1,-3,-7,-27,3,2,5,-3,-2,-4,-13,-19,-9,2,7,-3,-1,-4,-4,-7,-6,2,5,0,2,2,-1,0,1,2,2,11,3,11,15,5,4,7,9,12,8,-2,18,14,18,0,-7,11,9,6,3,11,-9,5,6,7,5,3,7,1,-6,-11,-5,3,0,-2,2,-21,8,-5,4,3,3,-4,17,1,12,-9,-1,6,7,1,-1,6,3,5,7,8,-1,10,-16,9,-10,13,-16,-14,-8,-6,-24,-2,-12,-10,-13,-21,-6,-20,-5,-23,-2,-19,-22,6,-13,-7,-16,-10,-10,-9,-11,-14,1,-23,-9,-9,-11,-11,-4,0,-21,1,-8,-26,-3,-10,-8,-6,-10,-18,3,-3,-2,-7,-6,-7,-13,-8,-5,0,-4,-4,-6,-9,-15,-6,-4,-12,-2,-22,-26,-7,-21,-15,-7,-4,-7,-13,-7,-27,0,-6,-13,-17,-6,-22,-19,-6,-6,0,-12,-42,6,-5,-15,-12,-9,-13,-9,-48,-9,-7,-6,-14,-21,-17,-12,-22,-9,-34,-9,-16,-13,-8,-4,-12,8,-8,-8,-4,-13,-4,-4,-50,1,-1,3,-4,-9,-11,-10,-26,-3,-5,7,-2,-54,-30,-20,-22,-60,-32,-9,-51,-17,-25,-38,-25,4,-33,-18,-6,-14,-1,-22,-11,5,-22,-30,-10,-22,-13,-11,-36,-36,-33,3,-13,-25,-34,-41,-62,-5,-23,-39,-15,-12,-6,-1,-11,22,-13,-14,6,-39,-15,-2,-17,-6,-6,-1,3,-13,-20,-5,-20,6,-16,4
1,-2,3,0,-2,-1,0,2,9,-2,4,-5,2,-3,0,-1,0,9,7,-8,11,-3,8,2,-2,3,1,-7,-1,-5,-3,0,15,1,8,-6,-8,-7,-7,1,-8,0,-3,-2,3,-11,-9,1,30,-18,6,-5,8,3,39,4,2,1,2,2,-1,0,-1,-2,13,3,0,10,4,0,2,-3,0,7,0,3,7,1,14,2,1,-4,4,15,8,1,-8,-1,23,6,9,10,-6,-10,-2,3,11,-6,11,0,-13,7,-4,-3,-6,-8,-12,-18,5,-2,31,-2,12,-23,-11,28,-2,-11,-17,-5,7,-2,4,2,-35,-6,-6,-3,-1,0,12,17,-4,8,1,8,4,1,22,1,1,14,4,9,6,19,4,0,9,4,8,7,7,-21,7,-1,3,1,-2,-6,8,-2,2,4,7,-8,10,-5,-18,-23,3,1,-6,10,0,2,27,-45,20,-16,-11,-5,32,-8,-6,0,-7,8,1,-4,-12,-1,1,6,7,-1,2,-1,7,0,11,-9,-7,16,1,12,-4,11,13,3,-16,5,-15,3,3,6,-9,27,6,-7,9,17,13,0,-4,14,-4,-15,-6,7,-5,3,8,5,-6,-5,-17,-7,-12,2,-29,21,-7,0,-1,11,-9,-1,4,18,3,22,-16,33,-11,6,4,14,18,10,-6,13,12,9,22,1,17,9,1,11,-20,-4,12,20,5,2,-1,8,9,-10,0,29,15,9,17,1,11,-7,20,16,24,11,15,4,4,2,8,22,1,10,-4,4,4,14,28,-3,6,8,-26,4,4,7,-5,4,-14,18,-1,12,26,2,0,0,0,-2,-1,-1,-1,0,2,8,-9,14,-9,13,5,-6,3,8,3,4,-8,4,-10,2,-3,-5,0,5,-7,9,-5,0,-1,-3,2,-2,-5,1,2,-1,1,1,4,-3,-2,-3,1,1,-1,-1,0,1,-2,0,-4,-2,-1,-1,1,2,0,-2,0,2,-2,1,4,-12,-8,-7,1,-8,-4,20,11,-8,-1,10,0,-3,8,24,-12,-11,-22,8,-8,-6,18,-11,-16,3,-8,7,-9,-3,-14,-9,-5,-8,-12,-4,-11,-10,-3,20,-6,-2,-10,-5,-9,-5,-3,-6,-8,-4,-1,0,0,0,-15,1,3,2,0,3,-1,6,3,-9,-22,-2,-17,7,-4,-1,-9,20,-3,-4,6,1,17,-14,11,30,-15,1,-28,-9,-13,-7,13,-2,-16,11,-16,-1,1,-4,8,-5,-12,-3,-15,-1,-14,-9,4,12,2,-15,-9,-11,-5,-10,0,-1,-9,0,-4,-21,-8,-10,-4,1,-2,-6,-7,-2,-2,-12,-19,-22,-8,12,-5,-10,-1,-6,-8,20,18,-29,-22,-20,20,-9,4,38,-13,-18,-3,-16,-30,5,23,-1,-9,18,-39,22,-7,13,-11,-11,-12,-14,-13,1,-18,-14,-6,33,-8,-30,-22,-4,-12,-8,-5,-7,-2,-14,-7,-11,-5,-6,-7,10,-3,-3,-13,9,-7,5,-12,-33,-26,14,-39,-7,-25,-10,-20,39,19,-2,-25,-9,28,-19,-4,48,-38,-14,-34,-29,-30,-39,32,-28,-18,32,-44,40,-22,13,-24,-16,-10,-11,-30,-19,-37,-57,-27,37,-13,-50,-38,-32,-48,-39,-25,-20,-26,-11,-25,-13,-17,-15,-15,16,-19,-13,-11,10,-21,14
-2,2,-2,2,-2,0,-2,0,-2,-4,-2,-3,-10,2,2,2,1,0,-12,-4,-14,-2,-3,2,-4,-6,-7,-4,-14,-7,-5,7,-4,-7,-13,-10,-29,-3,-10,4,6,-10,-16,15,-15,24,-6,7,-11,-15,3,18,0,-5,4,-6,-1,-1,-1,1,1,2,-1,-2,2,3,4,1,-5,10,-1,-5,-9,-15,0,-8,-11,0,6,2,-5,14,-11,-18,-12,-4,-4,-4,-9,-18,4,-12,-18,-11,-3,-6,7,-11,-21,6,-21,16,-1,-5,-11,-4,9,-15,-28,0,16,-8,-9,-3,-8,3,-23,-21,-1,5,-10,-33,19,-17,-13,-4,2,-7,-5,9,-8,-11,-11,3,-4,-7,-2,-7,-20,10,-2,8,2,9,15,7,9,3,-11,-1,10,5,0,15,-9,-6,-14,25,-4,6,-9,0,8,-7,-4,1,-21,5,3,-4,6,23,-3,8,9,20,-15,-15,-8,6,-7,6,-15,5,6,10,-12,10,-16,17,7,-3,8,8,3,0,18,6,-2,3,8,-3,1,2,29,-2,-3,2,3,5,15,-7,21,5,3,-5,10,-27,-2,-12,11,8,11,14,-1,18,19,21,21,21,11,12,7,11,-37,-8,12,-2,3,4,21,3,10,12,13,14,4,10,-10,-7,10,6,16,12,12,-22,8,0,-1,-5,-8,0,-6,-6,5,-19,-4,13,14,-1,13,6,8,7,19,-5,6,1,16,-4,16,9,-3,-2,-14,21,-6,4,12,17,25,2,12,-13,-4,-3,16,23,19,-12,8,4,-3,-11,2,28,-14,-8,14,13,1,-47,24,22,-10,11,1,16,13,9,-1,1,-2,-1,-2,-2,0,-1,-13,-13,-36,-2,-5,8,-8,-22,-14,5,-12,-8,-9,0,6,-4,-3,-18,-10,1,-9,-5,1,-1,2,1,-4,-4,-11,-2,0,-4,0,-4,0,-17,-7,1,1,-3,-1,3,-1,-1,4,0,4,-2,-1,1,1,-1,-2,2,1,0,3,3,-25,-12,-27,1,0,-15,1,6,-14,-2,2,-2,0,-53,2,-2,-23,-14,-18,-3,-7,9,-5,-15,-25,2,-12,-10,-11,3,10,-11,-20,-13,-18,-7,2,-7,-1,-6,-7,-18,-12,0,-12,0,-3,-5,-5,-1,6,-3,1,5,-18,1,1,4,-4,-4,-2,-3,4,-1,-2,4,-17,-35,9,-7,-5,5,-4,-11,-5,-4,-27,12,-13,7,-30,-5,-3,-2,-13,-2,3,-42,-16,3,-8,-15,-6,10,16,-6,-14,-6,-6,-7,8,-3,-3,-12,-8,-7,-3,-3,-8,-5,-9,0,-3,-4,15,-10,12,-11,1,-2,-1,-11,-15,4,-5,4,7,-20,3,-9,13,-10,-2,7,-15,6,2,-2,-35,-35,-34,-17,-15,-36,-10,-18,10,-18,4,-4,-9,-20,-13,-26,-29,-38,-10,-19,14,-16,-23,-37,-4,-13,-20,-7,-20,-8,-16,-6,-13,-21,-4,-11,-7,2,15,-11,20,-13,17,-9,-3,4,-4,-12,-3,6,1,-2,-26,-35,-2,-22,14,4,-13,-21,9,-22,-22,-35,-32,1,-40,10,-24,-29,-17,-26,34,-27,-7,-12,-43,6,-43,-46,-5,-30,-15,-11,45,-25,-15,-32,10,-18,8,-6,-35,-22,-17,7,-9,-26,-7,-34,-8,3,24,-22,54,-3,43,26,-24,7,6,-22,30,23,5,11
-1,0,2,0,1,2,1,0,-2,-5,0,-4,-1,-2,0,-3,-6,-4,-6,-3,-3,-2,-3,0,-4,-1,-2,1,-3,-7,-5,-2,-3,3,2,-1,-8,16,-13,-11,6,2,19,-6,30,13,50,-14,1,-10,-4,-20,14,-46,52,-39,-1,2,-1,-1,0,1,0,2,-2,-7,-23,-1,0,-9,0,-22,4,-15,0,-6,-8,-4,-1,-4,-8,-7,-6,-5,-6,-1,-8,2,-14,-4,-9,-1,-2,-3,-7,8,-4,-20,-8,-8,-15,3,-33,-6,-12,-9,-13,-11,-17,5,-19,-23,-12,-10,-7,-18,-14,-9,-5,-2,3,-12,-9,-31,-1,-14,-19,-11,-4,-19,-9,-3,-5,-5,-6,-4,-1,-14,-9,-5,-4,-23,-6,-7,-6,2,-12,-18,-7,-2,-8,0,-9,-10,-10,1,-6,-7,6,-8,3,-8,-8,-8,0,-14,-1,-8,-13,-8,-13,-15,-26,0,-17,1,-12,-10,-12,-24,-4,-13,-9,1,-14,-4,-23,-3,-14,-8,-45,0,1,2,-10,-4,3,2,7,-4,-10,-19,-9,-3,3,6,0,-2,-3,-5,0,-11,1,-4,5,-1,-14,-6,-2,5,-5,-5,7,7,-15,-8,-14,2,5,-2,7,-7,-11,-1,-2,-4,4,-9,-4,-5,-20,-4,-5,-7,-15,-1,-36,-7,-10,-12,-13,-15,-33,-14,-8,2,-9,-1,7,-4,27,-8,1,3,-14,22,1,-7,3,-10,-8,9,-4,-3,4,-10,14,-5,-2,4,-17,-5,-3,8,-11,-8,0,17,1,0,-11,-23,-12,-9,0,19,-7,-12,-12,-28,0,-3,-16,1,-1,-14,5,-3,-3,3,-17,0,-14,-26,2,8,-6,0,2,-9,-2,2,0,2,0,0,1,0,-2,-14,-25,-12,-5,-14,-3,-53,1,5,0,3,5,1,2,2,3,3,2,5,2,3,4,3,4,4,2,3,3,2,4,2,2,3,3,5,6,-7,4,9,-1,3,-2,4,-18,-1,-50,12,0,-1,0,-1,-1,0,-1,-2,-3,1,1,10,4,9,2,6,4,0,3,-11,0,-4,5,7,5,-2,2,-2,-5,-1,10,1,1,7,-11,-3,-52,10,-41,8,7,-15,5,-41,9,-33,8,-44,-10,-2,-43,-4,-22,-87,-19,-38,6,-8,-10,-55,-52,-7,-53,-4,-17,10,-38,9,-49,21,-69,14,-2,-23,12,-6,9,-12,3,-36,-50,0,-17,10,-31,4,-24,5,5,-68,-4,-19,5,-16,5,-9,-12,11,-35,1,-14,3,-25,1,5,-21,6,-91,-10,-26,6,-10,-11,2,-42,6,-47,-29,-15,5,-2,-22,7,-8,17,-63,-6,-33,-18,5,-36,-8,-28,-19,-82,-35,-6,-13,-10,-5,-20,-7,-49,-16,-15,-3,-11,-4,-12,-4,-35,-4,-11,-10,-17,-11,-23,-8,-49,-5,-14,-22,-22,-19,-37,-24,-46,-28,-6,-9,-13,-23,-48,-12,-39,-11,-12,-16,-17,-15,-18,-22,-40,-26,-20,-17,-22,-35,-39,0,-69,-6,-105,-94,-93,-95,-59,-40,-33,-52,-4,-13,-27,-26,-30,-17,-55,-18,-54,-31,-15,-50,-46,-1,-39,-27,-15,-35,-12,-48,-16,-51,-54,-33,-47,-18,-42,-28,-28,-23,-46,-24,-47,-32,-13,-62,-54,-32,-38,-25,-1,-17,-36,-51,-56,-45,-45,-45,3,-29,-27,-40,-29,-41,-38,-27,-37,-42,-33,-22,-55,-22,-57,-33
-2,-1,0,0,0,-1,1,2,2,8,7,2,-9,-8,6,-1,-1,-8,1,-6,4,-6,-5,-1,-3,14,4,7,1,12,-3,-2,-2,-6,6,-5,1,-1,-14,-4,1,23,1,-12,-18,12,22,7,6,4,-4,2,-16,-29,2,3,-2,-2,1,-2,-2,2,1,1,7,0,18,12,-14,5,2,20,-7,-9,-4,10,21,9,12,2,12,-14,-5,13,15,-3,2,14,6,4,-2,2,-18,-6,9,3,5,7,0,-3,-14,-2,4,23,4,10,-23,10,-16,-10,1,13,3,-4,10,0,-2,-16,-3,-9,9,3,-8,-12,-4,-17,-22,-10,-6,-6,4,11,-4,5,9,6,13,7,16,3,-4,-18,23,-10,-11,-8,-23,12,7,7,-13,-5,4,6,2,-2,9,6,-4,5,1,-1,14,2,5,5,-13,-8,3,2,1,-3,-2,5,4,-7,12,4,-14,-2,-8,-7,-10,6,3,4,13,-10,-4,-2,-4,1,6,1,6,5,10,7,-2,8,-1,9,1,1,10,-2,22,-8,13,9,12,-6,9,1,11,17,-4,3,3,-21,-46,0,-20,-4,-1,12,10,2,-16,-16,-3,8,-1,3,7,6,-10,-23,-8,8,-11,15,12,-1,5,12,1,3,16,0,10,-10,-4,-7,-11,7,0,-2,15,10,23,23,4,-2,14,4,11,8,-2,2,41,1,3,7,6,9,20,3,29,-5,4,16,-7,2,-17,11,10,1,7,-9,20,5,-4,1,0,-7,4,27,8,2,6,5,11,-6,0,27,14,16,4,20,-5,10,13,13,6,-3,6,6,16,-7,-2,-2,-1,1,0,0,-1,2,-21,-19,12,-20,-25,5,-13,6,-8,9,0,-7,-2,-16,3,-7,1,-1,-5,1,3,-7,-6,0,0,0,2,1,0,7,-4,-2,2,-3,-3,-3,-2,4,-6,4,1,-3,0,4,6,1,4,5,0,-2,0,0,1,-2,-1,2,-27,-19,12,-16,8,11,6,-13,-4,-11,-3,-1,-12,-9,-18,-7,11,10,25,-41,-39,5,-16,2,-21,-2,-17,12,-12,9,-1,-7,-8,8,-3,-3,4,-9,2,-22,-7,-2,-7,-14,-6,-7,-10,-13,-6,-10,-1,-10,-5,-4,1,7,0,-4,-6,-6,-7,-8,-5,-13,-6,5,-3,-13,-14,-29,-15,-12,-2,5,10,-10,-13,-7,-4,3,5,7,21,-13,-12,-15,4,4,-24,-1,-22,-4,-3,7,-15,-17,3,-5,5,3,5,6,-9,-31,-7,7,-10,-3,-3,-2,5,-10,0,-7,-4,-9,-4,-16,8,3,-7,0,-1,-2,-7,-7,-6,-1,-6,12,2,-8,-35,-6,5,4,-9,5,-11,-18,-18,-5,-12,-8,-10,22,1,-13,-25,-4,-38,6,-9,-4,-25,1,-1,2,-25,-22,2,-21,-6,-1,9,2,-19,-12,-4,-2,-17,-12,-33,-7,-31,-18,6,-12,-3,-15,-12,5,-14,18,-2,-10,-7,-12,-10,-14,-14,-6,-24,14,18,-27,-14,-2,20,3,-18,-23,16,-25,-7,6,-43,-6,-4,25,10,-27,-47,-10,-9,18,-37,-31,-27,-12,-24,2,-48,-29,-15,-25,-12,-10,7,-5,-13,-62,-18,-4,-37,-20,-41,-24,-46,-50,13,-18,-10,-16,-7,-37,-6,7,-19,-19,2,-16,-11,-16,-60,-49
-1,-2,1,-1,2,0,-2,2,-3,3,-2,-76,0,0,-2,-2,0,-4,3,17,-20,1,-2,2,-3,0,-3,6,-3,-5,3,1,-2,-2,4,2,1,0,0,1,1,-1,0,0,-8,2,3,11,-4,1,8,6,5,6,0,6,2,0,-1,-1,-2,1,-1,0,-2,0,-2,-3,-9,10,3,9,7,-1,-1,-35,5,0,3,-1,-1,11,0,0,-11,4,5,1,0,-4,-1,7,8,1,-1,4,-1,2,2,11,1,3,1,2,7,-9,-5,4,5,-2,6,4,-10,9,-1,-4,-5,4,-3,2,5,11,-3,-13,1,-4,9,2,-31,-1,57,-1,-14,5,-1,-1,10,-8,2,-16,3,-4,1,5,-10,2,-9,14,-12,2,1,2,-3,-14,1,0,-2,15,-1,-9,-1,0,-12,-4,18,5,2,2,-1,-23,-7,4,3,0,3,3,-18,-5,12,4,4,7,4,10,2,1,6,11,2,-6,5,-20,5,1,1,-4,-3,5,4,3,-2,18,0,-33,-13,0,-1,1,8,2,1,13,-4,-1,7,2,1,2,5,-5,4,8,-2,2,-3,5,9,13,13,5,0,4,3,-7,10,-2,4,9,7,-1,-8,3,-2,-7,2,8,-11,3,-4,11,-1,-3,1,3,12,3,-1,0,59,8,7,10,-1,-3,8,8,4,-23,6,5,2,12,-2,9,0,7,-10,1,2,8,2,-25,2,-1,-1,9,1,-3,7,14,-4,6,15,0,1,12,-7,4,11,29,7,11,-8,12,3,4,0,9,19,5,-3,13,6,8,2,31,5,-1,10,10,1,-2,-2,0,2,0,-2,0,-20,-11,8,-35,-12,-6,-9,-6,-5,0,7,13,2,-2,2,-1,-6,-2,2,16,-2,-6,0,1,-2,-3,2,1,-3,-2,-1,0,-2,-2,1,1,-4,-5,-3,-2,-1,-2,-1,1,-2,-3,-3,-1,0,-2,-2,-2,2,2,2,0,-10,10,-23,3,-19,12,-10,0,-15,-1,-11,23,-34,-8,3,-5,12,-22,-8,2,13,-10,-5,-1,-7,-7,6,-6,-8,5,2,-4,-3,-2,-11,-2,-1,3,6,4,-6,-5,-3,0,-1,-4,-3,6,0,-4,-7,-3,-5,-7,-1,-1,4,-1,1,-5,-2,-7,-1,9,-1,-9,0,2,-11,-3,-1,-9,-4,16,-14,5,-9,-8,-21,1,-22,-7,-4,0,4,-11,0,-10,-19,-5,-4,-10,-9,5,-6,1,1,-11,-2,-10,-2,-9,1,-2,-10,-4,-9,-5,-3,-2,-5,2,-5,-7,-11,-8,-6,-5,-1,-10,-5,-5,-5,-2,-20,-2,-5,-4,-23,-2,-3,-23,-49,-2,-10,2,2,7,-16,21,-4,-6,8,-5,13,-2,6,-3,10,-8,4,15,-11,-2,7,-5,3,6,-14,-1,-12,-15,-12,-6,-3,-3,3,-3,-5,-10,-10,-11,-9,-8,-2,2,-7,-13,-6,-9,-9,-11,0,-6,-5,-2,-6,-6,-5,-2,-2,-4,-5,6,-10,-31,-38,-12,-14,-7,-9,13,-17,23,-17,-21,-18,-10,11,-35,-24,-33,8,-16,-7,-6,-19,-13,1,-19,-25,12,-10,3,-12,-20,-12,-21,2,9,4,-8,-4,-7,-18,-9,-12,-1,-9,-8,-17,-13,-4,-10,-8,-17,-6,-11,-21,-5,-5,-7,-7,-7,1,-7
-2,1,-1,0,2,0,-2,-2,4,-2,2,4,-3,-44,0,7,2,2,2,4,-1,-41,-1,4,3,-1,2,4,-1,-53,4,5,4,4,-2,3,-1,-41,6,12,0,2,3,0,6,-27,12,7,17,11,0,2,1,2,12,11,0,-2,0,0,0,0,-2,-1,-13,2,5,-1,-7,-4,-7,1,-3,4,4,1,-1,-11,8,-3,3,-6,-1,-10,10,-10,5,-10,-6,0,-5,4,2,-9,11,5,7,-3,6,8,-1,2,2,8,-1,-5,9,3,0,-5,6,22,2,-8,5,-6,11,10,6,-9,10,0,-11,7,-1,8,5,5,2,0,1,-11,-1,-7,-5,-1,10,4,4,6,1,-13,0,12,7,3,7,9,4,-17,7,6,-10,2,7,3,11,0,8,6,6,3,9,5,9,-5,11,5,-6,9,-4,8,9,1,10,10,2,-4,-17,3,1,6,10,19,-2,1,4,6,6,10,3,17,8,8,6,9,10,40,12,17,3,8,6,0,10,34,14,11,-2,12,15,13,9,36,13,10,3,9,18,10,10,29,16,-6,-13,19,-11,22,11,11,14,-1,0,21,13,12,7,23,22,5,2,6,11,9,22,25,18,10,17,26,6,14,15,26,3,8,11,4,6,5,12,33,4,-6,6,15,0,1,4,20,4,3,-3,12,16,6,3,20,2,14,5,-1,6,-5,10,16,11,5,7,12,-3,8,10,15,5,1,-8,-3,4,6,13,27,10,9,-3,3,9,22,27,30,-10,15,15,14,7,21,14,28,14,22,0,-1,0,-1,-1,1,-1,-1,-9,11,-7,13,-2,-36,-15,6,-1,5,1,0,1,-27,11,-1,-2,-2,-2,-1,2,-30,6,-1,2,-1,-4,2,3,-39,3,1,-1,0,0,1,3,-23,7,2,0,2,0,3,-11,-10,-4,2,2,1,0,1,-1,-2,-2,1,-2,7,-8,3,-14,10,-4,-5,-8,1,-7,5,13,-32,-10,-6,5,13,-2,-2,-11,-1,-7,-13,0,-2,6,-6,-4,-11,-4,-4,7,-10,-6,-4,-17,-8,-23,-11,2,2,-1,-3,-5,-4,-3,-5,4,6,5,-2,-5,4,-5,-6,-3,1,1,-3,4,7,1,-4,-11,2,-13,-9,13,-4,-12,1,-38,-1,-1,-6,-6,-11,-9,8,0,2,-3,-17,7,3,-8,-10,-2,-3,-10,5,-15,-8,-5,-15,-4,-11,-2,-3,-14,4,-28,-6,-3,8,6,-13,-17,2,-12,-3,4,5,0,-1,-11,10,-6,2,-1,0,3,-9,-5,0,2,-1,2,-5,-26,-3,5,13,-24,4,-4,-11,0,-14,-4,-5,-8,-14,-1,-2,-7,-6,-22,-33,2,-14,-8,-9,7,-3,-6,-9,-1,-7,-5,-4,-9,-6,-6,8,-11,-12,3,-3,-1,-1,-2,2,2,8,-1,0,0,0,-13,-1,-8,1,-1,0,-3,0,-6,-15,4,3,-15,7,-36,8,-8,26,1,20,-11,-14,-15,-14,-8,-17,-22,-25,6,19,-5,-18,-21,-3,-7,-17,-5,-7,11,6,-17,-4,-19,-1,-5,-19,-12,-12,-22,22,-32,-19,15,-8,-18,-13,-17,26,-12,14,-13,3,-1,-3,-7,14,12,-6,10,-2,7,2,-4,13,1,7
-1,1,0,-2,2,-2,0,-2,3,-96,1,0,-1,-1,-2,-1,1,-95,2,1,-1,-2,-1,0,2,-105,0,2,-1,-1,0,-1,4,-41,-1,1,0,0,0,2,10,-13,3,1,1,1,0,3,13,-9,9,-7,2,-4,-2,-1,-1,-1,1,-2,1,-2,0,0,5,-4,7,-4,3,1,1,-6,3,-45,3,2,-1,1,0,2,0,-49,4,0,0,-1,-2,2,-3,-15,-3,3,-1,-4,-3,-4,6,-15,5,0,1,-3,-4,-4,10,-17,9,4,-6,0,-1,-3,3,-5,-1,2,-1,0,-5,-9,1,-3,-2,-7,-8,-1,-5,0,-8,-11,-2,-5,6,-1,-1,1,-10,-57,5,0,0,6,-2,1,-2,-43,-2,-3,1,-3,7,-1,-11,-10,-1,-2,1,-3,2,-3,3,-16,-1,4,3,-4,1,-6,-5,-17,1,7,-3,6,-2,2,3,-6,-7,1,5,-8,2,-4,2,-6,-3,-2,-7,4,-3,-6,-7,71,3,4,0,1,1,2,4,53,-3,-11,-3,2,-2,-1,-4,48,1,-9,-4,-7,-2,-1,-3,45,1,-1,-7,-7,-4,-1,0,43,-16,-4,0,-10,-11,-6,1,36,2,2,-6,0,-7,8,0,34,1,2,1,5,9,2,-10,31,8,-12,-4,1,-1,-4,-6,54,-1,3,4,6,4,13,5,11,8,6,4,5,5,1,-2,-6,-4,0,3,1,-2,3,3,-9,3,4,1,-1,-8,-8,12,-2,0,10,-4,-8,4,1,1,-10,7,4,2,-3,-6,-2,-2,11,1,-18,-9,5,-5,3,9,8,9,1,-1,-1,-20,0,-1,2,2,0,1,3,0,1,-67,-9,-52,-5,-6,8,1,2,-9,-13,-6,-2,0,-5,0,-2,0,-24,-2,1,0,0,-2,0,-2,-13,-2,1,-1,-1,0,-2,-3,-16,-3,0,-1,0,2,-1,-2,1,-5,-1,-1,-2,1,0,2,1,-1,0,2,-1,-2,-1,4,8,5,-4,-7,3,-5,-2,-9,16,0,-16,8,4,0,0,-18,7,-23,-1,-2,0,3,6,-5,8,-8,-4,-4,-5,2,-2,-7,12,-8,-5,-3,0,-5,-1,-7,4,-7,-9,-7,-1,-5,0,-1,10,-2,-9,-1,-2,2,2,8,3,-6,-12,-3,-5,2,-1,6,9,0,2,-4,-7,-4,-8,-19,-6,-9,-2,0,-8,-1,-14,-12,16,-5,-3,-6,-3,-10,-4,-15,14,-11,-6,-8,-7,1,-4,-7,13,-6,-9,-5,1,-1,-1,-10,3,-10,-6,-6,-5,-3,0,-8,11,-19,-4,-1,-3,0,4,-4,8,-8,-4,-6,1,3,2,-7,9,-9,-9,-3,-9,-7,-9,-19,12,-18,-14,-10,-2,-5,-8,-8,12,-13,-13,-19,-8,-8,-14,-18,5,-14,-13,-16,-8,-5,-7,-13,1,-15,-9,-15,-11,-12,-8,-5,-6,-17,-8,-7,-6,-6,-2,-10,2,-16,-8,-12,-6,-2,-1,-10,-1,-14,-7,-9,-6,-1,-2,2,21,-17,-30,-28,-11,-22,-15,-38,33,-52,-44,-28,-18,-26,-24,-38,27,-53,-25,-27,-38,-35,-24,-22,40,-27,-27,-39,-35,-26,-17,-19,30,-26,-19,-25,-17,-23,-21,-21,23,-26,-17,-17,-12,-14,-10,-32,30,-23,-12,-13,-18,-5,-3,-18,24,-19,-11,-9,-5,-4,-3
1,-1,2,1,2,-2,1,1,0,-4,-7,1,-7,4,-3,-3,3,2,18,-6,4,1,-5,2,8,4,3,-3,-2,13,-4,10,-5,0,-5,-3,0,-1,8,-3,-7,8,-5,8,5,-9,-11,-1,-2,-17,14,-6,1,1,5,-2,1,1,0,-2,0,-1,0,-2,-8,-1,-2,3,-6,23,6,-9,-6,12,23,-3,-4,0,-14,-5,8,9,16,-18,-20,11,-1,6,-2,-28,-2,4,2,3,12,-1,-11,-7,-9,8,-15,5,-2,0,18,14,4,-4,17,-14,-11,-10,3,-6,-4,14,-8,0,-1,16,2,-2,-10,-2,8,0,12,0,-3,-8,0,14,-31,6,-10,-5,-20,1,1,-7,1,-7,3,6,2,-10,18,-6,0,8,-13,1,12,-17,-7,-11,-11,6,-6,-2,-22,12,3,-18,10,-6,-4,-8,3,-6,11,15,11,8,-7,-2,-5,1,-7,1,-5,-15,15,3,-3,-6,-12,9,-1,-24,0,14,6,3,1,5,9,2,-2,10,11,2,-2,3,7,13,13,3,13,3,5,22,8,-2,19,4,13,9,12,-15,-5,3,-19,12,20,-2,4,8,17,15,3,2,-3,-5,9,-1,-8,-22,19,7,-7,7,7,10,-17,9,-2,5,-18,5,9,-18,-11,-3,11,-1,0,4,7,9,9,-9,2,5,12,3,2,-3,7,10,17,7,10,-9,-5,12,9,11,4,17,5,0,-17,7,-10,10,17,8,-6,9,19,-12,12,11,6,1,6,15,13,1,14,10,7,16,2,7,5,-12,5,-3,33,20,6,22,12,5,-6,12,-12,15,2,1,2,0,-2,0,0,-1,15,18,7,-5,13,-6,-11,19,9,0,2,-4,13,2,-4,4,7,-2,9,-2,-1,1,-3,-3,1,-1,6,2,1,5,1,1,-2,3,-3,-1,-4,-1,-1,1,-4,2,-1,5,2,1,-1,-2,2,0,2,-2,0,2,-2,-2,5,-10,-21,-17,1,-8,-13,3,-3,-5,-21,1,1,-21,-31,25,-5,-18,-10,-19,10,-6,-4,8,-1,1,-25,-2,-23,-21,-5,-15,-12,-5,-10,-5,-12,-2,12,-12,-4,0,-8,-16,-9,-4,-7,-4,-9,-10,0,-3,-7,-8,-11,-5,-7,-4,-4,-4,-14,-6,-2,8,3,-1,-17,-2,0,6,5,-7,-9,-7,2,4,-13,-5,-14,19,0,-6,-23,-18,7,-8,-10,0,0,4,-29,8,-15,-10,-16,-28,-4,16,-4,-8,-13,-5,24,-8,-5,4,-1,-9,-8,-8,0,-2,6,-11,9,-3,-2,0,-10,-9,-6,-11,-5,-15,5,-4,-6,-18,9,7,-23,0,-30,-17,-24,-15,-1,-5,-30,-10,12,-21,-3,14,-13,-21,-11,-20,-27,-25,-34,-2,28,10,-29,24,-15,-28,-5,-24,-2,29,1,-8,-9,-1,34,-8,-11,-22,-9,-17,-13,-4,-16,-3,-6,-12,19,6,-7,-6,-2,-14,-5,1,-6,-4,-5,5,-4,1,28,-46,-38,1,0,-10,3,-42,8,-38,-20,5,35,-29,-30,29,-15,-44,-62,-60,5,-13,-54,39,24,13,-45,38,-46,-31,-16,-40,-17,38,-12,-34,-23,-38,36,-26,-29,-40,-28,-39,-30,13,-34,4,-19,-42,-12,-9,-17,-23,-3,-27,-36,-8,-16,-12,-18,-9,-31,-5
-2,-2,2,1,-2,-2,1,1,0,-1,-1,0,-2,3,0,4,1,-1,-1,7,0,3,1,1,-1,2,-7,-2,11,8,5,8,5,-7,-14,-6,5,-7,2,-3,2,2,23,3,-11,2,-4,-8,-22,5,-18,-7,2,14,-16,5,0,-1,-2,2,2,0,2,0,18,1,5,-5,4,-3,3,-4,0,3,2,4,24,3,0,-7,1,7,10,-1,0,-9,25,-1,-6,-9,-3,-1,-3,5,-12,-12,0,6,11,4,-7,2,-8,1,2,-3,-23,12,26,19,3,10,3,-17,-8,5,15,-30,11,13,7,-24,-6,7,-7,-37,8,4,5,3,1,6,-11,-5,-14,1,-10,-3,6,-1,3,-6,11,-19,-7,7,1,8,-4,15,-5,7,-9,-3,-8,-18,2,-3,14,-8,16,-1,-5,8,-3,4,-1,-1,-8,16,20,4,7,0,8,2,2,-4,14,10,27,7,-16,21,-4,2,12,9,1,-17,8,-8,4,9,13,14,10,6,14,8,4,-8,1,-8,-3,-11,0,2,-2,7,-13,-5,3,14,-15,15,10,4,0,2,-16,7,2,8,18,3,16,-3,22,28,19,10,4,3,-11,2,-1,11,-2,-1,18,-13,-11,13,-2,3,6,-4,-10,-1,14,-18,-6,1,-2,20,2,19,12,17,13,4,22,19,14,-4,15,9,7,7,23,15,7,16,9,-4,1,21,-9,24,6,-3,8,-9,0,13,3,6,12,12,-30,9,21,26,-4,2,9,21,31,-19,7,-5,-6,9,8,7,20,-13,21,23,4,1,19,-20,5,11,-1,4,-7,-1,-2,-1,-1,0,-3,0,2,-1,-6,-22,13,-5,1,-7,1,2,2,-5,11,-15,5,-5,6,-9,1,-2,-5,4,0,1,-4,-4,2,4,-1,3,-3,2,3,1,-1,0,-1,-1,-7,3,-5,-4,-1,1,-1,2,-3,-2,0,-4,-2,1,-2,2,-2,-1,0,2,-14,-21,-4,0,-19,10,5,-1,-19,-15,2,-10,-3,-26,-18,-3,0,-17,-9,-14,-22,-8,6,1,1,-7,-18,-10,17,-9,-13,-26,-9,-5,-9,-5,-2,4,8,7,-8,-11,-7,-1,-7,-3,-11,-8,-19,0,1,-3,-6,-7,-7,-2,-14,-5,-11,-8,-1,-8,-6,-8,-1,8,12,-17,10,-1,8,7,-4,0,-20,-2,-15,-13,-6,-6,-7,-12,-1,-8,-20,-25,13,5,-1,-4,-9,9,5,8,-27,3,-2,-10,-5,2,2,0,11,-3,-6,-9,-2,-4,-12,6,-4,-5,-9,3,1,-4,2,-15,0,-9,-4,0,-6,1,-5,-1,10,-1,-16,-15,-2,-22,-11,2,-9,22,-8,-7,-8,-24,-12,-24,-7,-26,-11,-26,3,-21,-5,-13,22,-9,3,-23,-11,-5,21,2,-7,-18,5,-15,-21,-7,-15,12,17,23,-24,-9,-21,-11,-19,-9,-15,-15,-12,13,-1,-2,-9,-12,-14,-15,-1,-4,-12,-4,-7,-1,6,-12,5,-10,16,8,-7,24,-3,48,-34,-19,-10,-50,-21,-39,-23,1,-48,-36,-17,-20,-64,-37,37,-46,11,-46,-52,-19,27,10,-33,-34,-6,-44,-41,13,-35,30,6,34,-36,-30,-38,-33,-36,-18,-31,-28,-32,18,3,-8,-23,-34,-16,-19,-31,-17,-13,-8,-12,4,5,-22
-2,-1,-2,0,-2,2,-2,2,0,-1,2,0,0,-1,-2,0,2,-2,2,1,2,4,-3,1,0,-2,1,0,1,-3,-5,-1,2,0,1,-1,1,2,2,3,3,1,-7,6,7,9,-4,-35,-4,15,1,-3,-19,-27,23,85,2,2,-1,1,0,-2,-2,2,4,5,0,-5,3,-1,-1,-4,2,-9,0,1,-4,-2,1,6,3,-7,0,6,1,1,-3,1,-8,-2,3,-6,5,-3,4,0,7,2,-6,5,3,3,-4,-4,5,1,-3,6,3,-4,-5,0,5,-2,-4,-9,-22,-3,-5,-21,-1,3,-5,-3,6,-9,-17,-65,-11,10,2,-14,4,2,-6,-2,-6,-3,-11,1,2,-6,-2,-5,2,8,-7,5,0,-1,1,5,-13,-10,1,-1,-1,4,5,7,1,3,-18,1,-1,0,2,-13,-3,-8,2,9,0,4,-7,8,15,10,-4,6,-5,-6,2,-4,2,-12,4,0,-10,-11,-16,-37,-4,2,3,-3,-3,3,7,-1,2,1,-10,5,8,5,10,8,-3,11,-17,-5,9,11,10,12,5,-1,4,0,6,10,12,18,-2,2,-1,-9,-5,4,9,16,1,-12,-11,-12,-12,-10,15,29,-2,5,0,4,-23,5,11,14,20,27,22,19,20,13,29,26,-8,12,9,2,-5,0,17,3,10,-8,9,-4,11,5,2,-4,0,4,11,8,9,3,10,17,16,-10,6,4,9,17,7,16,4,6,16,14,19,13,-16,18,16,24,-3,10,18,8,10,17,18,11,-9,18,16,7,-1,21,34,18,14,17,9,16,-2,25,-2,-2,1,0,0,1,-2,2,11,8,9,-4,8,-3,5,3,-2,0,1,3,-2,0,-1,0,-1,0,-1,-1,-3,-1,-3,-2,2,-1,0,0,-2,0,-4,-5,-2,-1,0,0,0,-1,-6,-7,-1,-1,2,1,4,1,-8,-29,2,1,0,-2,1,0,2,1,-2,5,-4,-7,-3,-5,3,-7,-4,1,0,-5,-5,3,-3,2,-1,-4,-4,-8,-6,0,-9,5,-3,-5,-8,-1,-9,-3,-5,4,-3,0,-7,1,0,-3,-5,-9,-1,-11,-6,-3,-7,-8,-69,-5,-7,-9,-4,-7,-12,-51,1,-3,-2,-1,-3,-5,-16,-21,-23,-78,-6,-12,-2,-1,3,-17,-10,3,-8,-20,-3,1,-7,-8,-1,5,-7,-5,-19,-5,-9,5,0,5,1,0,-10,-18,-4,1,-7,4,1,-9,-5,-4,-32,1,-1,1,3,4,-3,-3,-16,-50,2,1,1,-3,-1,-1,0,-18,-67,-15,12,3,-5,3,-12,-22,-17,-82,5,1,1,7,-5,-5,-8,-59,-6,-2,1,-5,-5,5,-11,-35,-5,-4,6,-6,-16,-2,-7,-60,-10,-3,0,0,1,-15,-5,-59,0,-4,-15,-2,2,-4,-8,-44,-1,-7,-5,2,-4,-8,-3,-67,2,4,-1,5,5,-7,-7,-12,11,11,10,-5,-15,-52,-17,-95,-8,-12,-20,-10,-9,-6,-10,-21,-29,-19,-8,5,-8,-1,-30,-34,-11,-22,-25,-18,-8,-28,-25,-65,-34,-7,-20,-26,-28,-11,-26,-36,-12,-14,-18,-8,-38,-20,-17,-51,-2,-16,-12,-25,-22,-45,-15,-52,-29,-26,-6,-3,0,-10,-75,-7,15,4,4,0,0,-7,-3,-81
0,-1,0,-1,1,-1,1,0,-4,0,4,2,3,2,4,-2,-4,3,4,4,4,4,4,0,0,4,4,3,3,4,5,2,1,2,3,3,2,2,3,2,0,1,1,-1,-1,1,0,-1,3,5,9,27,-2,2,2,3,-1,-1,0,-1,-1,0,2,-2,-3,0,-3,-3,-5,-3,-1,1,5,-2,-3,-2,-2,-1,0,1,2,-4,-4,0,-5,-4,2,1,-4,-1,0,-3,-5,0,0,-2,-1,-4,1,-1,-1,-2,2,-4,-1,-2,2,1,-3,-3,2,-4,2,-3,-4,-7,-1,-6,1,2,-2,8,4,5,-9,-1,3,-3,6,-1,4,-5,0,-2,3,6,-3,6,0,3,-6,2,4,7,4,-4,2,-2,3,-2,2,1,-2,1,-1,4,0,3,-6,2,2,-2,3,2,4,-4,4,-3,0,-3,-2,0,0,4,-5,-3,2,4,3,2,2,-3,0,-1,0,3,0,-3,1,-1,-4,4,-7,-3,-5,-3,-5,-6,-4,-5,-10,-6,-7,-4,-5,-8,-6,-6,-4,-2,-5,-3,-1,-6,-5,-7,-6,-1,-3,-1,-1,-4,-2,-4,-8,-2,-6,-6,-6,-2,-7,-8,-7,-4,-8,-6,-7,-5,-6,-9,-10,-6,-8,-6,-6,-7,-6,-7,-5,-4,-3,-5,-3,-3,-4,-3,8,12,10,11,7,14,13,6,11,14,12,14,12,11,11,5,9,8,10,13,14,20,15,16,8,8,11,17,7,12,9,8,18,1,9,5,11,6,10,8,9,12,7,11,11,10,5,10,15,7,10,4,9,6,9,6,12,11,10,11,6,10,11,7,2,0,2,0,0,2,-2,-1,-14,-9,-14,-9,-15,-11,-14,-13,-10,-9,-8,-14,-14,-12,-11,-8,-11,-11,-11,-13,-13,-12,-10,-13,-11,-11,-12,-14,-13,-11,-9,-15,-12,-11,-13,-15,-14,-14,-12,-16,-19,-15,-14,-18,-15,-14,-15,-36,-1,1,-2,1,1,-1,2,-2,-38,-41,-41,-38,-38,-37,-39,-39,-38,-42,-38,-39,-39,-36,-36,-42,-40,-35,-39,-39,-38,-33,-38,-35,-31,-38,-37,-38,-34,-38,-22,-27,-41,-37,-42,-39,-44,-42,-42,-33,-33,-40,-46,-35,-38,-40,-41,-40,-31,-40,-29,-32,-35,-58,-41,-37,-24,-30,-35,-34,-31,-46,-13,-20,-20,-30,-24,-28,-27,-29,-27,-27,-30,-22,-25,-29,-29,-24,-34,-24,-28,-30,-25,-24,-22,-30,-26,-27,-26,-28,-26,-18,-21,-23,-27,-60,-37,-26,-20,-26,-17,-25,-49,-35,-35,-41,-27,-17,-27,-42,-28,-27,-23,-34,-37,-37,-28,-28,-23,-34,-27,-23,-26,-38,-27,-23,-27,-22,-14,-13,-12,-11,-13,-15,-11,-13,-14,-13,-10,-13,-7,-6,-12,-11,-12,-13,-12,-8,-8,-9,-10,-11,-11,-11,-9,-11,-11,-9,-9,-7,-11,-12,-8,-8,-12,-8,-9,-11,-9,-10,-9,-10,-9,-8,-7,-10,-10,-12,-8,-5,-6,-6,-7,-10,-6,-7,-8,-8,-7,-6,-12,-12,-39,-39,-38,-56,-33,-33,-33,-42,-36,-36,-33,-33,-31,-42,-36,-34,-52,-42,-26,-31,-36,-34,-46,-50,-42,-37,-33,-35,-28,-35,-32,-54,-51,-41,-58,-28,-32,-24,-42,-31,-37,-32,-35,-32,-41,-26,-27,-28,-31,-27,-36,-39,-28,-38,-33,-38,-44,-26,-28,-63,-39,-27,-32,-28
1,-3,0,0,-1,1,0,-2,0,1,-1,-2,-2,0,0,-2,1,-1,-3,-1,-2,0,-2,-2,-1,0,-1,-1,-2,-3,-5,-4,2,1,-1,-2,-3,-2,-2,-3,24,4,10,-2,-2,-3,-4,-3,102,5,-28,-28,-3,-6,-12,-11,1,1,0,1,0,-1,1,-1,-9,-1,-6,-9,-5,-5,-4,-5,-2,-4,0,-4,-4,-7,-6,-9,-5,-1,-4,-3,-12,-9,-10,-6,1,-11,-4,-9,-3,-5,-5,-6,-2,-9,-6,-2,-9,-5,-8,-9,6,0,0,-12,0,-5,-5,-2,-16,5,2,-2,-10,-4,-1,-6,-75,10,1,-4,-1,-6,-1,-7,-15,-25,-1,-1,-12,1,-10,0,-10,-6,-3,-3,-5,-8,0,-12,-5,-4,-5,-3,-4,7,-3,-1,-4,-2,-6,-6,3,-3,-9,-6,-9,2,-6,2,-2,-15,-3,1,5,-3,7,-7,0,-2,-11,-8,-28,6,-1,0,4,-13,-8,0,-62,4,1,-2,5,-1,-4,-5,2,-2,-6,-10,-7,-7,-9,-1,3,-1,-13,-8,-12,-6,-6,-6,9,-6,-9,-9,-5,-3,-13,-8,7,-18,-17,-3,-17,-23,-10,-13,9,-4,-32,-14,-8,2,-8,-29,2,-11,-15,-6,-10,-16,-7,-14,-29,-8,-12,-16,-15,-11,-19,-7,-55,8,7,1,9,8,4,6,-4,-4,-8,5,-6,0,1,-5,-14,-1,-8,-13,5,-12,0,1,-1,-3,-7,-19,-18,3,-5,-3,-13,-8,-5,-3,-7,7,3,-6,0,9,0,-13,-10,-5,8,2,13,-28,6,0,9,4,4,6,-19,4,-10,9,4,1,4,2,-31,8,-7,-11,4,2,2,-3,0,0,-1,0,-1,-2,2,-2,0,-14,-15,-12,-13,-12,-9,1,0,-1,-4,0,-3,0,-2,5,3,0,2,0,1,0,1,3,0,-1,0,2,0,0,1,1,-4,5,-1,1,0,0,0,2,-30,2,0,-1,-2,-1,2,3,2,2,1,2,1,0,-2,1,-1,2,2,2,-6,3,-1,-7,4,-1,3,2,2,1,2,0,4,3,-2,0,0,-5,-3,3,1,4,-9,3,-1,3,-2,-2,3,-13,7,-8,4,4,3,5,1,-114,-8,2,-7,3,-1,-2,-26,6,-113,0,4,3,0,-2,-116,12,-4,7,-7,1,4,-3,3,-1,4,-7,7,-1,-6,-109,-1,5,-5,4,-6,-3,-84,4,5,-4,5,-6,-7,-82,2,0,-3,3,-6,-9,-112,2,1,4,6,-11,-7,-94,2,1,-5,0,-9,-11,-101,1,-5,7,1,3,-23,-90,4,-2,0,-3,2,-7,-116,-9,6,11,-3,8,3,9,-67,4,4,2,5,4,4,3,-69,2,1,-4,-2,-3,-3,7,-67,3,-1,-3,0,-1,-2,-3,-70,1,1,-2,-5,-5,-4,-3,-69,7,1,3,-1,-2,-1,-4,-69,2,-1,3,3,5,-2,2,-37,9,-2,-2,-5,-2,-3,-3,-99,4,-71,-65,-61,-57,-49,-40,-62,-23,-13,-23,-9,-10,-10,-46,-59,-20,-18,-12,-5,-19,-61,-4,-58,-21,-11,-21,-5,-72,-9,-13,-69,-11,-6,-32,-42,-13,-21,-18,-64,-5,-20,-82,-30,-13,-31,-6,-66,-11,-53,-16,-6,-10,-16,3,-22,-55,-10,-3,-18,-13,4,-13,-72,-1,-56,-30,-40,-44,-29,-39
2,-1,0,-2,1,2,-2,2,-2,-3,-4,6,21,2,-4,4,2,-1,7,0,-15,-3,-1,5,-3,-1,4,-5,-8,-3,2,5,-6,0,0,3,-4,-2,1,-2,11,-5,-5,-6,9,-1,4,-1,-10,7,-3,-11,-4,0,-9,5,-1,-2,-2,0,2,2,-1,1,0,0,13,7,6,9,-2,-3,6,-2,23,-4,-6,-2,13,7,2,-32,4,12,8,7,-9,12,-8,10,5,-7,7,7,10,8,-2,-3,2,5,7,-2,1,-15,-3,-1,7,-5,12,0,-9,9,1,-3,4,-5,-3,8,-5,18,5,-3,-1,0,1,-7,1,6,6,-6,7,-2,22,9,22,8,-1,-1,-8,14,11,26,6,11,13,0,12,4,17,-2,14,11,-2,10,12,20,0,3,1,17,14,1,25,-1,-8,-1,6,-4,3,18,-1,-4,15,15,1,7,10,-3,4,-7,18,9,14,7,1,9,13,1,-3,8,3,10,11,4,10,17,7,3,8,-1,7,2,8,3,17,7,0,12,5,-1,19,8,11,25,15,5,13,6,0,1,17,11,3,6,1,7,-2,5,13,-4,-2,15,2,-11,4,11,-3,14,5,-5,10,-3,-2,7,13,9,6,8,7,-1,-12,9,20,6,19,0,13,12,17,15,20,13,22,22,11,-1,7,19,21,18,-7,-2,1,-15,-2,-3,29,14,10,8,7,-5,-12,2,20,15,11,10,16,-1,9,-20,-3,-17,11,-1,8,21,23,22,5,16,-41,19,-8,-19,8,-20,18,-2,11,13,-15,0,-13,-8,3,4,-31,0,-1,2,0,2,2,-2,0,1,8,-67,-12,-55,10,2,3,-24,5,-17,2,3,0,1,2,7,-4,-6,6,-7,-3,-7,0,3,-4,-4,-1,-1,-2,-2,0,2,-4,-3,-4,-6,-2,-3,1,3,-1,-2,-3,-6,1,1,1,4,-2,1,2,0,1,2,-2,2,-13,-12,5,-14,7,-6,-4,-3,-3,-23,-40,-12,-16,-2,-43,-20,-17,-20,2,16,8,-13,-12,-4,7,0,-5,-6,-6,-7,-1,1,-11,-3,0,-10,0,-10,4,-5,-7,-5,-3,-6,-4,-3,-3,-2,-3,-1,-4,-4,-1,-3,-2,-10,-13,-4,0,4,-2,1,-4,-20,-5,-13,-10,4,-2,5,-22,-2,16,-18,5,-37,-10,-18,13,-22,-4,-24,-35,13,-1,3,-32,-7,-13,-3,3,-18,3,-23,9,-7,-23,1,-11,6,-12,-2,-11,0,5,-24,6,-14,3,-9,-3,-16,-19,0,-11,-3,-8,-1,-15,0,1,-21,-1,-10,2,-7,7,-6,-38,-26,-12,-27,26,-16,-12,-30,-1,-11,-11,-1,-15,3,1,-4,-13,-38,-16,13,34,-1,-25,-13,-11,11,-15,-5,-18,-21,2,-4,-18,-10,-3,-6,-38,-8,13,-8,-14,-15,-11,-8,-23,-6,-10,-7,-7,-5,-14,-6,-30,2,-9,-4,-8,-9,-12,-4,-27,-5,-3,-3,-24,-34,12,-39,42,3,-58,-35,-16,-36,-36,-4,-43,23,11,-49,-53,-53,-40,11,36,-4,-48,-21,-63,20,-38,-21,-25,-37,-14,-22,-45,-39,-21,-25,-38,-35,23,-24,-30,-23,-36,-31,-28,-24,-24,-11,-15,-22,-34,-24,-29,-7,-32,-7,-30,-24,-22,-18,-32,-15,-16,-13
0,0,1,-1,0,1,0,0,-1,-3,0,0,3,0,0,-2,-4,1,1,1,3,0,-10,5,-4,-2,1,-2,3,0,1,6,-11,-9,-13,-8,-6,-4,-3,7,-16,-12,-15,-54,-81,1,-19,-12,11,-21,-51,-11,106,-5,-46,-35,2,-2,0,2,-2,1,-2,2,2,3,-4,0,0,2,4,-10,-2,0,-2,-1,1,0,2,2,2,-9,-4,-5,1,4,3,1,0,-3,-3,-7,-2,-3,1,1,-1,-6,-8,-6,-3,0,1,2,-6,-2,-24,-3,-3,0,-1,0,-2,-7,3,-6,4,-7,5,-9,-2,-10,0,-3,-49,0,-9,2,2,-11,3,-7,4,-6,0,-6,-28,-2,-11,3,-6,2,2,-5,-4,-19,0,-23,1,-6,-4,-9,-9,-8,-14,-4,-20,-2,-13,-2,0,-5,-7,-10,0,-16,-4,2,-27,4,-4,-5,-13,3,-4,2,4,-15,-2,-14,5,-7,-4,-13,-8,-7,-4,3,-46,-3,-15,1,-4,-3,-1,-3,3,0,-2,-1,0,-9,-11,1,3,-1,0,-7,-12,-14,-36,-1,-2,-20,-2,0,-7,-12,-10,-17,-3,-28,-4,-3,-6,-5,-3,0,-3,-2,-3,-1,-22,-2,-20,-14,-4,1,0,-3,-33,-10,-17,-15,-9,-4,-14,-8,0,7,10,7,-51,3,8,18,-9,-13,0,-7,-1,-37,-8,-16,1,-11,-10,2,-3,-9,2,-22,-1,1,1,-9,3,-3,-13,1,-9,-22,-33,-14,-14,-4,-17,6,9,-21,-21,-14,1,-3,-10,-5,-23,-39,4,-4,-19,-14,-10,13,-16,-13,-10,-12,5,-3,-11,-5,2,-10,0,-9,-8,-2,-3,19,2,-1,-2,-1,2,0,-2,2,-8,-11,-2,-9,7,-3,-4,-21,-8,-5,-2,-5,-6,0,-2,-4,-6,-7,-2,-3,-2,0,-10,9,-6,-9,-5,-4,-5,0,-5,9,-6,-7,-12,-7,-7,-5,-4,9,-6,-4,-8,-2,-6,-3,-6,5,-1,1,0,-2,-1,0,2,2,-28,-14,-14,-56,-46,-27,-29,-13,-2,-17,-10,-7,-15,-13,-22,-19,-16,-19,-15,-20,-5,-18,-13,-12,-18,-16,-18,-9,-11,-14,-9,-21,-9,-14,-9,-12,-13,-16,-10,-8,-5,-13,-14,-34,-8,-15,-13,-3,-10,-9,-43,-8,-11,-10,-65,-31,-12,3,-12,-1,-63,-7,-5,-9,-2,-10,-3,-10,6,-17,-3,-18,-4,-1,-8,-2,-1,0,-17,-5,-7,-36,-11,-13,0,-12,-2,-18,-32,-6,-18,-3,-14,-1,-3,-2,-6,-39,-2,-15,2,-9,-1,-48,-7,-15,-44,0,-8,-5,-54,-3,-11,-6,-2,-79,-4,-85,-4,-7,-17,-1,1,1,-69,11,-12,-14,-10,-7,-9,-8,-35,0,-2,-8,-12,-10,1,-2,-34,-6,-6,-4,-16,-21,-8,-13,-55,-3,-20,-5,-13,-11,-13,-5,-42,-12,-8,-7,-16,-13,-9,-7,-62,0,-8,-1,-12,-12,-13,-17,-64,-9,4,-9,-4,-7,-11,-9,-7,-8,-5,-4,-3,-4,-30,12,-67,7,-38,-20,-10,-1,-10,-16,-67,7,-2,-23,-4,0,-20,10,-75,-9,-16,-14,-19,-10,3,-24,-38,-17,-26,-15,-27,-8,-30,8,-47,-37,-28,-8,-11,-36,-6,-1,-25,-10,-23,-43,-13,-44,-33,-30,-45,-31,-52,-29,-8,-14,-35,-44,-21,-44,-31,-14,-7,-12,-27,24,-79,15,-27,-42
-2,1,-2,-2,1,2,-1,2,1,1,-1,1,-1,-6,5,2,1,-2,-1,-3,0,-4,-2,1,-1,0,3,8,-3,-13,-1,2,-2,1,0,-3,4,45,4,-18,2,-6,5,8,-3,-35,2,31,-2,4,2,2,9,-14,12,24,0,1,2,2,-2,1,2,2,9,2,6,0,3,1,5,2,2,1,5,5,0,2,1,8,0,4,0,7,2,7,-12,8,5,11,3,0,4,4,6,-1,7,2,-3,1,2,0,8,10,6,9,-6,5,7,4,11,6,8,10,2,2,-2,5,-8,13,1,0,-13,8,4,-11,4,16,10,7,1,1,-4,1,9,3,2,8,3,4,5,0,5,9,-4,13,12,2,1,4,-8,1,3,3,-2,11,5,4,0,0,5,3,-2,6,11,7,5,3,-4,6,5,-2,11,-5,4,7,2,9,1,0,-6,-2,5,6,11,7,1,-1,-3,14,9,16,10,9,7,6,8,9,5,7,9,7,6,4,-5,6,0,5,7,4,5,3,2,1,11,5,13,6,4,1,0,1,14,1,9,7,6,-1,4,-11,8,5,10,-7,-5,3,8,-18,14,-4,6,16,7,10,18,13,23,1,3,5,3,8,12,8,18,-1,29,22,11,17,18,12,19,13,30,16,19,20,17,25,10,22,15,35,31,14,15,7,11,6,15,32,17,38,13,3,7,11,41,25,20,13,21,-13,10,-4,15,29,28,18,19,3,21,17,18,7,3,-8,21,9,-1,5,17,-2,9,19,13,-3,16,0,1,2,0,2,1,-2,0,-1,-2,-3,-5,3,-13,-4,2,2,-6,-2,-2,-5,-4,-5,-2,5,-6,1,-2,-4,-3,0,-3,2,-4,-1,-4,1,5,-3,2,0,-1,-2,0,-1,11,-26,4,-2,-2,5,1,-2,17,-15,12,-4,0,-2,-1,-1,2,2,1,-2,5,-1,-10,-2,-7,-3,3,0,0,-8,-5,-2,-18,-10,2,5,0,-11,-1,-5,-18,-3,-14,-15,-6,-3,-5,-7,-17,-1,-6,-6,-8,-8,-4,-10,0,-13,-7,-28,-6,-5,-7,-6,0,-15,-2,-6,-5,-4,-6,-8,-4,-7,5,-5,3,-5,-7,-6,-17,0,-8,-1,-5,5,0,2,-19,-1,-9,2,4,-8,-4,-6,-5,-13,-9,-10,-7,2,-14,-8,-18,1,-6,1,-6,-3,-1,-11,-10,-12,3,-3,-10,-5,-7,-2,-10,-16,-15,-7,-1,-13,-4,-7,8,-17,-4,-5,-8,2,-14,1,-1,1,1,1,1,-14,6,-7,-3,5,0,-10,2,-21,-9,-5,-20,-7,-1,-9,-6,-11,-13,-13,-13,-29,-12,-10,-12,-8,-8,-17,-14,-7,-14,-8,-10,-8,-11,-4,-19,-17,-7,-20,-5,-9,-10,-5,-9,-10,-11,-13,-14,-12,-8,-7,-7,-8,-10,-11,-5,-9,-12,-5,-15,-12,4,-2,-6,-5,-7,-9,-5,-14,-4,-9,12,-13,-20,8,-66,-16,-24,-15,-18,-7,-33,-14,-46,-43,-42,-39,-40,-17,-16,-47,-47,-20,-15,-20,-17,-25,-6,-24,-24,-43,-31,-31,-13,-14,-6,-21,-29,-33,-42,-51,-22,-19,-13,-23,-7,-17,-20,-26,-26,-12,-13,-15,-17,-22,-4,-4,-9,-10,-10,-13,-23,-9,-13,-17
-1,1,0,-1,-1,1,-1,2,0,0,-3,4,12,4,-5,0,4,1,3,-2,-3,2,5,-9,3,-4,-3,-2,-8,13,-6,-15,-7,5,-3,-8,6,-1,18,21,1,-1,1,-16,-10,-7,-9,2,4,1,0,21,-21,-9,-13,-8,-1,-2,0,1,1,1,1,-1,4,0,5,4,3,6,2,-3,2,4,7,3,7,-12,13,-3,4,-7,-1,2,2,1,-10,-15,0,1,-6,5,-1,3,4,14,-11,-4,-4,2,6,-1,-5,15,12,-5,-9,6,-5,-7,9,1,3,-14,-12,8,27,-12,0,2,-10,8,-24,-2,8,0,7,-6,2,7,2,-15,0,9,8,7,10,-1,3,6,6,5,2,-4,7,-7,-6,9,3,3,-6,3,10,-13,8,5,5,4,-13,4,8,2,1,8,1,1,2,19,14,-2,-14,-17,-7,7,4,6,10,9,2,6,-1,7,3,17,2,-2,5,5,3,0,1,4,9,4,7,3,-5,5,13,8,1,15,-7,4,10,4,-9,11,9,14,-14,-3,15,13,-1,11,21,2,2,-8,15,-1,16,-16,16,10,7,3,3,10,16,-2,9,14,-3,5,15,11,27,19,16,6,2,-5,15,21,20,8,4,13,-1,-12,12,0,17,-6,9,12,10,0,3,10,10,10,-1,6,5,2,17,12,-9,-10,19,5,-9,15,13,25,14,13,5,3,0,13,26,4,10,-20,7,-10,4,7,-1,10,16,16,3,7,13,12,13,-32,26,-3,8,16,-24,26,-2,15,1,7,33,34,18,-22,21,12,18,15,0,1,-2,1,1,2,-1,0,0,-17,9,-15,0,12,13,10,-4,-1,0,-7,8,-3,8,9,-1,2,2,-1,-4,-4,-3,12,2,0,-1,-4,-1,2,1,1,3,5,0,-4,-6,1,2,3,3,4,1,-4,-7,-7,-1,-2,-1,2,2,1,1,1,0,1,-4,0,5,-4,3,-4,0,-7,1,9,0,3,0,-4,-2,-3,13,-7,-7,-3,4,-2,-13,-1,-1,7,-4,-9,4,-27,-1,12,2,9,-4,1,7,1,0,7,3,0,3,-1,-10,-2,21,7,0,10,-6,-6,-11,0,2,4,3,2,0,0,-4,-8,-1,-5,-10,11,-3,-14,0,3,-6,-3,1,-10,4,-9,-4,-10,-25,-9,-4,-11,-12,-2,-3,-4,8,-20,-10,-6,-7,-1,-12,-3,-8,10,-3,4,-8,-9,10,-6,-8,3,6,-9,-11,-9,-13,-6,18,4,0,-11,-9,-7,-9,-6,2,-7,-5,2,-6,-2,-2,-11,-4,-9,-8,12,7,-12,-6,-8,-8,-13,-10,-17,-6,-22,4,-23,9,-11,3,-3,-13,4,21,-1,0,-12,-7,1,-16,-18,-14,-7,-18,1,-6,1,-9,-19,12,-6,-26,-12,8,-5,10,-8,-24,3,32,1,1,-3,-12,-11,-23,-9,0,-7,-2,5,12,-10,-3,-3,-4,-9,-9,20,-12,-24,-29,-4,-59,0,18,-34,-37,-63,-20,-10,35,-17,-7,-46,-49,2,27,0,31,-35,-41,26,-29,-15,1,-22,-65,23,-24,15,-26,-21,25,-39,-38,-22,19,-34,-6,-28,-34,20,38,-28,8,-5,-21,-23,-29,-49,9,-27,-4,7,-4,-29,-12,3,-24,-13
-1,0,1,0,-1,-2,0,0,6,1,8,-6,7,1,-3,5,8,-2,4,-5,2,0,2,-3,2,-6,-2,-4,7,10,11,1,-8,8,-6,-4,-3,-6,0,-10,4,-9,-2,2,-2,-12,0,22,9,-6,-25,1,-14,-16,-14,-16,-2,-2,0,1,0,1,1,1,2,13,3,-13,6,-1,-3,2,3,-9,12,6,15,-5,3,-6,3,-12,-1,6,6,-10,7,19,-6,10,-12,8,-3,-11,-4,6,2,-3,2,7,-12,2,-12,16,5,-25,-10,-8,30,-18,-11,5,-6,-17,-20,-31,2,25,6,9,0,-3,-13,-2,-4,-23,-8,2,6,16,0,-8,11,7,0,0,-13,3,9,3,8,-3,4,14,-1,-18,-4,8,-2,-10,5,5,-4,5,0,-6,12,1,4,14,7,1,-15,1,12,-2,-3,-3,18,-39,-8,2,7,-29,1,24,-37,10,-15,-10,-16,-8,2,6,4,5,8,-12,-10,9,-6,10,2,5,0,2,-2,-3,2,9,10,1,-12,-4,-7,9,10,-1,9,13,8,-8,14,13,6,13,11,-7,-16,2,-4,0,11,1,-1,2,-4,-2,-5,2,13,13,2,-2,10,-10,-21,21,15,1,-7,3,9,-20,-7,-6,10,6,2,-17,-9,-13,-20,-7,-25,-11,10,14,5,5,-7,-4,2,-3,15,25,-6,9,0,5,4,0,0,11,2,0,-4,0,7,6,9,-15,-9,-6,0,5,19,17,-3,16,-5,-6,23,14,21,1,11,5,4,16,-11,29,25,20,4,-17,0,19,-10,5,22,-2,12,10,-7,-3,12,-8,7,16,0,0,-2,-1,-1,-2,2,-2,-20,2,-11,-15,-1,-4,0,7,8,-1,-3,-3,-14,-3,8,2,-1,4,5,-1,4,2,2,-1,-2,0,2,-2,-4,1,0,-3,2,2,1,-3,-4,-5,0,0,1,-1,2,-1,1,-2,3,1,1,2,-2,0,-1,2,-2,0,5,16,-9,-2,-4,-1,-9,6,-4,-3,-3,-1,-5,-11,-2,7,-8,1,-19,-11,-27,-2,27,-13,-7,11,-12,-13,-2,2,-5,-11,-14,-10,-11,0,4,2,6,-3,0,-13,-1,-8,3,-3,-13,-1,-2,-8,-3,1,-3,-9,6,-6,-21,-4,-5,-19,-2,-2,-2,-8,-7,-22,-38,-16,-15,1,4,0,-4,-17,-6,-16,5,-11,2,5,18,4,0,-10,-42,-17,18,-10,-9,19,-9,-18,-28,18,-8,-2,-14,-11,-15,-9,-11,13,8,5,4,-10,-8,-6,-5,-13,-8,-4,3,-3,1,0,-9,3,-2,-8,-12,-11,-2,-6,4,-8,-2,-8,-3,-33,-26,-11,-11,1,-4,-11,1,-28,-2,-52,-1,-12,-8,-14,9,9,3,7,-41,6,28,-19,-10,10,-26,-21,-10,30,-23,-38,-23,-21,-16,-15,-22,25,14,-15,7,-24,1,-18,-17,-6,-21,-2,-12,10,6,-8,-22,-12,16,-6,-7,-7,1,-10,-16,-11,-9,-4,-10,-12,-59,-38,-42,-8,7,-35,-32,-54,-23,-26,-23,-23,-50,-7,22,21,-5,15,-55,-45,26,-44,-40,19,-35,-87,-48,37,-34,-35,-37,-34,-38,-55,-42,31,13,-11,11,-57,-31,-38,-40,-37,-39,-15,-60,-10,-9,-31,-31,-30,13,-21,-49,-27,-20,-13,-35,-36,-22,-71
2,-2,0,0,1,1,-1,0,-6,4,12,3,-6,2,16,-4,-2,1,-5,5,1,2,0,4,-4,5,-1,1,3,-2,-3,-3,8,-3,2,3,5,-6,3,0,-1,2,9,-6,-7,-7,0,8,17,10,2,-7,-7,11,-3,1,0,0,2,2,0,0,0,-1,-20,7,8,3,-1,1,8,-5,-8,4,-3,-2,5,-7,4,9,2,1,1,-2,-1,6,0,1,8,-6,-1,-7,5,5,4,10,-4,-5,-27,-14,-10,-3,-6,5,4,5,9,1,-12,17,7,2,-7,2,16,17,10,1,0,-2,5,3,1,3,9,-1,-10,-8,4,12,-5,-6,8,-16,4,-5,1,8,6,-7,-7,7,7,8,-3,3,3,-5,-4,1,2,-10,7,-10,-6,12,12,-9,-5,1,-24,2,10,10,8,-21,-7,3,-6,8,18,3,-10,-10,1,-7,13,-2,5,-2,3,15,-2,-2,-15,9,2,-3,8,-2,5,7,11,7,-1,2,-2,7,-1,8,7,13,5,3,4,2,16,-13,10,20,5,5,5,12,2,-12,3,6,5,-5,11,8,6,-4,12,12,9,3,6,20,5,5,12,-2,-31,-14,21,9,7,6,10,6,6,-6,19,6,9,9,12,1,11,13,2,13,16,20,20,8,3,7,17,7,12,29,7,21,15,6,17,12,13,3,17,21,16,7,2,15,16,13,12,5,12,4,19,1,13,16,11,25,-4,9,6,27,30,19,15,14,6,20,8,17,25,30,16,5,10,6,18,29,13,2,14,7,18,11,-3,36,18,33,-2,2,-2,-2,-2,-2,-2,2,0,3,-3,-10,-8,9,10,-15,-8,-8,4,-4,-7,3,5,-8,-3,-12,-3,7,0,0,10,3,1,-9,-3,1,4,-6,4,0,-5,2,-10,-2,-14,-9,5,2,-3,-3,-10,-3,0,-4,7,5,-1,-1,-1,0,-1,-2,1,-1,0,-15,-12,-13,-12,-12,9,-35,10,-2,-20,-12,-14,-4,3,-5,-18,-2,-4,4,-14,5,-25,-6,1,-10,-10,-15,-5,-12,3,-5,9,-16,2,-5,-1,-9,-1,1,-9,9,0,-4,-10,-10,-1,-2,7,9,-13,-5,0,-10,1,-8,0,0,4,3,7,-13,2,1,12,-2,-21,-20,-3,-5,0,-2,3,2,-4,-2,-6,13,-14,-2,5,4,-2,-20,4,7,-4,3,-16,-8,-21,-4,-11,-1,0,3,4,-21,5,-6,-7,-3,-1,2,-17,9,-1,4,-18,-2,-5,6,7,-2,-4,-14,-1,-13,3,0,1,11,-15,-3,-6,1,-7,-7,3,-8,-33,-23,-14,-10,-19,-26,14,1,-21,-13,-32,-1,-17,6,1,-34,9,1,-7,12,-9,5,5,-21,-19,-12,-29,-4,-6,5,-5,-17,-5,1,-6,-9,-14,-3,-19,-9,1,-1,-15,-12,-15,-6,-3,-6,-26,-10,-18,-21,-6,5,3,2,-21,-9,5,-20,-3,-1,7,5,-17,-18,4,-7,15,-46,6,-39,-39,-8,-28,-1,-36,-3,0,-5,13,-8,-15,0,-21,-2,-15,-44,-40,-7,-35,-5,-30,-6,-15,-53,-9,-1,-3,-19,-35,-2,-41,-15,-16,-8,-36,-5,-18,-4,11,-15,-16,-25,-15,-55,9,-26,17,12,-36,-13,17,-22,-1,16
-2,-2,-2,-2,-2,3,0,0,-6,34,0,-6,3,1,3,0,-9,-31,-8,-3,-7,-3,0,-1,-5,-14,-6,-6,2,0,4,1,3,-6,-2,0,-2,2,-1,4,-5,5,-3,-4,2,-3,-1,-5,4,-13,-6,4,0,16,9,1,-2,0,-2,-2,2,-1,-1,-1,6,-1,0,3,6,8,6,4,5,1,3,3,6,10,-7,7,10,-1,-3,4,-1,1,2,3,-1,1,-1,3,3,7,6,4,10,2,7,-7,6,3,2,-3,7,10,2,2,4,3,3,5,-2,0,7,5,1,9,1,11,2,-1,-11,-2,11,4,3,2,25,6,13,5,9,9,16,9,13,26,1,8,8,9,8,16,18,-6,22,-3,5,4,10,7,11,10,6,6,4,11,-2,8,10,7,7,6,9,0,12,6,8,9,9,7,9,1,7,10,2,10,6,5,11,9,13,6,9,5,7,12,8,8,-21,6,-2,-10,-2,6,0,2,7,4,-7,-11,-6,6,4,4,-1,3,27,3,13,4,16,6,3,9,2,25,7,7,17,7,0,-1,16,17,12,3,14,7,9,8,-12,8,6,2,12,-7,5,0,11,5,6,2,7,1,-9,1,-3,4,14,2,18,7,0,-8,5,4,19,14,10,12,12,13,-1,25,7,11,9,26,8,23,28,7,46,5,9,9,10,0,18,16,10,15,14,7,1,11,23,9,26,3,22,12,9,1,-9,12,-22,34,13,-14,-27,6,16,2,19,-4,5,0,21,6,12,20,-4,-10,26,-3,4,9,1,2,0,0,1,2,2,0,3,-1,13,-26,-2,-15,-13,-5,3,18,0,-5,0,-8,1,-1,5,-6,0,-7,-4,-3,-3,-4,6,-5,-4,0,-5,-2,0,-1,5,-7,1,-1,0,-4,1,-2,7,-3,0,4,0,-1,-2,-2,-2,0,-1,0,1,0,-2,1,-13,4,-25,-29,-7,-9,3,0,-24,-6,-14,-12,-21,-27,20,-1,7,-11,7,-24,-7,-16,-6,-2,-2,-8,-15,-7,-5,-1,-7,-4,0,-8,-12,-2,-5,2,-6,0,-7,-5,-5,-1,-5,-2,-3,-4,-3,-5,-5,-6,-5,-9,0,-2,-12,-1,-6,-7,-4,-4,-5,1,-16,-12,-29,-3,-18,-3,-17,-1,-6,6,-3,-9,-1,-39,4,-14,26,-7,15,9,-18,0,-24,7,7,-69,-6,-1,1,-21,0,-18,-14,4,-31,1,-2,11,-11,4,-2,-22,3,-14,-4,-5,6,-9,-18,3,-21,5,-15,-6,-12,-1,8,-14,3,-18,6,-8,-6,-6,-19,-34,-9,-21,-2,-19,-12,-8,-5,4,-19,-13,-15,-11,-8,-3,16,-17,9,-1,-2,5,-7,-8,-28,-29,-28,-20,-11,-11,-6,-9,-12,-18,-12,-16,-9,2,-11,-17,-7,-9,-11,-7,-12,-5,-5,-6,-5,-16,-8,-4,-16,-16,-9,-12,-3,-15,-16,-5,-3,-4,-4,-7,-7,-51,-26,-37,19,-10,-18,-21,-34,-2,-25,-27,-51,-37,-13,-24,8,-12,12,7,-25,-9,-20,-10,-27,-39,-19,8,-22,-23,-27,-19,-38,-17,-31,-23,1,-3,-19,-28,-20,-33,-17,-15,-22,-7,-13,-14,-19,-22,-18,-17,-20,-26,-22,-30,-19,-25,-18,-12,-11,-7,-25,-24
-2,-2,0,2,-2,1,0,0,-7,2,-1,-1,-1,2,1,3,-6,11,-8,-1,1,-4,3,2,-10,-8,-4,-2,1,-12,0,-1,12,19,25,12,-1,6,-4,-1,-7,-20,-13,-11,-1,-2,3,-3,-13,-44,-15,-33,3,-20,-4,-6,-2,-2,-2,-2,-1,1,1,1,-8,15,2,7,-3,1,4,7,6,8,-19,-13,15,-2,-4,-4,-10,-9,1,4,-14,-3,-1,5,10,2,5,4,12,4,-14,-11,2,0,12,3,-9,3,1,1,-16,-14,-15,-22,7,-10,1,-10,-5,-5,17,-13,1,-3,7,-16,2,-7,6,10,-11,-25,-5,10,10,-21,-8,9,3,3,-15,0,-27,-4,3,4,-6,-11,-1,6,-4,7,-8,-4,-7,-4,12,3,2,4,0,0,-5,1,-11,0,10,23,-1,1,6,-4,0,-9,-12,-25,2,-8,-34,0,-18,-1,4,1,26,10,-1,-8,-10,-20,3,11,2,9,3,-1,-11,9,6,2,-4,1,-4,1,-2,2,4,7,13,-8,1,2,2,3,5,-10,-6,9,8,6,-10,8,-8,4,2,-1,4,-5,-8,1,-3,-9,-7,7,-3,3,-2,-4,21,12,20,13,11,20,10,1,5,-2,-2,-23,-2,9,-2,11,-5,-18,-14,-42,-4,1,-9,1,16,-12,-5,6,10,9,7,3,-2,5,14,9,0,2,3,6,-1,3,10,5,15,6,18,21,-5,7,11,16,-13,17,-4,15,18,11,11,-3,24,-10,11,-6,-10,-6,8,4,27,18,-2,9,2,11,26,-15,16,2,16,14,1,5,-32,-7,-19,11,-11,16,-1,1,-1,2,1,0,0,0,-20,5,-14,-3,-23,-6,-29,-10,-6,-6,4,0,-5,5,-2,6,4,-11,-2,0,-2,-2,-4,2,2,-5,3,3,-3,-3,-1,2,4,2,2,-3,6,-5,3,0,0,0,-2,-2,-4,0,0,0,-2,0,0,0,1,0,-2,2,4,-37,-8,-7,3,-11,-9,-1,-7,3,-16,1,4,-8,-26,5,-11,-13,27,-10,-10,-21,6,-2,21,-16,-4,-1,-5,1,1,-6,3,-11,-4,-10,0,-8,-27,-7,3,15,0,7,7,-1,-7,-6,3,-7,-8,-5,-1,-8,-4,0,5,-1,-7,0,-10,-3,-2,-2,-12,0,-12,-25,-5,-36,-15,-1,-3,-15,-5,9,9,-2,-15,-3,1,-16,27,-8,-9,-4,5,-5,20,-12,-9,-22,-2,14,-2,-1,-1,-20,-6,6,-18,-6,-6,-3,3,13,6,7,13,-10,-6,-4,-12,0,-11,-3,-4,4,-7,2,8,-10,-3,-2,2,-4,1,-9,-13,-1,-16,-8,-14,-24,-30,-20,-2,-10,-1,-7,-1,-12,-18,2,-8,-17,32,-8,-19,-41,4,-6,22,-25,-13,-20,-36,22,-8,-11,-7,-32,-26,-29,-13,-19,-18,-7,16,24,30,18,12,-14,-5,0,-3,-20,-23,-5,-7,-8,8,-9,-4,-3,-14,-5,-5,-4,-2,-1,-35,-23,-19,-54,3,-20,-23,-6,7,-33,-30,2,8,-14,-46,-7,-23,-49,39,-36,-15,-32,24,21,44,-35,-31,-42,-48,19,-42,-27,-3,-39,-42,-18,-51,-22,-37,-25,35,26,51,26,30,-35,-25,-27,-27,-45,-24,-25,-21,-17,-7,-39,-8,-27,-18,-11,1,-10,-26,-18
0,0,-1,-1,1,-1,0,-2,2,-11,0,-111,3,4,2,1,-8,0,-98,0,2,1,0,1,1,-9,2,-2,2,1,0,0,3,1,-1,2,2,3,2,1,2,0,2,0,3,-2,1,3,-4,0,1,0,12,-11,5,-3,1,-1,1,-2,2,1,0,1,7,-13,3,-5,8,-1,3,0,-42,-4,-9,-99,-8,3,3,2,4,-9,-28,-9,5,1,2,3,-6,-7,0,4,-5,4,6,7,5,1,5,-11,1,8,2,4,-2,3,-6,1,9,0,-1,-5,4,12,2,5,-1,4,9,-2,-2,-2,-3,0,2,-2,6,0,-3,2,0,-1,-25,5,2,0,-2,-6,-1,-64,2,10,1,8,1,1,-38,3,2,5,1,3,6,-34,5,-8,4,1,1,5,-17,7,7,0,0,6,0,0,11,4,6,8,1,5,7,3,10,2,3,9,-1,2,0,-4,4,2,7,-4,7,3,0,-2,6,1,2,2,11,6,5,4,4,1,-1,-13,8,6,8,5,7,-19,0,-5,-1,-1,1,2,-7,10,2,8,3,1,5,6,14,-20,5,7,12,-2,8,13,9,4,4,7,8,12,3,3,14,-4,7,9,11,12,2,9,12,5,10,10,3,10,14,12,-2,11,4,9,7,14,12,11,6,-2,4,-23,11,8,13,3,5,-4,6,1,4,12,11,15,5,-24,1,-1,14,15,17,12,16,0,13,10,3,15,17,16,15,1,7,11,18,9,13,14,21,14,14,19,19,11,1,15,12,10,17,0,5,8,19,11,-1,1,1,0,2,1,2,-2,-15,2,0,-26,4,24,-2,3,-3,0,-91,-1,0,-3,1,-6,-4,-29,-5,3,-2,0,0,-1,-1,-1,-1,0,1,0,-2,0,-4,-1,-2,-2,0,-2,-3,0,-2,-1,-1,-1,-2,-2,-2,0,-1,-2,1,2,2,1,2,2,-1,0,-5,-6,-15,-4,7,-1,2,-21,-1,-34,-11,1,18,-7,-5,-2,-36,6,-7,7,-1,-4,0,-23,3,-9,3,-3,-2,-5,-8,9,-9,8,-3,-3,-4,0,-2,-5,-2,-7,-5,-2,-4,0,-4,-2,-3,-3,-4,-4,-4,-3,-2,-2,-3,-2,-3,-9,-2,-8,5,-8,-2,-13,14,-22,0,-5,-7,1,-5,7,-4,2,-4,-5,4,-4,54,-4,-8,-4,2,0,-4,66,-7,-2,-4,-1,-3,0,66,-2,-1,-2,5,-5,3,-2,-3,5,-4,-1,-3,1,-9,0,3,-5,5,-5,-1,-7,-1,-3,-14,4,-3,-3,-5,0,-1,-12,4,0,-5,14,9,2,-2,-9,2,-1,-8,-33,-13,-7,-7,-10,3,-5,-27,2,-12,3,-11,-5,-2,-11,-5,5,-3,1,-6,-6,-4,0,-4,-1,-7,-9,-10,-8,-2,-3,-1,-8,-8,-8,-15,-6,-2,-9,-2,-3,-9,-6,-5,-2,-3,-3,-8,-8,-2,-7,-5,-5,2,-3,-1,0,10,-12,-19,-24,11,7,3,-36,-6,-5,-10,-10,3,1,46,13,-12,-10,-9,-20,8,48,-8,5,-1,-7,-7,-5,46,9,-1,11,-3,-4,-1,-12,-4,-4,-1,-5,-7,-3,-19,-12,-8,-4,-2,-7,-5,-9,-7,-11,2,-7,-10,-10,-14,-13,-9,-8
2,2,-1,0,0,0,2,0,0,1,-1,1,1,1,4,0,0,-3,1,0,-2,1,0,7,10,1,4,1,2,0,5,0,-10,15,7,-1,14,-4,7,-4,7,19,0,-14,-4,26,8,7,8,-6,-3,-14,-9,-4,-3,7,-1,0,-2,2,1,0,0,1,5,12,-4,-1,2,3,3,7,5,-21,3,5,-5,14,4,18,9,-5,8,7,-7,-1,-10,-1,-12,24,-9,13,6,15,15,7,5,12,12,-6,10,-25,-14,2,-12,-22,-43,-10,-10,-13,-23,13,15,-19,12,-4,-15,-16,-8,8,-3,10,-3,2,-4,-11,-10,-7,-4,-2,8,-4,6,4,-1,4,-9,10,-4,3,7,6,9,6,7,-15,7,9,-4,-1,12,-2,-4,15,1,15,-7,17,-8,15,12,3,5,-8,20,-10,9,-31,-2,29,-3,-4,-37,12,-16,8,2,4,16,-12,-2,-44,-6,9,-2,17,7,-10,-22,9,-18,14,7,8,8,7,6,5,1,6,0,-14,-10,-13,0,10,13,1,3,8,-3,-4,-6,1,0,2,12,4,-14,-4,-10,3,5,14,6,-18,-12,9,-18,11,0,-2,6,-4,9,7,20,-7,-17,1,5,-5,-30,13,0,-22,-13,-22,19,9,-8,7,10,9,-3,19,8,0,16,11,19,6,6,-9,16,6,5,10,19,12,14,-8,6,22,12,10,7,5,4,-8,25,18,-1,3,-10,6,4,12,24,16,4,-22,-16,5,6,-14,29,24,5,-16,-43,4,-5,5,21,16,2,7,-17,-8,-17,-23,24,4,0,16,5,-7,17,7,2,0,0,0,2,-2,-1,-2,-10,-10,-20,7,-17,23,-20,2,7,4,-1,7,-26,-1,-15,-1,-2,1,-10,1,-5,9,10,-1,-6,8,-5,2,-3,-3,-4,-2,-5,-4,1,1,8,-2,7,2,-1,0,2,2,3,3,4,0,-1,2,1,-1,-1,-1,-1,-1,-10,5,-5,-1,-3,-38,2,-4,-9,-18,-23,-6,8,9,-1,-9,5,-3,-5,3,-4,-1,-15,4,-23,0,-28,-16,-8,-6,7,-15,-7,17,-12,-7,-1,-1,4,-4,2,-9,-4,5,-3,2,-14,-1,8,5,-4,-7,-3,-9,-2,-6,4,-4,-7,-2,-12,-6,-2,-9,-18,14,-11,19,4,20,0,-17,2,3,-7,4,6,19,-9,5,32,3,4,0,3,16,-27,-5,-3,-2,-25,-17,-9,-13,12,-26,-10,24,-9,1,-4,4,-17,2,9,-16,-7,3,-2,3,0,-8,1,-9,6,-5,-6,1,0,-19,-5,2,-3,3,8,-6,0,-3,8,26,-46,-23,26,-1,24,16,-11,-22,9,-21,-11,-5,4,1,25,-14,11,-19,-12,8,-18,-14,-24,-12,-32,-14,-19,-12,-1,9,-10,18,-16,-24,-1,-12,-11,-13,4,-18,-2,14,-7,7,-9,1,1,-4,3,-9,6,-7,15,-10,-6,-9,-4,1,-4,-3,0,-9,-29,25,-54,6,-1,16,-27,-16,-26,-25,-4,39,15,-4,-23,7,33,-2,-17,-1,-9,29,-25,2,-27,-27,-36,-42,-31,-41,12,-18,-16,32,-19,-15,-11,-13,-19,-16,34,-26,7,5,-6,16,-18,-6,0,-25,-7,-12,-18,-39,-8,-21,-18,-20,-10,-14,-12,-13,-2,-25
-1,-1,1,1,0,-2,1,1,4,0,3,6,-1,5,5,3,2,6,-1,13,-7,5,1,0,4,5,0,9,0,7,10,-2,8,3,9,4,-13,-3,1,-3,20,16,7,15,-13,-9,-6,4,-3,9,27,10,27,-3,18,2,-1,-2,0,1,0,0,1,-2,6,-2,-5,-1,0,1,3,2,-1,5,-2,9,0,-4,-5,1,-4,1,-2,6,11,-3,9,-5,13,-10,2,20,-6,18,7,10,15,7,11,11,-14,-30,10,-8,6,1,30,21,13,-3,-24,10,10,-16,-1,24,30,20,14,-15,5,9,-10,16,15,15,-8,-5,0,-16,2,-5,-4,7,7,14,7,5,-1,2,-3,9,4,15,0,3,0,10,-7,10,18,11,2,-2,3,19,5,17,16,7,16,-2,10,22,-1,3,-1,-9,14,18,3,27,0,-1,-4,-10,14,-6,29,1,20,-5,-6,4,12,14,8,17,-8,5,1,-6,4,3,4,5,8,0,-2,-1,3,1,18,-9,31,8,4,3,5,5,19,11,7,2,7,7,0,6,3,4,20,-1,2,9,-19,8,10,8,17,3,27,9,12,15,22,7,17,28,-1,12,4,13,11,15,21,16,15,5,-2,22,15,14,44,3,3,4,3,-7,-4,2,3,15,-5,9,5,4,-1,-9,15,0,5,9,0,5,-3,-3,-2,3,6,7,-9,9,-20,7,-22,0,4,6,2,5,10,5,7,-2,2,2,16,7,21,-8,10,11,4,1,25,-3,28,-11,7,-5,3,0,-7,31,38,20,17,-5,11,4,2,0,2,2,-2,-2,-1,2,-6,1,-8,2,21,1,9,-13,3,7,-5,4,-1,-1,2,-2,-1,-1,1,3,-1,2,2,-2,-1,-3,1,2,-2,-3,-1,-1,-1,1,-1,-5,-1,0,-3,-1,-2,1,0,3,0,-5,-1,0,0,-2,1,1,-1,1,-1,-1,1,-5,-6,2,5,-5,4,-17,1,-4,-7,5,-7,-15,9,-8,-14,5,-17,-9,0,-9,16,-6,-19,-3,12,-6,-11,-17,3,-15,-5,-11,7,-2,6,3,-2,-2,-4,1,-3,-11,-3,-4,-9,-4,-2,-6,1,2,1,-12,-8,-3,-3,-3,-14,1,-12,6,-4,-6,-10,1,-1,-8,5,-9,-15,-7,2,-10,2,0,5,-13,18,0,-12,2,-9,-22,0,-4,6,-3,-16,-7,9,-8,4,-17,-17,-16,-2,-10,4,-8,9,3,-12,-4,-4,6,-1,-10,1,-10,3,-4,-6,6,-4,-2,-3,-16,-6,-8,2,3,-1,-6,-10,-2,5,-3,-1,-35,4,4,18,-43,-14,-33,-10,-1,-3,-2,-5,11,11,-10,-1,6,-1,-14,2,9,12,-2,-6,-9,21,-14,7,-16,-6,-7,-1,-18,11,-17,22,12,-10,15,-3,4,0,-13,5,-7,-10,-10,1,5,19,-23,-4,-14,-6,-8,-3,0,-3,6,-10,-3,-3,-3,9,0,23,-51,26,-47,-37,-16,-16,-1,-18,2,20,8,15,-29,-29,22,-12,-42,20,13,27,20,-17,-21,37,-21,29,-34,-30,-41,-17,-29,24,-12,36,39,-57,29,-4,30,3,-31,29,-55,-24,-27,15,34,25,-30,-1,-8,-45,-24,-25,19,7,11,-25,-3,5,-8
1,2,0,1,1,-2,2,1,1,0,-3,0,-1,-1,-6,-6,-3,-1,-3,0,0,-4,-3,-4,5,-1,7,-5,4,-7,-13,-2,-8,0,-4,8,-19,7,-13,3,-4,-8,-4,5,-7,1,14,3,0,-19,-1,15,4,-5,24,13,2,-1,2,1,-2,0,-2,0,-3,0,1,-2,2,-9,-3,10,7,11,-2,1,0,-5,1,-8,6,6,2,11,-2,-4,4,2,-1,-2,-12,1,2,-6,9,0,-7,-19,-1,3,-18,3,2,-5,10,-3,-7,21,-12,-17,41,-20,10,-13,16,8,-11,3,11,-3,-13,9,19,3,-8,6,-15,9,4,13,3,0,-4,7,6,-2,5,5,-12,9,3,-7,-3,-1,4,7,-2,-6,4,7,5,4,7,9,14,22,-10,-2,3,2,0,-1,19,2,4,-1,5,3,11,-12,3,32,2,5,1,5,9,-1,4,3,9,9,26,-23,-7,13,15,-6,6,4,12,6,9,9,9,5,8,13,8,3,0,4,12,3,14,8,4,10,11,5,-7,-6,12,6,0,-6,15,9,-4,14,24,-7,-16,-13,13,0,0,-4,15,21,8,-21,1,8,-3,4,9,13,-13,-7,12,4,3,3,9,11,-1,3,10,13,27,14,16,21,10,5,6,12,2,6,-2,19,10,8,13,16,1,8,11,-8,-16,6,-15,7,-4,0,11,9,8,5,3,3,-3,30,9,-17,5,19,-11,-2,13,-18,15,4,11,-10,15,-17,30,-2,26,-7,13,0,17,10,0,21,31,2,9,-2,10,27,12,22,17,7,22,5,2,-2,0,-2,2,-1,2,0,0,-4,-10,-14,-20,-3,-5,-13,-1,-3,2,-4,-2,10,-7,-6,-1,-2,1,-3,1,8,1,-2,-2,0,-3,1,-6,1,5,5,1,-5,0,-8,7,-7,6,5,2,-2,-4,-5,6,2,6,7,-2,2,-1,2,0,-1,-2,1,-2,-1,10,7,6,4,-2,3,10,-2,-9,-15,-29,0,8,-20,-10,-24,-2,-6,8,-28,-14,-6,-4,4,-2,-11,-10,23,-11,-17,-10,9,2,14,-14,-8,-11,-5,1,-12,-5,-12,16,-11,2,-11,-7,-3,-3,-7,9,-1,-18,-4,-4,3,-8,1,-11,9,-8,9,-4,-2,6,5,-1,9,-1,6,8,-12,-9,-6,-9,10,3,-30,-15,-14,3,-15,1,-14,-9,-13,-5,-8,7,-14,-10,2,-8,-7,-9,15,-7,7,-16,-5,-10,1,-8,-16,-3,-16,16,-15,-2,-2,-11,-6,-15,-5,5,6,-19,-18,1,-4,-3,-5,-1,2,0,-12,1,-11,5,-1,-16,-12,-18,-5,16,-19,-3,-15,14,15,-4,-24,-12,-8,1,-15,3,-8,-32,-21,-18,-4,4,-24,-15,8,-16,-37,-7,17,5,5,-17,-5,-27,-21,-7,-19,-24,-20,6,-10,-13,-8,-7,-14,-17,-8,13,-3,-1,5,-6,-1,-3,-20,1,5,-9,5,6,-18,0,-4,-22,-15,-19,-15,1,-59,-27,-63,0,17,-1,-57,-38,-26,-8,-22,-26,-33,-39,-33,-31,-32,7,-64,-35,-1,-51,-26,-29,22,-14,6,-25,-21,-37,-37,3,-24,-26,-39,15,-24,-31,-35,-14,-1,-26,-22,25,-19,-11,-31,-10,-1,-1,-21,11,6,7,12
2,2,2,1,-2,-2,-2,2,1,2,2,-2,-6,-16,-13,-12,2,2,-1,-1,-6,-13,-11,-8,-1,-4,-2,-5,-5,-8,-9,-5,-4,-3,-4,-3,-4,-4,-5,-1,-4,0,-5,-4,-3,-2,-3,-1,0,2,2,-8,-6,-7,-8,-6,0,-2,1,-1,0,0,-2,-1,16,-3,3,-2,-4,-11,-9,-9,1,3,4,-4,-6,-5,-17,-11,2,3,-3,-1,-5,-5,-7,-10,4,1,2,-1,-3,-8,-8,-12,7,3,-1,1,0,-5,-2,-15,9,0,4,4,-2,-6,-10,-13,9,5,4,3,-2,-7,-10,-18,9,9,8,2,3,-5,-11,-16,-4,-10,-7,-9,-4,-6,-3,-9,-8,-9,-11,-8,-14,-7,-12,-9,-4,-3,-8,-12,-10,-10,-5,-10,-6,-5,-5,-5,-10,-10,-11,-8,-10,-7,-9,-6,-8,-12,-8,-12,-3,-5,-4,-7,-5,-4,-11,-7,-10,-7,-7,-3,-5,-11,-7,-13,-2,-6,-9,-4,-6,-5,-7,-5,-7,0,0,0,1,-10,-2,-4,-5,-3,0,4,-1,-3,-1,-4,0,-2,-1,4,-6,-5,-4,-4,-4,-2,-3,-6,-7,-9,-4,1,-2,-3,1,2,-2,-4,-4,-1,0,2,-1,3,0,-1,-2,5,2,3,4,3,-1,-4,3,0,-1,3,6,7,1,-1,0,2,30,-16,5,-4,-12,-11,6,-9,7,7,9,3,5,4,-18,18,-7,24,7,9,20,22,7,3,-6,-22,18,23,28,13,4,23,-6,3,-20,36,-14,8,16,11,8,-11,-4,15,12,17,29,26,7,-12,3,6,7,-17,26,17,-5,17,-5,16,4,-12,4,10,0,0,-2,-1,-2,-1,0,-1,-21,-33,-46,-33,-26,-41,-39,-40,-13,-6,-17,-25,-41,-42,-57,-43,-6,-5,-7,-15,-37,-45,-55,-47,-6,-1,-6,-12,-27,-40,-45,-42,-3,-2,-4,-9,-24,-40,-40,-35,-5,0,-5,-9,-18,-31,-40,-32,1,2,2,-1,2,-2,2,2,-2,-8,0,-2,4,9,8,12,-3,-3,-1,0,6,3,11,12,-2,3,1,2,6,14,9,6,-4,-2,1,1,7,4,7,9,-3,2,0,4,4,5,9,9,0,1,3,6,3,8,6,7,-2,1,2,6,3,6,8,6,-2,0,1,2,6,3,7,5,7,6,5,-5,3,4,4,4,1,1,0,-1,-2,8,-1,5,4,-6,0,0,5,2,3,-4,-2,0,-3,4,5,1,6,6,-2,-3,4,1,2,6,4,2,0,4,0,5,-1,2,2,4,4,2,7,0,4,-3,3,-1,1,9,1,5,-2,2,-3,0,1,-1,-6,0,2,-1,2,2,-4,0,-5,2,0,-2,-2,1,-1,0,-2,-1,1,1,2,-1,-1,-6,-2,-5,1,-3,-1,0,-4,-2,-5,-1,6,1,4,1,-3,-3,0,-1,4,-2,-1,0,0,-3,-1,0,2,0,-2,0,-3,-1,-1,0,2,-1,-1,3,-13,-10,-12,-12,-15,-13,-14,-18,-19,-22,-14,-11,-18,-16,-13,-12,-22,-15,-17,-13,-18,-16,-18,-14,-24,-25,-21,-28,-23,-26,-12,-14,-22,-23,-21,-25,-17,-30,-20,-11,-28,-23,-15,-18,-23,-29,-24,-19,-29,-15,-23,-28,-22,-32,-20,-22,-26,-22,-26,-23,-25,-33,-26,-16
-3,0,3,0,1,1,0,2,-2,1,3,1,-9,-8,-1,-2,0,7,-3,-4,-10,-9,0,0,-1,2,4,5,-13,3,5,-1,13,-2,12,5,-25,14,1,9,-12,7,-30,3,24,2,5,-5,6,6,25,-3,0,5,12,10,-2,2,-2,-1,2,-1,2,1,7,1,-1,-1,-2,-6,3,-10,-9,7,7,6,5,-3,-4,8,4,-8,0,-13,6,6,-1,1,8,-2,7,14,-12,4,-4,-2,2,0,12,5,-16,5,6,-6,-4,9,2,0,7,4,18,-8,7,12,10,3,10,6,6,0,6,7,3,21,0,2,0,5,-6,5,2,6,-3,3,-14,7,3,0,7,7,1,1,10,3,-2,5,-17,9,-2,2,6,4,8,-10,2,10,-11,6,-7,6,-2,15,-15,-7,-20,7,9,-1,8,4,12,-6,27,-1,1,3,-4,12,7,6,-3,-10,15,8,7,-11,14,15,16,-21,6,6,8,7,12,-2,14,1,6,8,1,0,15,2,17,-5,13,12,2,-1,9,8,9,7,2,12,11,6,12,14,-5,-21,-3,-17,-10,10,12,11,-2,-1,-3,-7,2,11,15,13,-2,-5,5,10,6,1,4,11,-8,11,-3,15,7,0,17,12,25,1,2,1,13,19,22,11,17,12,5,17,10,16,22,16,21,12,18,26,20,19,11,19,11,17,7,4,18,3,5,16,15,-17,13,3,11,37,-2,7,-9,15,-6,22,9,-39,14,7,39,-4,25,0,-11,15,11,-12,7,2,3,7,-1,-29,9,-1,6,5,15,6,2,-2,-2,-1,1,-1,0,2,-12,-3,21,-3,-11,-3,18,-21,-7,-6,2,-10,-6,-25,3,-4,1,-5,1,6,-19,-8,-2,-3,0,-3,-3,3,-19,7,6,2,-3,3,-10,13,8,6,8,0,-1,-14,0,-20,1,-7,5,-1,0,2,2,0,1,0,0,2,4,2,4,7,-9,-3,5,-1,-17,-10,0,2,-12,-5,-1,-1,-4,-6,-14,-17,-23,0,-6,-6,5,-4,2,-26,-17,-24,-12,-4,0,-1,-11,-5,-15,-13,-1,-7,0,10,-4,-14,13,-15,4,-6,-2,-10,-9,0,-12,0,-13,5,7,2,-1,0,0,-6,-6,2,0,11,0,-7,-4,4,-13,-1,-5,-9,8,3,11,-16,-2,-12,-1,0,2,-10,-18,0,-23,0,-3,-5,1,-13,-24,-16,4,10,1,-4,-7,-5,3,-13,-5,-8,-7,15,-16,-6,22,-10,1,-2,-17,-18,8,-17,4,-4,-8,-6,-13,6,-13,7,-1,3,-2,-1,-10,1,-11,-13,-3,-19,-4,-13,-16,-1,-5,-11,-10,-20,-11,-2,1,-3,-7,-19,-9,-11,-12,-12,12,-14,-1,-25,-26,-9,-4,11,3,-8,-13,-9,-6,-6,-2,-10,4,13,4,-14,2,-5,6,3,-16,-17,-13,-4,-18,-8,-8,-9,1,-7,-5,1,-4,1,-2,2,-28,22,5,11,-21,-30,4,-12,-26,-11,10,-36,-21,-43,-35,-3,-19,11,-18,-9,-18,-21,-32,-6,9,2,14,-62,-17,-25,-22,9,3,-12,1,-17,1,-2,-12,5,-4,25,-20,-11,5,-7,-3,6,-6,-22,3,0,-4,-13,-27,1,-15,-4,3,3,-10,-3,-7,16
-2,1,-2,-2,-1,2,-1,0,-3,4,8,3,-1,8,-5,8,-4,1,6,-5,6,-5,-3,-3,-5,5,11,-4,5,-8,-11,0,8,1,-1,21,-1,18,-1,0,-19,14,2,-13,-4,-14,3,-11,28,-3,-2,-3,5,13,-11,-1,1,-2,-1,-1,2,-2,-1,1,-20,6,7,-1,12,21,-3,-4,-3,6,12,1,3,0,-21,0,5,1,5,-10,-1,4,-10,-12,-3,19,7,-8,-3,6,0,7,3,7,-8,-14,7,4,-5,-9,11,0,16,-10,-1,-1,-36,5,15,-3,-4,4,27,-7,1,-5,13,4,1,23,-3,3,-12,4,-2,6,6,-8,14,8,17,8,13,12,11,2,5,15,8,-1,-3,3,0,0,14,0,11,11,7,12,7,0,13,1,-3,9,-3,1,15,8,1,18,-3,2,-6,9,1,-8,9,-17,6,-11,12,11,-5,-3,11,21,1,10,-7,-1,5,12,21,12,10,-1,7,-1,-2,11,1,3,3,5,0,5,-10,19,19,-4,14,3,2,3,5,12,-5,9,-5,10,-3,0,-6,1,5,3,-14,11,-1,12,3,5,5,-9,0,6,-4,-16,12,26,-13,-1,-1,7,-15,-13,-7,-5,0,-13,8,-4,2,8,-4,-2,-6,12,-9,4,6,6,6,6,11,13,23,7,-1,13,2,8,6,15,6,-5,-12,0,5,3,2,11,5,5,7,2,4,-4,11,-7,-12,9,-3,7,2,2,-5,2,-11,11,-24,-18,-5,24,5,-9,4,-3,-8,-7,-14,3,19,30,-7,-5,2,-1,-6,21,-12,2,-7,3,-1,-1,-1,-1,0,2,2,2,-13,-6,8,11,-3,-17,5,17,-2,-5,-6,2,1,-5,5,-2,2,1,1,2,-2,-5,-2,-1,-2,1,-5,2,3,-1,-4,1,-3,0,-1,-3,1,3,0,1,1,-5,1,-4,2,2,-1,-1,-2,-2,-1,1,0,2,-1,2,-4,-1,-3,-3,-8,-12,-6,-6,9,-6,-9,1,-17,4,-5,11,5,-18,-29,-6,2,-17,16,-19,-10,-1,-21,6,-19,-24,-14,-14,-1,5,-11,17,-10,-10,-12,-15,-2,-1,0,-13,15,-1,-1,-1,4,-18,7,-3,-8,-2,-10,-4,-8,-3,3,-2,4,1,-2,-4,-5,5,2,-24,0,-14,-34,-13,1,-18,-2,7,-17,9,-5,23,8,-12,-21,1,12,-27,11,-25,-3,-15,-8,28,-20,-14,-22,-1,-4,-6,-17,13,-13,-9,-19,-14,-7,2,1,-11,17,-5,7,-3,-7,-6,-2,-6,-10,2,-6,8,-4,-2,-2,-5,-6,-4,8,0,9,18,-6,-12,-3,-7,-8,1,3,-6,-19,7,-12,-10,-4,26,23,-21,-3,17,16,-20,24,-7,-13,-18,-20,35,-17,-31,-14,-14,5,-13,-8,35,-32,-10,-13,-22,-5,9,11,-11,22,-13,14,-3,2,-15,-4,-4,-15,1,-17,-9,-9,-4,0,-1,-4,-2,0,-7,-14,16,-8,1,7,-19,-37,-16,-25,-22,-39,34,-16,-14,-5,35,23,-19,-34,22,17,-50,28,-57,-28,-40,-52,38,-46,-77,-52,-39,-16,-24,-46,42,-83,-21,-34,-33,-33,1,8,-24,21,-41,13,-8,5,-44,-17,-20,-28,-25,-40,-22,-48,-5,-4,-10,-16,-18,-23,-15
1,-1,2,1,0,1,0,-1,3,5,5,9,9,4,-32,-36,3,4,3,3,7,5,-28,-26,2,4,5,5,7,4,10,-19,2,2,3,3,3,1,3,5,0,-1,-4,-1,1,2,-3,0,8,2,-2,-11,-4,3,10,-9,-1,-1,2,0,2,-2,1,-1,16,8,8,11,4,-1,-19,0,8,10,12,5,3,3,-15,-5,12,13,9,13,5,4,-15,-9,10,8,9,6,6,-4,6,-7,12,7,9,8,2,3,1,-3,10,11,13,8,4,2,-1,2,7,13,10,9,5,8,-1,0,8,9,10,6,12,4,18,1,2,8,2,5,-8,-18,-9,1,7,6,6,2,6,-6,-19,-12,5,6,-1,5,1,-4,-16,-15,6,1,6,0,-2,-7,1,-9,0,2,-1,3,-5,3,1,6,4,1,-6,-12,0,-5,1,-2,-1,-4,-14,3,1,4,0,3,3,-10,0,-10,6,5,9,3,14,13,14,15,13,19,2,1,12,8,4,5,5,3,-3,-12,3,11,7,1,-1,2,-7,-3,9,7,10,3,-3,-1,-5,2,6,9,7,4,5,12,-3,5,6,11,6,4,13,16,8,8,3,1,3,6,1,5,2,3,7,5,11,0,2,0,0,5,14,28,25,33,34,11,20,4,7,-2,30,16,14,22,8,23,4,27,15,23,29,8,-5,-2,6,22,9,-1,13,-3,1,-4,16,4,3,11,0,-17,-12,15,1,22,22,24,-16,10,-6,16,0,15,4,14,-4,0,-6,-19,1,-4,3,-4,-2,8,3,12,-1,2,-2,1,-2,-2,0,1,4,4,5,-6,-16,-9,-42,-23,-15,3,1,-2,-6,-9,-35,-67,-7,-4,-3,-3,-2,-1,-28,-47,-5,-4,-2,-5,-1,1,-4,-33,-5,-5,-5,-7,-3,-2,-4,-10,-5,-4,-2,-6,-3,1,-5,-7,2,-1,1,1,0,-1,-2,2,-7,-26,-19,-21,-13,-13,-23,-15,-18,-22,-27,-11,-19,-9,-24,-20,-25,-24,-21,-18,-16,-1,-12,-24,-17,-20,-17,-17,-12,-11,-5,-10,-11,-17,-15,-11,-12,-9,-14,-4,-14,-12,-13,-16,-10,-8,-13,-8,-12,-16,-14,-13,-11,-12,-12,-16,-13,-14,-15,-10,-16,-13,-7,-16,-14,-15,-20,-6,-11,-10,-14,-4,-13,-10,-21,-9,-18,-9,1,-6,-9,-19,-9,-9,-14,-3,-10,-8,-20,-14,-12,-13,-8,-5,-9,-14,-16,-14,-8,-6,-1,-8,-17,-10,-10,-4,-8,-3,-13,-6,-19,-7,-10,-7,-9,-9,-9,-15,-13,-15,-11,-6,-6,-7,-11,-7,-7,-9,-8,-2,-9,-8,-10,-7,-13,1,-5,-4,-5,-10,-9,1,-15,-3,-7,-6,-9,-10,-11,-4,-16,-11,-11,-15,-12,-9,-8,-17,7,-3,-11,-9,-13,-11,-10,-6,1,5,-9,-9,-8,-15,-6,-7,3,1,-10,-14,-11,-10,-8,-2,5,-1,-11,-12,-8,-12,-11,-5,3,3,-11,-4,-13,-8,-6,-14,-7,-13,-11,-11,-14,-8,-19,-1,-19,2,-17,-13,-32,-9,-5,-17,5,-19,-18,-26,-5,-13,-23,-18,15,-1,-19,-21,-23,3,-5,7,-4,2,-12,-22,-8,-9,-4,0,-1,17,-21,-24,-3,5,-6,0,-4,-5,-5,-8,-13,0,-7,-4,-13,-5
-1,1,2,1,-2,-1,-1,-2,2,2,5,4,4,2,3,1,3,2,5,4,4,4,2,3,3,5,6,6,5,5,6,3,3,7,6,6,7,5,6,4,6,5,2,4,4,5,6,2,-3,-9,-10,-5,-3,-1,-5,-13,1,0,-1,-2,0,2,-1,2,7,10,6,12,7,13,10,10,10,12,12,12,10,11,14,15,10,8,8,9,9,10,11,10,8,8,10,9,9,7,14,10,12,8,9,9,11,12,11,9,10,10,12,13,13,9,16,7,7,4,16,8,14,10,12,10,7,3,-17,11,-5,5,11,12,10,12,11,10,7,12,7,17,15,12,12,9,14,11,14,5,11,11,8,10,11,12,8,14,11,9,14,10,13,9,13,8,7,10,12,14,9,11,11,14,11,14,13,13,13,8,15,10,11,12,7,13,11,17,10,14,15,7,11,14,9,9,12,9,13,16,14,15,12,15,17,17,13,13,11,16,18,11,13,13,14,14,15,15,8,16,19,16,15,23,15,12,9,16,17,17,20,24,15,16,19,26,15,15,16,11,11,11,16,21,11,14,16,16,-6,14,-20,18,13,21,20,19,13,13,17,24,16,20,37,42,40,38,34,40,37,39,42,36,36,35,40,36,33,32,35,41,38,36,37,38,38,39,39,40,36,35,36,38,39,31,44,37,34,37,41,36,25,35,43,35,34,33,26,31,34,39,41,37,34,17,12,39,34,39,39,24,38,42,44,35,40,19,2,0,1,-2,-2,0,2,0,-42,0,-46,0,-49,-4,-37,-5,-1,7,-5,-5,0,-2,1,0,-1,0,-2,-2,-2,-3,1,-2,-2,0,-3,-2,0,-1,1,-2,-2,-2,-2,-2,-2,-1,-3,-3,-2,-2,-2,-3,-2,-3,-4,-3,-2,1,-2,3,1,-2,0,-2,2,2,-11,-16,2,-8,-18,-16,-12,-2,0,-3,-37,-39,-4,0,3,-10,-50,-5,17,3,-38,-19,-12,-1,-5,-10,-9,-17,-5,-5,-12,-6,-8,-3,-5,-5,-5,-8,-10,-10,-10,-12,-11,-13,-8,-11,-10,-6,-14,-12,-10,-12,-11,-12,-6,-12,-13,-14,-14,-10,-12,-6,-4,-6,-3,-11,-9,-15,-11,-10,-9,-4,-6,-5,-16,-9,-7,-11,-6,-8,-22,-6,-8,-5,-10,0,-7,-7,-9,-6,-3,-8,-12,-9,-8,-5,-8,-6,-7,-6,-9,-14,-8,-8,-9,-12,-8,-10,-6,-12,-9,-10,-10,-11,-12,-9,-13,-16,-11,-12,-10,-9,-14,-12,-9,-10,-14,-15,-13,-17,-16,-16,-15,-21,-12,-11,-15,-16,-17,-14,-14,-15,-13,-13,-16,-12,-13,-14,-17,-11,-14,-11,-15,-16,-15,-14,-17,-15,-10,-14,-11,-8,-15,-12,-14,-10,-11,-13,-12,-14,-13,-13,-13,-16,-9,-9,-10,-15,-15,-13,-14,-15,-11,-10,-10,-13,-13,-11,-10,-12,-43,-49,-45,-39,-46,-57,-44,-64,-36,-39,-51,-74,-44,-37,-49,-57,-44,-43,-49,-43,-44,-47,-38,-39,-33,-38,-41,-41,-45,-38,-44,-35,-36,-36,-35,-34,-35,-35,-35,-37,-34,-33,-36,-37,-40,-36,-34,-35,-38,-32,-32,-33,-37,-38,-36,-36,-35,-33,-33,-35,-39,-33,-32,-31
-1,0,-2,0,2,-1,-1,-2,-3,3,-3,-9,-5,3,0,0,-5,7,-5,-7,-4,-1,0,4,8,-3,0,-3,-6,-3,-3,-1,-5,0,-10,-4,-11,11,20,-4,-9,-21,-13,-13,-1,-7,-18,-11,-25,-23,29,-10,-6,-23,-9,-2,1,-1,1,0,2,2,2,-2,-3,7,-4,-1,12,-5,0,5,-14,-31,15,-5,-6,-3,-1,-6,5,9,3,-11,0,-1,-1,2,-3,-14,5,16,-12,-1,1,5,-13,-7,-6,-6,-14,-16,6,-6,7,-10,17,-13,5,-12,-7,-7,-1,22,-9,0,-29,10,-12,-2,6,5,-23,11,-14,6,-7,-8,1,-2,10,9,-4,5,-1,3,0,9,6,2,-5,-5,0,-8,-1,12,6,1,-3,-4,6,6,-1,0,-5,-14,-2,4,1,-5,-5,-11,-8,12,-1,16,10,3,-5,1,-20,1,-2,-3,4,-11,-8,-20,23,-1,8,-6,-4,4,1,-18,0,4,-27,2,3,1,9,10,4,5,8,5,8,8,19,0,18,20,18,14,7,9,0,11,4,-16,6,-10,-1,4,4,-15,-20,-10,2,4,4,5,10,9,1,-3,-1,-3,-1,3,10,14,-6,0,7,11,4,15,4,4,-20,-6,-11,0,-3,11,12,-14,-19,-1,21,3,-10,12,-3,8,14,9,4,15,-16,10,20,8,24,16,8,6,-6,-7,-5,25,18,15,6,2,4,-1,12,6,6,-5,21,0,4,18,13,-19,-2,13,9,21,14,-8,0,37,12,12,-13,-12,5,-4,6,26,15,-30,19,20,-24,21,9,8,19,21,23,12,-5,-21,0,1,0,1,-1,-2,-2,0,-12,-3,-1,-6,5,-7,-4,-1,3,-9,-4,-9,-7,-6,3,0,-3,4,-7,-4,1,-1,7,1,3,6,-3,-5,-3,3,-2,3,2,0,-2,3,-3,3,1,3,-3,-5,-8,2,-5,-3,3,0,-2,-1,-1,1,2,2,-2,-3,3,-7,2,-1,-5,8,-14,-5,1,17,7,2,-4,4,-10,-9,6,-9,-14,-12,-11,-13,-14,0,7,-28,-25,-23,-13,2,0,-8,-1,16,-8,-7,-5,2,-5,-8,-13,-11,-7,-11,2,3,-2,4,-8,-10,-8,-3,-8,-8,1,-4,-1,1,4,-2,-10,-11,-4,2,6,-18,-3,-12,16,-27,5,-7,-10,8,10,7,14,-9,9,4,19,-27,-18,-15,1,-20,-4,-2,-2,-11,-9,-14,-30,7,3,-12,-2,15,-12,-28,-7,-7,-6,-8,-8,-17,-12,-16,2,3,-4,5,-18,-21,-11,-5,-8,-16,-6,-4,-11,4,-5,8,-13,-4,-19,3,16,-14,-30,-24,15,-16,-14,9,6,6,13,2,12,-34,0,-6,23,-34,-46,-30,3,-2,-15,-5,6,-14,-23,-11,-9,-13,-7,-25,8,23,-31,-21,-19,-12,4,-15,-2,-16,-15,-22,16,-15,3,10,-15,-21,-12,-15,-10,-3,-19,3,-2,8,-22,7,-18,-10,3,-5,12,-15,-28,-39,13,-36,-18,5,5,24,26,4,13,-22,13,-3,36,-47,-45,-28,-7,-30,-17,-4,9,-28,-36,-51,-50,-68,-15,-31,2,23,-34,-49,-26,-20,-32,-39,-37,-34,-17,-41,28,-3,0,19,-28,-33,-26,-14,-21,-10,-20,-5,-23,5,-42,3,-21,-9,-26,6
2,2,2,-2,1,-1,-1,-1,-3,7,3,5,-1,-1,1,-5,0,-4,2,0,3,1,2,-8,-1,-1,-7,-4,4,5,12,-3,-1,-5,-4,8,1,3,-9,-2,-7,8,-13,2,9,5,13,13,-17,-46,11,3,7,10,-4,17,0,2,3,-2,-2,2,0,0,0,7,-5,17,0,5,2,5,6,-2,-1,-2,4,5,8,1,1,7,-4,-2,-3,12,18,-4,14,2,7,0,8,16,0,5,-18,3,9,6,-6,10,13,4,-10,-30,-2,-29,22,-5,17,-7,2,-12,-11,-32,-15,35,25,-15,-5,-35,-10,7,18,3,14,-4,19,-15,16,3,18,7,-26,-3,7,15,6,5,6,13,0,-14,0,-8,12,5,14,0,-3,2,-2,0,0,13,2,-14,23,12,-9,3,8,-8,9,3,-12,2,-5,3,-5,-20,1,27,-6,21,2,-36,-12,10,-4,11,24,-11,-4,-15,2,-7,7,-9,4,20,10,5,4,8,-1,5,5,4,8,-5,13,11,10,-7,-2,17,-2,13,2,8,-1,-12,-5,0,-3,-1,-4,0,-4,-17,15,-10,0,-10,-12,10,3,-2,3,7,-4,9,9,17,6,-17,7,9,5,9,-9,17,13,1,-25,18,18,2,-2,1,13,-8,12,0,32,7,23,2,11,0,7,4,26,9,12,-6,3,1,-4,2,-1,12,18,10,-7,-6,-10,28,-8,14,-8,7,15,-8,31,4,22,-4,13,-6,14,0,16,23,5,-4,21,-12,15,29,17,9,14,-17,-7,21,23,15,14,5,-2,23,17,16,-2,5,32,-2,-2,-2,0,2,1,-2,0,-1,-7,-15,5,9,-5,21,-3,-45,-8,-2,2,-4,-3,-1,-7,-5,2,3,-7,-3,5,0,1,-4,-1,2,-5,-3,6,-2,-6,0,-1,-2,0,3,-1,-1,-3,4,0,0,-2,1,-2,-1,-2,3,2,-1,1,2,0,0,2,0,-5,7,2,1,-8,0,-24,-15,-12,14,-19,15,-9,-16,-2,-6,10,-28,16,-7,-2,3,-13,8,-9,-6,-12,9,14,-20,-8,10,-2,-3,-15,-2,5,3,-10,6,-4,-3,-5,-9,7,-11,-6,-11,-2,-12,-4,2,-3,-3,-5,-7,3,-7,-10,2,2,-8,-5,11,-2,0,2,-20,-8,-11,-18,-8,-13,13,-14,-19,-13,7,2,-4,-9,-30,9,5,-1,-28,-3,-9,-16,-6,-31,12,7,-16,-14,15,-9,-6,-6,-2,0,7,-19,7,-4,-4,-6,-7,4,-3,-13,-14,-17,-12,7,-5,-5,-5,0,4,-17,-19,-7,-4,1,-3,-4,-12,-5,-10,5,-47,-31,0,-12,-10,-13,29,-8,11,9,4,0,-18,3,-16,16,3,4,-9,-18,-9,-14,-1,-29,12,-17,-45,-24,-2,-4,-7,-16,-16,4,4,-14,11,-6,1,-14,-13,18,-3,-17,-7,2,-16,3,-1,-13,-2,11,2,-7,-6,-13,6,2,-2,-7,4,-8,2,-27,-18,-38,-42,-51,2,-18,40,-26,30,-7,-8,-18,-44,25,-63,31,2,-3,-70,-48,-6,-39,-43,-68,12,-30,-58,-57,21,-28,-42,-41,-25,8,7,-10,26,-16,-23,-42,-29,31,-29,-32,-2,-6,-42,-8,-25,-24,-23,25,-22,-22,-24,-38,-7,-20,-7,-43,12
2,1,-2,1,0,1,-1,2,-1,-2,-3,-3,4,-1,3,-5,-3,-4,-3,6,2,5,-4,-1,-2,-3,-4,1,10,37,-13,1,-3,-6,-7,-7,8,9,0,3,1,0,-10,-8,4,-1,6,-4,-11,-7,4,-8,4,-6,13,2,0,2,1,2,-1,-1,-1,-2,-3,-1,2,4,-2,5,-2,3,0,-5,2,-4,-1,2,-6,-2,-3,0,-1,-1,6,3,-5,2,1,-4,-5,-4,-4,6,8,-16,3,1,-10,-9,-3,9,-3,7,-7,-11,-1,-1,2,-8,-3,0,-7,4,-16,3,9,2,-3,-3,-11,-4,7,-3,2,9,-10,1,6,1,6,0,2,-1,-1,-2,9,1,2,4,-3,-4,-1,-8,1,8,7,11,2,5,-7,14,2,-4,-3,-2,6,13,4,6,1,6,-9,-1,6,15,1,2,2,2,2,-11,17,-3,2,-3,-8,-8,8,18,-13,17,6,4,5,-9,12,6,1,5,8,8,3,2,1,8,2,-2,2,3,0,8,6,-7,4,0,9,5,0,-5,4,2,-1,-4,5,-1,-11,13,11,7,6,5,15,-14,-8,13,14,4,-2,-30,11,11,3,11,10,19,2,-23,15,-1,1,12,17,23,6,-8,17,11,-4,17,7,12,8,6,6,4,25,7,15,11,12,5,22,0,24,10,12,11,14,6,11,22,-3,18,26,24,10,24,6,20,8,10,15,25,26,28,22,1,13,34,4,26,16,10,15,14,12,17,41,4,15,0,15,10,-6,9,38,17,-15,1,9,7,4,23,23,18,18,-3,11,7,1,-2,0,2,1,0,0,0,-13,-11,-18,-6,-26,-14,3,-9,-5,-6,-9,-3,-4,-5,4,-3,-4,-4,-3,-7,-3,-8,9,0,-3,-3,-1,-5,-16,-36,17,-5,0,0,-3,-1,-15,-21,7,0,-1,-3,1,0,-10,-13,3,0,3,1,0,0,1,-2,0,-2,-10,-8,-10,-6,0,-7,-12,-2,-3,1,-3,-15,-13,-16,-6,6,2,-2,-7,9,-6,1,-27,-4,-2,-1,0,-14,3,-1,2,-8,1,-6,-4,-3,8,-36,16,-29,-1,0,-2,-11,5,-7,7,-22,4,-1,0,8,-7,2,-21,0,5,3,1,0,-2,-2,-7,6,-17,-7,0,-2,-5,-14,-11,0,-10,-7,-5,3,-17,1,3,3,3,-7,-4,-12,8,-12,2,-18,-6,6,-5,-2,-13,-37,-19,0,1,-11,-2,-6,-3,-35,19,-10,-7,-7,-6,-6,-6,-9,5,8,3,-3,3,-12,1,-14,-8,-8,-2,-8,-5,-6,-5,1,-1,-14,-5,-7,4,-7,-12,-4,2,-6,6,-2,8,-3,-5,-8,4,4,-5,-7,-13,-10,-11,-35,-10,-13,-6,-4,-3,-6,-5,-43,4,-8,-6,-12,-9,-1,5,3,12,-9,-11,-5,-6,-7,8,-7,16,-5,0,0,-1,1,-10,-16,7,3,-2,-3,4,-1,-8,-13,4,2,-28,-5,-8,-77,-31,-22,-26,-33,-12,-21,-18,9,-38,-25,-64,-12,-16,-9,-56,-29,-14,-64,-41,-46,-15,-22,-7,-44,-57,-35,-35,-31,-12,-27,-14,4,3,-38,25,-31,-25,-11,-69,-6,-3,-22,14,-15,-14,1,-7,-6,-18,-24,-7,-16,-19,-16,7,-2,-15,-19,-2,-26
-2,0,-1,0,-2,-2,-1,0,-3,-3,4,-1,5,2,-3,2,-2,0,-1,1,1,1,-2,2,-1,3,1,2,2,2,0,1,-5,0,4,3,5,1,5,5,7,3,-4,14,-1,4,2,12,-12,0,19,-10,21,20,-6,-33,0,2,2,2,-1,0,0,3,8,-1,12,-9,-6,9,1,7,0,-8,1,-2,5,2,-8,-1,1,10,-2,3,3,2,3,-1,1,16,4,0,2,-3,10,-1,8,2,-2,2,10,13,8,-2,-5,-2,19,9,11,-13,-17,27,3,35,11,-14,0,16,16,-5,3,5,2,14,-5,-3,-2,-25,2,-1,8,-11,3,-5,-11,3,-7,4,-5,6,1,-6,-2,-1,4,10,-4,0,3,-8,1,-8,9,1,6,-2,4,9,1,8,10,-1,0,-1,3,-2,6,-5,-14,17,-9,-5,-17,11,-2,9,-5,-16,14,2,9,10,10,-8,0,-11,1,4,2,3,-2,-5,7,4,3,-8,3,10,7,4,2,6,5,9,0,8,8,2,8,8,9,24,-2,13,2,8,9,0,16,4,12,-6,9,3,-13,-11,1,17,-2,7,8,15,2,14,2,28,15,17,24,12,-7,-20,2,13,-2,-5,6,11,8,8,18,4,5,11,7,36,13,12,11,5,7,5,15,19,12,9,10,14,6,11,12,18,19,21,9,16,0,16,22,29,9,7,18,13,11,27,33,39,12,8,26,16,-19,21,28,29,22,18,9,6,20,40,36,25,17,-4,14,33,17,42,29,47,22,8,17,26,18,36,30,56,0,2,2,2,1,1,2,-2,12,-14,21,-13,-11,23,-23,4,2,-11,9,-4,4,6,-11,5,-3,-6,-2,6,-5,-6,-1,-2,-1,-2,1,3,4,-4,-5,-9,0,-2,-1,4,1,-3,0,-19,-1,1,5,16,5,-7,-5,-17,2,0,-1,1,0,1,1,1,2,12,14,-8,-10,-1,-8,-1,0,0,-2,-9,-2,-12,-13,-5,8,3,-1,-4,-10,0,-7,-9,7,1,-9,1,-13,-13,-3,0,3,4,-9,2,-6,-10,-14,-14,0,3,1,-1,-11,-6,-7,-7,2,5,4,3,-3,-18,-4,-6,-5,0,-2,-1,-14,-34,-8,-1,3,-2,0,-7,-7,-6,3,-9,-2,-6,-4,-4,-15,8,-19,-14,-1,4,-7,0,-7,-5,0,-11,-3,-7,-6,-1,-5,-9,-3,-5,2,0,-2,-5,-3,-8,-9,-18,-1,2,-4,7,-11,-5,-10,-5,-2,-2,2,6,-5,-15,-8,-20,-5,9,2,14,-5,-19,-34,7,0,-4,12,6,-13,-22,-20,-25,10,-5,0,5,-5,-16,-13,-2,5,2,-2,2,-1,-16,4,-15,2,-5,2,2,-7,-16,-28,-7,-3,3,-8,4,-11,3,-15,-14,-10,-8,-3,-2,-11,-16,-17,4,-2,-2,5,-3,-10,-8,-10,-21,0,-8,-3,21,-4,-19,-7,-23,-7,-8,-6,-54,-43,-18,-17,-14,2,-29,-29,-5,-48,-16,-16,-30,-3,-3,-19,-13,-17,-24,-19,-15,-6,-15,-11,-24,-65,-45,-29,-15,0,-7,-8,-18,-17,-25,-18,-21,6,9,18,5,-39,-9,-30,11,-6,-8,11,-3,-4,-10,-35,-22,5,7,0,34,-11,-36,-6,-33
-2,-1,2,-1,-3,-2,1,2,3,-1,3,-3,1,4,7,4,11,7,2,-4,-1,0,0,0,4,18,-2,4,0,-4,2,-1,-4,6,2,-7,20,-11,20,-1,-5,-6,-6,-16,3,9,-20,5,-3,2,0,10,18,33,35,0,1,2,1,1,-2,2,2,0,-4,-4,-2,2,5,-3,9,-3,8,9,8,10,-1,-3,-14,-6,8,3,-12,11,0,-5,-5,1,-1,13,10,4,18,-6,6,-5,-4,-7,-13,-1,-11,8,7,8,6,6,12,20,8,-3,-14,-3,10,27,-1,21,-9,-8,12,0,6,-1,-5,5,25,-16,18,1,0,-4,8,0,-7,1,-14,5,-8,0,1,12,10,7,12,10,20,6,11,-10,-5,-5,1,-3,-16,25,-3,5,-6,2,4,10,-3,15,4,-3,9,-4,11,15,1,-12,10,15,-10,-5,5,-13,9,-14,2,-5,18,11,12,-2,7,-4,-3,-5,10,28,-9,4,-1,8,4,-2,-1,0,2,2,6,-4,18,10,-13,-7,-2,2,-8,2,9,-13,-11,-4,-2,5,10,22,10,6,-8,-9,-11,-1,3,19,9,1,-16,-5,-17,-7,-3,-1,8,-11,-4,-5,-1,9,4,0,2,-1,1,8,-10,-1,6,8,23,17,-14,12,10,12,11,12,6,1,11,1,4,-7,-13,-3,9,5,5,-5,4,2,5,6,8,-5,5,-11,-7,-1,1,26,-1,15,5,-9,-4,-13,1,11,-2,-12,3,1,4,-4,6,-6,-22,11,-6,-6,-4,-24,10,2,-3,21,14,2,-8,-24,2,10,18,4,-18,10,-5,10,1,0,2,2,-2,2,1,-1,-13,29,1,1,9,-11,-50,-21,-11,-9,-12,-4,-7,-14,-6,-6,-1,0,3,0,5,4,-5,-3,-5,-6,-2,0,0,5,0,-1,1,-2,1,-2,2,4,-4,-3,-1,-2,-1,0,2,1,-2,-2,2,2,2,2,-3,1,2,-2,0,-15,-4,-6,-10,8,-3,6,-25,7,-1,0,-18,2,-11,-10,-17,-9,-48,-19,-8,4,9,10,-13,10,-7,-8,-10,7,-6,-10,11,3,19,-2,-9,7,-17,0,-4,-8,-6,1,-9,2,-18,3,-4,-3,-9,3,-4,3,0,0,10,-3,-8,8,8,-5,-3,-5,-2,0,-5,-6,-14,-2,-8,-2,-13,27,6,-18,-6,-3,-15,-7,-9,-10,-32,-14,1,23,8,22,-16,18,14,-8,-3,-6,-4,-6,5,-9,7,9,-10,-3,-13,-2,-3,-14,5,12,-9,1,-21,8,-8,2,-5,1,-3,0,-2,-14,10,1,5,-3,19,-2,-14,-7,-17,1,-22,3,-4,1,-13,3,-12,17,-5,-17,-7,-14,-6,-24,-12,-16,-22,-14,4,25,10,21,4,34,14,-25,-7,-22,-16,-7,19,-5,25,-4,-25,-11,-49,-5,2,-25,-12,22,-33,24,-21,13,-7,-8,-17,-5,-11,7,6,-6,-1,-2,-4,1,15,1,-4,-2,-19,-8,-11,14,-28,3,-35,8,-47,39,-3,-15,-2,2,-53,-39,-31,-19,-68,-25,-4,25,26,36,-22,34,20,-67,-34,-32,-28,-23,24,15,36,-34,-34,-48,-36,-21,19,-30,-12,27,-34,26,-36,24,-25,-24,-25,-19,-9,2,-2,-12,-23,-10,-10,-4,14,5,-36,-12
0,-2,2,2,0,1,0,1,0,-1,3,-1,5,0,-1,5,3,2,2,-5,-4,-1,-1,1,-1,10,2,0,-1,-5,-2,0,1,-9,-1,42,5,-13,-5,-4,4,-7,6,-22,0,-2,2,-8,-10,-9,-2,6,3,0,-26,2,1,0,-1,0,0,-3,-1,0,2,-4,1,-2,19,3,-3,10,2,2,1,-2,3,9,1,-9,2,29,0,22,-4,-6,-3,-5,12,4,-4,-8,19,30,-8,-3,-1,-6,18,2,1,-12,1,14,20,-10,2,-2,20,-8,-4,-3,-16,33,-13,19,-29,-11,-24,9,-7,6,-22,16,1,-1,4,-2,7,7,-3,-6,1,9,10,-4,-6,-1,10,0,9,6,4,10,6,1,-2,5,0,11,-8,0,-9,5,5,8,3,5,-8,-2,8,2,-11,4,13,-1,4,0,3,4,0,3,-18,-7,8,-11,13,-14,6,8,9,-16,-7,0,-1,-6,3,7,-12,-11,3,10,5,10,9,10,5,2,4,6,14,2,5,10,-6,-2,12,5,6,10,15,-8,17,19,7,13,4,4,13,7,-3,7,6,3,9,15,-4,15,13,4,18,-2,2,10,17,23,8,-9,-35,-6,4,-3,7,-3,-2,6,7,0,4,14,1,0,-1,5,9,-5,9,13,8,11,3,20,7,10,11,2,6,11,12,15,11,-3,14,7,3,9,7,23,0,16,-17,8,7,8,10,14,8,6,10,1,8,4,4,4,7,0,-30,6,-16,7,-13,-23,19,-18,14,5,3,-4,5,8,-7,16,8,9,6,6,9,9,-5,0,-2,-2,-1,2,-2,1,-1,0,14,-9,-17,2,-17,1,2,-10,2,-9,-3,17,-6,-8,6,-5,-5,1,-4,-5,-6,1,-2,-4,-3,0,8,-1,-1,-1,0,-1,0,-5,2,-8,-1,1,-3,-2,-2,0,-1,3,-2,2,-1,-2,-1,0,-1,1,2,2,1,-1,3,3,-9,-3,-5,9,0,0,8,7,-8,-15,-14,-21,8,-7,-2,-18,-9,19,-16,-8,15,-3,-11,-2,-4,-9,-11,-8,-8,-5,-4,-17,18,0,-21,-2,-12,0,-3,-9,-3,-9,13,-6,-10,-7,-5,-8,-6,-3,-2,-5,-4,-2,-4,2,-3,2,-1,0,-1,-11,7,-13,-3,0,-6,-8,-4,-3,-15,-7,1,4,1,-13,15,-6,-11,-29,-10,36,-21,-10,6,-1,0,0,-24,-14,-9,-4,-12,-6,-4,-3,16,-12,-22,-9,-9,-2,-1,-7,-4,-10,13,-2,-14,-12,-12,0,-2,-1,-4,-7,-10,-12,-2,-6,-6,-2,-15,-3,0,-5,6,-18,14,4,-15,-10,-13,-13,-10,-5,-6,-7,6,-5,7,-22,-23,-21,-22,35,-18,-11,14,1,-2,2,-13,-22,-23,-11,-5,-12,1,-18,30,-3,-24,-17,-20,7,-7,0,14,-7,16,1,-23,-15,-9,7,-3,-9,-6,-5,-19,-3,-7,-4,-9,0,-8,-6,-6,-7,6,-42,16,5,-9,-64,-38,-42,-31,-21,-19,-18,-30,-33,11,-43,-52,-61,-22,52,-58,-50,28,-7,-23,-2,-72,-40,-36,-27,-41,-25,-4,-38,40,-24,-58,-40,-42,7,-33,-16,1,-19,25,20,-53,-20,-44,9,-13,-15,-24,-34,-41,-34,-19,-13,-14,-5,-20,-6,-24,-33
-2,0,2,-2,-1,2,-1,1,-1,-4,0,2,2,1,2,1,-4,3,0,0,2,1,0,1,-4,-15,-1,2,1,-1,-1,1,-23,-41,-3,-1,3,0,2,-3,-17,36,2,6,-2,-4,-10,-1,16,15,10,8,-11,-14,-9,-10,1,1,-1,0,2,2,-1,1,0,1,9,8,5,5,0,-2,0,2,3,8,1,1,4,-1,-4,10,-1,0,4,0,0,3,5,-2,-3,-2,5,-1,0,1,32,2,13,-1,1,-4,-3,0,15,-8,8,-3,-5,0,1,-6,-8,23,-3,3,15,4,-6,-11,-19,9,3,7,-28,2,10,1,9,4,4,1,6,4,8,5,2,4,2,7,5,7,8,14,1,2,9,-2,6,6,11,0,-2,0,2,15,6,5,4,13,38,2,15,5,5,9,8,1,9,14,13,5,2,5,0,5,15,12,10,1,0,-5,1,5,3,8,-1,5,-4,-3,-1,5,7,6,6,7,3,6,4,6,4,7,10,9,9,4,7,3,5,11,9,6,9,6,7,6,14,12,-5,13,-1,11,2,-2,20,17,12,4,15,-1,16,3,39,17,12,5,2,14,12,16,1,-22,16,7,10,16,11,7,15,8,9,8,-5,16,4,6,23,12,12,17,18,4,23,13,8,11,13,17,14,13,17,18,14,11,3,11,17,17,14,14,14,23,10,17,12,13,10,4,33,22,24,25,13,-8,13,13,28,24,22,6,-9,-3,21,3,6,26,13,35,-13,21,-5,17,15,28,9,22,7,5,25,3,0,1,2,1,-2,0,0,-2,3,3,-9,0,5,4,-2,-3,1,-1,-3,3,-6,-3,1,-10,0,-5,1,0,2,-3,0,-3,5,0,4,-2,1,-2,0,0,10,-86,12,-3,-2,1,1,-1,17,-55,13,-4,1,-1,1,-2,-2,-1,-2,0,2,0,0,-1,-4,-10,-12,-7,-4,-14,-6,-3,-4,-5,-18,5,1,-5,-8,-4,-8,-4,-13,-4,-7,-7,-3,-4,-10,-1,-6,0,-7,1,-2,-5,-10,-7,-5,-8,-3,-1,-4,-5,3,-25,1,-8,-8,-1,-2,-1,8,-6,0,-10,-4,-2,-3,-3,6,-1,-9,-15,3,-6,1,1,-10,-1,3,-3,-8,-5,-6,-6,1,-13,-8,-3,5,-7,-3,7,-12,2,-7,-3,-10,-2,-3,-10,-1,-9,1,-7,-5,-6,-4,-4,-14,-3,-7,-2,-5,-2,-2,-7,1,-24,-2,-4,1,-1,1,-8,3,5,-2,-4,-5,-5,-4,1,4,7,-3,-2,4,-3,3,0,-8,-3,-13,-45,-10,-7,-17,-12,-15,-16,-12,-5,-10,0,-6,-6,-20,0,-15,-6,-11,-1,-8,0,-6,-13,-5,-8,-8,-3,-12,-3,-3,-17,-15,-3,-10,-14,-4,-8,-65,-22,-12,-10,-9,0,-6,-8,-1,-35,-3,-13,0,-7,-7,-5,-2,-26,-6,0,-6,-4,-2,-5,-26,-25,-10,0,-23,-2,-5,-8,-8,-27,-28,-13,-41,-13,-23,-11,-14,-3,-24,-17,-39,-6,-18,-11,-13,-21,-7,-20,-38,-25,-14,-12,-24,-27,-25,-10,-15,-25,-15,-23,-28,-17,-30,-16,-14,-12,-17,-9,-6,-18,-15,-11,-7,-14,-6,-12,-15,-16,-13,-13,-7,-12,2,-5
0,-1,2,2,-2,1,0,0,2,0,1,0,-2,-3,-4,-3,0,-2,0,1,-2,-2,-3,-2,0,-1,1,-1,-2,-3,-4,-5,0,-1,-1,-1,-5,-9,-10,-7,0,-2,-5,-3,-10,-10,-15,-17,-4,-19,-3,-10,-15,-10,-22,83,0,2,-2,2,0,-2,0,0,2,0,0,1,-4,1,1,-2,2,0,2,-1,-4,-2,-4,-5,0,0,1,-2,0,-4,-5,-3,0,0,0,-1,-3,-4,-7,-9,-3,0,-1,-4,-3,-4,-5,-9,-1,-1,-3,-1,-5,-5,-27,-9,-3,-4,-4,-5,-4,-3,-7,-9,-3,-4,-5,-9,-5,-6,-6,-37,-6,-1,-3,-2,-4,0,-4,-1,1,-4,2,-10,-2,-4,1,-9,-2,-1,-4,-1,-6,-2,-8,-1,0,-7,2,-10,-4,-6,-4,-7,-2,3,-9,0,-7,-2,-9,1,2,0,-1,-5,-1,-10,-2,-6,-5,-2,-9,-2,-7,0,-3,3,-2,-11,-5,-5,-1,-6,2,-91,-7,-8,-9,-8,-11,-12,-8,-4,-5,-10,-10,-11,-12,-13,-13,-10,-8,-9,-9,-10,-13,-14,-24,-13,-8,-7,-13,-11,-11,-14,-25,-10,-12,-6,-9,-11,-13,-16,-9,-10,-9,-10,-16,-10,-11,-11,-10,-9,-9,-9,-10,-10,-10,-13,-13,-8,-9,-9,-9,-7,-10,-12,-10,-77,-9,7,8,6,17,-11,-11,-7,-15,13,10,8,9,-20,-1,-7,-7,0,-2,1,-15,-9,-10,-13,7,11,1,-11,4,-11,-14,-15,-9,2,6,-1,-16,0,-4,-8,8,0,5,-2,-9,-2,3,3,-12,0,2,-12,-13,-14,-20,-7,-5,-2,-2,3,-8,-15,-15,-15,1,-2,-2,-1,-2,2,0,-2,-2,-23,-12,-1,-22,-25,-26,-12,2,4,1,-1,-2,-7,-9,-9,2,2,0,0,-4,-7,-10,-10,5,2,0,0,-5,-11,-14,-13,4,2,1,-3,-9,-13,-15,-16,4,1,-3,-4,-9,-11,-12,-28,1,-2,2,-1,1,-1,-2,-2,-14,-13,-13,-14,-13,-14,-12,-15,-20,-12,-13,-16,-12,-18,-31,-13,-15,-15,-23,-13,-20,-18,-15,-13,-22,-21,-18,-18,-18,-16,-16,-13,-16,-35,-19,-15,-17,-14,-16,-13,-14,-13,-18,-30,-22,-15,-83,-13,-15,-16,-13,-13,-12,-83,-14,-27,-21,-12,-17,-17,-20,-13,-11,-87,-99,1,-3,-8,-7,-6,-6,0,-8,-89,-2,-4,-1,-3,-6,-10,-5,-1,-95,-3,-3,-3,-6,-4,-4,-5,-5,-99,-4,-5,-4,-7,-8,-3,-7,-2,-97,-1,-11,-5,-5,-6,-1,-6,-2,-94,-5,-9,-5,-3,-6,-1,-2,-4,-88,-4,0,-2,2,-4,-4,-3,-2,-80,-1,-3,-7,1,-3,-7,-4,-100,-7,-7,-6,-5,-15,-5,-5,-99,-6,-3,-13,-3,-6,-6,-7,-96,-4,-7,-7,-4,-6,-10,-4,-99,-3,-2,-1,-2,-6,-5,-6,-97,-1,-1,-3,-2,-5,-1,-7,-96,1,-4,0,-2,-3,-2,-3,1,-96,-95,-83,-87,-79,-97,3,-89,-36,-4,-7,-19,-14,-21,-19,-63,-15,-36,-13,-26,-15,-7,-37,-72,-41,-26,-91,-6,-18,-30,-18,-64,-29,-24,-47,-74,-20,-34,-18,-89,-13,1,-5,9,-82,-34,-27,-67,-27,-3,-11,-21,-7,-96,-10,-76,-8,-12,-6,-28,1,-6,-88,-20,-78,-80,-71,-70,-73,-92,-3,-70
1,-1,1,0,1,-2,2,2,0,-2,-2,-3,-2,-2,-1,1,-1,2,1,4,-1,2,1,0,1,0,3,2,2,2,3,2,2,2,1,5,7,5,4,1,2,0,0,4,0,-2,-1,-1,5,11,3,4,-12,-4,-2,8,-1,-1,0,0,3,1,-1,0,7,5,0,3,7,4,5,9,8,4,4,10,6,11,8,6,8,7,10,8,17,10,20,6,3,14,6,16,6,17,8,16,14,9,16,4,16,-5,5,7,11,21,7,16,2,16,0,15,16,4,19,1,8,-9,13,6,13,16,6,13,-16,10,-5,3,12,1,11,0,19,-1,16,4,0,16,3,15,3,16,4,14,17,3,20,4,19,7,18,2,0,21,3,20,6,16,4,20,17,3,20,0,18,2,15,1,0,17,5,19,-4,24,4,14,21,5,20,0,10,-1,20,4,3,21,1,24,-3,24,6,20,12,15,16,13,14,17,15,14,13,13,12,11,12,14,12,12,10,12,15,11,20,13,11,15,15,16,15,17,16,18,16,18,18,15,17,11,19,14,11,14,17,17,20,12,16,9,17,13,23,25,21,12,13,15,14,24,13,11,13,-9,15,9,15,17,34,27,32,19,27,33,34,31,22,35,26,29,29,37,25,36,29,21,38,26,35,27,38,30,21,41,36,41,36,41,41,34,40,28,38,33,48,27,36,33,20,39,31,40,33,40,42,37,38,24,31,37,31,31,41,31,36,38,43,44,48,44,29,37,0,-1,-1,2,0,-2,-1,-1,-1,3,3,-3,-5,12,-7,-1,0,0,5,-10,5,-8,2,-1,0,0,2,-2,-3,-3,-2,-1,0,2,-1,-4,-4,-5,-3,-1,2,-1,1,-6,-2,-5,0,1,2,1,0,-3,-5,-3,1,0,0,-2,-2,2,-1,-1,2,1,1,-6,-14,-3,-9,-11,-43,-3,-1,1,-10,-11,12,-2,-13,-14,-12,3,-10,-4,-11,1,-16,9,-4,-5,-5,-17,-4,-13,-6,-7,-7,-7,-7,-8,-9,-16,-9,-8,-8,-8,-10,-10,-12,-8,-10,-10,-11,-6,-7,-7,-10,-9,-7,-3,-10,-6,-5,-5,-7,-4,-5,-6,-4,-3,-3,-14,-7,-27,-4,-11,-7,-4,-1,-1,-17,-2,-11,-4,-4,-3,-5,-17,13,-8,-9,-12,-3,-5,-17,-1,-3,-1,-13,-3,-1,-16,-2,-6,-7,-8,0,-9,-11,-5,-7,-11,-9,-8,-6,-1,0,-6,-5,-8,-7,-6,-3,-4,-7,-7,-7,-5,-8,-2,-5,-5,1,-4,-8,-14,-6,-13,-11,-6,-15,-14,-14,-18,-9,-20,-9,-12,-11,-11,-9,-11,-15,-9,2,-17,-15,-6,-9,-6,-11,-7,-6,-7,-9,-11,-11,-9,-10,-13,-10,-9,-6,-9,-10,-9,-12,-10,-7,-6,-7,-6,-9,-8,-8,-7,-2,-2,-10,-10,-10,-10,-5,-8,-12,-12,-8,-14,-9,-28,-21,-26,-20,-14,-21,-19,-15,-14,-21,-32,-11,-15,-13,-16,-8,-15,1,-15,-5,-22,-15,-19,-22,-7,-20,-8,-25,-22,-19,-33,-17,-19,-14,-23,-12,-33,-31,-19,-21,-20,-21,-22,-24,-19,-17,-22,-24,-24,-17,-16,-11,-13,-24,-24,-26,-21,-20,-17,-16,-17
1,2,0,2,1,-1,2,3,1,1,-2,-4,-1,2,2,0,0,5,-1,-2,-2,0,2,-2,2,3,2,-4,-1,1,-1,-1,2,-5,-6,-4,-7,-2,-2,-4,-33,-88,-5,-4,-4,-7,-12,-3,2,87,0,-27,-25,-3,-1,-1,-1,1,1,1,0,-2,-1,-1,-4,-1,2,-3,-4,1,2,-6,0,2,3,2,-5,-2,-10,-3,-5,0,1,-4,-9,-1,0,-7,-2,2,-6,-4,-7,-7,3,-8,-12,-4,-2,3,-7,-2,-5,1,-3,-19,-3,-3,-8,4,-7,2,-24,-10,-18,-2,-8,-16,-2,-4,-11,-11,-2,-5,-3,-11,-9,-4,-12,-4,-4,3,-2,-3,-6,-5,-7,-9,-9,-5,1,-25,-3,-4,-8,-5,-12,-3,-6,-4,-1,-8,-4,-7,-6,-15,-26,-2,4,-17,-12,0,-18,-12,-2,-15,-21,-1,-7,-14,-5,-1,-16,-13,-16,-4,0,4,-1,-11,-26,-6,2,-17,-14,-24,-4,-14,-8,-14,-8,-10,1,4,6,1,1,6,-5,7,1,2,3,5,2,7,7,10,7,3,5,-4,2,9,7,7,6,3,3,0,-30,10,9,5,8,2,5,-10,6,7,9,8,5,8,6,0,6,8,4,8,3,-1,5,-5,-4,8,-4,-2,16,14,8,9,12,13,11,13,12,0,3,5,12,0,5,0,18,6,5,-1,10,-10,-11,-19,1,8,8,8,4,4,4,12,11,2,-2,3,2,10,8,-3,5,-14,-17,11,1,-7,-4,2,-1,-2,6,-2,-3,-13,-5,-2,0,-16,-12,-6,-8,-14,-10,3,11,-15,-2,5,-2,7,-14,1,0,1,-2,2,0,-2,2,-2,-2,-4,0,2,-3,7,-11,10,-1,-4,-3,-5,-8,4,-11,4,-2,-6,-3,-6,-5,5,-5,5,-5,-8,-5,-4,-7,1,-2,2,-5,-9,-6,-5,-5,0,-1,2,-6,-14,-3,-5,-1,0,-3,-1,2,0,1,-1,1,2,1,2,4,-2,0,-1,-2,2,-10,-1,-9,-5,3,-8,-8,-1,-9,3,-7,0,-6,-5,-7,-1,-7,-9,1,-5,-1,-8,-16,-10,-4,-7,3,-5,-2,-7,-3,-6,-8,-5,-43,3,-41,-5,-6,-4,-9,-4,-1,-6,3,-36,-7,-3,-2,-2,-1,-62,0,-1,-2,-5,-1,-7,-4,-11,-9,-5,-8,0,0,-9,-2,-7,-9,-12,-16,-2,-8,-25,-6,-6,-3,-8,-7,-13,-21,-5,-2,-7,-10,-5,-12,-34,-9,-6,-7,-10,-6,-8,-27,-6,-11,-5,-1,-4,-8,-41,-5,-3,-7,-3,-45,-22,-61,-13,-6,-21,-5,-25,6,-58,7,-11,-4,-3,-5,-3,-7,-44,-6,-14,-4,-7,-9,-12,-8,-68,-7,-12,0,-4,-31,-5,-12,-45,-16,-16,-7,-5,-10,-12,-5,-53,-15,-10,-7,-9,-9,-7,-6,-59,-10,-12,-10,-10,-15,-19,-10,-65,-10,-15,-12,-9,-22,-12,-10,-12,-7,-10,-11,-17,-6,-19,0,-67,0,-45,-3,-3,0,-3,1,-36,-28,-23,-12,-39,-16,-21,-29,-47,-39,-6,-20,-4,-22,-29,-16,-46,-8,-20,-3,-28,-35,-35,-27,-45,-8,-26,-25,-32,-6,-7,-9,-31,-25,-28,-23,-2,-17,-14,-26,-43,-27,-48,-28,-7,-5,-20,-54,-10,-50,-10,-4,-11,-6,-22,-5,-65,13,-41,3,-5,18,2
2,2,1,1,1,-2,0,-1,1,5,5,0,-5,3,2,0,1,4,3,-2,-3,-2,2,-2,-2,-1,6,1,-10,-11,-5,-1,-3,3,0,-8,-16,-10,-4,-1,0,1,0,-1,-30,-15,2,1,0,-10,6,-9,-1,-15,-18,-6,0,0,0,-1,-2,1,-2,0,3,6,3,7,3,8,3,2,6,2,15,4,9,1,7,1,2,-1,10,4,9,4,6,3,4,-1,4,10,0,3,0,8,5,7,0,16,-2,6,-7,2,-5,8,-5,-1,-10,-9,4,9,7,-17,2,-18,10,-9,12,1,4,4,0,-43,1,-1,-6,6,2,10,4,9,-1,7,5,9,-1,4,8,5,9,-2,9,3,7,7,5,11,6,1,4,13,11,4,8,6,2,11,4,-1,3,11,-5,14,-2,10,4,1,11,-2,5,3,-18,-1,-8,-5,3,12,10,-14,-2,-3,-10,7,5,4,11,-9,1,4,1,5,14,7,8,13,7,16,9,15,8,16,11,12,4,9,13,15,9,6,8,17,5,8,11,10,12,10,8,12,-6,6,3,9,9,12,11,18,-13,13,13,17,14,21,13,15,14,27,18,12,18,19,12,19,16,25,11,12,3,19,10,10,-7,17,13,14,22,6,11,14,13,17,7,19,14,20,14,15,13,10,30,16,6,5,13,15,20,17,20,12,12,14,1,20,24,20,11,8,14,8,-4,14,17,21,1,16,-1,7,-3,28,20,31,-3,2,21,7,-4,7,20,25,9,-12,16,18,6,21,9,3,-5,16,2,-2,-1,-1,1,0,0,-1,7,-3,-11,3,-24,-2,0,-7,1,-3,-1,-4,-4,-1,-1,-8,-2,0,0,-3,-19,-1,-7,-8,-7,0,1,2,-20,12,-8,-5,-1,1,-8,11,-81,12,-5,-4,-2,-3,-6,14,-84,15,-3,-2,0,0,0,-2,2,0,-1,1,2,-10,-7,-2,-16,-11,-4,-1,9,-3,-17,-9,-5,-20,3,-1,-3,-6,-8,-3,-6,-5,-13,-20,-11,-6,-11,-8,-18,-7,-16,-12,-2,-5,-7,-16,-22,-8,-26,-8,-3,-5,-7,-6,-26,-9,-8,-6,-3,-1,-14,2,-5,-4,-6,-8,-6,2,-15,-2,-7,-14,-6,1,-5,-8,-9,-10,-4,-8,-4,-3,-7,-19,-19,3,-11,-5,-12,0,3,-16,-14,-13,-2,-6,-12,-2,-7,-1,-8,-7,-16,-9,-12,-6,-9,-1,-8,-17,-20,-12,-17,-11,-4,-11,-6,-10,-25,-17,-8,-12,-7,-9,-6,-3,-2,-4,-14,5,-9,-1,-4,-10,-5,2,-10,-16,-4,-10,-10,-2,-5,-7,-4,-7,-3,-12,0,-6,-13,-5,-2,-7,5,-9,-6,-12,-17,-6,-5,-7,-9,-15,-10,-6,-8,-9,-9,-11,-11,1,-9,-8,-15,-9,-14,-17,-8,-12,-4,-13,-24,-17,-13,-17,-5,-4,-6,-9,-20,-7,-4,-6,-5,-3,0,-2,-19,-4,-4,-7,-10,-13,-38,2,-5,-14,1,-6,-35,-24,-6,-27,-39,-28,-22,-2,-22,-11,-17,-27,-35,-32,-8,-26,-17,-22,-13,-18,-26,-11,-30,-19,-9,-2,-10,-29,-27,-40,-20,-40,-7,-9,-9,-15,-27,-20,-25,-32,0,-7,-3,-6,-18,-24,-8,-33,-2,-11,-4,-10,-24,-18,-15,-20
-1,-2,-1,2,0,0,-1,-1,-2,-1,0,-3,-3,-3,6,1,-2,-1,-9,3,-2,0,-1,2,4,1,8,-5,-4,6,-2,9,-4,-7,-7,13,2,-7,13,7,-10,12,2,-7,3,8,11,-2,18,-9,4,11,9,1,-1,8,-1,-1,0,-1,0,2,-2,-1,4,0,-7,-2,2,0,3,-1,-4,-2,3,-2,-6,-4,-4,4,4,18,-5,2,-7,10,11,10,-14,-8,5,5,21,-10,5,-8,0,2,-8,4,-2,-11,-9,12,-1,-10,15,21,4,-9,3,15,14,3,-12,-7,-17,10,5,21,-9,3,1,4,9,5,11,-1,2,5,1,-1,12,-4,4,-4,-8,7,-7,8,-3,0,4,-4,-2,-24,8,4,5,-3,15,-4,10,11,-3,-11,0,-14,-1,-11,0,-5,-4,4,-6,5,5,3,21,2,1,-17,-7,12,-3,-4,-14,-2,-9,3,-12,-8,-8,0,1,16,-2,9,5,-26,-3,7,1,3,3,6,3,3,6,5,6,12,5,3,20,14,18,13,5,-2,-4,3,-15,-3,3,5,10,10,-5,0,2,10,5,-5,6,6,18,33,-7,15,3,15,6,5,1,4,4,-32,4,16,13,21,8,3,8,-3,17,0,12,20,12,-1,18,12,8,6,-1,5,4,11,19,4,11,7,19,24,7,25,26,20,29,11,22,17,14,18,18,-2,23,2,33,41,23,12,12,16,-2,19,28,38,20,27,16,30,12,14,25,28,24,4,16,6,3,15,7,17,25,44,8,1,-13,0,13,33,10,23,8,5,25,-1,0,-3,2,-2,-2,-3,2,2,-12,4,-3,7,3,-1,4,-2,1,-2,-15,0,-13,-6,-9,-2,-4,-4,0,7,-2,-10,4,-4,1,0,-3,2,-3,0,14,-3,0,-3,4,0,-1,4,-12,-7,7,1,6,1,1,2,-8,2,-1,0,1,2,1,2,1,0,8,2,-9,-5,1,-4,-7,-10,-13,-9,6,22,-17,15,0,18,8,-8,-11,-18,-28,8,-14,-20,-3,-4,12,-8,-10,-26,-18,-5,12,20,-12,-2,-11,0,24,-4,-6,-10,-2,-5,-1,2,-20,-5,3,-9,2,-4,-5,-2,-14,8,-8,-1,-1,-1,2,-4,1,-12,-2,-14,-7,-12,-8,-8,-15,-4,12,-15,-6,0,3,-1,-6,-13,-5,-1,-9,-21,-14,-17,-10,-2,-3,-10,3,-5,0,-18,-6,5,21,20,-6,0,-6,-5,34,-11,-4,-21,-3,-18,-1,12,-12,-8,10,0,-13,-5,1,-17,-1,-3,-1,3,-2,9,-3,0,3,2,8,-20,-7,-7,-5,-8,-17,3,-8,-11,-9,13,1,-1,-3,7,-1,-16,-13,-24,-12,-18,-12,-12,-17,-20,1,-12,-16,-11,-17,-27,8,25,-10,-7,-38,-14,28,-3,-7,-22,-1,-22,-6,7,-2,-11,6,-7,-13,-15,-13,-3,-16,-3,-8,-9,6,-7,-5,-6,-12,-5,-7,-35,-22,-19,-29,-33,-30,-9,-31,-44,-42,23,-29,28,-45,10,-41,-22,-36,-53,-62,-30,-29,-12,-27,-18,-15,-12,-60,-27,-40,-15,25,41,-34,-36,-40,-28,36,-18,-18,-33,-10,-17,-36,29,-26,-30,19,2,-12,-16,-13,-36,-24,-26,-12,-6,2,-7,-12,-35,-15,-11
0,1,0,1,-2,1,-1,2,1,0,0,1,-20,0,1,1,1,2,1,0,1,0,2,0,1,2,1,1,1,2,2,2,2,2,0,1,2,3,2,3,1,2,2,2,1,3,5,3,5,5,3,-1,3,-6,5,6,1,0,2,1,-2,1,0,1,6,0,5,5,0,1,2,2,2,1,1,0,-10,2,-3,1,1,5,-1,1,-5,0,-1,0,6,5,3,3,2,1,2,-6,5,3,1,0,-1,2,-3,0,6,4,0,2,3,5,1,7,3,3,0,4,-6,6,2,0,4,5,1,6,2,3,4,4,6,2,2,3,2,2,-2,1,6,1,1,1,-8,0,1,4,2,2,2,1,5,4,3,0,1,4,1,0,2,5,-2,-4,3,1,1,0,4,-3,-1,-1,0,-2,-1,7,4,4,4,-2,2,2,5,3,4,6,1,-6,3,3,1,3,5,2,0,5,4,4,3,6,1,4,3,1,2,3,4,2,-4,1,4,3,6,6,6,7,6,6,5,6,9,3,0,5,7,8,8,7,1,6,3,3,4,1,5,0,4,-1,3,3,8,-3,0,2,5,2,2,7,4,7,10,5,1,4,7,7,6,12,7,3,9,8,2,14,7,11,1,13,13,11,11,10,9,6,12,11,6,7,13,12,17,19,15,7,12,15,14,6,16,5,19,6,20,16,18,-5,13,13,1,24,18,16,9,8,23,1,-2,22,8,16,21,13,20,14,11,18,9,14,12,14,18,8,10,13,-1,-2,2,2,2,1,2,0,-2,-11,-9,-10,30,16,-8,-9,-6,-7,-9,-93,18,-84,12,-3,-3,-2,-1,-3,0,-4,0,-1,-2,-1,-2,0,1,-1,-1,-1,-1,-2,-3,-2,-2,-1,-2,-2,-1,-2,-2,-1,-2,-1,-2,-1,2,-2,-1,0,1,-2,0,-2,-3,3,-78,-1,12,8,-51,-5,1,2,-8,-5,45,2,-2,-12,0,-1,-63,3,5,1,-67,-6,-3,-1,1,-79,1,-70,3,2,-4,-8,-5,-1,0,-6,-7,-3,-4,-2,-4,-3,-6,-5,-5,-2,-4,-4,-5,-2,-5,-4,-3,-1,-4,0,-4,0,-8,-4,-2,-8,0,-3,-3,-69,1,-67,-1,0,1,-1,-9,-19,46,-1,-2,1,-2,0,3,-59,9,-60,4,-9,1,-6,-59,0,1,-1,-89,1,0,-76,0,-4,-1,-2,0,-84,-74,-1,-11,0,-6,-2,-2,-1,-2,-4,-1,-5,-2,-9,-2,-6,-3,-3,-6,1,0,-4,-6,0,0,1,-1,-3,-71,-8,-2,-8,-81,-65,-88,-72,70,-81,-84,-83,-4,-5,-4,-4,-77,-8,-1,-3,-3,-6,-4,-2,-68,-14,-3,-6,-6,-10,-7,-4,-47,-15,1,-4,-11,-8,-9,-4,-75,-10,-8,-6,-3,-7,-7,-8,-69,-6,-6,-7,-6,-7,-8,-6,-78,-8,-7,-5,-13,-4,-4,-60,-4,-77,-17,-6,-25,-40,-54,-70,78,-47,-33,-4,-40,-17,-17,-42,-45,-40,-11,-6,-31,-12,-39,-16,-41,-15,-56,-10,-11,-42,-39,-21,-13,-19,-9,-40,-44,-9,-30,-10,-13,-20,-16,-40,-11,-18,-16,-17,-23,-17,-15,-8,-34,-16,-12,-15,-15,-17,-15,-23
1,1,1,1,1,-1,-2,1,0,0,1,3,3,1,2,1,-2,1,0,1,2,1,0,0,0,-1,2,2,3,1,0,0,-1,-2,0,1,3,1,0,-1,-6,-6,-1,-2,1,1,-5,-4,-15,-16,-18,-15,-27,-33,-17,-15,-1,1,2,1,1,0,-1,-2,10,6,7,7,6,8,8,7,7,7,7,6,7,6,6,9,6,6,7,6,8,5,7,5,7,7,7,4,5,6,4,6,3,4,4,3,3,5,3,1,-1,2,3,2,1,2,-2,2,9,5,-5,0,2,-4,5,4,1,0,3,-1,4,0,0,4,1,-10,-2,-8,-6,-2,-9,-8,-10,-3,-9,-4,-5,-9,-4,-10,-5,-9,-6,-3,-4,-4,-5,-5,-8,-9,-6,-12,-9,-5,-11,-7,-14,-5,-11,-14,-9,-8,-7,-9,-6,-10,-15,-9,-8,-7,-8,-10,-8,-13,-11,-10,-13,-6,-9,-9,-5,-8,-7,-13,-1,-14,-10,-1,10,9,10,10,9,10,8,9,9,9,11,10,9,11,10,9,8,12,12,11,10,13,10,12,12,12,14,12,8,10,12,11,13,9,12,12,12,13,10,13,15,15,16,16,12,16,18,16,14,13,9,8,15,7,14,9,6,8,8,5,11,3,7,10,40,39,38,36,34,36,37,39,36,39,35,38,37,37,36,38,31,36,30,40,37,39,35,35,35,36,37,38,37,42,34,33,35,42,39,38,39,38,37,35,36,38,32,37,38,44,34,35,24,33,41,42,38,36,20,30,36,36,44,34,42,26,38,32,-2,1,0,1,1,-2,0,0,1,-3,-6,-33,-6,-2,3,1,-3,-4,-2,-2,-2,-1,-4,-3,-3,-3,-2,-2,-1,-1,-1,-3,-2,-1,-1,-2,-1,0,-2,-2,-1,-2,-2,-2,-1,0,-2,-2,-2,-3,-3,-3,-3,-2,-2,-2,2,-1,-2,1,1,1,0,0,-6,-7,-7,-15,-7,-10,-7,-5,-7,-7,-10,-10,-9,-8,-6,-9,-5,-7,-4,-5,-11,-7,-6,-10,-8,-8,-8,-6,-9,-7,-9,-10,-6,-5,-9,-7,-9,-7,-8,-5,-7,-7,-7,-7,-5,-6,-7,-6,-4,-6,-6,-6,-7,-6,-6,-5,-7,-6,-6,-6,-8,-6,-6,-4,-4,-9,-8,-10,-9,-5,-9,-8,-6,-6,-6,-8,-4,-5,-7,-8,-8,-7,-9,-6,-8,-8,-6,-13,-9,-9,-7,-10,-9,-8,-7,-6,-5,-6,-10,-9,-9,-9,-9,-5,-7,-9,-10,-7,-7,-7,-7,-5,-5,-7,-9,-9,-6,-8,-7,-6,-7,-8,-8,-8,-7,-7,-7,-2,-15,-19,-13,-16,-44,-14,-13,-12,-13,-14,-12,-11,-11,-11,-17,-14,-15,-17,-15,-15,-15,-16,-16,-15,-16,-18,-17,-19,-19,-17,-22,-15,-15,-19,-15,-14,-18,-18,-16,-13,-16,-15,-16,-15,-16,-16,-14,-15,-15,-15,-16,-13,-14,-13,-16,-15,-16,-16,-16,-15,-15,-15,-13,-14,-34,-40,-32,-24,-46,-21,-31,-38,-35,-38,-36,-36,-29,-43,-40,-40,-37,-59,-40,-32,-37,-37,-37,-32,-39,-50,-39,-41,-46,-46,-34,-39,-40,-44,-53,-41,-42,-38,-42,-34,-33,-38,-43,-38,-36,-38,-36,-33,-31,-35,-35,-35,-36,-34,-36,-34,-35,-37,-34,-36,-36,-36,-34,-34
3,-2,-1,3,1,-2,2,-1,-7,-6,-1,-6,-1,0,2,0,18,-6,10,-1,-2,-2,1,-1,-6,-18,1,3,-1,3,0,1,24,6,5,1,-2,0,-1,3,-11,-12,-12,-5,5,-2,-3,0,1,5,-12,4,-18,-7,-9,-6,-2,1,0,0,0,-2,1,0,-7,0,7,2,3,-3,1,10,17,-3,22,-5,-1,0,-2,0,1,1,-5,6,3,4,-5,-4,2,-2,5,-4,-14,-2,16,-2,-1,-5,-12,17,-9,-10,-4,-1,12,-3,13,-9,-15,-10,-4,-4,3,-5,-6,13,-4,3,-10,-7,12,7,13,-3,4,2,6,-14,-2,0,-2,-1,6,4,-3,-2,4,4,-7,9,1,1,4,1,11,-1,13,2,2,3,-4,7,2,10,4,17,2,1,10,-7,20,-3,12,5,-5,-4,-2,-2,-1,-9,-8,10,12,2,4,-3,2,6,-4,1,6,2,-6,-3,3,-4,1,3,-10,5,7,0,8,8,8,7,5,8,4,3,3,11,-1,3,2,5,3,-3,12,7,-12,-2,13,-1,3,-2,16,2,10,5,3,-9,7,2,14,8,-8,-9,-12,13,6,-8,7,4,10,2,4,10,2,11,14,14,3,-16,7,8,-2,0,6,20,4,-13,6,11,3,0,0,20,10,9,4,5,5,14,4,23,7,17,9,11,16,0,28,16,19,6,8,0,8,17,19,22,21,23,13,8,-2,1,31,16,7,2,-5,16,-7,-2,5,19,0,8,-11,8,-20,-12,7,16,20,-12,10,21,9,1,11,23,16,9,21,20,-11,12,2,1,1,2,-1,-2,1,-2,11,-16,-6,2,-6,-3,-21,-19,-5,-13,-2,-1,-9,1,-5,-3,-8,20,-1,-3,-4,1,-4,1,-16,6,-12,1,1,-1,1,0,-1,8,-3,3,-2,0,1,-1,-1,1,-5,1,4,1,2,-1,2,0,2,-1,-1,0,0,2,-6,-6,-10,-15,-4,-7,6,-4,-6,-21,-27,-16,-28,-9,-8,-12,-5,-14,0,-10,-24,-10,-10,-6,-14,40,-12,-24,-11,-3,-14,-10,-9,-6,-13,-16,5,-8,-14,-3,-14,19,-13,-7,0,-4,0,-2,3,-7,-5,-1,-2,-8,-10,-11,-7,-4,-4,0,-6,-3,-2,2,-4,0,-7,-6,-5,-8,-15,-10,-6,-18,-13,-22,-11,-14,-5,-17,-6,-10,-13,-11,-13,-9,-3,-19,-20,44,-3,-19,-8,-4,-13,-14,-6,-5,-19,-9,6,-5,-9,-7,0,16,-1,-15,-6,-4,-4,-1,1,-9,2,-1,-7,-5,-3,-3,-3,-4,1,-2,-8,-4,0,-3,30,-24,-18,-10,-1,4,-9,-14,-15,-45,-18,-10,-11,-16,-12,-10,-17,-14,-15,-19,-18,-14,-13,-8,-28,39,-18,-43,-21,-16,-14,-11,-24,-22,-24,-16,14,-12,-20,-11,-19,31,-15,-22,-5,-11,-8,-3,-12,-16,-20,-8,0,-7,-4,-10,-11,-12,-10,-9,-10,-8,-4,-6,34,-52,-24,-20,-60,-22,-34,-35,-4,-44,-37,-66,-34,-56,-24,-42,-28,-52,-38,-65,-31,-39,-62,-27,-30,48,-38,-44,-45,-24,-19,-22,-43,-34,-37,-20,38,-17,-31,-30,-27,41,-20,-35,-23,-22,-23,-21,-5,-44,-24,-13,-16,-7,-4,-9,-11,-20,-12,-11,-19,-13,-9,-37
0,-1,0,1,-2,1,2,-1,6,1,-1,0,-1,4,-2,0,3,2,0,1,8,-17,-2,-2,5,-1,1,6,-21,-6,-2,-2,-3,-2,11,-3,-3,-3,-4,3,10,2,-8,-5,4,-1,6,2,-6,15,-7,-14,-8,-11,-7,-7,0,1,0,-2,1,2,0,-2,-3,2,4,4,-3,4,4,5,12,-4,-6,5,1,7,3,10,-2,4,1,2,-6,0,6,-4,-3,-10,4,4,13,0,-2,-4,-1,0,-2,-1,-6,-6,0,7,0,9,4,1,6,-13,4,-1,-1,-2,-2,-7,-12,17,5,-3,6,-3,-1,10,-5,8,-5,5,6,14,6,16,4,6,-6,11,19,7,13,6,6,3,9,0,1,12,3,14,-2,-2,-8,18,6,5,17,4,8,3,7,-1,4,10,0,17,-12,-12,2,7,3,4,12,8,21,6,6,7,-4,15,8,10,-13,7,3,1,21,-2,8,-5,5,3,9,5,-2,6,2,10,4,14,7,8,6,7,0,-2,13,8,10,7,7,-8,8,9,12,17,6,7,12,14,11,0,31,16,8,12,5,1,8,-10,-2,-6,-5,10,7,-2,7,-6,7,-3,4,1,16,7,7,3,8,-1,0,8,-6,4,-3,-4,0,6,1,13,4,12,14,19,3,22,19,29,27,14,20,7,13,15,36,21,20,-2,3,17,23,31,10,18,15,32,11,-12,42,31,22,25,1,9,19,19,5,28,17,18,21,19,38,-4,33,16,35,-4,14,19,10,21,9,14,9,8,32,8,17,21,20,-2,-4,18,0,1,-2,1,0,1,-1,1,-17,-1,-10,-3,-8,1,-18,5,0,-2,-8,-1,-2,1,2,4,-4,0,6,3,-7,-2,-7,2,-1,11,0,-21,2,-23,-8,1,-2,4,-11,1,11,-6,1,5,-1,6,-2,0,7,-11,1,5,-1,0,2,2,-2,-2,1,0,7,-3,1,-11,-5,3,5,5,-10,-19,12,19,-3,-16,-1,-4,6,10,-8,-17,6,-1,-2,-12,-1,-14,11,15,-3,-10,-7,-1,3,18,1,-15,-8,-6,-13,8,-10,-7,-7,-4,10,-2,-4,-8,-2,1,-8,-2,-5,0,6,-6,-28,-8,1,-8,-1,1,-3,-18,-1,-24,12,-1,-1,-7,2,-15,-5,2,-15,5,-27,-2,-47,-5,-2,-5,4,-19,0,-20,3,-12,1,-5,-13,3,-25,3,-21,-6,5,3,4,-42,4,-19,-5,-22,7,6,-53,-1,-4,1,-17,-7,5,-64,-4,-12,-4,-6,-2,-13,-36,-22,-4,-1,-7,-1,-4,-3,-9,-6,-3,-15,1,-9,-15,9,3,2,-15,-1,-6,0,-9,-10,1,8,-3,-10,2,-3,7,8,1,-3,1,-4,-14,-11,-16,-4,-1,0,-9,-10,-28,-20,-18,-16,-11,-2,-5,-18,7,-13,-8,-9,-8,7,-9,-14,-12,0,-11,4,-2,-1,-7,-8,-7,-24,-7,-1,-18,-26,4,-35,-11,-22,-7,11,-11,-3,-33,14,-28,-1,-18,-14,-10,-17,-9,-17,-10,-21,-5,-9,3,-17,-4,-7,-34,-20,-20,-7,-13,-5,-23,-19,-10,-32,-17,-22,-10,0,-23,-19,-6,-17,-26,-12,-8,0,-13,-16,-9,-8,-9,-30,-7,-11,-8,-11,-16,-29,-10,-4
-2,-1,-1,1,1,2,1,0,2,-2,0,3,3,3,2,3,2,-3,1,4,4,2,1,1,4,-8,2,1,2,3,3,0,9,-5,-2,2,1,1,1,-1,-21,-5,4,1,0,1,-1,-1,22,-3,-11,3,5,-4,-9,-3,2,0,1,2,0,0,-1,0,3,-1,16,-1,7,-1,3,-1,2,1,0,7,5,5,6,0,1,3,3,5,11,5,6,4,7,4,2,8,2,7,3,4,13,3,10,3,11,-1,6,3,20,-3,5,4,10,3,2,5,15,9,-9,14,0,8,13,5,25,6,7,14,1,10,6,6,9,9,7,5,14,4,15,-2,7,5,6,15,5,14,4,25,14,7,10,1,10,1,19,6,0,16,6,8,5,11,3,13,22,8,12,6,19,3,14,2,2,10,0,23,7,8,0,12,45,-4,28,2,18,3,7,3,11,12,6,19,-6,17,6,9,0,1,6,2,3,3,6,3,1,10,9,8,2,3,4,5,-3,8,8,9,9,-1,5,4,0,6,1,12,7,15,-2,-1,-7,14,-2,8,2,10,-5,-6,-11,6,5,5,4,-2,-6,1,-21,-2,-9,6,-8,-6,-7,-12,-14,0,3,-6,-4,-7,-8,-7,25,21,19,15,18,19,14,17,22,25,18,21,20,20,17,15,24,27,19,12,18,9,13,9,40,29,15,18,9,-15,5,0,37,24,-4,8,11,11,19,17,-8,34,3,-3,6,-27,11,9,10,-3,8,2,14,19,-13,-2,15,7,9,23,10,5,5,21,1,-1,-2,1,-2,-2,2,-1,-14,-35,-2,-48,-2,-32,-8,-80,-14,-8,-5,-2,-3,-3,-1,-4,-18,-1,3,-5,3,-1,1,-3,-25,4,2,2,1,2,0,-1,-33,3,6,1,1,2,1,1,-44,0,0,2,1,2,0,0,-2,-1,1,-1,2,-1,-2,-1,-5,-1,-6,-2,-3,-7,3,-2,2,0,0,0,-6,-5,-2,-6,-1,-4,-2,-4,-4,-7,-5,-1,-5,-6,-1,-7,-6,-4,-5,-1,-6,1,-2,-3,-3,0,2,1,-6,4,-2,1,0,1,-1,-1,-2,1,-1,-4,2,-2,5,-1,-14,0,-7,-2,-3,2,2,3,-4,-2,-20,2,-14,-5,-4,0,9,-9,6,-15,2,-11,6,-9,-9,9,-10,8,-12,5,-2,-3,2,-4,4,-3,4,-7,3,-6,-6,6,-4,-3,-7,4,-8,6,2,1,5,-5,5,-1,4,-2,-11,-1,-4,5,-1,4,-1,3,2,-1,3,-1,6,-1,2,-6,-13,-8,-6,-2,-9,-8,-12,-9,-15,-7,-9,-13,-11,-5,-5,-3,-8,-10,-4,-13,-9,-3,-6,-8,-14,-8,-1,-7,-14,-7,-3,-4,-31,-4,-2,-3,-9,-7,-3,-13,-70,0,-4,-5,-4,-4,-9,-9,-60,-15,5,-2,-8,-2,-5,-7,-65,-6,-4,-3,-10,-5,-8,-8,-41,-34,-20,-2,-29,-14,-10,-19,-26,-41,-18,-50,-11,-6,-17,-17,-57,-25,-18,-25,-36,-18,-35,-17,-39,-25,-21,-20,-34,-20,-18,-16,-34,-30,-20,-10,-23,-23,-18,-20,-53,-13,-25,-15,-24,-20,-26,-23,-55,-34,-10,-14,-14,-16,-10,-28,-38,-9,-21,-12,-18,-4,-17,-25
2,2,-1,2,0,1,-2,-2,5,-1,0,-1,0,-1,-1,-1,6,-1,-1,-1,-2,-2,-1,-1,17,-9,-1,-2,-1,-2,-1,-2,21,-15,-3,-2,-3,-1,-2,-2,56,-66,-8,-4,-1,-2,-3,-1,-28,-27,-10,-1,0,1,-3,0,1,2,-1,2,1,2,0,-1,-1,-3,-2,-4,-3,-3,0,-5,-2,0,1,0,-3,-8,-2,-6,-1,-1,0,-2,-3,1,-6,-6,0,-1,-2,-5,-4,-2,2,-3,-8,-2,-5,-2,-2,-2,-2,-4,-21,-2,-4,-2,-5,-6,-11,-1,-33,-6,-3,-9,-3,-3,-6,-3,-37,-15,-7,-9,-8,-7,-7,-2,-3,3,1,-2,2,-6,-2,-4,-3,3,-1,-1,-8,0,-3,0,1,-3,-1,-4,0,0,-4,-1,0,0,-3,1,-2,-2,-4,0,-9,-4,-2,0,-1,-3,-4,-5,-35,-2,-5,0,-4,-1,-12,0,-37,-14,-1,-3,-2,-1,1,-12,-8,-5,-7,-2,-2,-4,-1,-3,1,-2,-1,-1,-3,-3,-6,-3,-1,-3,-4,-2,-7,-8,-3,-4,-4,-2,-1,-3,-6,-5,-4,-2,-2,-2,0,-29,0,-6,4,-5,-7,-3,-5,-6,0,-9,-2,-1,-7,-3,-9,-5,-9,-12,-2,-1,-6,-3,-6,-4,-11,-8,-3,-4,-4,-4,-4,-5,-5,-2,-11,-3,-4,5,-5,-2,3,-1,4,-4,-1,-3,-2,-9,-3,-5,-1,-2,-5,-6,1,1,0,5,11,-1,-9,-1,-2,-1,-3,-7,-4,-15,-10,-6,-6,-6,-12,8,-7,-6,3,-16,-3,-3,-5,-8,-7,-11,1,-9,-3,-2,-18,0,-20,-2,-14,-4,-3,-9,-8,-7,-6,-2,0,2,-1,-2,0,0,0,0,-53,-14,-12,-5,-5,-6,-10,-72,-6,-3,-1,0,-2,-2,-1,-1,-9,-1,0,3,0,1,0,1,-23,0,3,2,1,2,1,1,-46,-13,4,2,1,1,2,2,-95,-37,5,1,4,2,1,1,-1,-2,2,-1,-2,1,1,2,3,-1,0,2,2,2,3,7,3,-5,0,-4,1,3,3,3,-7,-7,-16,0,-2,3,3,3,-58,-9,-48,-4,2,-5,1,3,-16,-78,-13,-72,0,3,1,2,-44,-69,-78,-7,-51,0,3,4,-81,2,-78,-46,-4,4,0,4,-70,-7,-79,-8,-71,-3,5,3,-1,-38,-1,-28,-6,-36,-77,-74,-64,-1,-30,-5,-26,-81,-81,-2,-3,-37,-3,-28,-77,-76,0,-25,-76,-8,-35,-79,-78,-3,-35,1,-11,-54,-82,-79,-1,-29,2,-30,-46,-73,-78,-2,-34,-2,-34,1,-83,-22,-10,-77,-1,-39,0,-35,-78,-80,-64,-14,-68,-1,-55,4,-52,-43,-50,-46,-46,-47,-45,-50,-56,-44,-41,-53,-44,-28,-33,-37,-60,-50,-62,-51,-47,-53,-40,-39,-73,-52,-69,-53,-37,-40,-33,-33,-78,-76,-76,-78,-76,-58,-54,-40,-44,-74,-78,-62,-78,-70,-44,-55,-87,-21,-81,-76,-81,-80,-74,-78,-87,-84,-80,-86,-78,-79,-81,-83,-53,-58,-49,-40,-44,-41,-66,-57,-50,-41,-45,-38,-34,-49,-39,-46,-44,-65,-54,-50,-54,-52,-50,-43,-49,-51,-72,-50,-66,-40,-45,-51,-50,-44,-60,-74,-46,-49,-53,-35,-35,-61,-54,-41,-61,-48,-46,-46,-66,-20,-54,-56,-72,-67,-44,-39,-74,-50,-64,-47,-37,-66,-41,-52
-1,-2,-2,0,-2,-2,-2,2,0,5,-1,-5,-2,2,4,1,3,3,2,-5,-1,1,3,-3,-3,7,-1,0,0,1,-2,-1,5,2,10,12,4,1,-1,-6,17,15,-12,12,14,-4,-16,2,14,11,25,19,22,9,22,18,-1,2,1,0,-1,-1,-2,2,-5,7,11,-2,3,0,3,11,8,7,0,-1,9,-2,15,-7,8,3,5,13,6,4,9,1,37,-10,8,4,6,3,-6,13,-3,0,7,21,7,3,-3,14,16,14,5,7,18,5,-1,7,12,9,9,22,6,9,10,4,10,6,3,4,22,13,14,-3,9,8,1,2,7,6,8,7,0,7,8,6,8,8,18,4,13,6,8,17,7,10,2,7,28,5,18,11,6,7,3,10,1,14,13,16,11,6,7,16,7,18,13,4,16,5,4,-16,6,21,8,20,14,6,9,5,7,2,1,-3,16,16,7,5,7,12,3,13,17,10,9,6,10,9,9,5,5,4,12,1,6,13,14,9,10,13,-1,10,26,14,4,18,-1,23,20,-6,11,13,15,3,15,17,13,24,7,22,15,7,10,6,10,19,-1,-25,10,7,14,10,4,1,13,10,16,15,28,27,11,-4,21,16,1,19,21,24,10,6,13,14,19,16,15,22,33,-1,22,10,16,27,16,10,7,20,47,18,42,12,17,22,26,24,26,29,19,5,27,25,30,35,19,36,25,-5,15,8,23,5,10,5,5,14,-19,13,16,24,25,19,14,17,-18,20,2,16,-2,-2,0,2,1,-2,0,-1,-4,13,-7,2,8,-6,3,2,-4,6,2,-7,2,-14,17,-13,1,0,-3,-9,2,-1,0,-1,-2,-31,4,1,0,1,-3,3,-5,-2,-19,2,0,1,-15,3,-3,1,0,0,4,-1,2,3,0,-1,-2,2,2,1,2,1,-1,-1,5,-13,-21,2,-1,9,15,-10,-12,9,23,-13,-15,-1,-8,13,-6,-12,-12,-16,6,11,13,-11,-2,-5,-11,-17,-4,-10,-8,-5,-8,-9,-14,-3,1,5,0,-12,-12,-2,0,-7,-6,-4,-9,-8,3,-12,-6,-8,4,-2,8,-8,-5,1,11,1,-7,7,-1,-2,11,0,-6,-9,0,-3,-12,6,-32,4,-7,-6,-14,7,13,-14,11,-2,2,-6,5,-16,-13,9,-7,-3,-15,7,-10,5,8,-34,7,-6,-4,-13,-5,-13,-17,1,-17,7,-1,-7,-11,-3,-3,-12,11,-28,-3,-15,-1,-29,-16,4,-7,2,-24,6,-2,-4,-7,-3,-2,-6,5,4,-15,5,-5,-11,-6,-15,-6,-1,-19,-34,0,-2,2,-15,0,-1,-5,0,8,-33,2,-32,-1,-3,-17,-7,-31,-7,19,-6,-7,-14,-14,-9,-8,-5,-4,-7,10,-8,-15,-23,-1,-12,-1,-5,-2,-16,-14,-8,-4,-5,-4,0,0,-1,-5,-4,-8,-29,-4,-26,-11,-15,-4,-7,-53,-32,-19,-27,-14,-22,-20,-21,6,-14,0,-32,-11,-9,-5,-10,-17,5,-15,-10,-16,-6,-21,-6,0,-12,3,-11,-11,-11,-12,-19,-3,-6,1,-3,-1,-12,-13,-15,-1,-12,-3,-4,-9,-8,-19,-29,-2,-5,-3,-4,-6,-7,1,-6
-2,1,-2,2,0,-2,-1,-2,7,-1,-1,4,-11,-3,-8,6,5,7,-10,4,-25,0,-7,6,9,-4,2,-7,-10,0,-4,4,7,-2,2,-8,-1,-6,-1,3,10,0,10,-15,8,-12,8,-1,7,-5,-1,-5,-13,-4,-3,-7,2,2,-2,-2,1,2,-1,2,-1,-1,-10,-5,-17,0,-9,-3,-5,-5,-22,1,-14,-5,-20,-5,-1,-28,-2,-18,-10,-11,-12,-4,-8,-11,-17,-18,-10,-19,-13,-14,-4,-20,-8,-28,-16,-30,-14,-18,-10,-7,-20,-8,-48,-9,-19,-16,-14,-9,-11,-17,-21,-12,-18,-10,-1,-10,-10,-13,-17,-9,-7,-6,-17,1,-14,-4,-10,0,-22,2,3,-20,7,-16,5,-28,-4,-11,-16,5,-20,6,-24,-3,-16,-4,3,-14,1,-23,-3,-16,-8,-9,-19,4,-38,-2,-26,4,-22,0,2,-26,8,-27,4,-26,-3,-15,-25,-7,-23,-8,-12,0,-17,1,-6,-15,3,-12,8,-15,9,-15,19,17,18,12,10,16,19,19,16,19,15,11,4,16,19,18,18,10,11,-4,6,13,7,17,5,15,-3,6,-20,1,7,13,11,-6,5,-5,-11,0,-5,10,6,4,-4,-1,-11,-7,-3,5,11,3,1,-16,-3,-5,8,4,7,14,-1,-1,-6,5,2,9,8,7,-2,-3,-5,7,6,4,11,3,9,-11,-5,-16,5,7,2,5,-9,0,-9,-4,-1,10,1,-12,-5,-3,2,-13,-1,1,4,-8,-7,-8,-10,-5,-15,-10,4,-10,9,-20,-11,-11,5,-8,4,7,6,-12,1,-8,2,6,10,11,2,5,10,-6,18,11,1,1,0,2,-2,-2,-1,-2,-16,-4,11,9,15,6,27,-5,-10,-1,6,11,11,7,14,2,-2,-1,5,3,6,10,9,0,-1,-2,-5,-2,-2,3,1,0,-2,-3,-1,-7,-2,-5,0,-2,-2,-2,-2,-4,-4,0,-2,-2,-2,0,-1,-1,1,0,-2,1,-5,-13,-2,1,-3,-1,10,0,0,-7,8,4,15,13,11,6,1,5,4,11,9,11,15,20,0,12,-9,21,-2,24,6,18,2,2,6,5,7,15,2,14,2,-3,7,-3,15,2,9,5,2,-6,5,1,8,-2,2,-4,0,-1,-3,2,1,2,-1,-2,9,-27,2,-18,2,-6,-4,-4,-18,16,-2,13,15,12,18,-1,9,-4,12,5,21,20,4,10,-5,15,-4,33,-2,23,10,14,20,-1,26,3,12,13,7,16,3,15,8,9,11,13,8,14,14,8,14,2,11,5,15,5,9,11,4,8,3,7,-2,9,-10,-19,-3,-18,-3,-9,-17,-2,-11,-9,-6,2,-1,1,-8,-1,-7,-16,2,-10,8,5,-12,2,-20,5,-12,24,-5,22,-5,8,6,-18,17,2,12,13,-7,1,-3,-4,8,9,13,8,5,-1,1,-8,12,1,17,-5,4,-6,-4,-3,2,11,1,4,-2,0,-21,-20,-27,-28,-47,-61,-51,-29,-19,2,-4,12,0,11,-14,-25,-13,-21,-4,-9,26,16,-19,7,-28,17,-21,49,1,33,-5,15,22,-29,43,9,24,26,-1,21,8,27,20,24,32,22,18,18,23,-1,17,6,24,0,28,-5,3,6,5,9,4,28,-8,9
0,0,1,0,2,1,-2,2,2,0,-3,-1,9,-1,-3,-2,-1,-1,4,2,0,0,-2,3,3,-1,-1,2,4,1,-6,1,-3,-2,0,11,10,14,-12,2,1,-9,6,-2,13,7,13,-14,8,3,14,-16,14,7,17,-11,-1,-2,-2,-1,0,0,0,2,6,4,7,1,11,7,11,0,3,0,5,13,4,3,-2,14,16,-8,4,3,7,3,-6,7,-8,16,-10,5,6,3,18,1,-10,19,3,6,19,-8,17,-10,8,-2,-5,-5,5,1,3,0,-13,-12,2,25,0,-4,-9,9,-14,3,19,0,11,-3,0,6,0,13,2,15,-16,7,-10,1,6,11,3,6,7,-1,3,-3,-10,-5,-9,15,-21,1,2,6,-3,-29,-2,-16,9,6,18,7,-25,-3,3,4,15,6,-3,19,12,5,-2,5,2,-4,8,-4,18,-8,13,-9,-5,-13,-18,17,-7,15,11,-5,-8,-1,-7,13,5,14,18,7,17,13,8,15,2,2,3,14,7,17,8,9,1,-4,10,13,-22,9,3,4,-1,-14,-4,-16,16,12,-2,-2,-17,-6,12,5,-9,3,-14,14,-1,6,1,2,7,1,-2,3,-2,22,0,-5,-9,22,-4,3,2,12,23,16,-8,15,11,16,-42,19,9,17,9,9,-7,16,-22,13,13,13,11,21,-4,28,-38,0,-5,25,-7,7,10,16,5,-19,13,-12,11,18,26,-2,-3,-39,1,12,7,5,19,23,-19,-12,10,-16,17,-1,5,-8,-21,8,14,-1,-12,19,-42,6,8,21,9,23,-23,-2,20,8,2,-2,0,1,2,0,1,2,0,-14,3,-14,4,-23,0,2,0,-6,-7,-6,-7,3,-7,2,2,0,6,6,-6,12,2,-3,2,5,7,-1,6,-10,-1,-7,-2,8,-1,-2,3,-4,-1,-2,4,5,-3,0,0,-1,-4,-4,-1,0,-1,1,-2,2,-1,-1,-1,0,9,3,5,-1,-14,-7,-23,-18,15,-5,5,-48,-14,-7,-11,-21,-32,-21,-30,1,-22,-7,-9,-13,2,-5,-14,-22,7,-10,-13,-4,-13,0,-16,9,-11,-34,-6,-9,-9,-4,-2,-13,0,-23,-3,-8,-16,-10,-7,1,-12,-11,-1,-3,-7,-10,-5,-12,-7,-8,-6,8,14,4,0,7,11,-20,-13,-24,-4,-31,0,-13,-8,2,-1,-14,-10,-6,-22,7,-18,11,-6,-10,3,-1,-18,-4,6,-16,-15,-2,-5,-4,-8,-7,-6,-24,-6,-13,-6,-2,4,4,2,-15,8,-6,-8,-5,-5,-1,-3,-8,-5,3,-11,1,-6,-1,-22,-4,8,14,-6,-44,-4,-11,5,-22,-17,-13,7,-22,4,-7,-5,-6,0,-14,-12,-6,-14,12,-16,-2,-22,-29,-5,-6,-14,-19,11,-29,-18,-11,-2,-5,-18,-8,-35,-38,-6,-5,2,0,2,-1,-1,-21,1,-6,-7,-4,-15,10,-17,-1,0,8,-10,-5,-8,-2,-12,-7,-9,19,23,-18,3,17,-5,-18,-41,-50,30,-58,28,-49,-36,-2,-21,-22,-26,-3,-31,19,-33,-15,-21,-39,12,-24,-34,-29,-15,-77,-37,-8,-22,-27,-34,-20,-49,-37,-14,-24,-20,-15,-11,-9,-11,-57,8,-17,-16,-19,-23,7,-30,-3,-14,7,-26,-14,-19,-16,-21,-27
-1,-1,1,0,1,-2,2,0,1,0,2,-5,-8,-3,5,4,-5,-3,-1,-5,-2,-1,5,4,-8,-15,-10,-2,-2,4,7,5,-13,-18,-17,-2,-1,14,12,8,-16,-14,-15,-9,6,18,4,9,-14,-17,-22,-18,-9,19,5,11,0,-2,0,0,2,0,1,0,-2,-8,0,-4,-9,4,-1,-2,-3,2,2,-3,-5,-7,1,2,-8,-1,-3,1,-4,4,-10,-4,-14,-5,1,0,-7,-7,2,3,0,-10,0,-2,-1,-4,-1,-1,-29,-8,-26,-2,-2,11,0,1,-8,-7,-2,-1,-1,6,1,5,-4,-1,-14,-14,4,-1,1,7,0,3,-9,-1,1,2,-6,-10,7,0,6,5,-3,8,-1,3,21,6,-4,-1,-7,-5,5,1,4,15,-2,-8,-4,-1,-1,4,4,-10,11,-2,4,6,5,2,1,-1,-3,8,7,3,1,3,7,-10,-6,0,5,-1,-2,8,-3,5,1,-7,-13,11,-2,1,2,-1,0,-2,-2,-2,2,0,3,9,2,2,5,3,5,1,4,12,11,3,2,0,-3,-4,14,6,7,2,6,-9,-5,-1,6,10,-2,-1,6,-4,8,0,5,8,14,5,12,5,7,8,16,19,9,9,9,0,6,15,8,3,13,6,3,2,3,3,0,-2,-3,-2,-4,-7,-5,-26,26,5,1,11,7,6,10,1,25,22,-13,14,-4,-11,-5,-9,31,18,14,2,5,-17,1,2,14,11,26,-1,-2,7,3,3,28,11,1,7,13,-2,-2,17,10,1,-5,12,12,6,20,4,16,6,14,3,0,11,27,14,-1,-1,-2,-2,0,-1,0,1,-2,-2,-6,-10,4,1,-9,-6,-1,-1,-7,-8,16,5,1,-2,-5,-4,-7,3,8,11,2,0,-6,-7,-4,3,10,6,3,0,-3,-5,-2,-1,5,1,4,1,1,-3,-4,-2,-14,-6,-8,-3,2,-1,0,-1,1,1,0,2,-4,-3,-5,5,1,-8,-1,-4,11,-3,9,0,16,-3,4,-8,-4,-3,-23,-3,-5,-10,2,-6,-3,-2,-8,-6,-9,-1,0,7,-2,-7,-7,1,0,-2,-6,-7,-1,-6,-10,-9,3,-2,4,2,-5,-8,-4,-9,4,-3,3,-1,-1,-5,-2,-6,-3,-4,-1,6,-10,-10,-10,-6,-10,-9,-11,-13,-11,-10,-16,-15,-4,-18,-7,5,-5,-1,-15,-14,-9,-12,1,0,-12,-8,-14,-12,-12,-2,-6,7,-5,-17,-11,-8,-4,-9,-4,-5,-14,-10,-10,-6,-1,-2,-1,3,-4,-9,2,-10,-5,-2,1,-3,6,1,-7,-7,-6,-11,-4,-3,-2,9,2,1,11,8,1,7,-1,-12,-13,-9,-19,-9,-7,4,-1,3,-9,-3,0,-1,-1,7,-7,-7,-4,2,-1,4,7,6,-12,-16,-7,0,7,5,10,4,-14,-10,-6,-1,15,9,5,13,-5,-9,1,-1,14,-8,6,1,-2,-2,1,5,10,0,9,7,-27,-37,-26,-54,-13,-29,-26,-25,-22,-29,-22,-43,-18,-22,-18,-15,-2,15,-34,-28,-17,-16,-12,11,-39,-3,-10,-24,-32,-16,4,0,-17,-28,-15,-7,-15,-25,-11,-5,-28,-16,-47,-11,5,-14,11,-1,-25,-17,-10,-12,6,-8,4,12,-9,-2,2,-8,5,-11,5,2
2,0,0,-2,2,0,2,1,-8,3,7,2,-2,-1,3,2,-5,2,7,3,4,3,1,2,-6,-7,4,23,5,3,6,3,3,5,0,-6,13,-1,0,-1,-2,-4,4,-1,-6,-2,10,-1,3,14,30,10,13,1,-14,1,-2,2,2,-1,0,1,2,1,13,8,5,-3,12,0,10,-8,16,1,12,-3,7,-1,8,3,5,-12,9,-5,5,4,9,11,8,7,6,28,0,5,7,1,-9,11,15,-4,21,0,11,11,7,15,17,14,1,13,-11,11,8,15,7,14,9,2,5,14,6,5,9,8,-17,4,7,-6,-27,11,5,3,14,8,-8,5,2,2,11,-1,5,3,5,5,37,-2,-5,3,9,6,-5,5,4,32,7,28,5,0,9,12,-8,-7,26,-14,7,8,1,-1,5,19,3,18,8,-9,10,-5,3,17,18,7,17,-11,-12,15,-39,-3,12,-3,6,-16,17,-3,12,5,8,5,8,3,8,10,7,12,-7,8,8,7,10,3,-7,0,16,1,12,15,4,5,0,1,14,11,10,6,3,8,-25,-6,10,-10,8,-3,9,-4,-6,1,8,10,4,2,10,7,-18,6,2,3,-8,2,27,-2,31,13,12,9,12,11,14,5,10,1,3,7,10,5,4,-5,0,1,9,3,8,11,10,13,9,2,-1,3,25,7,8,11,0,28,25,26,16,9,2,18,-6,6,23,14,20,12,-2,-1,-6,22,9,5,11,-27,-3,1,17,22,11,-19,26,-3,-11,-2,16,6,19,29,7,15,19,6,-2,2,0,-2,-1,2,-2,-2,5,-18,16,-5,10,6,3,-15,-3,-7,16,-12,4,-2,4,-2,3,-11,8,-11,-4,2,-6,-1,-1,-10,-42,-4,-9,2,1,-1,2,6,6,-7,0,-2,-2,-1,-2,-5,-7,3,7,-2,-1,-2,0,-2,-3,-1,-2,0,-1,-2,-4,-8,1,-18,-9,-12,-17,-3,3,0,-31,-7,7,-18,-21,-3,3,-17,-1,-3,-6,1,-37,7,-3,-2,-23,-5,-11,1,-10,3,-11,-44,2,-2,4,-11,-7,-4,-4,-4,5,-6,1,-5,-3,-7,-1,-15,-10,0,-2,-2,-8,-1,-2,8,-2,-1,1,-4,-4,-12,5,-1,-5,2,-14,-7,1,-11,-7,-33,9,-9,10,-21,-19,-1,4,-5,-14,1,-9,-13,0,-3,-1,-5,-25,2,-11,-5,-3,-2,-1,-9,1,-15,4,-1,1,-3,-13,6,-3,-5,-7,2,-7,-6,-5,-7,-11,3,-7,-8,-5,2,-2,3,-5,-1,5,-6,-19,0,-40,-8,-2,-20,-17,-5,1,-14,-19,-14,1,-11,8,12,-12,-22,28,-26,-20,4,-53,5,-14,7,-13,-3,-15,-5,-11,-17,-12,-6,-15,-9,13,-9,-26,6,-7,3,5,-5,-8,6,-4,10,-9,-7,-7,-25,-13,-11,1,-4,-16,1,-1,-1,-5,5,-3,-3,-6,-10,-35,-3,-6,-10,-20,-6,24,-20,-27,-42,3,-43,15,-17,-17,-27,27,-8,-40,2,-59,-14,-9,-2,-23,-17,-49,-6,-20,-17,-10,-14,-18,-25,17,-4,7,-1,-5,-10,-20,-10,-17,-2,-13,-7,-19,-20,-11,-17,-13,-5,-4,-11,-28,5,-3,-11,2,-2,-15,-8,-15,-40
-2,0,0,1,-2,-1,1,-1,3,3,3,6,7,11,-18,-37,3,2,1,1,8,12,6,-6,3,2,3,3,7,5,7,-1,3,4,3,2,5,5,3,2,1,3,4,2,1,3,3,2,-7,1,1,-1,-2,1,-7,1,-1,0,1,-2,2,-2,1,1,14,14,2,-13,-11,-25,-97,-56,15,8,7,-6,-51,-58,-2,-78,13,12,3,-8,-9,-65,-71,-89,13,14,12,3,-13,-5,-23,-10,14,13,12,8,-4,-16,-9,-21,14,14,10,10,8,7,9,12,10,14,11,10,10,6,12,11,12,13,10,12,8,11,12,7,13,3,10,-3,0,-50,-110,-86,8,9,1,7,-6,-12,-86,-115,12,5,10,-2,-17,-74,-37,-70,6,11,0,-9,-79,-23,-6,-5,5,-4,-12,-52,-18,0,4,-7,-3,-13,-32,-26,-1,6,7,3,-10,-36,-21,7,10,3,7,0,-53,-22,-4,6,7,5,3,7,-32,-42,-47,-52,-49,-39,-51,-50,-2,-10,-10,-9,-12,-14,-21,-39,-1,-3,-4,-7,-12,-16,-38,-36,-2,1,-2,-7,-15,-10,-30,-23,0,-4,-9,-5,-7,-15,-22,-15,0,-5,-3,-5,-4,-13,-13,-18,-1,-5,-7,-2,-4,-8,-13,-12,-2,-7,0,-3,4,-7,-7,-6,-28,-45,-40,-22,-19,-70,3,-29,-9,-21,-17,-6,-7,-17,-28,-16,7,0,-38,-25,-3,-22,-11,-34,-24,-11,-31,-45,-48,-11,-25,-21,-26,-14,-13,-11,-15,-27,-22,-30,-25,-21,-37,-10,-44,-33,-29,-37,-44,-21,-25,-27,-13,-17,-14,-37,-24,-22,-20,-34,-33,-9,-20,-36,-2,-1,0,1,0,1,-2,-1,-14,-10,-7,4,0,40,78,58,-10,-4,-8,-8,-5,-6,31,39,-8,-6,-5,-3,-5,-7,-6,10,-5,-5,-2,-3,-2,-2,-6,1,-5,-4,-2,-3,-2,-3,-1,0,-5,-5,-3,-4,-5,-2,-1,-3,2,2,-2,2,-2,2,-1,-2,-8,-5,-6,-7,-10,-4,-15,-17,-10,-11,-12,-15,0,-6,-14,-21,-7,-10,-5,-7,-14,-2,-3,0,-6,-7,-12,-11,-11,-7,-14,-6,-7,-6,-11,-6,-9,-6,-8,-3,-9,-6,-9,-8,-11,-5,-2,-2,-7,-5,-11,-9,-10,-5,-4,-4,-4,-8,-7,-4,-3,-4,-2,-7,-9,-12,-5,-8,-6,-15,-23,-27,-13,-9,-10,-7,-11,-9,-8,-15,-13,-14,-13,-13,-8,-7,-5,-13,-11,-10,-10,-7,-9,-7,-13,-2,-11,-9,-8,-6,-6,-10,-8,-12,-9,-8,-8,-10,-10,-8,-11,-8,-5,-7,-8,-9,-5,-11,-5,-6,-8,-5,-11,-4,-11,-7,-6,-7,-15,-10,-14,-13,-20,-16,-21,-15,-11,-12,-21,-23,-21,-19,-21,-29,-14,-10,-15,-18,-16,-15,-12,-13,-13,-6,-18,-17,-16,-10,-8,-10,-12,-14,-20,-19,-17,-17,-6,-11,-11,-15,-21,-15,-11,-6,-4,-4,-15,-11,-14,-20,-12,-10,-4,-6,-8,-9,-13,-19,-13,-8,-6,-7,-19,-18,-24,-29,-23,-16,-16,-15,-8,-13,-19,-9,-20,-39,-20,-21,-16,-13,-20,-20,-39,-20,-25,-17,-13,-20,-16,-14,-23,-17,-10,-16,-12,-16,-2,-12,-2,-16,-15,-10,-11,0,-25,-5,-15,-16,-6,-14,-4,-10,-2,-7,-9,-4,-4,-2,-5,-5,-11,-9,-1,-5,-7,-16
-1,2,2,-2,0,-2,2,-1,5,3,-7,-2,-7,0,2,4,8,-4,1,-11,0,-2,5,5,6,1,-1,-1,-2,1,4,5,5,2,4,2,5,6,4,5,2,10,0,10,1,9,1,8,0,8,1,1,5,2,9,4,2,2,2,-2,1,2,-2,-1,8,9,-2,1,-4,-2,12,0,7,-5,8,-10,5,-3,11,13,-5,-2,-4,-3,-10,6,0,8,9,-10,-1,-13,-7,5,1,8,-5,7,-14,3,-4,5,8,6,11,4,4,-4,11,6,11,10,10,0,14,1,6,15,17,11,9,15,14,14,11,13,16,17,9,-29,12,-17,4,1,8,4,-8,16,-23,11,-9,8,4,15,12,-12,1,-21,3,2,12,9,-13,11,-14,2,-27,6,2,9,12,-13,11,-21,12,-19,12,3,-6,6,-6,11,-5,12,-10,15,2,-3,17,5,14,2,16,-14,-2,14,-3,11,1,17,-2,12,8,12,-4,-2,0,7,16,16,11,-11,-3,-30,-10,1,9,13,-3,3,-44,0,-10,0,3,9,8,-15,-10,-17,-8,0,6,8,6,-2,-8,-3,-2,8,5,11,10,4,2,-1,4,7,16,11,8,17,8,12,13,21,13,18,13,13,11,8,19,25,20,18,15,3,6,-6,5,5,12,16,0,-1,-6,-5,-9,8,9,8,-10,-8,-15,-19,-7,-5,5,7,-14,-14,-24,-12,-26,-1,-4,4,7,-17,-9,-17,0,-18,6,1,2,7,-19,-4,-17,9,-3,8,12,-3,8,6,-15,8,16,7,6,12,-3,8,5,10,5,13,2,1,2,2,2,-1,-2,-2,13,22,26,25,1,10,-1,8,1,11,9,8,3,2,3,3,0,-1,-5,-1,-15,-4,-2,-1,-2,-10,-8,-12,-4,-6,-4,-2,-2,-5,-9,-5,-3,-4,-5,-2,-2,-4,-5,-2,-2,-4,-3,-2,0,2,1,-2,0,0,-1,-1,19,8,3,7,0,-2,-1,0,-3,-3,23,3,-9,0,-6,-2,5,22,-9,16,-1,2,2,-8,2,4,12,2,1,-4,-1,-2,0,-13,-3,-10,-1,-6,-3,-8,-9,-11,-9,-6,-9,-6,-10,-8,-11,-5,-15,-6,-9,-7,-9,-8,-8,-11,-11,-9,-11,-11,-10,-14,-6,14,4,6,-9,2,-15,1,8,-8,25,1,3,-9,5,-12,-10,20,-10,25,-3,11,1,-3,15,-6,21,-5,20,-6,2,-2,-1,7,-3,-1,-3,6,-4,-2,9,-10,1,-10,0,-7,4,-5,-11,5,-13,-2,-8,-2,-9,2,3,-12,-5,-6,-3,-10,-5,-11,0,17,7,9,6,8,-2,-4,16,16,42,21,19,17,6,2,-7,22,-4,24,11,4,-5,-10,7,-1,26,-5,21,-7,-8,-7,-4,-1,4,-2,1,-4,-6,-6,-3,-3,-5,-5,-6,-8,-9,-8,-11,-1,-10,-5,-14,-7,-13,-11,-8,-4,-4,-8,-10,-10,-11,-11,-6,38,32,40,36,17,-7,4,30,24,75,35,38,34,8,6,-9,55,8,67,41,18,7,-6,35,-2,60,19,55,5,7,2,9,21,21,15,30,28,-2,8,23,10,20,4,10,5,11,2,-1,18,6,10,-3,7,-9,12,15,5,5,1,3,-11,0,-4
0,0,-1,2,-2,1,-1,2,2,5,3,4,-2,2,3,3,0,1,1,-1,1,-2,2,1,3,1,-2,0,-1,5,1,2,-1,2,0,2,1,2,1,-1,4,-1,-3,1,1,0,0,1,-8,-16,-11,-20,-6,-13,-18,-3,-1,2,0,2,-1,2,1,-1,0,2,14,-1,15,4,13,8,4,10,7,2,6,0,14,9,1,8,-3,48,-11,10,-6,10,0,7,1,5,-2,8,3,-2,-3,5,5,7,5,4,7,2,2,-6,10,-8,0,-4,7,3,3,-2,3,3,-6,2,4,0,-1,6,8,-2,2,-4,-12,-4,-11,6,3,8,9,3,0,0,12,2,11,3,8,8,6,-6,-2,-6,1,50,8,1,1,5,-4,2,0,12,8,7,-3,1,2,9,12,6,-4,7,4,3,13,5,2,-2,3,1,3,9,-1,-2,8,3,0,0,3,4,-7,4,-2,5,3,1,10,2,7,8,5,7,13,9,7,8,5,2,10,0,11,3,10,10,13,24,9,3,5,12,14,11,6,14,1,14,8,4,-6,11,4,2,3,0,-6,-13,5,8,7,2,14,3,11,7,7,12,4,8,14,3,10,12,5,7,-1,7,2,2,-6,-10,-14,3,25,17,11,14,19,24,25,37,18,12,21,15,15,11,29,27,21,43,15,45,12,14,28,10,18,15,14,31,17,20,11,30,11,16,40,22,7,21,13,18,17,32,13,25,20,8,25,19,11,23,13,7,2,26,5,26,3,18,22,18,18,20,42,36,2,2,2,-1,2,1,1,0,-47,19,-9,-4,11,-7,-7,-9,-3,3,1,12,7,-6,3,3,-4,0,-74,15,-78,7,-8,1,1,0,-8,7,-14,7,-6,0,3,-3,1,3,-3,4,-1,2,2,0,1,-1,-1,1,-2,2,0,0,0,-2,-1,-2,-2,0,-9,7,-45,-2,-24,-3,-6,-12,-5,-5,-10,-33,-3,-8,-14,2,-8,-8,-9,25,1,-7,-6,-5,1,-17,-10,-10,-12,-25,-19,5,4,-1,-50,-8,5,-9,-1,-13,-9,-3,-7,-5,-6,-7,-4,-6,-4,-3,-1,-11,-3,-6,-9,-3,-7,-8,-4,-8,-13,-5,-9,-9,-2,-4,-5,-19,-1,-24,-1,-10,-16,7,-18,-11,-6,-6,-24,-1,0,-16,-1,7,1,-6,-9,-4,-8,-3,-23,6,-31,-2,-3,-8,-6,-16,-9,-15,4,-16,5,-18,-11,-11,-10,-9,-5,-1,-11,-3,-8,-10,-13,-8,-2,-9,-1,-8,-9,-11,-10,-8,-17,-6,-3,-6,-14,8,-6,-42,-5,-20,-17,-7,-10,-8,-11,-61,-10,-6,-15,-5,-10,-42,-19,34,-3,-19,-10,-10,-5,-3,-4,-10,-7,-11,-8,-7,-6,-6,-16,-15,-3,-6,-6,-8,-4,-9,-16,-8,-9,-2,-10,-4,2,-6,-7,-1,-9,-2,-6,1,-9,-9,-12,-13,-12,-8,-8,-7,-18,3,-24,-43,-66,-35,-28,-13,-24,-11,-15,-39,-59,-11,-37,-22,-29,-46,-26,7,-20,-28,-10,-10,-8,-16,-18,-13,-23,-11,-17,-11,-18,-17,-19,-15,-20,-18,-20,-10,-19,-15,-15,-19,-14,-21,-14,-16,-14,-16,-15,-16,-15,-9,-11,-6,-21,-14,-19,-19,-18,-21,-18,-21
-1,0,-1,1,-2,1,-2,-1,6,1,-4,-3,-4,-5,-1,0,6,-3,-4,-4,-4,-2,-2,-2,4,-4,-5,-5,-4,-2,-4,-3,4,-3,-3,-5,-2,-4,-1,-1,3,1,-7,-2,-5,-5,-4,-2,2,-1,-6,5,-5,-1,-2,-2,-1,-1,2,-1,2,2,1,2,-40,-49,-40,-52,-47,-53,-47,-46,-42,-54,-51,-49,-52,-48,-48,-45,-43,-59,-56,-48,-42,-48,-41,-53,-51,-47,-44,-48,-55,-47,-60,-47,-46,-57,-50,-55,-49,-48,-54,-52,-54,-58,-53,-42,-51,-54,-45,-48,-49,-42,-48,-46,-43,-52,-47,-50,-51,-46,-58,-54,-40,-42,-46,-46,24,-44,26,-20,27,-35,28,-42,-21,26,-41,29,-36,29,-36,27,25,-38,28,-39,27,-20,28,-54,-33,27,-24,28,-35,28,-37,28,31,-48,28,-20,30,-17,24,-40,-39,32,-34,29,-21,27,-48,26,28,-18,29,-42,28,-36,29,-43,-51,31,-39,28,-48,26,-25,27,-35,-29,-31,-37,-34,-33,-27,-30,-30,-30,-25,-32,-37,-33,-30,-26,-27,-30,-31,-20,-36,-27,-27,-30,-23,-29,-13,-22,-22,-25,-20,-26,-24,-22,-27,-20,-27,-27,-23,-37,-26,-28,-21,-27,-27,-26,-19,-30,-23,-26,-27,-28,-26,-26,-25,-30,-29,-35,-28,-29,-27,-25,-28,-24,-16,-9,-17,-18,-11,-19,-21,-18,-13,-11,-8,-18,3,-14,-18,-19,-13,-12,-13,-17,-15,-15,-20,-12,-10,-15,-4,-7,6,-4,-8,-8,-17,-11,6,8,5,11,-16,-17,-12,-13,-45,-18,0,-2,-5,-14,-22,-8,-6,-14,-17,-11,-16,-8,-12,-8,-14,-14,-22,-24,-5,-10,-1,-2,-2,0,-1,0,2,1,-1,-23,-6,-34,-2,-19,-2,-25,2,-2,-6,-9,-6,-10,-4,-6,4,-4,-9,-10,-5,-8,-4,-5,4,-2,-9,-5,-6,-6,-5,-3,5,-2,-6,-4,-4,-4,-2,-3,5,-2,-4,-5,-3,-5,-3,-2,-2,-1,-1,0,1,0,0,-2,-41,-50,-37,-31,-36,-45,-40,-40,-39,-34,-46,-38,-37,-55,-29,-45,-38,-49,-36,-36,-39,-37,-37,-39,-42,-39,-44,-43,-36,-40,-46,-54,-40,-38,-35,-39,-36,-50,-52,-45,-41,-39,-42,-35,-38,-45,-41,-45,-43,-39,-41,-40,-41,-40,-37,-34,-33,-42,-38,-41,-43,-39,-69,-36,-30,22,-39,21,-33,21,-31,23,23,-29,23,-35,21,-32,23,-30,-33,23,-31,23,-34,24,-36,20,21,-38,23,-39,23,-39,21,-32,-33,20,-35,23,-28,19,-32,20,21,-30,22,-37,22,-32,20,-58,-30,21,-33,20,-37,22,-51,19,21,-32,21,-34,21,-38,20,-29,-34,-32,-27,-33,-20,-34,-31,-31,-29,-36,-35,-27,-36,-25,-37,-24,-30,-30,-24,-35,-24,-29,-29,-34,-25,-23,-31,-28,-36,-30,-33,-35,-29,-32,-27,-26,-29,-23,-25,-31,-25,-25,-31,-25,-34,-21,-25,-39,-33,-33,-30,-38,-34,-36,-22,-23,-34,-40,-34,-29,-34,-36,-34,-36,-9,-24,-18,-23,-6,-62,-8,-21,-26,-13,-32,-22,-27,-27,-51,-21,-25,-61,-16,-28,-14,-23,-20,-36,-20,-23,-26,-13,-19,-30,-18,-13,-30,-20,-34,-31,-22,-19,-23,-35,-11,-23,-24,-30,-30,-12,-19,-18,-25,-27,-19,-26,-29,-28,-20,-28,-19,-35,-35,-25,-22,-32,-46,-31
1,1,2,2,1,1,2,-2,2,2,-4,0,-3,0,-5,-1,3,-3,1,2,-2,-3,-3,-2,1,2,-4,-2,1,2,-2,-1,0,-4,5,-2,0,2,-2,0,6,11,1,3,5,-1,5,-5,14,9,11,16,-4,-1,-8,1,0,0,1,-3,2,-1,0,1,2,-2,-9,5,3,0,3,1,6,4,-2,3,9,-3,-4,4,4,4,-1,3,-8,5,-1,4,-5,12,3,11,-4,4,0,11,2,4,3,2,-4,9,1,18,9,13,3,1,9,6,3,-5,9,4,14,5,4,2,4,1,-7,-2,3,5,14,2,4,5,-5,5,0,15,2,3,2,10,1,9,6,4,6,6,4,3,5,18,-7,5,-14,17,7,7,12,12,0,4,6,2,10,15,3,2,7,7,9,15,9,10,9,18,12,15,13,15,9,11,2,9,11,6,19,8,1,3,9,5,1,5,9,6,3,10,9,10,8,10,5,10,6,9,16,19,13,11,3,7,3,10,8,9,15,12,-9,6,-2,2,3,8,14,4,5,-4,5,2,5,7,9,10,1,13,5,11,2,-1,5,11,2,2,-5,-6,-3,12,11,5,12,12,7,11,10,17,4,14,10,19,6,8,-6,16,20,21,-7,21,15,3,13,26,21,23,2,16,4,27,-31,25,12,15,-20,31,15,0,24,2,26,-6,12,12,21,35,28,0,25,24,7,22,26,21,16,4,14,23,-15,-1,2,33,5,4,32,-4,37,22,1,20,6,11,-6,0,14,18,7,30,0,-1,-2,2,-2,1,-2,1,-18,-1,-24,-4,-22,2,-10,6,-10,8,-11,0,-17,10,-10,2,-14,10,-14,16,-32,19,-16,5,-7,6,-12,5,-9,10,-13,6,-7,5,-6,7,-8,7,-12,5,-4,3,-3,6,-3,8,-7,4,-1,0,-1,1,-2,0,0,0,-7,-12,-15,-5,-20,-18,-3,-5,-11,-37,23,-45,-7,-8,-14,-25,-12,-7,-12,-19,-20,-24,-5,-7,-23,-11,-11,-17,-11,-5,-11,-13,-13,-10,-12,-14,-11,-10,-8,-9,-13,-16,-11,-7,-8,-7,-10,-10,-9,-12,-6,-7,-8,-3,-9,-6,-5,-8,-8,-10,-6,-14,-6,-7,-3,-16,-1,-12,-14,-7,-14,-13,-13,0,-1,-12,-21,-1,-15,-1,-1,-12,-2,-17,-5,-25,1,-21,-15,-4,-14,-8,-11,4,-14,-1,0,-16,-2,-18,0,-11,1,-6,-12,-5,-13,0,-8,1,-8,-3,4,-11,3,-7,-2,-8,6,-9,-14,4,-5,0,-7,-1,-7,-1,-18,-13,11,-6,-13,-8,-14,-16,-10,-11,-7,-11,-11,-14,-14,-11,-11,-10,-14,-16,-19,-15,-14,-29,-12,-8,-16,-14,-6,-20,-11,-13,-17,-19,-13,-8,-11,-10,-17,-9,-21,-15,-13,-10,-8,-4,-12,-20,-10,-7,-7,-9,-1,-6,-10,-11,-6,-4,-7,-5,-4,-4,-10,-9,-33,-37,16,5,-57,-48,-28,-48,-16,-24,-8,-37,-35,-12,-43,-32,-15,-37,-53,-40,-20,-47,-30,-66,-19,-17,-57,-34,-34,-40,-25,-25,-21,-23,-9,-28,-26,-24,-24,-24,-31,-26,-27,-14,-22,-12,-32,-21,-21,-21,-10,-16,-18,-20,-22,-18,-17,-15,-8,-14,-15,-7,-35,-27
-2,-1,-2,-1,1,2,0,-2,1,-3,0,1,-1,-1,1,0,0,0,-64,0,1,0,-1,0,2,1,0,-70,0,-1,0,1,1,-1,0,0,-21,0,0,2,-2,0,0,-3,2,-6,4,3,-3,-3,-3,1,0,1,-1,5,1,2,3,1,2,0,0,-2,-7,0,0,1,2,0,-1,-3,-2,-9,-5,1,-1,0,3,2,0,-7,-64,4,-5,0,-3,0,-1,3,0,-58,-2,-1,2,-1,-1,-2,0,-1,-32,1,0,-5,1,-2,-6,-5,-3,-1,-4,-5,4,-8,-2,-2,-5,1,4,2,0,-6,6,3,0,4,3,7,68,3,-35,5,-24,0,13,5,0,63,6,-31,1,-8,0,-13,-28,2,65,2,-31,1,-26,4,5,-31,3,60,2,-11,2,-7,-6,2,-26,3,53,4,-15,-2,0,-25,3,-17,1,53,5,-36,9,5,-1,0,-22,2,53,7,4,-27,0,-32,1,-26,7,52,3,2,2,3,4,1,2,2,2,-2,-5,1,6,4,2,3,1,2,-28,-3,7,6,2,5,1,0,2,-18,3,1,6,6,2,0,0,10,-10,0,7,8,5,2,1,4,7,13,1,9,7,0,6,5,3,-1,9,-3,2,0,5,-4,5,5,-15,9,1,1,3,5,5,5,7,-2,7,2,3,0,6,-4,4,3,-2,0,-21,1,0,3,9,0,8,1,5,-18,-4,1,7,6,2,3,3,5,9,5,10,9,-6,1,-1,7,12,16,11,11,14,6,12,13,10,7,-16,0,9,18,8,17,12,14,9,14,-1,-2,-2,-3,2,1,-1,-2,16,11,-5,-10,-10,-5,3,-8,2,-1,-67,1,-1,-3,1,-2,0,-5,2,-70,-2,0,-1,-2,0,-1,-3,2,-54,-1,0,-3,-1,0,-1,-2,0,-14,-1,-4,-1,-1,0,-1,-3,-2,-4,-3,-2,-1,0,-1,2,0,-1,-2,3,-8,-11,-6,-4,5,2,-2,-10,14,-4,-6,-4,-3,0,-4,-11,-11,-1,-6,-6,-6,-2,-4,0,-5,-3,-6,-4,-4,-5,-6,-3,-7,-5,-1,8,-5,-6,-5,-2,-2,-4,-2,-7,-2,-5,-2,0,1,-2,-6,-5,-1,4,-1,-7,-2,-6,-2,-6,-2,-3,0,10,-2,-14,-5,1,-3,-7,1,-10,-4,-8,-8,-7,-8,-4,-4,-9,-8,-25,-4,-8,-1,-8,-4,0,-8,-2,12,-2,-7,-2,-5,-3,-5,-6,-3,8,-3,-8,0,-5,-4,-3,-5,-2,-7,-2,-1,-3,-2,-5,-1,-4,-4,-3,1,0,-7,-1,-3,-3,-3,3,2,30,-9,-15,-6,-12,-16,-12,-5,-7,24,-17,-34,-9,-1,-6,-7,-11,-11,20,-24,-10,-14,-11,-5,-7,-11,-16,25,-12,-14,-12,-9,-8,-10,-14,-13,21,-10,-15,-5,-3,-11,-8,-9,-8,20,-7,-5,-4,-10,-10,-7,-6,-5,14,-5,-3,-2,-3,-6,-3,0,-4,5,33,-27,-22,-40,-16,-16,-20,-11,-47,29,-13,-20,-12,-17,-18,-14,-31,-32,25,-21,-16,-23,-19,-21,-42,-54,-26,29,-15,-19,-18,-21,-25,-25,-26,-14,35,-20,-18,-10,-11,-14,-16,-21,-20,36,-12,-11,-10,-17,-13,-9,-13,-16,27,-15,-8,-9,-8,-9,-12,-10,-6,28
1,-2,0,-2,1,0,0,-2,0,2,0,-3,-2,3,-1,4,0,-1,1,0,-7,0,-1,4,0,0,0,0,-2,-1,-12,12,1,-2,1,1,-4,-7,-66,4,0,2,-1,3,-1,-3,-21,4,-3,8,-23,1,-51,3,-17,-13,0,0,1,0,1,1,-1,-1,-3,0,-3,1,7,-2,5,1,0,-7,4,1,2,1,3,2,0,2,2,-1,-1,16,2,23,0,-7,2,1,9,-8,-10,-1,-6,2,4,-4,-1,-9,80,-10,-3,4,-9,-5,16,0,3,-5,-14,-44,5,2,2,17,5,43,10,1,-1,-1,-6,7,-14,-3,1,-1,10,1,4,1,11,4,6,3,-1,10,2,3,3,1,3,5,0,-1,9,1,4,2,1,1,-1,-4,-1,10,-3,8,-14,2,3,-2,0,-3,64,-1,-2,3,4,6,4,5,8,9,-22,6,-16,6,9,4,3,2,-1,3,-14,13,-4,2,-8,8,1,5,3,2,7,4,5,3,3,1,2,3,4,7,8,0,4,0,-4,3,7,7,8,5,3,-4,-1,-1,2,7,4,8,2,-4,10,2,20,16,25,19,3,3,-2,0,10,7,7,4,3,4,8,7,2,0,10,10,1,2,-4,3,6,-3,-2,6,8,5,10,6,10,6,14,8,8,9,6,10,5,3,20,4,5,8,4,6,9,8,18,8,6,-1,5,2,5,19,7,13,3,4,-3,16,13,20,65,21,-3,-18,22,16,16,-1,20,1,-2,12,15,7,-2,13,30,13,0,23,5,22,26,33,23,16,-2,0,2,-3,-1,-2,-1,-2,-20,-11,-2,-20,-3,-11,0,-1,0,-8,4,-3,-3,-2,5,-4,-2,-2,0,-3,0,-7,-4,0,0,1,2,0,0,-3,25,4,-1,1,0,0,0,-89,10,-93,1,0,1,-3,-3,-16,7,-10,-2,0,-2,-2,0,-1,-2,-2,-4,5,4,-6,-9,-11,-2,3,3,-3,-5,-12,-7,-3,-6,-10,3,-3,-8,-12,-1,-26,-6,-46,-4,-3,-1,-7,-11,-8,-5,-2,1,0,-5,0,-8,-8,28,-8,0,0,-2,-5,-15,-3,-5,-10,3,2,-2,1,3,-22,-6,-33,1,1,0,-16,3,-8,-3,-1,-2,0,-10,-2,-3,-6,-6,-4,-7,-6,0,-3,-3,-2,-5,-19,0,2,-5,-5,-5,1,-10,2,2,-4,-3,-6,3,-9,-8,-16,1,-3,-1,-4,-6,-3,28,-7,-1,-3,-4,-7,0,-22,-2,-16,-7,-3,-1,-4,-18,2,-5,14,-7,-1,-1,-14,-5,-4,-9,-2,-1,-10,-2,-16,-16,-10,-1,0,-5,-1,-4,-3,-13,2,-7,-5,-2,-5,-5,-11,-3,-6,-14,0,-4,-5,-7,-6,1,0,-17,5,-2,-7,-5,-9,-9,-19,33,-13,-1,-3,-3,0,-3,-1,-14,-4,0,-4,-1,-2,-4,-3,-22,-2,3,1,4,2,-3,-8,-5,-6,-13,-9,-8,-7,-5,-18,-20,-3,-11,-12,-16,-13,-50,-6,-9,0,-11,-14,-13,-22,-12,16,-8,-5,-4,-14,-15,-12,1,-5,-4,-3,-7,-7,-13,-6,-15,-21,14,-15,-9,-11,-6,-9,-2,-9,-26,-11,-4,-7,-7,-9,-10,-3,-19,2,0,-2,-5,-8,-6,-8,-4,-10
-2,-2,1,2,-1,2,2,-1,3,-2,2,6,6,0,0,4,0,1,4,14,8,2,4,6,2,5,6,9,6,0,0,4,-2,7,8,7,3,0,3,2,-12,-2,10,13,8,-3,5,8,37,8,5,19,8,34,17,6,2,-2,1,-1,-2,1,0,0,11,5,14,16,12,5,8,16,8,1,8,9,14,8,0,9,6,9,7,11,8,10,12,10,8,7,16,14,18,8,10,7,8,8,8,17,19,11,7,11,9,10,-3,18,14,20,30,11,7,-7,10,12,7,18,8,5,10,7,22,5,23,3,15,-1,11,4,2,13,3,9,3,7,13,10,5,11,21,5,13,11,1,12,12,14,11,10,19,21,14,8,16,16,17,4,21,3,15,10,5,15,21,19,3,15,4,9,13,17,19,17,15,12,16,0,7,19,4,24,16,7,17,21,14,11,21,7,13,20,5,3,2,4,-2,5,6,2,4,6,2,-2,12,1,9,5,8,12,5,3,13,15,12,2,2,0,10,15,11,14,2,8,5,-2,18,13,10,16,18,14,7,13,16,17,15,19,16,7,15,18,8,16,23,23,18,4,8,12,17,20,5,13,7,9,10,-2,3,3,6,6,17,10,-5,18,0,12,11,2,21,14,12,11,14,5,14,18,32,11,7,-1,17,18,14,23,26,30,5,14,27,13,30,34,10,11,0,30,25,34,20,22,23,16,20,21,16,12,18,25,21,20,12,28,21,11,25,22,26,14,2,1,-1,2,2,2,1,-2,25,-15,0,17,-9,20,-8,9,3,-4,-8,-2,-3,-7,-2,5,0,-2,-2,0,-1,-5,-5,1,1,-1,-5,-1,-4,-3,1,3,3,0,-1,-2,-3,-8,1,2,2,2,-4,3,0,-1,1,1,-2,-1,-1,-2,-1,0,0,-1,6,-13,-10,16,6,-17,-40,0,-2,-19,11,16,0,-6,6,-7,-1,1,8,34,-10,2,-8,12,-5,3,-22,-9,-10,-12,3,-9,-2,-9,-1,1,-3,-12,0,-3,-3,-5,-6,-6,-3,-5,-6,-6,-4,-8,-1,-1,-5,-6,-6,-4,-5,1,0,-6,6,-4,2,0,-10,-2,-6,-2,-5,-10,5,-3,4,-2,-2,29,-2,5,1,-3,2,-1,0,12,-3,-4,8,0,-10,-5,4,4,10,-7,-11,1,-2,1,-5,3,-5,2,-3,-13,-1,-4,-5,-7,-5,-12,-7,-14,2,-2,-4,-4,-8,-3,-11,-2,5,-6,3,-8,2,-9,1,-13,14,9,0,11,4,5,6,6,-15,-16,-11,3,4,-11,-8,-8,0,2,14,5,-3,20,3,7,0,-1,16,13,9,16,10,3,1,6,1,12,13,7,-1,3,-3,4,5,-1,7,-9,1,-1,-1,-3,7,4,3,5,3,-4,-4,3,-5,-3,3,-4,-1,2,2,-10,-9,-21,-50,-1,-6,-8,-4,-27,-11,-16,-14,8,7,-12,-21,-1,7,12,-6,13,12,12,-8,-16,14,2,15,11,3,2,-14,18,0,10,7,9,2,-1,-12,-8,9,-6,4,2,-1,-19,-26,-11,-6,8,-11,2,-7,5,-18,-10,-16,-27,0,-4,-12,-4
2,0,0,2,2,2,-1,0,3,4,4,3,4,3,4,4,3,4,4,4,4,4,4,4,4,4,3,3,2,2,5,5,3,2,5,3,3,4,3,4,5,4,4,5,4,2,4,6,5,6,8,4,8,6,7,5,-1,1,2,-1,1,-2,1,1,13,12,13,13,15,8,15,-11,11,15,13,11,16,10,14,13,13,12,15,13,11,13,12,14,13,12,13,14,12,14,11,15,15,16,16,18,15,13,18,12,14,17,19,18,16,13,15,13,18,22,18,12,19,18,16,13,14,15,23,21,19,19,13,10,14,14,13,17,11,14,12,13,8,14,14,12,14,14,13,15,15,13,12,15,12,14,14,14,13,13,16,16,15,13,17,13,14,17,17,15,15,17,14,14,17,13,16,14,14,16,18,14,15,16,18,19,17,14,15,13,16,15,16,15,21,15,13,15,19,23,22,20,22,20,23,19,21,23,24,22,22,21,25,20,20,19,20,23,19,21,20,22,21,22,23,19,21,20,25,21,22,26,22,20,23,23,17,21,24,24,26,23,24,21,20,20,25,27,28,24,28,23,33,21,21,28,22,23,24,21,23,20,-10,2,-6,0,3,-14,-10,-17,14,0,6,-6,0,-4,-2,42,26,18,0,12,-6,11,5,-3,31,-2,28,9,13,-6,45,2,37,21,40,31,30,20,43,-3,6,30,20,6,6,39,24,43,48,5,43,23,24,33,36,37,32,45,25,27,34,37,34,31,0,-1,0,-3,-1,-2,-3,0,-51,-3,-46,-44,12,-48,5,-46,-35,-3,-7,-33,3,-42,0,-14,-6,-4,-6,-3,-2,-7,-2,-11,-5,-5,-5,-4,-5,-6,-2,-6,-4,-5,-5,-4,-5,-5,-4,-6,-5,-4,-5,-4,-7,-4,-4,-6,2,1,0,2,0,-1,0,-1,-18,-13,-15,-13,-18,-16,-10,-7,-11,-16,-7,-21,-7,-13,-9,-13,-17,-10,-9,-10,-10,-11,-8,-14,-12,-13,-11,-11,-10,-9,-9,-12,-12,-11,-13,-12,-12,-10,-14,-11,-13,-11,-12,-10,-10,-11,-13,-12,-11,-11,-11,-12,-12,-11,-10,-12,-13,-13,-11,-11,-11,-10,-13,-14,-15,-16,-16,-19,-16,-14,-10,-14,-16,-13,-14,-24,-14,-16,-11,-14,-14,-13,-14,-13,-12,-14,-14,-14,-10,-13,-12,-14,-14,-9,-12,-13,-14,-13,-12,-13,-13,-14,-11,-12,-14,-13,-14,-13,-12,-15,-14,-9,-11,-12,-12,-13,-15,-9,-12,-16,-13,-12,-13,-12,-12,-15,-13,-14,-18,-18,-19,-22,-17,-19,-18,-19,-24,-20,-19,-23,-17,-24,-20,-19,-22,-18,-21,-21,-20,-22,-21,-21,-22,-24,-21,-22,-23,-21,-20,-22,-23,-23,-23,-23,-22,-21,-20,-21,-23,-22,-24,-22,-19,-23,-20,-23,-18,-23,-22,-20,-20,-21,-20,-19,-20,-21,-20,-17,-21,-20,-21,-21,-43,-53,-55,-45,-55,-48,-45,-53,-58,-70,-59,-50,-47,-62,-53,-51,-47,-47,-73,-46,-57,-47,-48,-44,-51,-69,-55,-73,-67,-67,-52,-80,-61,-57,-59,-78,-70,-75,-53,-55,-52,-71,-77,-57,-58,-72,-62,-66,-52,-66,-68,-68,-56,-58,-75,-65,-60,-69,-73,-68,-72,-67,-60,-65
-2,-2,2,-2,-1,-2,-1,2,2,0,3,0,3,-5,-5,0,0,2,0,7,0,0,-4,0,2,1,0,-15,-2,33,-3,-1,0,1,-2,0,-33,0,35,3,0,-2,-5,-5,-4,10,-13,8,5,11,8,-8,1,6,14,14,1,-2,-1,1,0,-1,-2,1,0,3,7,-4,15,2,4,0,6,0,-1,3,7,13,9,7,1,8,3,12,3,11,7,2,4,3,9,-1,11,10,10,9,4,3,15,0,17,-20,11,1,3,3,8,6,11,-5,13,-2,-4,3,2,8,1,0,-4,7,6,5,18,-8,15,9,5,8,10,28,5,1,15,1,10,1,-8,11,15,10,-1,5,0,-4,6,10,19,4,10,5,-29,-2,0,16,2,22,-1,17,-12,-8,6,1,10,1,8,-8,6,8,1,9,7,11,-7,20,0,4,4,30,11,4,11,8,17,9,2,3,1,15,14,1,1,12,2,6,9,4,9,1,0,5,6,2,2,10,9,-12,3,8,3,1,8,11,20,-5,-3,6,-8,1,10,15,9,12,-30,-3,-3,-1,3,8,16,-10,-16,-16,9,3,4,8,25,3,-3,10,8,10,12,8,19,14,15,6,12,2,2,13,19,5,0,15,7,8,3,3,12,2,16,10,-12,16,8,6,11,5,3,9,7,12,20,1,20,-5,12,7,-6,21,9,17,22,4,2,-11,7,9,17,6,23,-1,17,-1,7,1,13,29,6,10,-3,7,21,15,-3,15,26,12,21,-12,11,10,5,5,-2,-10,25,44,0,-1,-2,2,1,2,2,0,-2,1,18,-15,24,-3,-7,13,-3,-2,2,-1,-7,-3,6,-1,-2,-2,-2,-4,-3,2,-1,2,-2,-2,0,1,-9,9,4,2,1,-2,-2,-8,6,-6,2,0,-1,-1,-2,-5,3,0,1,-1,0,-1,0,0,1,2,0,-1,4,-22,8,-1,8,-15,11,3,-7,-12,-3,-1,-23,-4,-11,-6,-14,5,1,-8,-9,-7,-6,-3,3,-2,-7,-6,2,-7,-15,-12,-8,-11,-8,-8,25,-8,21,-17,-1,-3,-4,-11,-8,-6,-12,3,1,-4,-1,-7,-2,-2,2,-1,0,-2,3,1,-9,-7,0,-3,-14,5,-2,0,-1,-25,11,-3,6,-5,7,-7,-9,2,-3,11,-9,9,-11,8,-19,-14,7,-6,11,-4,-3,-15,4,-10,-8,-11,-5,-1,-16,-4,20,2,20,-12,-9,-10,-6,-12,1,-15,-4,8,-12,-7,-7,1,-4,2,-17,14,-10,-16,0,2,-1,-6,-1,-33,-2,-4,7,-2,-8,-7,8,3,0,-1,-4,10,-8,-1,-10,-10,-10,-4,3,0,-7,-5,-12,-17,-3,-4,-13,-8,8,-29,-9,-30,-3,-10,-18,4,30,-2,28,-7,-4,-5,-7,-11,-14,10,-3,12,-3,-3,-15,-8,-11,-10,6,-4,0,-4,-4,-3,-2,2,-5,0,2,-38,13,-6,-8,-28,-25,-11,-14,-18,3,3,-3,7,-29,-41,-5,-16,38,31,-23,-21,-28,-53,-1,-20,8,2,33,-34,-20,-29,-6,6,-19,-17,29,-14,25,-15,0,-11,-4,-15,-7,2,-12,25,3,-11,-16,-7,-4,-12,-8,-8,1,-12,-8,-5,0,-2,4,-12
1,-2,2,2,-2,0,-1,0,-5,2,1,-4,6,1,3,-2,-2,-1,-1,-3,2,8,1,9,4,19,5,5,3,11,3,7,12,2,25,-3,-4,-1,5,-8,4,4,-8,-6,1,7,-12,-5,-3,21,-8,11,-7,-7,-11,1,-1,2,1,0,-2,3,-2,0,-15,0,11,2,12,-7,1,-6,2,16,-1,-1,-2,15,3,1,7,-4,4,-10,6,5,19,8,-4,2,14,7,0,-1,3,12,-16,8,-21,2,-4,10,-5,-14,-12,4,1,27,-25,-6,-6,22,23,9,-20,1,26,5,18,9,8,0,29,2,8,-24,5,-6,-3,12,-6,-8,-9,9,7,-1,1,-4,17,-12,8,-6,2,13,-22,-11,-8,6,-2,7,6,24,-8,0,-2,6,18,9,12,1,-2,0,19,-5,-5,21,-4,-4,21,-3,-1,3,14,4,-7,-5,4,20,-3,17,-10,-20,-24,8,-3,4,14,-1,-6,1,-15,4,7,3,-2,2,3,-5,6,5,1,-8,-1,4,-13,9,7,3,-5,9,-3,-6,14,4,13,-2,-8,4,-5,5,8,12,-3,7,1,13,0,12,17,8,20,10,10,10,15,-2,12,21,23,-14,7,2,19,3,-3,8,2,3,9,8,-4,-1,6,2,19,1,17,13,4,5,5,14,10,16,1,1,14,0,3,1,7,-9,3,0,0,-6,18,-5,-10,7,3,13,-3,8,4,8,7,1,10,5,-9,3,12,18,18,0,26,6,20,3,24,21,17,-11,3,35,30,19,15,-4,-2,12,-4,10,13,32,-12,18,-2,11,2,2,1,0,-1,1,-1,-2,-39,-5,-14,-13,-7,-18,16,-19,-7,-8,1,4,1,-4,-9,7,-3,2,1,-2,1,-2,0,-4,1,6,6,2,-1,-3,0,-3,1,3,6,5,-2,-4,0,-2,3,-2,3,-2,-8,-5,-1,-3,2,-1,2,1,1,2,-1,2,-11,16,-2,0,2,-21,-3,-6,-13,2,-16,0,-4,-19,-6,-2,-15,-14,-2,0,-13,6,-9,3,-9,-9,-12,-11,3,-6,-10,-3,-4,6,2,-13,2,4,-10,-10,-4,12,-5,6,-2,0,-7,-2,-7,0,-11,-6,-5,-3,-5,-2,1,-4,5,-7,-8,2,-5,1,-6,7,3,-1,-15,-2,-21,4,0,-5,-17,-23,7,-5,10,0,9,-3,-9,8,-20,13,-7,-8,1,-4,-6,-12,-4,-15,7,-5,13,8,-11,-9,-1,0,-2,9,-1,14,4,2,-5,-2,-6,2,1,1,-1,-3,-5,-3,0,-16,-9,-4,-2,-6,0,-2,-3,-9,-9,31,-19,-6,-51,-35,-2,-3,-9,-20,-17,-30,-40,-23,15,4,-8,-22,-38,5,-13,-29,-17,-7,-12,-22,-8,-8,-19,-25,13,-2,14,16,-11,-3,20,22,13,-8,1,17,-5,14,-3,-17,-9,0,5,2,-22,-3,-1,-20,-12,-12,0,-13,20,-11,-8,-8,-4,-6,-12,23,-5,-21,-25,-32,-5,-21,-6,-21,-20,-60,-14,-16,18,1,-1,-37,-43,31,-49,-4,-30,-12,-29,-32,-30,-17,2,-35,38,-26,29,33,3,-16,39,42,30,-11,-29,34,-23,18,-22,-30,-34,7,12,-18,-34,-16,-7,-32,-6,-39,-9,-22,27,-25,-10,-24,-11,-8
-2,1,1,1,0,1,2,-3,1,-1,2,2,2,0,5,0,0,0,-14,-1,-5,0,7,0,1,-3,-5,6,2,4,7,-3,-3,7,-4,-7,-4,-1,-9,2,8,-12,9,-13,-4,-9,-16,3,-6,-4,-12,-22,-1,-4,-4,-17,-2,-1,2,2,-2,-2,2,-1,5,-2,6,-9,6,11,11,4,5,-4,5,-2,-9,-5,11,15,1,0,-2,7,-13,15,-6,-2,0,4,0,-9,-6,-16,15,0,6,1,9,-12,-16,2,-8,-6,-15,-14,-12,-6,-14,-6,6,-8,-11,-11,23,-5,-31,-2,1,-6,-6,7,-4,-6,-6,-25,-3,-1,7,-21,-3,-9,10,3,4,4,1,4,-3,22,5,-1,0,-13,-6,-19,14,-3,-8,-1,16,-5,-1,-1,-4,0,10,10,-11,0,-16,-7,-21,-14,0,-6,12,-3,24,-29,10,-12,-13,9,-20,9,-12,22,4,-12,-12,-13,7,-10,7,-41,6,11,-17,-14,-12,-19,12,8,6,8,9,6,2,11,9,12,1,1,4,-4,5,9,12,-1,-7,-16,6,-33,-9,18,17,-6,-19,-9,1,4,-6,2,15,1,1,-12,-5,5,-10,6,11,11,12,-2,7,-50,-19,6,18,-1,-3,-42,-7,-4,-16,-3,5,-14,-14,14,-1,2,-19,2,14,5,-3,6,5,16,19,8,8,7,9,33,9,8,9,3,3,3,27,-3,-6,-7,14,5,1,-2,-5,4,9,9,16,2,-11,9,-23,16,-27,-10,-1,16,16,10,-3,14,-2,22,6,17,5,15,22,10,7,-10,7,17,14,-4,4,-24,9,3,-11,21,0,-2,-1,-2,0,2,1,-2,10,-27,7,-38,3,-13,-21,-5,8,-9,3,3,-14,6,-8,-3,2,-19,9,-2,-5,4,-8,4,3,-7,-3,-3,-2,-3,-7,-2,7,3,3,3,1,-4,3,-3,1,-1,-3,-1,-2,-4,-5,-2,2,-2,1,1,0,2,2,2,2,-7,-1,-13,12,2,5,9,8,2,-7,-8,-8,-1,-30,15,4,-22,2,-13,0,16,-15,-13,-16,-11,-21,-16,-19,0,2,9,3,-11,-15,-5,10,-1,-15,-5,-2,-2,-2,-8,-9,-5,-4,-4,-3,10,-13,-4,-7,-6,5,-8,-5,0,-4,-6,-6,-1,-3,-4,14,11,6,-17,11,-14,-5,1,9,-27,4,-26,0,2,-16,17,-19,-4,-4,8,-5,12,-11,-3,-5,-17,-9,-27,-14,-9,-10,14,-6,-7,-13,-6,9,0,-5,-1,-2,-10,-5,-8,-10,-7,-6,-10,-7,2,-14,-5,-9,-7,-10,-8,-5,-8,-8,-20,-4,-6,-8,-8,-2,-30,13,-16,27,-23,-23,-21,-1,-25,-15,-2,-22,-9,-7,26,-43,-31,-8,-8,-7,4,-13,1,-31,-12,-39,-16,-13,-6,-16,29,-5,-6,-10,-15,11,-8,-15,2,16,-18,-2,-12,-21,-4,-21,0,-8,11,-14,-12,-22,-17,-8,-11,-2,-13,-12,-15,-11,-6,-6,-2,25,12,15,-13,35,-49,-29,-6,10,-66,-41,-10,-14,-49,-46,28,-41,-48,-26,-24,-23,8,-34,-25,-50,-25,-36,-47,-53,-25,-51,29,-4,-36,-45,-40,23,-40,-27,-35,37,-46,-51,-26,-44,-22,-41,-29,-24,25,-34,-17,-35,-63,-6,-24,14,-15,-18,-13,-18,-13,-28,-26
-2,1,-1,-1,1,-2,2,-1,-4,-3,-3,-2,1,1,3,0,-3,-4,-1,-2,0,-1,5,1,-3,-6,-4,0,-3,0,1,2,-3,-3,-4,-5,-8,-6,-1,32,0,-4,-2,-7,-24,-50,-3,60,-4,0,-12,0,-20,-53,17,-18,-1,2,1,-1,1,0,-2,-1,2,-9,-10,-5,-8,-8,-7,-4,-9,-6,-6,-7,0,-5,-2,-1,-8,1,-8,-11,-13,3,0,5,-14,-4,-9,-8,0,2,-6,6,-9,0,-8,-14,1,-14,0,-6,-1,-13,-1,-6,-10,5,1,-22,-7,-11,-19,0,-8,10,8,-22,-2,-9,-6,1,-2,-9,2,-24,3,2,-6,-5,-18,1,-18,-1,0,2,3,-5,-3,-8,1,0,-9,-4,0,-1,-7,-2,3,-3,-5,-11,-2,0,3,4,5,9,-7,-8,-10,-1,7,0,2,3,-5,-12,-1,-6,-4,10,1,-24,-23,1,7,5,-10,5,14,-23,-4,-6,2,-3,-7,-2,-3,-3,-4,-3,-21,-6,-7,-2,-2,4,-3,-9,-14,-28,-3,-5,-10,7,-34,-14,-14,-24,-10,-3,-8,13,-6,-5,-35,-3,-18,-12,-8,9,-11,-19,-6,-14,-8,-2,-17,12,-20,-34,-30,-39,-15,-20,-29,-25,-8,-31,-32,-5,-13,-6,-4,-21,-2,0,-18,-1,-8,-1,2,-10,10,9,3,-6,5,3,8,7,2,6,-1,-5,4,10,4,-16,0,2,-8,-5,9,-8,-4,0,1,6,4,1,2,2,-10,9,-12,17,-1,3,-11,-1,10,-13,0,5,-9,-14,5,9,-30,-1,3,-4,3,3,-1,0,-3,-25,-5,-22,-28,-12,-11,2,-12,-22,1,-2,-2,2,-2,-2,-2,2,-10,-2,-16,-3,-18,-12,-9,-43,3,1,-4,-1,-1,-1,0,6,4,1,1,3,1,0,1,5,3,2,0,1,3,-1,6,-3,2,2,1,2,1,2,4,-33,3,2,2,5,3,4,-20,-96,0,2,0,1,1,1,-2,0,3,5,-2,1,-3,5,6,2,8,4,1,-1,1,5,-5,4,-1,2,0,-1,3,-11,5,-3,4,1,-5,1,-9,-40,-10,-46,2,-1,1,2,-61,-13,-82,7,4,0,2,-54,-4,-80,-35,-31,-1,-5,5,-4,-31,-82,16,-83,0,8,2,-59,2,-76,0,-73,-82,-80,-33,5,-20,-3,-31,-4,-8,-33,-71,-31,1,-6,-3,-35,-46,-3,-32,-83,-18,3,-32,3,4,-25,-6,-31,-72,-31,0,-60,-38,1,-28,-3,-82,-85,-51,5,2,-18,6,-26,-9,-81,-61,-17,-26,1,-25,-1,-63,-8,-15,-90,4,-10,3,-41,-4,-60,-85,-87,-4,-2,-3,-3,-11,-31,-8,-20,-8,-10,-9,0,-15,-13,-8,-29,-10,-12,-15,-13,-21,-15,-8,-32,-5,-6,-7,-8,-14,-31,-14,-65,-3,-9,-13,-8,-17,-26,-16,-42,-10,-12,-16,-14,-27,-44,-44,-39,-23,-17,-24,-37,-19,-34,-7,-44,-32,-31,-29,-30,-20,-30,-31,-49,-18,-35,-32,-44,-46,-22,-48,-36,-25,-32,-16,-31,-32,-50,-57,-15,-29,-41,-24,-49,-42,-15,-36,-19,-21,-34,-17,-64,-37,-31,-32,-36,-28,-27,-37,-12,-74,-68,-38,-41,-22,-30,-35,-25,-46,-50,-53,-42,-38,-35,-64,-42,-49,-46,-3,-61,-26,-41,-47,-60,-60,-42,-60,-64
-2,0,-2,2,0,0,-2,1,0,-3,-2,-1,1,1,2,1,-2,-6,-2,1,1,0,2,-1,1,9,3,-2,-2,-1,2,0,0,0,-6,-1,-2,-5,-2,3,-3,0,4,-2,-6,-2,-2,-3,-3,-6,0,5,2,-4,-7,-1,1,1,-2,-2,1,0,-2,1,6,-13,6,-2,3,6,3,7,-4,3,-1,0,2,1,-4,4,-48,5,-22,1,-1,0,-6,2,20,1,13,0,-2,1,-3,-4,8,-6,8,-7,-1,1,-2,-1,0,-4,-3,-6,-5,2,-4,11,-5,5,-6,5,-7,2,19,3,0,1,-5,-1,2,15,1,-2,5,-1,1,3,0,3,6,8,-7,3,5,-1,3,7,2,8,-65,-6,-67,2,7,1,4,2,20,1,6,-2,1,7,2,2,2,3,10,6,2,4,-2,-2,4,2,6,6,-1,-2,-8,2,9,-2,5,-4,12,-1,-1,9,7,1,-17,6,-3,2,4,5,7,6,5,6,8,2,6,5,7,8,9,5,8,7,4,6,-48,-29,-41,1,7,1,4,6,3,3,6,3,3,5,7,5,14,9,8,15,13,6,14,8,10,9,6,3,5,4,11,12,1,-7,-5,-5,5,3,7,3,10,0,10,5,-8,-1,8,17,9,9,7,12,9,7,7,12,8,5,14,6,12,10,7,3,-52,-10,-33,8,14,7,14,13,31,4,3,10,2,3,5,6,25,17,21,14,8,3,11,10,10,11,2,6,11,17,6,22,16,3,21,25,11,13,7,6,5,14,13,7,8,17,7,17,1,2,2,-1,1,-2,0,-1,7,-9,-13,-18,-5,-9,-9,-10,-4,3,-15,-5,-5,1,-4,-2,-3,54,-5,4,-3,-2,-4,-2,2,-15,0,-2,-4,-1,0,-2,2,-14,-2,-5,-3,-5,-1,-1,1,-8,-3,-3,-1,-4,-1,0,-2,2,0,-2,-2,-2,0,-2,-1,-8,4,0,2,-5,3,-4,4,-5,0,3,3,-8,-1,-7,-27,0,-19,-5,-2,-7,-8,1,6,3,-6,-2,-4,0,-3,-1,-2,8,0,2,-3,-3,-1,1,3,-10,1,2,-1,-2,-3,1,-1,-4,-2,-3,-2,-3,-2,1,-4,-2,-3,-4,1,-4,2,1,-12,-7,1,-1,-2,-7,-4,-4,-1,8,0,3,-5,-6,-1,-6,-5,-8,-18,-7,-7,-5,-1,-2,-10,1,-8,-10,-3,-11,-5,-2,5,-6,2,-1,-4,-3,0,6,-8,-9,-7,1,-6,-7,0,-4,-6,-4,-4,-6,-3,-3,-8,0,-4,-3,-4,-11,-8,-2,-4,-3,-3,-7,7,-19,-8,-7,-12,-8,-5,-8,-13,-2,-7,-4,-2,-9,-34,1,-9,-4,-1,-2,-2,-6,4,-11,-11,-13,-8,-5,-12,-6,-24,1,1,-4,-13,-9,-10,-4,-11,-5,-3,-4,-7,-9,-5,-7,-8,-6,-13,-1,-12,-11,-6,-5,-6,-7,-9,-6,-3,-8,-4,-5,-15,-17,3,-15,-12,-15,-4,-10,-12,-7,-14,-3,-20,-19,-6,-11,-25,-9,-27,-21,-5,-11,-13,-7,-17,-27,-26,-32,-16,-19,-12,-9,-7,-6,-1,-14,-36,-9,-11,-6,-16,-9,-13,-3,-13,-14,-6,-17,-12,-12,-14,-6,-9,-18,-12,-3,-11,-15,-12,-9,-10,-10,-10,-15
2,-2,0,1,0,-1,0,-1,0,-8,7,-4,3,1,1,-2,-2,7,-2,6,0,0,0,-3,0,2,3,2,5,3,0,0,-1,0,-1,6,1,4,1,0,1,3,5,5,4,5,2,-2,-7,6,11,-1,5,0,-2,0,0,-1,0,1,-2,1,0,-2,5,2,9,-4,11,7,3,7,5,1,4,-1,-1,0,12,2,13,0,6,2,7,-5,24,-3,12,8,11,8,7,7,0,5,8,4,3,5,9,5,0,1,7,14,-1,-1,3,13,10,3,9,4,3,-3,7,-6,3,7,0,-5,6,-3,7,-2,8,8,8,-15,10,-3,14,1,12,3,-13,3,-3,13,3,11,4,-8,4,-2,14,3,3,-5,21,0,3,6,4,4,-5,16,2,16,12,-2,5,5,0,-3,16,-6,7,11,-3,5,6,12,-9,7,8,3,9,5,9,3,13,-1,4,7,6,14,-12,14,2,12,9,11,12,13,8,5,10,10,8,8,-4,9,13,1,3,12,-2,-2,19,8,6,-11,25,-4,10,-2,14,8,14,0,-2,4,19,1,11,6,8,7,8,0,-1,-2,12,15,2,1,-6,4,2,8,17,-3,4,7,16,5,11,9,12,10,15,-5,4,2,-5,21,12,13,23,5,25,22,17,2,5,23,13,9,19,30,-39,10,42,12,-12,-6,36,4,13,-27,21,3,24,25,6,32,21,-5,24,11,14,10,14,4,13,7,-10,36,-7,27,7,34,35,-4,21,-16,24,18,26,20,7,29,1,15,18,11,13,17,0,1,1,0,-1,0,-1,2,-5,-28,0,-39,7,-36,-8,-32,-6,-12,-8,7,3,-15,3,-25,-1,-13,7,-1,2,-19,8,-20,2,-14,-1,2,-3,-2,2,-3,-1,-6,-4,6,-2,-3,1,2,1,-1,-4,5,-3,-2,-1,0,-1,1,-1,0,0,-2,1,-1,3,-9,-7,-1,2,-9,-22,-13,-17,10,15,11,-62,-19,-9,-3,-32,-13,-25,0,-4,-17,-27,-12,-15,-7,15,-5,-52,-9,-9,-7,1,-9,-9,-8,-7,-10,-7,-22,-9,-11,-7,-7,-4,-9,-10,-10,-5,-3,-4,-4,-3,-10,-9,-6,-11,-9,-12,-7,-11,-4,-7,-5,-8,4,-2,5,-15,5,-17,1,4,-23,10,-8,-3,-22,-11,-22,-21,14,-32,2,-13,-4,-31,4,6,-40,14,-21,-9,-25,5,-25,-21,6,-6,9,-43,-1,-13,3,-1,-15,2,-19,3,-20,-2,-6,-11,0,-15,3,-3,-1,-13,-2,-7,-14,3,-11,2,-4,4,-13,-10,-7,-6,-14,10,-16,-19,-12,-11,-6,0,13,-7,-12,-12,-16,-18,-1,-4,4,-21,-15,-10,-6,-17,-6,-6,-7,-14,-8,-14,-12,-11,-2,-11,-2,-4,-11,-11,-12,-8,-12,-13,-9,-10,-8,-12,-12,-2,-16,-7,0,-1,-20,-10,-13,-8,-9,-8,-2,-14,-14,-9,-8,-24,-12,-37,-46,5,-34,-44,-20,-13,-41,-27,-11,-65,-59,-34,-32,-42,-23,-52,-59,-51,-31,-43,-25,-19,-21,-22,-39,-34,-34,-26,-16,-27,-21,-11,-23,-32,-22,-18,-15,-20,-18,-26,-16,-10,-19,-11,-30,-20,-17,-17,-10,-16,-22,-18,-22,-14,-21,-14,-14,-18,-24,-22,-30
2,1,1,-2,2,-1,2,-1,3,2,2,0,-4,0,0,1,3,0,0,-1,-3,-8,-2,-4,1,0,6,1,15,4,19,0,2,3,1,-1,-9,1,-11,14,0,0,-1,-3,5,6,14,-5,-12,-1,-26,-7,-6,-2,-19,10,-2,0,1,-2,1,-1,1,-1,22,2,4,6,-1,8,3,12,1,7,9,6,4,10,2,10,0,17,-1,-3,20,0,-5,-1,-11,15,16,19,0,7,5,32,20,1,2,13,22,7,0,-7,-5,-7,43,-11,-21,-21,17,11,0,-20,-24,-13,13,12,-2,-22,2,-13,-7,3,-2,-2,12,1,16,10,4,5,5,7,14,7,-4,8,10,3,-1,12,5,3,-9,-5,17,2,-1,-2,0,4,21,10,0,16,10,5,4,17,7,23,0,3,4,6,18,5,-12,8,22,-10,-6,23,12,-2,4,11,6,9,4,4,6,7,4,7,8,7,9,10,4,20,6,11,8,14,7,4,15,9,16,9,11,-3,10,4,7,17,9,1,5,8,-5,4,1,11,19,11,-1,2,5,11,7,4,-11,7,11,18,-2,-2,7,9,12,1,0,18,5,4,-4,-11,8,-8,17,7,11,8,6,-10,19,-4,-4,6,-11,-4,4,7,6,16,12,14,19,10,22,15,26,13,12,-1,10,27,15,12,16,13,7,13,6,12,18,7,22,22,24,3,-5,14,20,16,10,36,-16,11,-2,3,7,-16,-17,24,-1,-5,0,13,-8,-9,21,11,6,5,22,16,19,-5,18,0,32,-2,5,11,29,-9,-2,1,-1,-2,-1,2,-1,1,0,-27,-13,4,-32,5,10,-9,-16,-5,2,-5,-9,5,-12,3,-10,0,0,-2,-3,10,-5,-1,-2,0,-7,-2,-10,1,-14,-6,0,0,0,1,0,-3,2,-4,0,0,2,5,2,3,-4,-4,-1,-1,1,-2,-1,0,2,0,-1,3,-19,9,-16,-5,-7,2,-16,-23,6,1,-23,-12,0,-2,-12,8,-29,-21,-10,-8,-7,-14,2,-4,7,-14,-11,-16,-13,6,-4,6,-16,2,-12,14,-21,2,-7,-6,-1,-9,-11,0,3,-10,-5,-9,-6,-6,-1,-6,-6,-12,-2,-5,-1,1,-2,-9,-5,4,3,-10,-7,-6,-25,-12,-13,-2,-17,-5,-8,0,-10,-41,6,-14,-16,3,-5,-33,-11,-21,-2,-8,-6,1,5,-15,-18,-7,-7,-20,-4,-4,-18,1,-6,13,-21,0,-8,-10,0,-10,-12,-11,12,-19,-22,-11,-14,-9,-5,-3,-16,-8,-19,-17,-5,-13,-2,-11,-8,-19,0,-15,-34,-3,-16,-6,-28,-4,-17,-16,-2,-5,-24,-13,0,-15,-13,-1,-21,-10,-5,-27,-18,-31,-14,-11,-6,-4,-37,-29,-31,1,0,-10,-23,5,10,14,-17,-12,-4,-5,5,-12,-50,-4,10,-15,-2,-7,-12,8,9,2,-18,-6,-7,-11,-10,-4,-9,-15,-12,-6,3,-43,-37,-20,-59,-18,-37,-25,-55,-25,-29,-33,-54,-37,-2,-30,-55,-3,-41,-55,-48,-46,-43,-51,-30,-9,-18,-37,-72,-48,-33,-25,11,-58,-34,-35,-18,19,-60,-26,-15,-10,22,-38,-71,-25,23,-38,-22,-44,-31,9,0,-9,-28,-34,-29,-15,-20,-8,-16,-32,-13,-13
-2,0,-2,1,1,1,0,1,1,0,4,-3,-5,-12,-19,10,0,-2,3,-1,9,7,5,8,-1,-1,-2,0,1,1,1,3,-2,-5,3,8,0,2,-6,1,-11,8,7,2,0,5,8,4,8,-3,7,-1,3,0,2,1,-1,-1,1,-1,1,0,0,0,6,2,14,3,7,0,-4,-1,8,1,-5,-1,9,13,-1,15,4,5,4,12,-1,7,1,7,0,7,1,9,2,5,8,3,2,1,-1,2,7,0,6,-6,8,5,-2,0,1,4,3,-5,9,2,-5,-4,11,13,-8,5,3,4,-8,0,16,3,2,3,-1,7,4,-1,7,-8,2,8,-6,10,-3,-1,-2,-21,-8,-4,5,-10,-8,-3,2,3,2,-5,1,-7,-7,-5,4,8,2,-11,0,-4,-3,1,11,-16,2,7,3,6,4,-2,-15,-7,15,-3,-8,-8,2,-3,-7,0,7,3,-3,3,-17,0,-15,-6,-2,2,4,0,0,19,7,11,15,-18,8,6,22,5,17,30,19,41,-2,4,13,-7,3,1,11,2,2,8,14,-3,-6,1,-1,10,-3,-1,9,-13,3,4,-5,-9,-3,-7,7,-17,3,2,-11,0,-5,-10,5,5,-2,-3,4,-3,6,-3,13,10,9,-12,-7,11,13,27,21,38,29,27,35,-8,20,22,30,21,27,19,27,-15,20,10,5,18,19,26,6,-9,17,1,14,12,-2,14,21,21,15,4,-11,-2,26,-7,-19,-13,9,18,14,19,26,11,29,21,13,15,20,25,5,10,3,5,-23,7,5,21,-1,-12,9,9,1,2,1,1,1,1,-1,-2,-9,-18,9,-4,-13,-8,13,10,1,-14,6,-4,-11,-17,-57,11,3,-6,3,5,1,4,2,10,-2,-3,1,3,6,-3,2,3,-1,-5,2,5,5,-10,8,1,-2,-5,3,5,0,-6,2,-2,1,2,0,-1,1,-2,0,0,-6,-10,13,-3,-25,-10,-11,18,5,-14,-3,-6,5,5,-4,-6,3,-4,-18,-11,-44,-28,19,-8,-2,-6,-5,-5,-13,-12,-30,1,-2,0,-2,-5,-10,-2,-17,2,-7,-10,-6,-5,-5,-9,2,0,-8,-11,0,-6,-9,-10,-5,-6,3,-5,-8,-5,-2,-1,-6,-2,3,-6,-1,-3,-3,-8,-9,8,2,3,3,9,-4,13,7,-5,-4,-4,-3,-14,-10,-20,2,-11,-13,-4,-5,-4,1,-9,-23,0,-15,-10,-6,2,-4,-4,-3,-3,-14,-5,2,-6,-3,-10,0,0,-8,-5,4,0,-6,1,-3,2,-5,-2,-2,-2,4,0,3,-3,-16,-8,14,1,-7,-12,-44,-6,-7,-4,-3,-2,-2,-9,-9,-18,-7,-15,-14,-12,-24,-9,-14,-21,-5,-7,-16,-6,-3,-5,-9,-5,-7,-15,-3,-11,-9,-11,-14,-3,-14,-5,-4,-3,-13,-23,-16,-2,-12,-11,2,-5,-11,-14,2,-1,-8,-9,-3,-5,-2,-14,-6,-3,-32,-33,26,-24,-8,-6,-59,0,-12,-4,-3,16,18,6,17,-18,-44,-14,-13,-13,-39,-9,11,-33,-20,-42,-26,-17,0,16,6,3,-27,-23,-32,-1,-32,-26,-12,-11,-43,-25,-20,-13,-19,-19,-19,-11,-27,-31,-18,-26,-28,-17,-20,0,-36,-15,-22,-22,-16,-14,-18,-20
-2,-1,2,1,2,1,0,2,3,5,7,6,3,3,1,1,2,5,4,4,2,7,2,4,3,6,5,4,3,4,3,1,5,8,5,7,5,6,5,0,2,8,8,7,7,4,8,1,10,5,7,1,2,6,6,9,0,2,-1,-2,1,2,2,-1,11,12,19,13,14,10,10,10,12,11,12,13,13,6,10,12,13,15,13,11,8,12,8,7,14,15,15,15,12,14,12,10,16,15,15,12,15,12,12,12,20,15,12,11,17,15,14,13,16,15,16,16,11,14,14,12,14,5,9,9,9,11,3,12,18,14,16,19,15,17,6,19,13,17,16,20,15,13,15,15,14,13,16,12,15,15,16,16,11,14,14,12,13,17,14,14,21,10,14,15,17,15,16,12,9,13,10,14,14,12,8,12,19,14,11,6,9,12,17,14,13,15,10,11,4,5,11,14,13,13,14,19,14,16,15,17,12,14,21,15,6,9,9,15,12,12,13,16,8,14,14,14,13,10,18,15,15,12,12,19,14,16,22,13,11,20,16,17,20,16,17,12,9,11,19,20,20,21,15,19,14,20,21,25,11,9,13,7,13,13,16,17,28,14,16,25,19,22,19,26,23,23,25,25,17,23,18,25,24,22,23,22,27,25,23,24,21,26,30,31,27,28,30,30,27,30,25,28,25,31,30,28,28,31,28,30,35,21,31,25,29,27,30,30,36,29,30,35,34,30,31,35,21,28,32,31,0,2,0,-2,-2,2,-2,1,-2,-1,-9,17,-32,7,-19,2,0,-1,0,5,-13,15,-17,4,-1,-3,1,3,-1,2,-1,0,-1,-2,-3,-1,-5,-2,-1,-1,-1,-3,-4,-5,-3,-4,-5,-1,0,-3,-3,-2,-2,-5,-5,-2,0,0,0,0,1,-1,2,-2,5,2,22,-32,6,-1,23,-10,-7,-26,4,-14,-2,-47,4,-28,-5,-10,-25,-23,-37,11,-16,-9,-17,-5,-12,12,-22,10,-28,0,-9,-6,-8,-7,-9,-6,-5,-4,-7,-8,-9,-9,-3,-12,-7,-12,-8,-10,-6,-9,-10,-8,-12,-9,-9,-8,-8,-7,-9,-10,-9,-5,-4,-1,5,-5,-9,6,-4,-1,-3,-18,-33,1,-60,-9,-19,-10,-12,-22,-19,-19,-17,-5,-8,-11,-20,-7,-4,-16,-8,-13,-2,-9,-4,-2,-14,-4,-9,-8,-9,-7,-7,-13,-8,-10,-8,-14,-12,-12,-7,-8,-9,-11,-11,-7,-14,-8,-6,-11,-7,-9,-8,-10,-8,-13,-13,-18,-26,-24,-37,-44,-29,-21,-9,-2,0,-18,-10,-10,-8,-14,-15,-7,-4,-6,3,-9,6,-4,-11,-8,-9,-5,4,-16,3,-8,-7,-9,-6,-7,-3,-9,-5,-9,-9,-5,-5,-8,-5,-12,-6,-11,-7,-5,-6,-6,-7,-12,-7,-8,-9,-10,-10,-9,-9,-14,-9,-11,-4,-9,-16,-14,-36,-37,-16,-17,-9,-8,-28,-12,-27,-5,-12,-11,-13,-22,-7,-6,3,-19,-4,-3,-17,-7,3,-3,2,-4,11,-10,-8,-6,-6,1,-3,-10,2,-7,-14,-12,-5,-10,-10,-15,-8,-10,-14,-11,-10,-15,-14,-20,-12,-16,-17,-19,-15,-19,-17,-25,-21,-13
2,2,0,2,-2,2,-1,-2,-3,-2,-3,-3,4,1,5,17,1,-1,-5,-1,1,0,-4,-15,-2,0,-2,-1,-1,7,8,13,0,-2,-2,-3,-4,-5,-2,24,5,-4,0,-4,-4,3,-4,-30,-5,-15,-22,-15,-4,-37,-15,22,2,1,0,0,2,3,1,-1,9,-2,0,0,14,4,3,4,-2,7,1,-2,5,-8,-10,13,0,-8,-3,-2,20,-4,-7,0,4,3,1,0,-2,4,-2,3,-6,-6,-2,-3,12,3,-4,3,0,5,1,-3,-1,-3,1,-13,-10,-12,20,-5,-14,-8,2,-6,1,5,-4,-6,-5,0,1,4,4,5,4,14,1,-5,-3,6,-3,0,3,3,24,0,0,11,5,7,2,1,5,11,-12,-12,-8,-1,3,-3,6,-1,10,12,-5,2,-3,0,4,-3,-1,24,-3,0,-3,-5,-8,10,3,5,-5,-8,-14,-20,-16,-2,0,1,0,-11,-15,4,8,-2,-1,4,4,2,10,1,0,-1,0,-5,1,8,8,19,0,-4,6,6,2,1,-5,2,8,-4,-4,13,3,-2,1,11,-5,0,23,-2,3,0,-2,9,13,9,15,6,6,3,2,10,11,6,7,13,0,3,4,6,4,7,7,15,-6,9,-1,8,12,11,2,-9,10,12,16,12,9,0,14,4,12,9,16,16,1,-3,12,8,-3,8,17,3,11,8,6,0,9,4,8,5,13,15,15,7,-11,2,3,10,10,10,15,-4,13,23,23,-1,16,22,26,-6,31,27,12,-6,8,-15,13,9,-1,15,-8,7,20,8,6,-8,1,1,-1,2,0,1,2,1,0,1,0,8,0,-24,-32,-40,-1,-7,-5,-7,1,-13,-5,1,1,-3,-1,-5,2,-2,-7,0,-1,-1,-2,1,-1,-1,6,3,-2,3,-4,-1,0,-1,2,2,-2,3,-5,3,4,0,4,1,2,0,0,2,-2,-2,-2,0,-9,-8,7,3,1,-18,4,-4,-3,13,3,0,5,-6,-10,-7,-19,-14,-1,-3,-13,1,17,-18,-2,-4,-8,-6,-3,-3,-5,-4,2,-6,0,-4,-1,-12,25,13,-3,0,-6,-7,-12,-9,8,-9,0,-12,-8,-4,-2,-3,-3,-4,0,-5,-7,1,-5,-4,-8,7,-3,-9,-12,-5,-1,-3,-6,-10,-5,-10,6,-3,-11,-3,-6,-4,-14,-16,-16,-3,-4,16,4,-22,-18,-3,-4,-9,-5,-21,0,2,-6,-11,-4,4,-9,-11,7,4,-4,-10,-3,-16,-9,-13,-3,-3,-8,-4,-13,-1,-1,-9,-7,-22,1,-6,-4,-14,-2,-1,-6,-7,-14,-20,-13,2,-11,-27,-17,-22,-4,1,11,-26,-11,-32,-6,-21,-20,-28,-25,-9,-23,11,24,-50,-19,-19,-4,-14,-28,-10,-7,-57,-12,-26,-18,-9,-18,-16,21,4,-9,-15,-9,-15,-25,-10,9,-8,-14,-11,-18,-10,-1,-10,-9,-1,-6,-9,-24,-12,-10,-11,-10,-6,-52,-32,-19,3,-38,-28,-45,-53,-29,-5,15,-26,-38,-35,-49,-37,-36,-42,-30,-15,-34,12,25,-37,-51,-21,-8,-48,-33,-21,-8,-25,-17,-35,-29,1,-61,-43,14,15,-5,-18,-27,-22,-20,-27,23,-7,-9,-23,-18,-13,-4,-20,-18,-26,7,-9,-25,-16,-7,-19,-22,-1
0,-2,1,-2,-1,-2,0,1,1,7,5,-8,-1,-6,-2,0,1,5,1,1,-2,3,-1,6,2,4,4,1,1,-1,3,0,2,3,4,8,5,12,8,5,7,12,11,14,15,8,11,3,15,18,16,9,11,12,12,11,-2,0,0,0,0,-1,-2,1,2,7,6,15,2,9,0,5,5,7,5,5,17,0,8,0,6,6,7,9,13,-3,11,-1,7,3,10,7,11,6,6,10,8,7,12,11,5,19,0,16,7,5,17,13,13,12,2,10,6,16,16,6,12,12,13,11,11,5,14,5,23,8,17,-3,1,13,2,13,5,6,15,17,11,7,8,2,9,0,8,2,5,19,1,9,8,6,8,14,-3,-2,10,2,13,0,14,9,-2,9,5,13,3,25,6,16,3,10,13,2,12,-1,8,-1,0,13,7,10,3,13,-15,12,-5,0,10,-10,8,-7,7,-6,10,5,14,11,8,11,9,3,-2,7,0,12,15,6,7,9,11,4,7,6,14,2,27,-2,2,11,6,14,21,0,7,5,12,-5,13,9,3,15,23,18,14,3,12,16,14,3,0,20,10,17,4,9,22,12,7,7,6,12,12,9,13,10,19,16,24,11,22,16,21,13,30,30,8,18,19,25,28,16,13,34,29,20,13,26,16,19,36,18,10,24,21,27,18,33,29,41,26,5,23,31,0,31,46,23,6,32,34,27,25,26,30,20,17,27,4,10,32,19,21,19,24,13,25,28,13,30,9,17,-2,0,2,2,-1,-1,-1,0,-23,-12,-9,2,3,-8,25,-8,-7,-2,2,-16,8,-25,12,-5,-1,0,0,-8,12,-22,12,-3,0,-1,5,-6,10,-3,-3,2,2,-1,4,-2,-2,8,-7,6,-2,-1,3,-3,3,5,-2,4,-1,0,-1,2,1,-1,2,-2,-14,-5,-11,16,11,-25,-4,-5,-5,-19,-23,-1,-40,-1,-15,-8,-8,-34,2,-11,4,-56,-8,-38,-2,-3,-19,-15,-7,-13,3,-5,-2,-5,-7,-12,-11,-17,-11,-11,-8,-4,-4,-6,-5,-5,-2,-4,1,-5,-5,-5,-8,-2,-9,-9,-6,-4,-1,0,-11,-5,-4,-3,-9,17,-16,12,-50,-7,-18,8,7,-19,-1,-19,-6,-44,18,-29,-7,3,1,5,-31,0,-20,8,7,-14,-4,-10,7,-26,-5,-19,-14,-1,-20,2,-17,2,-38,1,-5,-21,1,-15,0,-4,2,-24,-21,-2,-12,-1,-11,-1,-4,-2,1,-9,-4,-8,0,-13,-1,-3,-6,-13,-5,-8,-19,-35,-11,-18,-1,1,3,-3,-8,4,-10,-7,-4,-8,-10,-16,-27,-8,-21,-19,-1,-6,-8,0,-12,-1,-4,-3,-3,-8,-9,-11,-14,1,-10,-6,-7,-5,-3,-9,0,-9,-6,-10,-4,-4,1,-8,-4,-4,-6,-5,-4,-5,1,-6,-7,-10,-13,-9,-9,19,-7,7,-38,-59,-37,-62,-5,-11,-9,-7,-32,-26,-16,-23,-17,-13,-20,-16,-40,-17,-38,-14,-2,-17,-21,-7,-6,-21,-14,-12,-11,-7,-13,-19,-14,-20,-19,-9,-7,-16,-8,-17,-13,-14,-10,-26,-19,-8,-12,-10,-14,-17,-12,-1,-13,-13,-10,-12,-16,-22,-14,-15
-2,0,2,0,-2,0,-2,-1,1,-4,-8,-2,-19,-1,21,1,-2,2,-5,-7,0,-6,-7,3,2,1,-6,3,0,-6,-9,-1,7,-17,-2,9,8,4,-8,-2,-17,-5,12,2,6,8,8,9,10,16,15,-9,14,-8,11,-15,0,0,-2,1,-1,-2,-1,1,9,-2,-3,-1,-4,-3,-4,14,9,0,3,-4,-4,0,4,0,1,8,3,-7,7,3,3,4,-9,3,5,1,8,-9,4,-4,3,1,3,5,1,16,9,9,-2,6,9,9,-3,7,13,-1,12,12,6,9,18,0,16,10,9,-5,34,4,9,12,14,8,19,14,3,9,12,12,6,13,13,4,14,5,11,2,12,11,7,10,4,5,6,12,7,15,0,13,9,8,14,7,9,11,13,5,8,11,8,15,9,14,10,10,6,7,7,8,11,5,14,7,14,5,10,10,7,5,3,6,2,10,15,8,5,-10,2,10,12,10,13,13,-1,0,14,-4,5,9,15,9,11,-11,-1,11,14,7,12,16,9,19,-3,5,8,12,-5,17,-2,6,5,-1,1,-7,13,5,-15,4,14,-2,0,-2,11,13,-2,3,14,8,-2,-3,5,17,8,-19,5,-2,-2,4,7,7,0,8,8,19,16,14,19,22,6,-14,-2,6,11,15,16,18,4,4,7,4,26,2,20,-5,12,17,-12,11,-3,7,-1,14,-8,-4,-4,12,11,0,0,13,-6,10,3,-11,-25,15,-19,13,-22,0,17,-15,-7,20,11,-44,-10,-1,8,-8,-18,-10,10,-13,-10,4,-1,1,-1,1,0,-2,-2,-1,11,10,-11,-10,-1,3,-14,-20,5,-3,-2,-7,-4,1,-1,7,5,7,-10,-2,7,-3,0,-1,5,9,-4,5,-4,3,4,1,5,7,-14,8,0,10,0,2,8,3,-7,2,-4,12,1,-2,-1,2,-1,-1,0,1,0,-2,-3,5,-13,4,14,4,7,-5,-20,-4,-8,-14,-27,2,-25,-11,-18,-22,-18,-12,-10,0,-23,2,0,-9,-6,-7,-7,-6,-16,3,-5,-5,-1,-14,5,-11,-4,-12,-4,-1,-15,2,-2,1,3,-12,-14,1,-4,-5,-3,0,0,-3,-4,-11,-8,4,-3,-1,-9,-16,-4,-7,-1,-1,-5,-7,-14,-4,-15,-7,-17,-17,-21,1,-22,-14,-9,-25,-12,-26,-12,2,-16,-2,-17,-5,-39,-10,1,-18,-18,-7,-12,-19,-9,-7,-13,-3,-17,-3,-24,-16,3,-14,-5,-7,-10,-11,-3,-14,-11,-8,-1,-1,-3,-9,-11,-16,-8,4,-4,-2,-9,-5,-7,-7,-3,-7,-7,-9,-26,-18,-16,-20,-9,-14,-18,-11,-14,-1,-5,-12,-12,-10,-9,-2,-12,-1,-5,-14,-7,-8,-5,-22,-13,-9,-4,-6,-18,-9,-15,-9,-33,-17,-6,-2,-4,4,-1,-4,-2,-5,-2,-4,-29,-3,3,6,4,0,-3,-6,-13,5,-4,15,-7,-8,-15,-48,-36,-10,-13,-9,-32,-20,-62,-22,-6,0,2,14,-47,-13,-25,-42,-33,-29,3,12,6,12,-20,-29,-19,-10,-6,-16,-15,-11,-8,-24,-16,-20,2,-8,-36,-30,-28,-8,-10,6,10,-5,-12,-12,-8,-6,-14,3,1,-4,-44,-17,-7,-3,-11,-3,1,12,-8,-36
-1,1,-2,2,-2,-1,1,-1,2,-7,4,0,1,-2,5,2,7,-8,11,10,8,4,3,2,2,-5,-5,-3,-6,-7,2,0,-2,-4,2,5,-6,20,-3,9,0,20,-9,15,-11,3,16,5,-5,23,-13,12,19,4,-1,-6,-1,2,2,-1,0,1,2,-1,2,1,-9,4,1,-5,12,10,7,5,11,-5,13,15,5,8,-2,11,0,1,-9,6,5,11,-18,-31,-13,-7,-14,27,0,8,-7,22,3,1,-8,-8,27,-2,20,-10,0,2,30,21,1,-14,5,0,5,-5,9,-18,9,4,5,6,-13,0,9,25,2,6,10,18,2,-4,0,3,21,5,18,-6,17,4,-2,-1,8,11,3,1,3,19,13,3,-4,-1,-2,-16,1,1,6,2,16,5,2,5,-1,5,4,26,-1,9,-12,12,9,11,-28,1,32,18,-1,7,-18,18,-9,19,2,7,-3,14,3,-2,-15,7,10,8,1,8,0,2,9,3,-1,6,0,-1,3,-6,1,0,5,-3,3,-3,-1,0,7,-1,4,1,13,5,14,22,19,9,13,19,-11,-19,-19,-9,-12,-2,2,-16,4,-9,-1,4,-6,-4,-7,5,22,-4,10,0,28,17,-10,3,12,1,31,7,6,-6,9,21,6,9,5,4,5,1,5,5,8,4,20,16,3,2,4,8,11,4,-1,7,13,0,2,9,8,5,20,27,9,3,-1,17,5,4,4,15,20,6,4,-1,7,23,6,17,13,3,2,9,9,11,-4,10,26,21,-18,-2,-7,12,9,23,7,-7,10,9,2,1,1,1,-2,-1,0,0,-3,14,-13,-8,0,-9,6,8,2,-1,7,4,0,4,5,1,3,1,-5,-5,-3,2,8,2,1,-3,-1,-2,-7,-5,-2,3,-1,-1,4,2,-3,-1,6,0,1,-3,5,0,-4,-1,4,5,0,0,1,1,-1,0,0,0,-3,8,2,-7,-10,-6,3,8,1,2,-11,-12,-6,-9,-12,4,-15,-17,-10,18,-19,-7,-23,4,4,0,-5,0,6,20,-6,-1,-3,-20,-12,-8,-10,-13,-12,1,-2,-9,-4,-8,7,-1,9,-7,6,-6,6,-2,-2,-3,-8,2,6,-3,-4,1,-7,0,-4,-13,-6,-17,14,-11,-14,-13,10,1,-30,-4,-3,5,-7,-12,-19,-2,-15,-7,-8,6,-29,-8,-1,18,-1,3,-24,13,7,18,-1,-2,-25,-11,-16,-9,-12,-12,-10,2,-14,-11,-6,-12,10,-5,4,-10,3,-14,5,-8,-3,-10,-3,-5,2,-17,-1,-5,13,-4,-32,-3,-3,-12,-7,-5,1,-47,0,0,-10,-23,-27,-6,-24,-2,-13,-12,-24,-13,-39,10,-11,-7,2,20,-17,-10,-20,25,14,8,-9,-10,-15,-24,-8,-20,-21,-10,-8,-9,-3,-16,-7,-13,22,-10,20,-6,8,-22,19,-12,-5,-15,3,17,-1,-19,7,-11,-3,-4,-5,-4,-3,-11,12,-9,-11,-32,6,-7,-23,-31,-55,-39,-12,-27,-36,-14,-70,-20,-29,11,-33,-24,-15,23,-17,29,-28,38,34,28,-17,-26,-40,-50,-20,-33,-22,-37,-27,4,-18,-19,-28,-29,30,-35,26,-26,8,-47,25,-23,-26,-17,0,25,-5,-20,-8,-7,12,23,-27,-16
-1,-1,2,2,1,-1,-1,-2,-1,0,0,1,-80,-1,-2,0,-2,-1,-2,0,1,-46,-3,-1,-1,-2,0,-1,-1,0,-20,0,-4,-3,-4,-4,-4,3,-3,-1,-3,-2,-1,-17,-1,-9,-8,-2,2,-7,-21,-17,-23,-15,-3,-9,2,2,0,-2,1,0,-1,0,-32,-1,-9,-2,-3,-8,-1,-9,-6,-11,-1,-1,-78,10,-3,4,-2,0,-3,-1,4,-86,0,-1,-4,-10,0,-2,-2,2,-31,-2,-11,-5,-18,-6,12,3,-2,-3,-17,-7,-21,-20,-16,18,-5,13,-2,-1,-22,-1,-32,-6,-8,-12,-1,-18,-11,3,0,-16,8,-16,-3,-9,-1,27,-13,-3,7,-18,-3,0,-3,-2,9,-5,-7,-3,-5,-2,0,-5,-1,6,-5,11,-7,-10,-5,-3,-9,-2,-9,-15,-17,-2,-14,-9,-16,11,-7,6,-17,-7,-14,-8,1,-1,-10,-3,-23,-5,-8,8,-4,-3,-6,-22,-21,-4,-15,-13,-2,-20,-8,-3,-3,-3,-7,-3,-2,-6,0,-3,-1,-4,-14,-6,-37,-3,5,-4,-4,-3,-9,-8,-9,-45,14,-3,3,-4,-2,4,5,13,-44,13,0,2,-9,4,-5,7,23,-2,2,-21,-10,-3,-6,-21,5,5,4,-9,-14,-14,-6,-23,3,-9,-6,-9,-11,-9,-13,-10,3,4,7,-11,-35,47,-14,-9,-1,-9,-5,-27,-31,-30,41,-39,24,-25,-21,-25,-4,-20,-27,41,32,39,-3,-20,-8,5,28,29,34,42,18,-15,-8,0,5,37,30,40,-3,26,-20,-19,-21,8,37,-21,-4,-22,-13,12,6,-5,20,-12,-34,-14,1,-10,10,-2,0,3,-1,0,-2,1,-2,3,1,0,-52,-17,-18,0,-62,-13,-27,-27,-5,-1,2,2,-8,-47,0,1,0,-1,-1,-1,0,-2,-17,-1,0,2,1,0,-2,-51,-1,-75,1,0,0,-2,3,-2,-11,-1,1,1,0,9,-3,-3,0,-1,2,1,1,-2,1,1,-1,1,-2,1,1,-4,0,11,0,-3,-5,-16,-5,10,-43,-37,5,-61,-10,-16,-9,-15,-34,-52,-23,5,-2,-8,1,-5,-8,4,44,4,0,-4,-1,-9,-57,-4,-6,35,0,-3,0,-5,2,-47,0,-46,-3,-6,-2,4,-3,-7,-10,-6,-4,0,-14,4,-4,2,-3,-3,-4,-7,4,-33,-2,-3,-2,-9,-6,-2,-14,15,-28,-12,-6,-15,0,-12,-5,-3,-3,-57,-4,-41,-8,0,-1,-10,-15,-20,61,-3,-5,-7,0,-12,-10,-25,2,28,-7,2,-6,1,-18,-4,-13,2,3,-7,-6,-16,0,-5,0,-6,-22,-12,-15,1,-7,0,-16,-6,1,-27,-34,7,8,8,-28,-3,-3,-24,-6,-2,3,-2,-36,-36,-9,-8,2,-13,1,-42,-35,-3,0,-21,-29,-6,-32,-48,59,-46,-3,-1,-6,-10,-6,-12,-51,36,-4,-2,-3,-11,-1,-6,-60,-8,0,-4,-3,-9,-6,-3,-45,-7,-1,-1,-4,-1,0,-2,-11,-6,-31,-32,-31,-17,-9,6,-14,4,-21,-3,-46,-4,-17,-15,-22,-1,-19,-23,-50,-13,-20,7,-49,-56,-12,-10,-23,-24,-53,-38,65,-37,-3,-16,-2,-5,-35,-37,-46,-44,3,-2,0,-3,-32,-8,-46,-5,5,-1,1,-43,0,-7,-18,-11,-12,4,-23,2,-2,-2,-21,-27
-1,2,0,0,2,-2,-2,-2,2,4,0,3,9,3,3,-1,2,7,5,-2,0,1,-2,0,9,2,0,0,1,-6,-2,-2,7,-1,16,-2,-12,2,-9,-1,-6,-15,-8,-11,-7,-10,9,-5,5,-14,-26,-12,-13,21,4,14,-2,0,3,2,-1,-2,2,-2,10,2,0,3,16,18,2,3,-7,-1,5,10,-15,-13,-6,7,7,23,13,16,6,-1,-6,-7,22,-9,5,-4,6,-14,5,4,-10,-14,-3,13,-7,-11,0,-6,-1,16,-30,-16,-8,17,2,3,-5,-16,-2,5,-9,-13,-7,-20,26,-27,10,-13,2,9,-4,-24,-4,-9,-3,6,7,0,26,1,-18,6,10,-7,4,0,1,1,4,8,-3,-1,26,-10,4,-2,8,-7,-5,24,13,5,-1,7,18,0,32,-10,-1,3,-6,4,-4,20,-1,5,3,4,7,12,8,-5,-3,12,1,6,9,4,3,0,-20,1,4,3,6,7,12,7,7,-1,-3,4,1,3,7,11,-2,-1,-4,17,8,7,4,4,-7,0,-1,-26,5,9,10,20,4,-5,0,4,0,14,19,18,-17,9,2,-8,-17,22,13,-5,15,-4,-4,4,-12,0,17,-3,13,13,-3,-16,4,21,2,15,12,-10,1,10,2,5,-5,-7,-2,2,2,8,22,18,6,4,-3,-15,10,11,17,-42,2,3,-4,-4,11,-4,25,18,-1,12,3,5,5,9,4,12,-7,11,24,-2,19,7,-9,13,20,11,17,15,13,-7,-20,8,13,4,-30,-13,21,-10,12,19,-32,29,-10,39,15,7,13,13,2,-2,0,-2,0,2,1,-1,4,7,4,-25,-8,20,-23,18,-1,9,9,9,-5,-3,1,-4,-2,4,1,-1,6,-11,8,-3,2,3,3,0,-1,-2,-10,-2,0,-1,-1,-6,1,-2,-2,3,-2,-1,-4,2,-2,-2,-3,3,2,1,0,0,-2,0,-1,-1,-11,25,2,-11,6,4,-13,3,-11,-14,-22,-3,4,6,-9,3,-2,-4,-4,-17,-7,21,-15,-22,-10,-3,-7,-8,-12,-15,-11,-10,-6,13,6,-6,-2,-3,-12,-3,-6,13,-1,-9,-9,-5,-5,-5,4,-14,-3,-8,-12,-8,-11,4,-7,-7,-17,-5,3,-15,-3,-4,7,8,-10,-8,2,-12,-35,2,1,-14,-3,-9,4,-23,0,18,-6,-2,-8,-13,-5,8,-24,-1,14,-2,7,-14,-10,-13,7,-10,-20,10,18,-1,-12,-4,-20,9,-1,21,5,-9,-3,-7,-12,-6,-12,-5,-10,-4,-7,-2,-10,3,0,-8,1,-8,15,-7,-4,2,12,-11,-24,-18,-31,-27,-18,3,4,-11,1,-4,-19,7,-4,-8,-4,6,-22,-10,5,10,-3,-15,5,-8,-2,-3,-31,-11,-10,-18,-19,17,14,-1,-20,-2,-24,-18,-6,27,-9,-11,-11,-14,-20,-4,3,-25,-4,-3,-1,-17,-16,9,1,-6,-5,-5,6,-3,6,0,40,38,-37,-5,-9,-18,-34,-5,19,-58,-35,-36,-12,26,2,14,-15,-18,-28,-34,7,44,-18,-6,36,-1,12,-12,-28,-54,-12,-37,-21,23,22,-7,-34,-19,-30,-39,-26,41,-36,-30,-39,-30,-32,-9,-32,-48,-16,-3,-19,-26,-16,35,1,-24,-30,-15,1,-1,14,3
1,0,2,0,0,-1,0,1,4,-1,3,0,2,3,1,1,1,-1,6,-6,4,5,2,2,-1,-2,2,-4,-4,0,-1,-2,1,-3,9,-2,14,1,-2,4,8,1,-12,-50,5,-2,9,4,-7,-26,-8,-21,-19,-17,-4,14,1,-2,-2,2,-2,0,1,1,15,-1,9,0,0,0,2,-12,2,-14,9,15,6,0,-8,1,-1,7,1,-2,-3,0,4,-2,-3,-20,7,9,16,-6,-2,3,1,51,7,-21,4,29,12,-10,-12,-12,-12,54,-7,-17,-6,31,-2,8,-12,-18,-24,14,0,-8,-3,0,12,23,37,-14,5,2,-2,1,2,4,3,-1,0,-1,17,0,3,0,-1,-2,1,5,8,6,4,-6,-1,2,-3,-3,0,5,7,-1,-11,0,-11,1,-18,-9,8,26,25,-2,0,18,-9,1,-8,-11,15,-1,20,-2,-9,-2,1,-24,-7,5,-10,3,8,11,-5,-4,4,2,13,1,3,2,1,5,2,1,5,3,-2,10,-6,4,5,-1,5,5,3,-2,13,16,6,10,2,5,-3,5,11,13,-2,8,10,1,-1,2,-6,10,0,8,5,5,5,9,14,-9,12,15,18,10,26,14,12,23,16,8,36,21,-10,14,4,14,-5,7,5,-2,8,9,10,9,0,6,4,5,3,11,14,9,4,-2,2,-12,8,1,7,10,15,1,2,-8,0,8,-7,-1,-1,-2,6,-6,7,-11,5,22,22,26,11,8,15,21,31,39,29,28,11,15,6,28,23,9,28,14,28,33,4,33,27,21,7,19,34,20,-2,2,1,2,0,-3,1,0,-5,-3,-9,-15,-14,-12,18,-19,-2,1,5,-4,-1,-4,2,-1,-4,-1,-2,-4,0,0,1,0,0,0,-1,-2,3,2,-2,0,-2,-2,-1,6,2,-3,-2,0,0,0,-8,-6,-8,0,-1,1,-1,0,1,2,-2,-1,-1,0,-2,3,-6,0,-2,-2,-5,-9,-7,6,-1,-10,-14,2,-1,-10,8,4,7,-13,4,-3,-1,-4,-4,-4,-12,-1,-6,-3,-2,1,7,-14,-9,-7,-2,-7,-5,-3,-4,-7,-2,26,-5,-6,-1,-1,0,-21,4,-1,-12,-2,-2,1,-1,-2,-10,-5,-8,-10,-2,3,-3,0,-7,-1,-2,-5,-15,-8,-4,-1,-8,-5,0,0,-5,-18,-14,16,5,-17,-8,4,-5,0,-5,-15,-16,6,-4,-11,-4,3,4,-13,-17,-10,-15,-5,-9,5,-7,-19,-1,33,-2,-5,-17,-1,3,2,2,-8,-16,7,0,-15,-4,-18,-4,-2,-7,-10,1,-5,0,4,-9,-22,-11,-18,-28,-18,-3,-17,-6,-18,-6,-10,-12,2,-2,28,-4,-35,-11,-9,-13,-20,-20,-25,-3,25,14,-11,-7,3,-2,-12,-9,-15,-14,-8,-16,-12,-8,-29,-13,33,-5,-14,-19,-4,-1,7,1,-23,-12,21,-7,-7,-6,-9,-6,-16,-3,-10,-1,-4,-13,-16,-27,-44,-32,-7,-43,-38,-12,-30,-39,-48,-74,-15,-20,-39,-8,40,6,-37,-27,-3,-7,-27,-27,-37,-42,30,20,-25,-11,-27,-16,-19,-54,-50,-27,-14,-34,-57,-26,-47,-27,48,1,-43,-20,-4,11,21,15,-39,-56,35,-1,-10,-6,-31,1,-23,-2,-18,13,3
-2,2,1,1,2,0,0,-1,0,-1,-1,1,3,0,11,10,2,0,-1,-5,-4,-2,0,-1,8,0,0,-1,-7,-4,-1,0,-1,-5,1,0,8,4,-3,-1,9,28,-3,7,-6,-4,-2,-4,9,-17,13,-9,-14,-2,-10,-3,2,2,1,-2,0,-1,2,-1,-1,-1,-4,-5,7,11,20,-1,-1,-13,4,8,12,-11,0,2,14,0,34,1,-25,2,-4,4,0,1,-8,17,4,-8,-8,-2,-2,-14,-22,-13,-6,2,5,11,3,-23,-5,-10,-7,-20,-8,8,3,5,10,0,-21,4,0,2,-10,-2,-8,2,0,-2,0,-7,7,-9,2,6,5,7,-1,8,12,0,4,-6,5,1,8,5,-3,1,14,-10,-8,2,-9,6,4,-3,1,-6,-5,6,7,3,-8,-6,-14,-2,-1,-3,-2,-2,-4,8,-1,0,5,0,-8,5,-2,5,15,11,-10,14,4,-4,6,4,8,-8,-1,2,-5,-4,9,9,6,8,5,2,1,1,2,8,0,-8,3,6,9,10,5,1,-5,-1,15,9,13,11,6,13,9,-20,6,2,20,-6,0,6,-7,-11,-3,-14,-2,-8,0,11,-1,-7,-16,-2,-12,-2,-4,7,-1,-13,14,-3,-3,-7,-9,2,2,-6,14,12,18,2,16,18,7,9,15,29,8,12,12,4,6,-4,4,20,29,37,9,5,-2,3,26,12,16,24,18,-7,5,3,17,11,31,24,22,16,5,1,4,6,3,7,11,18,4,2,-17,-4,15,34,-9,-7,15,14,-5,3,-23,4,-2,16,2,-13,-8,-7,24,11,1,0,2,-1,-1,-2,1,1,6,14,2,-6,1,-35,7,-31,-2,-5,3,-4,7,-2,1,2,7,-2,-4,-5,-2,-2,-6,1,1,3,-1,0,0,0,-3,-1,-1,-2,-1,-1,4,2,0,-4,4,-2,3,-5,1,1,-3,-2,-2,2,-2,2,-2,2,-1,1,-7,2,-1,2,-6,2,5,-6,4,1,-15,-31,-10,-40,1,-27,-25,-1,-4,-14,-22,6,22,7,-6,-3,-9,-2,-2,-6,-12,3,-4,11,1,-12,-3,-6,-11,-12,-3,-8,-5,0,-1,-3,-4,-5,-4,-7,3,-4,0,-3,-11,-7,-13,-1,-1,-1,2,-8,-5,-8,2,8,-18,-9,-14,-15,-23,-9,-5,-14,-23,-19,-5,-7,-7,-22,-13,-15,-12,-11,-10,12,18,4,8,-5,-28,-13,-5,-10,-6,11,-6,11,-12,-28,-2,-11,-6,-9,-14,-5,-8,0,-2,3,-12,-1,3,-9,7,-6,1,-6,-2,-4,-13,5,-6,-1,-8,-5,3,-6,2,20,-14,-5,-19,-17,-1,-16,6,-17,-9,-2,17,-17,-15,-15,-20,-23,-40,-35,-18,27,27,35,-6,-9,-20,-20,-11,-11,-14,-4,-13,21,-16,-10,-8,-12,-20,-13,-5,-16,-24,-1,0,-3,-18,-7,4,-14,3,-9,-4,-8,-7,-10,-5,-8,-10,-10,-2,-8,-7,-8,-5,28,-22,-16,-59,-43,-9,-20,24,-20,-63,-72,19,-26,-9,-41,-26,-48,-58,-32,-55,49,34,26,11,-35,-40,-46,-7,-34,-36,-24,-25,34,-42,-26,-41,-49,-30,-27,-46,-42,-29,-28,-20,-40,-31,-33,-22,-37,-14,-35,-29,-33,-33,-47,-23,-27,-34,-24,-24,-32,-2,-9
0,-1,1,1,-2,2,-2,-2,-1,0,0,1,-4,2,0,-1,0,0,-2,3,-3,1,1,-1,-1,-3,-2,20,-6,25,-3,-2,-1,-1,-2,-1,-44,0,-4,-2,-3,-7,-5,-4,-4,-9,-3,-8,-3,-11,-8,-1,-5,-5,-10,-2,1,-1,-1,0,1,-1,-1,1,-3,-3,0,-4,1,-3,-1,0,-2,0,-1,-1,-2,2,-5,-1,-2,-4,-2,19,2,14,-3,1,-2,0,17,-6,-9,-2,18,-5,1,-2,-3,-5,-32,-10,-6,-5,-9,-1,16,-4,-10,-2,19,6,-2,-6,-11,22,-3,11,-6,-3,-4,-6,-10,-6,-10,1,-4,0,16,4,2,-5,1,-2,-2,-2,-4,14,0,2,0,2,1,21,3,-3,14,-1,2,-3,19,-1,-3,-2,-4,16,-7,20,-10,1,-3,-1,-3,-4,10,-7,2,-3,-2,-7,-5,19,-3,18,-5,-4,-4,-13,22,0,-15,-6,19,-3,-3,21,-11,-4,-6,-3,-2,20,0,1,-1,3,8,4,1,0,-1,0,-1,6,12,4,1,1,-2,-2,1,-3,12,2,-2,-2,1,-8,-4,2,13,1,-5,2,4,9,14,18,-17,20,11,8,-3,-1,-16,-5,15,-5,1,-7,-7,-9,-9,1,12,-1,-7,0,-4,4,-10,2,12,2,-5,-2,13,0,3,4,6,3,-3,-6,-2,10,6,8,10,5,-3,12,3,5,15,6,14,7,14,-3,1,0,1,20,14,20,0,-1,10,4,14,18,19,14,9,9,1,-13,2,14,11,18,-1,-3,-3,-8,16,-8,11,-4,11,0,-2,17,-8,5,12,6,-9,3,1,2,2,-1,1,1,-2,1,-7,-12,-7,-4,-9,-5,-7,-8,-4,0,-6,-2,-5,-6,-1,-4,-2,-2,-4,-4,-4,-1,-4,-3,-1,-1,-4,1,55,0,-4,-2,-1,1,-1,-17,-2,-17,-1,-1,-1,0,0,1,-4,0,-3,-1,0,1,0,-1,1,1,0,0,-4,-9,-3,-4,-11,-7,-6,-5,-3,-7,-12,-8,-1,-2,-3,-12,-5,-7,-1,-14,-6,-21,-6,0,0,-6,-23,-8,-3,-8,-15,-6,0,-4,-13,-3,73,-4,-12,-2,0,-4,-14,0,-2,3,-18,0,1,0,1,-16,-1,-14,-1,0,-1,-1,0,1,2,-4,3,1,-15,-6,-8,1,-5,-8,-6,-5,-7,-16,-2,-4,-2,-5,-4,-30,-14,-6,-16,-2,-9,-7,-18,-5,-2,-7,-6,-21,-2,-22,-7,-11,-4,-7,-12,-5,72,-4,-15,-2,-2,-8,-3,-14,-2,-13,-4,-9,-8,-3,-18,0,-4,0,-17,-1,-4,-19,0,-2,0,-2,-2,-22,3,-11,-15,2,-21,-3,-4,-3,-3,-2,-5,-3,-8,0,-6,-4,-7,-16,-6,-6,-14,-7,-8,-9,-7,-15,-10,-9,-22,-3,-11,-9,-9,-13,-26,-17,70,-20,-27,-13,-5,-6,-2,-3,-14,-2,-4,-2,-1,-8,-1,-3,-12,-4,-5,0,-2,-3,-2,-4,-11,-3,-1,-1,-22,-28,-21,-7,-21,-38,-27,-18,-22,-37,-17,-19,-22,-6,-9,-21,-16,-36,-37,-10,-13,-43,-27,-18,-11,-21,-24,-60,-23,-16,-22,-16,-13,-14,-31,-21,68,-27,-39,-24,-11,-11,-11,-15,-26,-17,-15,-16,-9,-8,-17,-7,-20,-8,-18,-15,-12,-15,-9,-7,-14,-5,-10,-21
1,1,-2,0,2,-2,-1,-2,5,6,4,6,5,9,8,5,5,5,4,4,4,7,5,6,2,2,3,3,5,5,3,4,3,5,0,1,0,0,5,5,11,6,12,6,5,12,6,11,20,27,16,14,21,18,22,15,-1,2,1,1,1,-1,0,-1,3,2,1,5,2,14,5,9,5,0,4,1,5,7,-2,3,-2,-5,0,-5,-6,1,-6,2,-7,-11,-12,-13,-7,-7,-4,-3,-4,-6,-8,-9,-19,-3,-12,-3,-11,-8,-4,-14,-12,-17,-13,-16,-8,-11,-13,-24,-28,-9,-11,-12,-16,-14,-17,-17,-18,-20,-17,-7,6,2,6,7,9,7,4,6,3,6,0,6,6,9,10,-1,-2,-1,2,-3,1,5,0,3,1,-6,-2,2,-3,-1,-2,1,-3,0,-11,-12,-7,-8,0,-4,2,0,1,-8,-7,6,-4,4,-1,-2,-4,-9,-6,-10,-2,-2,8,-4,-11,-5,-2,0,-8,6,3,1,-1,-1,-1,3,0,1,3,-3,-1,-2,0,-4,5,2,1,-6,-10,-6,-12,-5,-2,-3,-10,-10,-18,-40,-20,-11,-18,-8,-9,-16,-25,-26,-24,-21,-16,-8,-18,-14,-21,-25,-26,-31,-16,-24,-6,-4,-8,-13,-15,-11,-12,-9,-10,-6,-15,-20,-12,-19,-14,-9,14,18,20,21,25,21,20,18,25,9,18,16,19,14,12,17,16,14,17,6,4,12,13,21,10,5,10,2,6,1,12,13,19,7,-8,13,13,13,7,4,9,9,23,13,13,-7,-8,8,21,13,0,18,6,0,11,7,1,22,26,21,24,19,22,15,-1,-2,2,0,-1,2,-2,0,-4,-67,-26,-35,-13,-17,-12,-15,-4,-5,-10,-5,-9,-10,-9,-3,0,-4,-6,-5,-3,-5,-1,2,3,-1,-3,-2,-2,-2,-3,2,4,0,-2,0,-1,-2,-1,3,4,1,-2,0,1,1,1,4,1,2,1,1,2,2,-1,1,-13,-11,-12,-26,-7,-10,-9,-15,-16,-21,-24,-16,-25,-20,-17,-15,-18,-15,-21,-14,-20,-27,-24,-13,-13,-12,-7,-15,-10,-13,-13,-18,-9,-10,-9,-17,-12,-13,-9,-13,-9,-8,-11,-6,-10,-11,-12,-12,-5,-10,-12,-8,-10,-14,-11,-8,-4,-9,-8,-8,-11,-11,-8,-7,-15,-10,-14,-16,-11,-13,-17,-19,-14,-18,-18,-17,-19,-19,-21,-17,-15,-19,-19,-17,-24,-21,-16,-18,-11,-18,-10,-17,-13,-13,-13,-18,-16,-10,-16,-18,-14,-9,-13,-19,-10,-16,-13,-15,-11,-13,-15,-9,-15,-13,-12,-13,-13,-17,-13,-12,-16,-13,-11,-15,-18,-10,-16,-12,-14,-12,-16,-20,-16,-21,-15,-14,-17,-16,-18,-16,-18,-22,-17,-16,-18,-21,-14,-16,-24,-14,-22,-23,-18,-16,-10,-10,-13,-11,-15,-15,-13,-11,-5,-16,-12,-9,-18,-16,-18,-10,-11,-11,-11,-14,-18,-19,-13,-18,-15,-19,-18,-12,-21,-16,-16,-16,-14,-14,-16,-16,-17,-18,6,17,-2,-5,0,-2,6,3,12,15,19,13,-4,-1,12,10,15,24,21,23,-6,17,16,6,6,28,29,21,27,22,25,11,12,19,27,16,25,31,20,12,0,17,19,19,31,3,20,-4,-10,-11,-5,1,-7,25,-12,3,-8,-10,-6,-11,-13,-1,-4,-5
2,-2,-1,1,1,1,-1,1,7,2,-15,-40,-45,-6,5,6,7,5,-2,-4,-4,1,3,8,7,6,5,6,5,4,5,8,8,6,7,5,6,4,6,8,7,5,3,0,1,4,5,7,2,2,6,-5,-4,1,-1,0,1,2,0,2,1,1,2,0,-16,-23,-13,-25,-26,-18,-9,-9,-11,-20,-68,-50,-17,-57,-86,-12,-14,-26,-19,-53,-69,-51,-16,-10,-2,-19,-30,-2,-14,-17,-3,-2,13,-1,-8,-17,-4,-6,1,3,8,8,8,6,2,8,7,11,14,5,10,9,10,11,7,12,13,16,16,18,11,11,12,10,2,-6,-22,-70,-73,-58,0,5,5,-6,-17,-28,-94,-7,-4,4,0,-16,-36,-49,-38,-56,-32,-2,-21,-55,-51,-3,-11,-17,-57,-19,-47,-47,2,5,2,-11,-16,-60,-36,-2,2,6,1,2,-5,-18,-3,4,6,-1,0,4,6,2,3,9,-3,7,1,7,4,9,-25,-23,-23,-31,-41,-29,-23,-25,-10,-2,-7,-6,-2,-9,-6,-13,-2,-1,1,-9,-12,-18,1,-4,-5,4,0,3,-5,-6,2,1,9,1,5,9,-3,3,3,2,3,10,3,2,-3,4,9,12,8,8,2,8,-2,8,11,5,13,9,6,9,13,5,10,9,-9,-25,-21,-29,-2,-9,-28,-28,-2,-8,3,-33,-16,-18,-14,-23,-21,-25,-33,-35,-10,-32,-34,4,-2,-20,-7,-52,-24,-39,-28,-18,-1,-22,-35,-18,-20,-7,-6,-17,-10,-7,-29,0,-12,2,1,-14,-14,-14,-10,-3,-13,-3,-8,2,-9,-26,-4,-2,-12,-15,-8,-21,2,0,-1,1,1,2,-2,2,-11,11,16,62,73,53,-13,-11,-4,6,26,42,42,16,5,-3,-6,-3,6,8,12,2,-3,-9,-7,-3,-1,-2,-2,-2,-3,-8,-7,-3,-1,1,-2,-1,-4,-4,-5,-4,-3,-2,-3,-3,-4,-4,2,-1,2,-2,-2,0,-2,0,-2,-6,-3,-3,0,-14,-9,-3,-3,-4,-7,-5,-11,-6,1,-7,0,-12,-7,-4,-5,-5,-8,-4,-11,-7,-7,-4,-3,-6,-5,-2,-8,-3,-9,-5,-5,-7,-6,-8,-6,-6,-5,-5,-10,-11,-7,-6,-4,-3,-2,-6,-7,-8,-7,-6,-3,-5,-5,-5,-2,-5,-9,3,-12,-14,-12,-12,-16,-13,-13,-7,-11,-8,-21,-7,-12,-12,-14,-5,-6,-7,-4,-11,-10,-12,-5,-9,-5,-5,-6,-11,-9,-10,-3,-2,-4,-8,-8,-11,-8,-10,-7,-9,0,-6,-7,-2,-8,-8,-3,-5,-4,-6,-8,-11,-5,-4,-7,-10,-12,-6,-7,-8,-10,-8,-9,-5,-15,-16,-26,-28,-21,-18,-17,-16,-19,-23,-19,-22,-33,-20,-17,-16,-20,-26,-21,-19,-16,-31,-23,-21,-24,-21,-11,-12,-9,-12,-22,-16,-23,-10,-12,-10,-6,-4,-20,-12,-24,-18,-9,-6,-8,-6,-18,-10,-14,-11,-3,-5,-7,-7,-11,-13,-12,-10,-7,-2,-1,-10,-13,-16,-7,-24,-27,-9,-23,-17,-18,-23,-5,-3,-13,-15,-14,-10,-8,-5,-7,-16,-12,-23,-6,-14,-21,-7,-6,-19,-13,-19,-7,-17,-3,-15,-9,-14,-11,-7,-15,-10,-14,-13,-13,-23,-6,-11,-10,-8,-7,-22,-1,-12,-9,-4,-7,-1,-9,-4,-4,-1,-9,-7,-8,0,-5,-5
-2,2,0,-2,1,2,1,0,-1,-1,-1,2,-2,-6,-4,0,-3,1,-1,-3,-10,13,4,4,4,2,1,-2,-12,-3,-7,-4,6,-2,-2,-3,-7,-2,-9,-13,-10,11,-1,-4,26,-18,19,28,3,6,10,8,-3,20,0,-17,2,-1,-2,-2,-1,1,-2,2,-1,0,12,4,-1,-10,1,-6,-5,-6,-6,6,-3,-2,6,3,2,-11,17,-2,-8,3,0,1,-3,-3,-12,0,-15,-16,-8,3,-15,-11,4,5,15,7,16,2,12,-3,4,20,22,8,-1,10,2,8,-6,7,-32,-16,-28,-9,14,-7,-3,1,2,-12,4,19,2,16,-1,8,13,0,7,1,1,0,-7,2,-3,17,-10,7,-7,6,-3,-4,-1,9,19,1,8,-15,4,11,-18,-6,0,10,-15,-12,-4,7,-12,1,6,14,-11,-1,6,-17,13,3,3,8,14,-12,-1,11,-16,9,-1,-25,1,-12,-15,4,15,0,9,10,6,2,-3,0,9,4,1,3,3,6,10,10,22,-8,4,1,9,-4,-9,0,-6,11,5,7,-7,7,9,9,3,27,19,10,9,11,2,-2,-2,-12,6,-14,-1,-2,-10,-6,-4,2,-24,-11,-32,-5,12,-9,23,9,-1,0,0,15,14,-6,9,13,-16,-10,7,-3,-3,4,26,19,10,3,-14,-5,10,-9,14,15,10,-4,-3,1,4,5,5,22,26,17,3,-5,29,18,-12,19,20,-4,7,10,-20,16,15,20,5,20,11,-7,-12,-14,12,19,22,10,13,16,-3,21,17,28,15,26,-9,-5,3,7,24,4,10,20,2,0,2,2,2,-2,-1,-1,-11,-2,-4,-6,10,-4,4,-32,-8,-2,6,0,-5,-1,0,-2,0,4,-1,3,-2,4,1,3,2,3,-1,-1,-2,0,-7,2,1,0,3,-1,-5,2,0,4,1,-1,4,6,4,12,5,1,0,-1,2,-1,0,-1,-1,0,0,0,-8,-4,2,-3,-11,-4,13,-16,-3,-7,2,9,-19,-1,-5,-3,-9,-16,3,-2,-3,-3,2,-12,1,-15,12,-21,7,16,3,9,-4,8,-14,-5,-25,3,-2,1,4,-11,-5,-7,-20,-9,3,-11,0,3,-3,22,9,-2,0,3,5,4,5,8,1,6,-20,6,13,-5,7,-4,-2,-3,7,-15,-11,11,10,4,-3,4,-6,3,-11,-14,-7,8,1,-2,11,-12,-7,-18,7,-26,8,12,-6,17,-2,3,1,-11,-22,-11,-9,0,4,-9,-2,-9,-11,-7,-17,-2,0,4,-11,24,2,-3,7,1,1,-10,10,-5,-7,-2,-14,3,-4,-13,-14,-10,-16,-11,19,-21,-19,-15,-34,18,-9,-22,-9,-1,-19,-15,-6,-11,-10,-13,13,-18,-14,-27,18,-51,12,23,-8,23,-15,-12,-25,-13,-18,-21,-6,-2,-6,-17,-22,-11,-22,-6,-7,-9,0,0,-30,33,22,1,-5,-5,-2,-8,0,-6,-3,-4,-21,1,-20,-22,-8,-28,12,-10,33,-45,-27,-15,36,34,-19,-38,-32,-27,-50,-47,-38,-35,-18,-19,24,-44,-23,-54,28,-18,40,31,-25,41,-20,-20,-44,-30,-56,-13,-11,4,-16,-35,-22,-30,-51,-40,-20,-36,4,7,-32,47,28,-23,-14,-6,0,3,4,-7,-20,-15
1,0,2,-2,-1,2,1,0,-3,-5,1,-6,4,5,3,4,-4,4,-5,1,3,2,4,5,-4,8,6,7,4,8,5,5,10,1,4,8,4,0,7,10,-1,7,1,-6,0,2,6,-3,15,17,19,-6,-18,-26,-39,-14,0,0,0,-1,1,1,2,0,-3,8,-1,12,2,6,8,-3,1,14,0,8,4,4,5,5,12,-4,9,-3,5,9,1,9,24,-1,20,6,7,8,2,2,12,8,9,13,8,11,12,-13,2,16,5,1,9,6,3,-19,15,1,-3,9,5,-10,-12,9,8,-7,10,10,5,-4,-2,6,10,-9,11,15,7,6,8,7,-2,5,2,12,6,11,3,13,8,-3,14,7,5,8,-11,7,13,5,8,0,8,14,-6,-2,6,5,8,7,16,-2,7,0,15,7,7,-1,5,-3,-9,11,9,1,22,1,-12,6,1,2,12,5,6,8,3,-5,4,-3,3,13,0,4,8,6,6,4,6,8,1,14,-2,9,14,-3,10,9,7,8,-5,-12,4,-3,11,6,14,-8,13,-16,-8,-28,12,14,4,8,0,-14,1,-3,9,16,9,12,3,-1,4,4,5,5,11,13,10,6,4,-8,0,12,1,15,5,-27,8,13,17,20,17,22,20,14,35,19,15,12,14,32,19,25,29,18,11,6,21,18,19,14,10,25,16,-2,28,-4,-2,-10,9,10,15,15,7,21,12,-19,9,-21,0,20,26,6,-1,22,16,4,9,2,12,13,0,-14,-1,14,9,-5,-11,-40,-9,22,15,3,-2,0,2,-1,2,0,-2,2,-25,7,-24,14,-7,-21,3,-29,4,8,-12,7,-12,1,6,-4,7,-13,16,-10,-6,8,-6,7,2,-18,7,-11,5,8,4,4,-4,-3,-8,-10,-4,7,9,1,-2,-4,-3,-8,2,8,4,3,2,2,1,2,0,1,-2,0,-10,-11,-11,-18,-6,-1,5,-8,-15,-7,-8,-14,0,-23,-2,-21,-3,-24,-11,-1,-1,-33,-4,-13,3,-17,1,1,-20,-6,-4,-5,-2,-11,-12,-9,2,3,-1,-6,-9,4,-3,-14,-8,-2,-1,0,-12,1,-3,-3,-3,-2,-7,-2,5,-6,-6,-6,-5,-6,-2,-3,-19,-17,-27,-3,-31,-16,20,-16,-15,7,-35,0,-1,-9,-10,1,9,-25,-13,-15,-13,-18,-1,-13,-2,-24,7,-15,-14,0,6,-5,-16,-10,-11,-14,5,-2,11,6,-11,2,-8,-1,-6,9,12,-4,-4,-11,3,-11,-4,-2,-5,4,-17,-2,-8,-4,0,-5,-10,-1,-19,-23,-16,-19,-14,-23,14,-12,-21,-3,-25,5,0,-6,-8,-8,-11,-21,-19,-14,-5,-49,4,-14,-14,-13,-11,-10,-8,-7,-7,-15,-1,-8,-3,-11,-4,-2,-2,0,-12,-2,0,-8,-10,-1,2,4,-9,-10,-8,-24,-7,6,0,0,-10,-6,-6,-18,-4,6,-2,-5,-32,-58,-37,-9,-22,-5,3,-13,-37,-15,-30,7,10,-14,-9,-22,-26,-21,-37,-29,6,-8,1,-14,-18,-18,-20,-20,-29,-14,-6,-21,-24,-28,-19,-33,-14,-14,-11,-5,-29,-16,-16,-24,-21,-14,-13,-7,-34,-28,-24,-28,-23,-19,-10,4,-21,-22,-20,-27,-21,-10,-19,-9
-1,-2,0,-2,2,1,-1,0,2,1,-2,-8,-18,-14,-6,-3,2,1,4,-2,3,-2,0,-3,2,5,3,8,6,0,5,-1,1,6,2,9,5,4,4,-2,0,0,0,4,-1,4,1,-4,-8,-2,-2,-7,-6,3,-10,-9,-2,-2,-1,-1,0,2,-1,2,-5,-7,-13,-16,-15,-17,-13,-7,1,-6,-1,-12,-14,-5,-19,-4,-4,0,-8,-4,-9,-12,-3,-13,-8,-6,-15,-9,-14,-26,-18,-13,-1,-9,-4,-9,-16,-8,-11,-7,-4,-1,3,-2,-11,-6,-8,-6,4,-1,-2,0,2,0,-7,-3,-3,5,-5,-1,-5,-3,2,-6,9,-3,1,-6,-7,-8,-12,-2,11,9,4,1,-3,-1,3,0,4,-2,5,1,0,1,-13,12,4,5,1,-7,-6,-14,-4,-3,3,3,-4,-5,-4,3,-2,-3,-3,-3,-2,1,-1,2,4,-5,1,4,7,9,7,4,3,-2,6,-8,5,-2,5,2,1,4,13,18,17,16,15,15,12,10,16,14,14,13,16,10,2,10,16,21,21,22,9,12,14,12,25,22,28,17,17,16,8,19,21,25,20,21,19,12,17,12,17,15,14,12,12,10,9,14,13,8,10,7,5,6,2,12,18,17,19,18,15,11,10,18,12,12,16,4,9,4,7,11,20,20,4,13,5,10,4,5,17,19,19,14,-4,5,3,8,24,15,23,-3,15,3,9,5,10,17,20,7,12,10,4,0,11,6,14,8,4,0,-1,-10,1,11,13,12,9,11,0,5,3,-1,14,5,8,11,8,16,-2,3,1,2,0,1,-2,1,-21,2,-1,3,-10,12,-1,-8,-1,12,18,18,23,23,21,6,-4,2,6,18,15,13,6,-1,-1,1,9,9,8,6,5,-3,-3,0,2,6,4,4,0,-4,-3,-2,2,5,5,0,1,-3,0,0,1,-1,2,-1,1,2,-9,8,9,15,13,15,16,11,3,7,0,14,9,11,9,17,8,6,20,18,13,18,15,18,7,6,18,18,22,22,12,9,0,7,7,12,16,9,12,6,-3,7,-1,9,6,7,6,-2,-4,1,1,0,0,4,-8,0,-10,-5,-3,-6,-4,2,-1,-11,-12,-15,-18,-3,-2,-3,3,-3,-7,-8,-7,-2,5,5,-8,-2,-2,1,8,15,8,7,2,5,3,2,14,9,8,11,6,5,-1,6,-3,5,2,-3,11,4,1,2,-6,-1,-3,-6,-2,-5,-6,-10,-4,-4,-5,-5,-8,-13,-11,-13,-9,-2,-9,-9,-10,-13,5,5,8,9,3,-7,4,7,23,16,22,27,22,29,26,33,8,6,7,7,12,12,19,14,3,-7,-5,-7,-2,-2,1,-1,-14,-6,-8,-11,-9,-18,-1,-6,-12,-5,-11,-10,-11,-8,-6,-3,-2,-3,-7,-5,-6,2,1,2,0,-4,-2,-5,-7,-3,0,0,-1,2,-3,2,9,-17,21,9,4,9,14,41,29,43,38,35,-18,5,3,36,33,33,33,36,-14,-13,5,-3,0,31,5,8,-27,-15,-21,-16,-15,-15,12,2,-16,-11,-35,-13,-1,-7,-5,4,-21,-3,-9,-5,-16,9,-2,-1,-19,-6,-11,-7,-3,-10,-7,-18
0,-1,1,0,1,-1,-1,0,-2,-1,-2,-1,-1,0,0,0,-2,-2,-1,-1,1,-25,-1,-2,-2,0,0,-2,-74,1,0,-1,-3,1,-1,-91,0,-1,-1,0,0,0,-72,-1,-1,0,-4,0,1,24,1,-12,-8,-5,-14,-6,-1,1,-2,2,2,2,-1,2,-4,-3,-7,-3,-2,-6,-3,-12,-7,-6,-3,-4,-5,-1,-6,-3,-5,-6,-4,-5,-2,-24,-4,-5,-5,-5,-4,-4,-20,-4,-8,-3,0,-3,-16,-24,-4,-3,-5,-6,-10,8,-39,-8,1,-9,-2,-20,-16,-28,-17,-3,-15,-19,-5,-3,-4,-17,-9,2,-11,-7,-7,-14,-9,-3,-5,-12,-4,0,-3,40,-1,-3,-7,-4,-2,-7,42,-6,-5,-6,-2,0,-3,48,-1,4,-2,-10,-2,-6,51,-6,3,-9,-9,1,-3,47,-6,-8,-7,-1,-9,-8,47,-6,-4,-6,-5,-8,-9,40,-7,-22,-1,-10,-13,-11,-23,-5,1,-3,-15,-7,-1,-5,-2,-2,-1,-3,-1,-1,-2,-1,-2,-5,-2,-1,-5,-2,-4,-2,-1,-3,-3,-3,-5,-8,-4,-5,-5,-9,-4,-4,-28,-1,-1,-10,-13,-7,-9,-27,-8,-15,-3,-7,-5,-1,-28,-7,-21,-11,-3,-9,20,-33,-10,-12,-9,-14,2,2,4,20,7,11,16,8,4,-2,-7,-7,-3,-1,1,3,2,31,1,-8,-3,-2,-2,3,37,-4,-6,-6,-9,-2,-11,42,-4,-3,-1,-11,3,-8,43,-1,-12,-13,-8,-14,-7,42,-8,-3,-7,-5,5,-16,31,-2,8,14,-6,5,32,27,-2,-1,-18,-27,13,-12,-10,40,15,12,10,10,3,-10,1,1,-1,1,-2,2,-2,-1,-10,-10,-14,-8,-5,-8,6,-15,-2,-3,-3,-3,-3,-12,-4,0,-2,-1,0,0,-26,-1,0,-1,-1,0,1,-71,2,1,0,0,0,0,-84,-1,1,1,0,0,1,-90,-1,-4,2,1,0,0,-2,2,1,1,2,-1,-2,2,-5,-4,-2,-10,-5,-5,-13,-4,-1,3,-7,-13,-8,-3,-1,-1,1,-5,-3,1,-7,-12,-4,-5,3,-1,1,-2,-26,-1,1,0,-9,-1,-7,-30,0,3,-3,3,3,-17,-26,-3,0,2,0,2,2,-24,-18,-3,0,1,-3,-1,39,7,4,-4,1,-3,3,-1,-1,1,-2,-10,-1,-6,1,-9,3,-3,-1,-9,-8,-6,-5,-1,-6,-2,-6,-3,-2,-11,-2,0,-7,-2,-2,-3,-56,-3,-3,-3,-2,-5,-1,-50,-1,-2,-1,-1,-2,1,-50,0,-6,2,0,1,-1,-7,0,-7,1,0,0,-3,43,1,4,-1,-9,2,-1,1,-8,-15,-26,-17,-4,-23,-17,7,-11,-12,-27,-2,-6,-14,11,-18,-6,-11,-5,-5,-7,4,-4,-5,-19,-17,-15,-17,-13,-11,-2,-3,-35,-4,-19,-34,-8,-4,-6,-2,-30,-13,-28,-9,-4,-5,-2,-2,-31,24,-2,1,-2,-1,-1,-2,59,-26,-23,-14,-8,-6,-1,-3,-21,-24,-38,-17,3,-38,-24,-4,-12,-10,-15,-21,-17,-21,-4,-13,-12,-12,-22,-25,-3,-8,-13,-11,-10,-6,-10,-4,-14,-12,-10,-9,-4,-13,-12,-25,-7,-11,-7,-4,-28,-13,-14,-6,-7,-8,-3,-4,-42,-1,-17,-8,-3,-6,-4,-5,67,-32,-27,-9,-11,-10,0,-15
1,1,2,-1,1,2,-1,-2,2,-5,1,7,-6,8,-1,0,5,4,7,5,-2,0,2,-1,0,-7,3,1,5,1,3,4,5,1,-3,4,-14,-19,-4,-7,-13,1,15,-13,-7,-25,0,-15,3,-3,-35,-7,-19,2,-24,-9,2,-1,1,1,0,0,-1,-1,4,-2,-16,11,-3,21,-3,-1,10,3,9,1,-4,0,8,0,14,-5,4,-4,10,19,-7,10,-2,10,16,15,-5,-14,10,-10,-1,-5,-44,1,5,-7,-1,-8,6,5,-17,21,-7,-16,-1,0,18,-1,-13,-10,14,-9,-20,17,-5,7,-28,3,-6,-23,-15,9,3,4,8,-1,-2,-3,5,-4,5,0,-1,3,-14,0,1,4,14,15,-2,14,-6,-8,-2,-7,6,-4,1,7,15,4,-9,-6,0,6,-11,18,-3,-6,1,-4,12,-8,9,-30,-2,-9,15,1,-10,0,-14,11,-3,0,1,4,-5,-14,-30,-27,2,-25,10,1,0,13,11,-4,-4,9,3,11,11,11,13,20,22,11,12,2,5,-2,14,-1,-5,10,14,13,7,13,7,-2,3,21,1,4,-5,6,2,-12,-20,6,4,14,-2,0,3,-1,-9,-7,-1,1,-10,16,20,-19,-3,-1,16,11,18,-1,16,-10,-4,14,11,-1,3,17,13,4,-8,14,4,4,16,10,3,9,14,8,-1,-1,15,18,13,13,-26,-6,0,9,3,8,0,16,-6,17,-34,26,-23,5,14,7,-22,8,-7,6,1,-11,4,-8,15,-15,-5,-13,-14,9,-19,14,-3,12,-31,0,-9,3,-36,2,-9,5,-11,-7,0,-1,1,2,1,0,-2,2,16,11,-9,8,-17,14,-23,0,0,-3,-10,0,-2,1,-2,-1,-1,-6,-1,2,-1,2,-2,-4,-4,2,0,0,-2,-1,3,-2,-4,1,0,-2,-1,-6,3,-2,0,0,-1,-2,-3,-1,1,1,0,-2,2,-2,-1,-1,0,2,11,-20,-11,-19,-6,-8,-11,0,-11,5,12,1,-8,1,-5,0,-34,-12,-18,-11,12,-7,-3,-12,-14,4,5,-3,-5,-6,0,-3,-4,1,-5,1,-11,-7,-1,1,-2,-8,2,-11,-10,0,-15,-3,-9,2,-6,2,-7,1,-8,0,-5,-3,-7,-1,-11,9,0,3,-3,-27,-33,-5,-9,-12,2,-3,-19,12,9,6,-45,16,-32,20,-12,-13,-15,-20,30,-24,2,-17,-2,-1,-8,-2,-10,-2,-16,-9,-7,-4,-7,0,-6,-10,6,-15,-18,-4,4,-9,-19,-5,-24,6,2,-2,-6,-5,-8,-2,-11,-7,-10,0,-10,0,-9,-3,-14,-7,-6,-13,-69,-22,-12,-9,-2,-17,-7,15,20,-6,-25,-9,-19,11,-14,-45,-51,-22,21,-47,-13,-19,-15,3,21,-7,-12,-8,-14,-9,-12,6,-13,2,0,-10,12,-11,-13,-6,22,-16,-26,-18,-16,-19,-5,-1,-17,-5,-12,-5,-17,-3,-6,-13,10,-4,-3,-2,3,-4,-8,-69,-58,-56,-34,-14,3,-13,-43,29,40,-1,-59,-2,-45,32,-20,-48,-46,-40,42,-71,-5,-43,-23,9,34,-15,-12,-53,-46,8,-24,8,-41,7,-22,5,18,-58,-51,-6,36,-32,-46,-50,-30,-40,-29,-15,-32,-22,-31,18,-45,2,-30,-32,1,-16,-19,0,-9,12
0,1,-2,-2,1,-1,-2,-1,3,5,1,5,8,6,7,1,4,6,3,3,6,4,5,2,3,5,5,4,3,6,2,1,2,4,5,7,3,2,-2,2,0,5,6,8,2,-3,-2,2,4,-7,11,2,-4,-6,-7,-11,2,1,0,-1,2,0,-2,0,3,10,10,11,6,-1,7,5,10,6,10,6,6,8,17,10,9,4,5,3,2,6,5,2,8,9,6,4,7,1,11,8,7,9,8,8,-1,11,-2,21,13,17,7,-1,4,11,2,11,15,11,9,4,7,4,13,12,15,25,5,8,-5,-9,13,1,2,12,7,9,4,6,-9,9,2,5,7,10,9,12,10,6,7,11,6,10,-2,11,5,7,15,6,8,3,11,8,14,18,9,11,2,13,6,12,7,19,15,3,10,4,15,0,12,11,5,14,11,15,-1,8,7,12,13,11,13,10,13,-1,14,1,12,10,12,12,5,4,8,6,12,11,8,6,12,11,3,9,8,5,6,8,10,9,14,11,11,16,14,15,8,15,21,7,16,13,-2,9,5,14,19,13,20,21,9,18,7,20,21,23,15,18,14,12,12,11,14,20,19,15,23,20,14,21,18,21,25,17,19,17,-7,13,16,17,18,22,17,17,21,19,12,23,22,13,18,23,15,14,26,12,25,15,26,23,23,24,29,22,22,17,24,31,25,17,23,14,23,26,29,21,34,24,14,29,31,34,30,34,29,40,26,33,20,20,28,24,19,23,23,38,2,-2,1,-3,-1,0,0,1,6,1,11,4,-2,-6,21,12,-2,-3,3,-5,1,1,-5,5,2,-3,2,1,-4,1,0,1,-1,-1,-2,-2,-1,-4,-1,-2,-4,-4,-4,-2,0,0,-2,1,-2,-4,-2,-1,-1,2,-1,2,-1,1,2,-1,1,-2,0,2,-4,1,-12,-6,-1,-22,1,5,-5,-10,19,11,-38,-12,13,19,8,-17,-15,-2,9,-39,-4,-32,-8,-2,7,-8,-8,-9,-7,4,-5,-8,-8,-1,-4,0,-10,-2,-5,-11,-6,-5,-6,-9,-3,-5,-5,-1,-3,-10,-7,-7,0,-6,-4,-6,-5,-4,-4,-6,-6,-6,-14,-3,-14,-18,-6,-2,-1,-3,-2,-13,-9,-13,-18,-29,12,-36,-1,-13,-4,-4,-17,-9,-8,15,-5,1,-7,-11,-8,-10,-11,-2,-1,-8,-8,-1,-6,-4,-9,-8,-8,-10,-8,-7,-6,-6,-4,-5,-6,-8,-9,-7,-6,-4,-3,-12,-6,-7,-7,-5,-7,-6,-5,-3,-59,-47,-34,-19,-33,9,31,13,-23,-18,-21,-20,-11,-22,-37,-15,-10,-18,-31,-11,-12,11,-6,-15,-9,-17,-16,-10,-20,-10,-14,-13,-17,-16,-16,-12,-18,-8,-17,-13,-9,-17,-9,-15,-14,-8,-19,-12,-14,-17,-13,-10,-8,-11,-11,-12,-13,-15,-13,-15,-9,-9,-13,-15,-37,-24,8,7,-41,24,34,28,-20,-27,-31,-24,7,1,-30,-32,-18,-10,-12,10,-20,33,-19,11,-27,-14,-10,-4,-6,-7,-30,-22,-29,-23,-16,1,-18,-24,-6,-26,-27,-32,-20,-18,-22,-15,-21,-9,-45,-28,-23,-24,-24,-26,-21,-30,-19,-18,-25,-23,-21,-20,-15,-33
0,1,1,-1,1,2,-2,2,2,13,-1,7,3,11,-4,8,3,3,1,-1,2,2,5,3,10,-3,6,1,8,-2,5,1,2,3,2,4,0,5,-4,1,-3,-8,-1,-8,11,-3,-7,-3,-2,-13,-8,0,-5,4,10,-3,-1,2,1,2,-1,-2,-1,2,3,3,1,21,-9,8,-3,-2,3,-6,10,1,10,2,4,2,9,-17,3,6,6,-6,7,-1,9,7,4,4,3,4,6,1,3,-2,23,-8,-6,-16,2,4,11,19,-40,26,-19,18,3,-3,-4,1,25,-2,5,-20,19,12,13,-2,-4,3,-24,11,-6,-24,8,13,17,-15,12,-3,13,6,8,15,-2,2,-2,11,-2,11,7,5,3,14,-6,1,3,10,4,0,10,8,5,2,15,3,-10,3,-13,0,6,17,4,-12,20,-3,20,14,22,-1,16,-6,8,-9,-9,28,-11,13,7,14,3,9,25,-3,-11,-19,16,3,1,10,1,-3,2,6,1,0,13,-17,10,9,-1,-10,-1,-3,-4,11,3,6,9,20,-13,4,5,13,-6,6,14,7,10,-4,26,13,15,1,17,8,-4,5,-1,15,6,13,-10,11,7,-12,13,7,1,-2,25,0,6,-12,-2,11,-22,11,-15,-1,0,4,9,14,12,-4,9,-16,4,2,3,9,0,7,9,-2,1,20,-10,14,-5,14,20,7,13,-4,11,19,11,14,7,6,9,4,2,13,17,1,14,-8,11,-1,-7,3,7,6,-1,-8,15,-7,5,-8,-19,14,17,11,0,8,-8,-15,-5,-5,6,-11,-16,14,2,0,1,0,3,-3,2,-1,-7,7,7,-19,-15,10,15,-28,0,0,3,2,5,4,6,-2,4,4,-1,-1,-1,2,-2,-1,-1,2,1,-1,1,0,-3,-2,-2,-1,-1,-3,1,-2,0,-4,-1,0,-3,-3,-3,0,0,-4,-2,0,0,-2,1,0,1,0,-1,-5,-14,-4,-9,-20,-1,-6,-21,7,-8,-10,-18,-8,-31,1,8,-27,5,-14,16,-16,13,-16,-9,5,0,-3,-15,3,-6,7,0,8,-6,-2,2,1,-13,-8,-2,2,0,-8,8,-3,-7,-4,-8,-14,-5,-7,-6,-9,-5,-5,-2,-6,5,-7,1,-7,-3,-1,5,-15,0,-11,-5,-10,3,-4,-23,21,-14,-10,-1,13,-11,-12,6,-24,-3,-7,9,3,16,-18,-13,-4,-3,-11,-6,8,-12,5,-7,9,-4,0,-2,-4,6,-5,-6,-4,-7,0,1,4,-9,1,14,-3,-7,-6,-4,-16,-3,-1,-8,9,-1,-3,-10,-1,-11,2,-7,-33,-14,-15,-27,-26,-26,-25,-18,22,-22,-42,-9,19,-11,-1,21,-34,11,-13,11,-27,21,-16,-5,-5,-14,-10,1,-7,-18,-3,-16,24,-4,23,-7,11,-14,-10,4,-9,-16,-2,24,-3,-16,-14,-7,-10,-9,9,-11,-3,-8,-2,-6,1,-3,-10,5,-4,-4,-5,-15,-29,-27,-3,-45,-34,-48,-28,-31,45,-28,-33,-62,-9,-50,-61,42,-60,31,-47,44,-37,38,-37,-32,-37,-5,-26,24,23,-30,-32,-55,31,-54,36,-37,35,-43,-31,13,-50,-45,-50,33,-64,-39,-45,-37,7,-34,22,-57,-21,-64,7,1,-29,0,-49,6,-12,-11,-33
1,0,0,2,-2,2,-2,-3,5,-5,4,0,-4,1,1,1,6,-4,2,-9,1,3,-1,0,14,-8,0,0,1,-1,-2,-1,1,-52,0,1,0,1,0,-1,10,0,3,0,3,0,-2,1,7,16,12,-3,10,3,-12,-3,0,1,0,-2,-2,2,-2,0,0,4,-8,-6,2,-4,-3,1,1,-5,2,2,-5,-4,-3,-7,20,4,13,-1,1,0,2,0,-1,-18,-12,8,2,0,-7,-2,-9,76,-7,-1,4,-7,1,-5,-8,-8,-2,19,0,1,-4,-1,43,3,18,4,-7,1,-14,-1,1,-11,3,-6,15,-2,-7,7,-3,2,0,1,-5,15,0,5,3,0,-4,2,15,1,6,-1,0,6,-2,15,0,-2,2,4,23,-1,11,-6,2,1,0,1,-2,78,0,8,1,5,-2,-1,24,3,24,-3,3,2,-8,-4,3,8,-1,20,6,3,1,-17,9,6,-3,-1,23,0,-3,7,3,5,6,3,1,0,-1,0,2,4,3,2,1,3,1,1,2,3,2,0,7,0,-3,0,5,2,-13,-8,-1,0,0,-2,13,8,14,4,18,6,5,3,9,9,1,0,9,-13,-3,-11,8,8,-8,7,-5,6,-7,-8,12,-1,4,-2,1,3,2,-8,4,8,4,4,4,13,-3,0,5,9,6,8,11,1,5,-3,4,14,6,9,3,6,3,2,21,4,6,5,3,8,7,3,12,61,26,10,5,15,-1,10,23,16,11,4,6,12,13,1,2,22,12,11,13,-8,-5,-12,11,26,9,10,22,13,-7,-9,1,1,-1,2,1,2,2,2,-3,-10,2,-25,-7,-10,-6,-6,0,-3,-3,-6,-4,-2,-3,-5,0,-5,-11,-1,-1,-2,-3,-1,5,28,1,-1,1,1,0,0,-67,1,-74,-3,-1,0,1,1,-7,-4,-10,-8,2,1,2,1,-1,-1,-1,2,2,-2,-1,1,-2,-11,0,0,7,5,-4,-3,-7,1,-13,-5,-1,-1,3,-3,-37,-5,-16,-10,4,-9,0,0,-1,-3,-10,-17,-5,-1,0,1,-4,38,0,-4,-1,0,4,2,-4,-1,3,-20,-3,0,4,2,-38,-1,-37,-2,6,-2,3,1,-9,0,-1,7,-1,7,3,-5,-5,3,2,7,6,-2,-9,-8,-4,0,-4,-8,-4,-4,-10,0,3,-3,3,-10,-4,-9,-1,-10,-13,-2,-35,-3,-4,-3,-4,1,-6,37,-2,-6,-1,-2,3,0,-15,0,-19,3,-4,-1,1,-2,3,-4,-1,-23,1,-3,-2,0,0,-18,-2,2,-11,4,2,-2,1,-5,-4,-2,5,12,2,-6,3,-10,0,-2,-4,-6,1,2,7,2,-2,6,-6,-6,1,2,4,-13,-2,5,3,0,-9,-6,-17,37,-19,-18,-6,0,-6,-5,0,-7,1,2,-4,-2,-4,1,6,-17,0,2,-1,-1,4,3,0,-10,-5,0,9,0,4,3,2,-13,-25,-4,-1,13,-10,-25,-3,-16,-11,-16,-22,-17,-24,-9,8,-3,0,-24,-17,-3,-9,-1,0,0,-23,-6,-14,-6,-11,-8,-19,23,-12,-15,-10,-4,-2,-4,-15,-17,0,-3,-7,-7,-6,-13,7,-13,0,-4,-7,-3,1,1,-12,-16,-5,-5,0,2,-13,-1
0,2,-2,0,2,-2,1,-1,-1,-8,2,0,1,3,1,-2,-2,-10,-3,0,-2,0,-1,-2,-1,-16,4,0,-4,3,3,-2,9,45,1,-5,0,1,-3,2,10,48,12,-11,-1,-3,-1,5,11,-27,19,-1,-1,-1,2,1,1,0,-3,-1,-2,2,2,2,-2,-3,8,3,-7,-6,-5,-19,-2,-5,-2,-1,-4,-6,6,-2,2,4,-2,-1,4,-6,-5,-4,10,17,-2,-5,3,0,15,0,2,-30,15,-1,-2,10,-8,1,-5,-6,-3,7,-1,-5,1,-3,0,-3,18,4,-2,8,-7,1,-8,-23,-7,0,8,-8,7,-7,-5,9,2,-1,3,3,10,-7,4,4,-5,6,2,4,2,-1,6,4,-4,3,5,4,5,2,2,7,2,8,0,1,3,-3,2,13,2,-3,5,-4,-1,5,4,11,4,2,-1,0,6,6,-3,3,16,-2,2,-4,6,-1,-3,-16,12,-6,-4,6,9,15,3,8,6,2,7,3,1,5,4,7,8,9,3,-2,5,1,1,7,10,11,12,0,9,4,2,1,-6,-12,0,4,8,-2,11,-13,17,-8,13,7,13,11,3,21,23,13,10,26,25,2,17,2,11,10,12,14,0,19,9,8,6,6,15,5,10,1,26,10,5,10,21,10,5,-26,9,-4,13,9,17,1,0,12,14,9,8,9,20,16,-1,6,20,-8,12,0,18,4,17,-10,20,3,33,-18,24,-17,28,13,15,28,5,-2,19,1,-6,2,24,16,26,-2,8,-1,21,-19,20,23,23,-3,19,8,6,-3,-1,1,1,0,-1,-1,-1,2,23,-11,1,-13,-1,-5,-11,-40,4,-7,2,-3,4,-3,-3,-7,-3,-11,-5,1,1,0,-1,-2,-1,1,0,1,2,1,4,0,3,-23,-2,0,3,-1,1,0,-11,-11,-6,-2,1,1,1,-1,-1,-1,-1,1,-1,-2,0,0,5,-6,-2,-4,0,-1,-6,1,14,-14,7,-7,5,10,2,-9,-5,-2,-2,-3,-3,6,-7,-1,-19,-15,-15,-4,-3,7,3,7,8,-2,0,-4,-3,2,-1,4,15,-19,-11,-8,1,-2,6,4,8,-10,13,-10,-1,0,1,-2,-5,-3,-2,-1,-3,-6,3,1,-2,-10,-4,2,9,2,-4,-6,-4,-8,1,-24,2,-5,-7,6,-14,3,-4,-5,-4,-21,-4,-5,-7,-14,-9,-13,-7,2,0,-6,-17,-5,-8,-3,0,1,3,6,26,-29,0,-5,-3,-1,-3,2,0,-7,6,-3,-3,-2,-1,2,-2,8,-4,-11,0,1,0,3,-23,-35,-12,-8,-31,-6,-31,-13,-8,-34,-9,-4,-10,-3,-9,-9,-15,-34,-4,3,15,-11,-10,-6,-22,-29,-16,-16,-12,-5,-3,0,-20,-31,-6,-14,-6,0,-3,-3,20,-7,7,-16,-13,2,3,-1,12,-13,6,-6,-10,4,-6,-5,-12,-13,-11,-4,-5,-1,-3,-2,-30,-31,-6,-10,3,-14,-12,-31,-13,-51,3,-67,-20,-29,-19,-22,-31,-39,12,-42,34,-27,2,-21,-53,-51,-44,-41,0,-13,-19,-16,-43,-11,-39,-26,-15,8,-24,9,43,-31,16,-27,-8,-6,-1,21,6,-41,-5,-18,-19,5,25,1,-25,-14,-16,-13,-8,-11,-31,17
-2,0,0,0,-1,-2,2,-2,5,1,-2,0,1,-2,5,0,0,-1,-10,6,0,3,3,4,11,-7,-25,-5,1,-2,3,4,-12,7,15,0,-1,-4,-2,-1,6,-7,-3,0,2,2,0,-3,-6,-11,-14,0,-2,-6,-8,-4,-1,-1,-1,2,0,-3,0,0,-4,-3,0,-6,-4,8,0,-10,-12,21,-13,14,2,1,3,0,23,-3,-11,2,24,-1,-4,4,-10,-15,45,10,2,-1,-2,-2,28,-6,-14,-1,20,-4,-7,-2,-20,-3,-18,29,-5,11,12,15,-17,-6,-5,-30,10,22,3,-15,-12,-11,17,8,-21,-15,8,-1,-5,4,-1,-3,2,2,-2,0,5,-3,-10,6,4,-5,6,2,3,7,5,11,7,-4,-1,2,10,7,3,-1,5,-1,0,8,7,11,12,1,-8,-5,1,6,-18,-7,-5,7,4,-8,8,-3,-6,-1,-5,9,0,2,-9,-4,7,1,9,-15,3,9,-18,1,0,3,5,7,1,8,3,2,-7,5,9,-4,11,5,5,5,-1,6,5,8,4,7,-1,5,7,8,15,9,8,10,3,14,-11,1,6,-2,6,14,2,-2,4,2,5,-7,12,8,-6,3,17,8,-16,5,-3,3,-1,8,-10,-7,-22,-1,-6,-2,-12,-7,12,6,11,15,8,20,-26,-4,9,6,13,12,15,11,7,19,26,12,5,18,15,16,8,11,24,15,28,4,13,8,4,17,0,15,14,-7,14,13,20,15,8,18,16,-8,16,-5,25,-25,14,17,3,22,16,16,-5,5,-7,10,12,16,-4,17,7,-13,-2,1,1,-2,-2,-1,0,-2,0,11,13,1,-5,7,-14,-5,-1,4,-10,5,5,-6,-4,-3,3,0,10,-2,2,-2,4,2,5,-26,-3,-22,0,5,2,-2,4,-1,1,0,1,-3,1,2,-1,-2,-6,-1,0,0,1,-2,-2,-2,0,-1,-2,2,2,-3,3,14,4,-5,-12,7,-8,-7,8,-12,5,-18,-11,-8,-17,-1,-2,-5,-1,8,-12,5,-2,4,-14,2,36,-8,-14,-9,7,-2,-6,9,-1,-7,-4,1,1,-4,1,-40,-1,1,2,-5,3,-4,4,-6,-4,-2,6,3,-5,-3,-2,-2,-4,0,-1,6,-2,-2,-10,12,8,-9,-1,-21,-3,-9,-44,-4,-12,1,-9,-5,-10,-13,-7,-10,6,-1,-1,2,-1,5,-17,-14,28,-13,-13,4,8,5,13,-12,-6,-21,0,10,1,-6,-19,2,2,2,-19,-7,4,4,-8,-1,-11,-2,0,-9,-4,-9,3,-23,-2,-5,-1,-3,-24,-10,-10,-8,3,-19,2,19,-1,-13,-11,-3,-41,11,-15,3,-6,-2,-7,1,-18,-9,-7,1,-13,3,-38,-25,39,-40,-34,-15,8,-9,-1,7,-27,-39,-2,18,4,-7,2,1,5,7,-11,-7,3,-8,-5,-1,-30,-20,-2,-3,-11,-2,-7,-8,-20,-11,3,-5,-2,-1,-44,-13,-12,-10,20,18,-14,-5,-22,-7,20,25,-9,-1,-21,-25,-16,5,-25,-11,-18,-13,-17,8,-26,-37,45,-38,-57,22,31,4,0,6,-45,-80,0,27,5,-19,-5,-4,27,14,-36,-49,-17,1,-5,-3,-29,-13,0,-21,-34,-12,-10,-14,-15,-14,14,-18,-18,-5
2,2,2,-1,1,-1,0,0,1,2,0,-2,1,7,0,-2,5,-2,2,-10,-4,-2,4,-4,-3,0,6,26,2,-27,-1,6,-2,-8,0,-1,6,12,-2,6,6,10,-1,-1,0,-7,-19,-16,5,-4,0,-8,5,-4,-24,-2,-2,1,-1,-1,1,1,2,2,-8,-1,0,-5,7,-3,3,-9,-6,-29,6,10,9,-6,12,3,9,3,4,8,7,16,3,20,-4,2,7,1,2,0,-12,7,2,3,-1,-8,17,5,-5,1,-15,0,6,4,-9,-14,1,-11,13,-4,13,-20,3,-23,9,22,-24,0,5,0,7,7,12,16,-27,6,7,16,-6,-5,-4,-15,-5,-3,8,4,0,10,-3,1,-1,8,-3,-5,-7,-6,3,-4,9,12,-10,3,-5,-32,-25,2,9,5,13,-7,0,-3,-9,10,-22,-15,6,-10,-24,-6,0,-3,-21,-2,-5,3,4,5,-16,-3,1,-6,7,9,-23,-14,-13,-11,3,0,7,-3,2,13,-1,3,10,0,-1,-2,1,3,1,5,3,6,9,-4,1,7,10,-8,1,-2,-15,10,12,6,8,4,20,-9,5,-18,16,-4,16,-4,8,-13,-11,1,9,12,-10,8,1,-5,-9,0,6,4,-10,5,8,8,-5,-12,10,2,3,-6,-6,2,23,13,-13,9,-2,11,17,19,13,12,9,19,19,3,15,17,17,14,17,13,23,-9,15,8,9,28,21,7,3,-4,24,18,30,18,26,14,18,8,31,0,14,18,-8,25,11,6,-7,-10,-5,26,13,-29,-5,4,8,-11,24,12,40,7,-4,-1,-1,-2,-2,2,1,0,0,1,-22,-8,1,-5,-3,8,-3,-20,3,-10,0,-12,-4,-1,-9,-13,-2,-5,-2,-5,-2,0,-5,-2,0,-5,2,0,0,-1,-3,2,0,-9,-6,-11,7,-10,1,-2,0,-1,-1,-5,0,-5,-6,-1,0,2,1,1,-1,-1,2,0,-1,-5,-9,15,3,-4,-14,-10,0,-10,23,-4,-10,4,2,-23,14,-1,-13,-25,-2,-3,2,-14,11,-2,-3,2,0,-14,-6,-4,4,-12,-4,9,7,-5,1,-1,1,-9,-8,-6,4,1,5,-3,-2,0,-4,1,-4,-6,-6,2,4,-2,-1,2,-6,9,-1,3,-7,0,-7,-12,-3,-4,8,-5,-9,-5,-1,-1,-2,-5,0,-8,22,-2,-11,-12,-1,3,2,-6,2,9,-12,11,-7,-5,-4,16,2,-3,2,-1,6,-7,-1,-2,-16,-8,0,-7,8,-5,5,-16,1,-2,-9,-2,-1,-3,-12,-20,-10,-10,1,-4,-2,-2,-2,-6,-3,0,16,4,9,-5,18,-6,-1,5,10,-10,-12,-4,-7,-20,16,-6,-34,-7,10,-5,-14,-15,12,-5,-30,-7,-8,-8,-16,5,5,1,2,2,0,-13,6,-8,-14,-11,-4,-7,1,-20,16,0,3,-9,-12,-8,1,-13,-20,-19,0,-5,-9,-13,-1,-10,-6,-8,-13,-17,-18,-31,-10,-16,16,-24,-4,-20,21,-17,-25,7,-28,-11,23,-17,-28,-20,2,-10,-31,-37,-14,-15,-14,-6,-33,-2,-34,5,-13,-12,2,-31,1,-20,-8,-26,-31,-20,-13,-11,-4,-15,11,-26,7,-25,-26,-11,-13,-5,-28,-35,-6,-17,-11,-12,15,-8,-34,-26
-1,-2,-2,1,1,-1,0,2,-1,0,-1,-1,1,-1,0,-2,-2,-1,-1,-2,-1,-1,-2,1,0,1,0,0,-1,-2,0,2,1,1,1,0,-1,0,0,2,0,-2,3,3,1,-1,1,1,5,2,2,4,2,2,3,0,-1,0,-2,-2,-2,1,0,-2,-6,-8,-6,-1,-2,2,-7,-12,-2,-5,-2,-2,-3,0,6,-1,-4,-1,0,0,1,-3,-2,1,-1,-4,0,-1,3,2,1,3,-2,-3,2,1,0,3,-1,1,-4,1,-3,1,4,0,2,1,-2,-3,3,0,6,4,3,-1,-5,1,6,0,3,3,0,0,4,6,-4,4,6,-9,8,-1,6,0,5,4,1,4,-3,6,6,2,6,5,4,3,7,-1,4,7,7,8,12,3,10,6,7,4,10,12,11,8,4,9,1,6,5,11,7,8,10,5,10,4,11,2,12,7,6,8,4,11,9,12,10,12,5,9,-19,-17,-14,-13,-16,-15,-18,-23,-12,-11,-9,-8,-9,-8,-11,-21,-7,-6,-8,-10,-6,-2,-4,-10,-6,1,-6,-5,-6,-6,0,-9,-1,-5,-11,-10,-8,-3,-6,-5,-4,-7,-7,-6,-4,-8,-8,-18,-10,-11,-15,-3,-10,-12,-10,-17,-8,-8,-5,-4,-13,-10,-8,-11,12,23,-4,10,23,-4,-3,-4,21,13,15,-6,-2,0,17,16,26,19,13,13,2,-3,18,12,37,26,35,6,19,11,28,10,29,24,25,12,46,18,7,12,19,19,8,-32,12,15,3,0,22,10,12,-3,4,25,-3,2,11,18,7,-7,12,23,23,2,2,0,-2,1,2,-1,-1,2,-30,-33,-35,-35,-46,-29,-26,-34,-29,-27,-21,-20,-20,-19,-20,-25,-24,-22,-20,-18,-14,-13,-14,-14,-21,-21,-18,-13,-11,-9,-11,-11,-17,-18,-14,-11,-10,-10,-10,-9,-17,-15,-15,-12,-10,-11,-10,-10,-2,2,0,2,2,-1,-1,2,10,9,13,14,12,8,6,3,13,16,13,10,10,11,9,6,13,11,14,11,10,10,9,13,15,13,13,11,16,9,11,8,13,11,14,14,12,12,8,7,10,12,12,12,12,11,13,10,12,11,13,12,12,10,12,9,13,11,16,15,14,10,10,7,10,10,12,16,13,11,13,13,12,11,10,13,10,11,11,11,11,14,10,10,14,12,12,10,11,14,12,11,13,14,14,10,11,13,11,15,12,10,12,13,10,10,14,10,13,11,11,8,14,13,10,12,6,13,6,12,15,10,10,7,14,6,12,10,9,6,10,9,5,9,5,11,5,5,7,9,9,8,5,5,6,6,4,8,6,8,5,6,5,8,8,11,9,6,6,11,4,6,10,13,10,9,7,10,8,5,10,13,13,11,8,11,6,9,7,11,10,11,7,9,8,8,8,10,9,8,10,10,-38,-37,-65,-55,-43,-57,-41,-67,-62,-40,-51,-33,-46,-41,-41,-39,-28,-20,-31,-37,-66,-67,-31,-54,-23,-33,-40,-23,-21,-25,-34,-33,-58,-18,-20,-33,-31,-36,-25,-35,-22,-26,-40,-30,-44,-43,-25,-36,-56,-38,-49,-31,-27,-34,-49,-54,-26,-20,-40,-41,-33,-29,-38,-30
0,2,2,-1,2,1,-1,2,-2,0,0,2,3,12,6,0,-2,1,0,3,2,13,13,-1,-2,4,1,3,2,11,23,7,1,6,4,0,5,8,10,16,2,-2,-2,-4,-1,16,17,8,19,19,1,-13,9,5,11,1,-2,-1,-1,-1,0,0,2,0,4,5,-1,2,8,13,4,-27,4,8,6,9,8,8,4,8,6,9,4,6,11,7,14,12,8,9,5,2,2,12,18,9,7,-3,8,11,8,5,18,-5,18,3,14,23,2,19,16,10,5,9,-3,10,-5,12,6,-2,-5,3,7,1,13,14,10,28,6,-27,6,14,12,9,12,-4,-5,7,-2,6,11,14,6,3,5,11,9,-6,6,12,16,13,8,2,6,4,2,10,14,11,0,9,12,9,15,5,15,6,13,15,12,8,11,12,23,17,9,9,15,2,11,19,17,3,4,8,7,16,15,7,20,8,8,9,6,9,10,5,10,9,13,10,1,3,18,-2,6,11,6,10,9,5,4,-1,11,16,7,4,18,3,20,-1,0,10,2,4,1,12,8,0,1,9,0,12,13,13,17,9,10,6,10,20,24,17,23,15,11,14,2,22,19,22,27,25,3,7,16,12,17,20,12,19,9,22,17,9,13,16,19,11,14,9,12,22,23,9,13,11,17,24,22,9,12,10,16,5,16,28,-8,19,25,18,14,9,-2,-9,12,24,-21,23,22,10,-1,-11,6,12,28,4,12,7,3,7,27,12,15,30,16,28,38,27,1,-1,1,0,-2,1,1,2,9,-9,-3,-17,-4,-13,15,60,4,-2,-1,-14,-10,-15,-18,-10,-3,-5,-6,-1,1,-6,-12,-2,-2,-3,-1,2,-1,-1,-12,-9,0,-2,1,1,-2,-4,7,-8,0,-3,2,0,-3,-3,0,-3,2,-1,0,1,2,2,-1,0,0,0,-19,2,9,-10,-12,-8,0,-21,3,-1,1,-15,41,12,-6,3,-20,-4,-13,11,-7,14,-1,-5,0,-5,-4,-13,-6,-5,-6,-8,-5,-8,8,-1,-5,-1,-6,-7,-2,-3,-18,-6,4,0,-8,-2,-7,-7,-4,0,1,-2,-19,-4,-1,0,-7,-7,-8,5,7,3,4,-4,-6,1,-5,9,-10,-5,1,-4,-11,13,41,19,4,-10,-6,1,3,-2,-8,1,-4,-6,-2,-4,5,0,-13,4,-5,-11,1,-15,2,-1,-5,4,-9,-1,-10,-5,-13,-1,4,-1,8,-7,-5,-10,-6,-1,-6,0,-6,-2,-10,-3,-2,-6,-5,-7,-11,0,-7,5,0,7,-36,7,-17,-13,-9,-12,-4,-14,36,-15,-2,-6,-2,6,16,11,-5,18,2,-4,6,-4,1,1,-14,-12,-10,-9,1,-6,6,-1,-3,8,-8,0,-2,-3,-9,1,-6,-1,-13,-8,-22,-8,-10,6,2,-7,-10,-9,-1,-5,-16,-10,-6,-10,-15,-23,-14,4,-6,-25,-12,-7,-4,-8,3,7,4,-44,3,8,4,-11,-8,-3,10,-34,2,-40,-6,-7,2,-12,6,-13,-5,-10,-4,-14,-6,-15,19,6,1,11,-6,-1,-1,-2,-2,1,5,10,-18,-2,-4,-11,-4,16,1,12,-10,5,0,-3,3,-8,-10,11
2,1,0,-1,2,2,2,-2,-3,2,-2,2,3,4,-2,3,-1,1,4,2,6,3,3,2,-3,-3,-2,3,2,3,4,5,-8,5,-13,13,4,1,8,5,-5,-6,15,-5,15,23,29,-4,8,2,6,16,17,5,21,-1,0,-2,-2,-2,-1,-2,1,-2,10,5,2,2,4,9,4,4,1,-1,1,4,7,3,5,3,3,-9,1,3,17,3,12,1,2,17,0,18,8,1,-6,9,-12,-1,5,16,5,26,28,11,-3,2,16,13,26,13,-10,11,3,12,4,7,26,12,5,7,-4,7,4,8,-7,19,6,19,-1,9,0,5,4,8,8,3,2,5,9,0,4,8,2,0,22,3,2,10,5,4,6,8,13,22,15,13,9,2,16,-8,-2,11,3,15,8,13,8,4,18,-9,10,2,23,7,27,-7,-32,15,0,-4,36,23,-3,19,1,-4,23,4,15,33,22,9,2,-1,0,-1,0,-2,-5,-1,1,7,15,12,3,14,-3,2,-11,-6,-1,4,7,0,-4,-2,14,7,12,15,9,16,0,-14,11,19,5,2,-2,-6,1,-21,17,3,31,7,8,23,-2,4,23,18,7,16,11,20,-6,11,18,14,18,4,15,14,-20,1,9,11,10,11,8,15,1,10,20,5,22,10,12,11,13,8,31,22,6,21,16,20,10,7,30,11,20,23,27,25,17,-13,8,21,12,25,15,32,10,16,27,7,19,10,32,19,28,27,9,2,19,29,26,14,11,21,24,24,19,11,15,25,19,-1,2,2,-2,0,-3,1,1,1,-5,2,8,-28,-8,-6,-5,-13,-2,4,0,-3,0,8,-9,-2,-1,3,6,3,-1,-1,-2,-1,-2,-3,-11,-6,-3,1,5,4,0,4,-2,2,-11,7,-2,2,0,-10,1,-5,5,10,4,4,0,0,1,-1,-2,-2,2,1,-9,4,7,-11,9,-9,-17,-11,-1,-2,-6,-3,4,-2,-2,-11,7,3,13,-5,-12,-4,3,-4,6,-6,-8,-1,4,-1,-8,-6,-14,-12,-23,0,-21,-2,-1,-10,-2,-18,4,-15,2,-1,-5,-7,-3,-1,-14,-3,-6,9,-14,3,3,-12,-5,-6,-2,0,-4,3,-10,-6,-15,1,-16,-2,-31,-16,7,9,-2,2,-1,-5,2,-19,-1,1,8,0,-10,6,-15,-13,1,-3,7,2,-5,-2,-7,-1,-6,-2,-9,-3,-10,-2,8,-5,4,-28,2,-11,1,2,-3,5,6,-10,-6,-16,8,0,3,-4,-9,-4,-9,7,-26,7,-10,4,-12,-1,5,3,-2,-13,-1,-7,1,11,8,6,11,-10,6,0,-2,1,-3,-2,-13,-10,6,-1,-8,10,-9,2,1,3,-15,7,-17,-13,0,-3,-10,-4,-5,2,12,-8,2,-1,12,-20,1,2,-12,2,-10,-2,11,11,8,19,-9,-11,0,-3,-7,9,3,-1,-10,-7,-1,-6,-7,-28,-13,-22,-2,9,22,-5,-11,2,-10,7,-1,-45,12,-31,-30,-4,13,-12,7,9,8,22,0,8,-13,10,-16,-18,18,-7,-8,12,-9,-6,19,-7,1,7,17,5,-4,4,-6,5,0,5,10,28,14,29,-11,-16,9,9,-4,14,11,-13
1,0,0,2,2,1,1,0,0,-2,1,-2,4,1,-1,0,-1,0,2,-1,-5,3,-1,-1,6,-5,-1,15,0,9,-5,-3,-4,-3,-5,-13,1,-5,2,-3,-7,-15,-4,-11,4,6,1,-8,-20,-17,-18,13,5,-8,-6,1,-1,0,2,-1,-1,-2,2,-2,-9,-4,4,-7,-24,-2,-9,11,-19,4,-7,12,-6,9,-2,5,-4,-17,33,-13,-8,-4,16,-7,-7,12,-5,-19,-26,-17,8,-1,-28,-7,-3,-16,-22,-13,11,1,-34,-9,3,5,-18,2,8,3,0,-6,9,-26,-4,-3,2,-2,-15,6,-13,4,-20,-17,-24,3,6,-6,-2,-10,-17,1,-6,3,9,-2,14,-4,6,-11,13,-7,-6,20,2,5,-8,6,5,-9,-8,-7,13,1,-18,0,-14,2,-16,5,-10,1,1,-20,-4,6,-6,-8,4,-13,0,0,20,-9,-21,1,-10,5,-4,4,-5,-1,-3,7,-1,7,-9,-11,8,11,10,0,-1,4,14,5,4,3,2,8,2,-2,-7,-9,-2,5,4,-5,-25,3,10,-9,-5,0,-7,8,3,3,10,15,-4,1,14,-13,-26,5,3,17,-21,-12,-5,-7,-13,1,6,-1,-17,-21,-7,3,-7,5,9,-12,-1,-2,4,-14,0,10,-8,14,14,-6,11,1,-3,6,-1,-7,3,7,7,-4,6,-2,-2,-18,-1,-21,13,8,-9,12,-7,-18,-8,-17,6,0,0,-6,-20,-8,-11,-16,11,-6,-4,-11,-15,-13,-10,-11,-15,15,-13,-11,-42,11,-14,-37,8,-5,-26,22,-15,-22,-2,10,-13,-3,-16,-25,7,-12,1,-19,0,1,-1,-1,1,-1,-1,2,15,-10,-31,0,-25,4,-12,-15,-3,-4,-10,-4,-8,-5,4,-6,1,-5,-6,0,-5,2,4,-6,-4,-4,-2,-4,2,1,1,-3,-2,-1,-4,2,-1,0,-4,0,-2,-2,-1,-1,-2,1,-1,1,-1,1,-2,0,1,2,2,0,8,1,-2,3,-4,-3,7,7,29,0,-11,7,-2,-8,-17,-4,4,-2,13,1,-22,2,-5,-10,19,-7,-25,-4,10,-12,-5,-15,-10,5,-7,-5,13,-1,3,-6,3,-15,-5,-10,-11,1,-7,-2,2,-6,-3,3,1,9,2,3,-6,-6,2,-5,2,-1,-2,-3,-24,6,-23,6,-24,4,-23,-4,3,-22,-5,-20,-2,-7,-9,-9,-10,-10,-26,-2,-18,-3,-15,-8,7,-73,-45,-2,19,-18,2,-10,-17,3,-6,-8,13,-4,-9,1,-1,-19,-10,-6,-16,-4,-12,-1,-7,-12,-3,-2,-2,-9,1,-10,-6,-6,-1,-3,-1,-1,-2,3,-1,18,-5,12,-5,8,-20,13,16,-19,-13,-19,-10,-24,-21,-23,-14,-23,-17,-7,-29,-14,-15,-18,27,-24,-54,-32,23,-18,-37,-17,-12,5,-8,13,19,-15,-2,-7,-2,-19,-6,-17,-10,5,-13,-7,-7,-21,-12,-10,-8,15,-16,-5,-2,-11,0,-1,9,-2,-2,-2,-30,25,-62,24,-33,27,-60,24,29,-54,-53,-50,-16,-50,-58,-51,-51,-61,-39,-43,-57,-27,-30,-59,27,-73,-62,-59,34,-56,-46,-32,-59,11,-15,12,35,-36,-60,-29,-14,-57,-47,-51,-33,-21,-48,-36,-5,-47,-30,-35,-17,21,-48,-6,-35,-17,-18,-16,2,-27,-2,-18
-1,2,0,2,-1,-1,-2,-2,3,4,11,-6,-2,-2,-1,3,0,0,3,-3,-30,-2,-1,3,4,2,3,14,14,-25,0,6,-3,3,5,1,-1,-1,4,3,-2,11,-15,-2,12,13,5,-3,19,3,-3,15,-2,-1,8,-10,1,-2,2,2,2,-2,1,1,12,4,-11,8,-2,12,-1,-13,11,1,16,5,2,6,17,5,7,-2,10,-5,21,4,-5,-6,-2,-8,8,16,4,-5,17,0,7,-2,0,20,-8,21,1,0,-8,16,13,-2,5,10,3,2,7,-11,-3,3,8,2,3,4,-2,4,8,-2,-3,1,12,-3,13,5,22,5,5,5,17,-4,5,7,3,13,8,13,-2,-7,2,-1,2,4,29,-11,-10,2,7,-3,0,6,8,9,9,9,10,9,-10,9,-9,7,17,1,11,2,-1,-4,7,16,3,19,13,-13,4,7,-19,-2,3,0,9,1,7,15,8,4,10,-12,11,8,4,7,10,9,-1,2,5,-6,5,-5,9,-6,-1,-2,10,20,9,5,11,8,-1,3,10,0,1,4,12,10,4,4,11,10,-2,6,-4,8,-6,9,2,7,6,8,9,2,7,-3,4,14,8,-2,-3,-3,5,0,-4,-1,10,12,10,6,-4,13,20,-1,21,18,13,18,10,18,8,15,10,18,16,12,-6,17,10,6,24,19,19,8,16,19,8,15,-14,4,7,10,21,12,11,-1,20,24,0,11,18,30,2,2,-2,0,31,6,-4,35,-2,12,21,13,8,24,21,9,20,20,8,-9,10,0,12,35,2,1,-1,-1,0,0,-2,1,4,-27,-3,11,6,-5,-10,-8,1,1,11,8,9,-9,-2,1,-3,-1,2,-18,6,-14,2,6,-2,3,-6,2,0,-6,1,-2,-1,2,-6,0,-2,1,-4,-6,1,1,-1,1,-3,1,-4,-1,-1,0,-2,-2,1,0,1,2,1,-4,7,-5,6,-8,3,0,-7,1,-14,6,-5,-18,-11,2,-5,3,-19,1,4,-1,-15,-2,0,3,-4,-18,6,-44,-7,0,-12,5,-2,-3,-3,1,2,-6,2,-1,-8,-10,-11,-6,-12,7,2,-8,-7,2,-4,-7,-13,5,-11,-2,-1,-6,-2,-2,-4,-8,-1,-7,1,9,6,-2,-6,-4,10,-11,7,-6,3,-13,3,-14,2,9,-19,2,13,-2,-8,-10,-1,-5,-9,-14,-2,-16,-10,1,-18,8,-18,2,-8,6,-13,-5,-2,-12,4,-6,2,-5,-9,-2,-10,-1,-7,1,-6,9,-7,1,8,-13,3,-6,1,-6,-8,-5,-3,2,3,-11,-3,-1,-14,-8,-12,0,6,1,-46,-11,-13,-20,0,11,8,-5,30,5,-26,-8,-5,2,-3,-4,-9,-15,-7,4,-10,16,0,1,2,5,-5,-10,-10,-1,-3,-9,-21,-5,-23,4,0,-14,-4,1,3,-9,3,-10,-7,-3,-4,-11,-11,-7,-6,-11,-5,12,7,-16,2,-15,-13,-31,-12,-25,6,13,0,-22,-27,-28,20,23,-10,-5,17,-24,-41,-61,-47,-9,-38,-21,-27,-35,-14,-11,-12,20,-2,-7,-14,8,-10,-46,-22,-8,-16,-21,-8,-10,-37,4,0,-13,-12,-15,-7,-11,-17,-12,-23,-6,-11,-13,-26,-16,-8,-19
0,-2,0,-1,-1,-2,1,2,3,-3,6,0,7,0,2,-1,1,-5,0,-5,-3,-2,1,-2,12,-4,9,-2,-5,1,-3,-1,0,-7,1,0,-7,-1,2,-5,1,-15,-3,0,-6,-7,-7,24,-4,-9,-12,-38,-10,-8,-6,-21,0,-2,2,-1,3,2,-2,-2,9,-1,8,1,15,-4,12,-14,-2,12,-5,-9,-6,23,-20,-1,16,-6,-1,-5,-2,-2,-11,5,3,14,-6,11,-9,9,-1,-14,-2,-6,4,-18,-1,12,4,6,-2,-36,-16,11,-14,-7,-11,-7,-1,-13,9,-8,-24,-5,-3,-15,0,-7,-8,5,-2,-14,-6,-3,3,11,2,5,-8,11,5,-9,-8,-1,-3,-1,1,-1,9,-3,-2,-5,-1,17,6,-7,0,-7,17,-5,4,3,0,0,0,-9,6,-18,1,-15,5,10,7,-13,2,3,-4,-4,-18,13,-2,18,3,-12,-4,-5,8,-6,2,0,-8,-1,-5,-11,2,1,-9,6,3,1,16,5,-5,1,4,2,8,14,-3,17,5,-16,-10,2,2,11,17,10,8,8,12,4,1,-6,-6,9,-13,-25,-1,8,12,2,10,12,-13,-30,-10,3,10,9,-19,-2,1,3,7,-7,-1,10,17,4,-10,5,-15,20,1,8,-3,6,-11,-46,-7,0,-1,16,16,14,-3,20,-16,-5,17,20,3,15,10,-13,3,13,-9,21,15,21,-2,-5,-1,5,23,-10,14,-14,5,-12,-1,5,8,11,-1,-10,-11,2,-3,-3,23,10,-5,13,-31,-4,17,-5,16,4,7,22,-10,-8,-1,0,-6,15,10,-8,-27,7,-4,8,2,-1,-2,-1,-1,0,2,0,-7,-28,-3,2,-12,-9,-17,-16,8,-6,-12,9,-5,0,-2,5,2,1,-4,1,0,-5,-6,3,0,2,-1,0,0,-1,-1,-2,-1,1,-1,1,-1,-1,1,1,-1,1,-1,2,-1,0,1,0,1,-2,-2,0,2,0,1,-2,-17,-10,-5,-4,-12,5,-21,0,-6,-11,36,-3,-13,-4,-25,-11,-14,-9,-6,28,-18,-20,-6,7,-11,-7,-9,-13,-7,-12,-12,-7,-9,30,-9,5,-4,-8,-9,-5,-3,1,-3,-9,-5,-4,-2,0,-7,-8,-5,-8,-4,-3,8,-1,-5,-6,-10,-12,-4,-6,-6,-13,-12,-7,-10,-12,-15,-19,-13,-3,6,-23,35,-7,5,-13,-6,-16,-9,-10,-27,34,-15,-5,-9,32,-13,-4,-8,-13,-13,-21,-8,-12,-7,32,-9,7,-8,-15,-15,-6,1,-8,-4,-6,-8,-4,-4,-4,-9,2,-12,-8,-5,-10,3,-3,-3,-9,-4,-8,-13,-4,-11,-8,0,-26,-19,-17,-30,-29,-22,-23,-6,0,30,-10,-10,-37,-25,-18,-21,-42,-30,41,-20,-43,-16,39,-22,-16,-36,-14,-15,-10,-18,-2,-28,42,-30,5,-11,-18,-8,-9,-6,2,-8,-9,-15,-11,-12,0,-7,-5,-11,-9,-15,-8,12,-12,-3,-5,-9,-3,-4,-5,-4,-4,-16,-46,-20,-55,-56,-42,-43,-21,-32,-42,50,-49,-15,-40,-22,-42,-16,-37,-23,47,-32,-16,-40,47,-60,-35,-44,-37,-13,-47,-27,-40,-50,50,-47,-23,-42,-51,-45,-39,-43,-15,-28,-27,-27,-28,-39,25,-18,-3,-20,-22,-29,-26,28,-29,-11,-24,-18,-17,-5,-23,-26,-12
-1,-2,-2,-1,2,1,1,2,-1,1,-1,-3,-1,-2,-6,-1,-1,-2,-5,-4,-6,1,-3,1,-3,-1,-1,3,2,7,-2,-3,2,-8,15,28,29,11,7,2,-7,13,20,41,16,20,6,-8,-16,-3,5,-3,3,8,-15,6,-2,1,-1,2,-1,1,0,2,-10,2,-1,-6,-8,-5,1,-10,-1,10,-4,4,-2,5,4,5,5,1,6,5,12,3,-2,2,-4,-6,7,9,5,-9,15,14,-4,4,13,6,-4,-12,5,3,14,16,14,19,-7,12,9,7,-2,12,-10,-15,8,4,5,-10,4,17,-18,13,6,9,20,7,-10,3,0,3,9,0,9,-3,4,1,-10,2,7,-15,2,10,-12,-2,2,-2,3,4,11,0,-4,-9,4,-13,-9,1,-3,16,-11,-2,-10,7,-2,-5,22,0,15,-19,-4,36,6,14,6,7,6,1,7,0,14,0,8,3,20,-3,10,-7,-33,-23,2,10,2,-1,-5,-4,3,6,5,1,-1,4,-4,4,18,10,4,8,4,-8,-8,-20,9,-11,-5,-2,1,-16,-16,-12,5,-7,4,10,1,-7,-19,-14,3,10,8,16,-8,1,-37,-36,7,11,5,15,-7,-6,14,12,10,2,0,4,14,13,18,15,5,7,-6,8,6,13,8,5,15,14,16,10,12,23,8,6,14,22,19,18,-5,9,5,11,14,6,2,-4,0,0,11,10,10,-9,-9,12,-42,2,14,-7,9,5,11,1,-42,9,10,2,-3,8,29,8,-24,-7,14,16,24,-16,7,17,7,20,0,-4,18,15,14,16,-2,0,0,2,0,2,2,-1,-3,-9,-3,14,-2,-9,-8,-10,-14,-5,-5,-6,-6,-5,-11,-10,-3,1,4,-1,-4,-5,-1,-2,0,-2,5,-2,1,-2,-6,-2,1,5,-5,1,-13,-6,-1,-4,3,5,1,17,-18,-2,-7,-1,0,2,-1,-3,0,2,2,1,-2,-10,-27,-13,-27,0,10,-8,7,-6,-8,9,13,10,-10,7,1,8,-1,-9,-27,-10,-2,-2,-11,1,-11,-10,-8,-5,-3,2,-10,-17,-5,-7,9,-8,-5,-8,-1,-3,3,16,2,3,-6,5,-3,-12,6,0,3,-12,-7,-12,10,5,-14,-3,-14,-1,-3,-6,-22,-17,-28,-20,-14,0,-12,-8,-5,-19,-10,18,8,-1,-13,6,1,3,-7,-13,-8,-10,-8,-6,-2,-1,-9,-13,-8,-6,5,0,-5,-10,-17,-3,7,-7,-8,-7,-13,0,-2,21,10,1,-13,-1,1,0,14,4,0,-17,-2,-11,-3,8,6,-7,-4,-8,-10,4,3,6,-1,-14,-3,5,4,-3,9,-1,1,4,-6,0,2,12,3,6,-10,-9,-14,-8,-7,-5,0,-4,1,-25,-53,-20,-9,8,-9,-32,-19,-26,12,-11,-8,-22,1,-6,6,20,5,10,2,7,6,17,17,9,12,2,-3,4,7,8,5,6,-9,-8,0,-4,-17,-16,-16,17,15,21,-11,-14,-1,-29,3,26,25,17,-3,-22,2,-14,-15,-21,-25,-29,-49,-29,-11,-14,-32,-63,-14,-48,-12,-14,-6,-24,-21,-25,23,-22,-26,-26,-18,-23,6,16,15,-5,-21,11,-1,10,6,-1,6,-28,-22,5,-18,11,11,-4,3,-11,-14,2
2,2,-1,-1,1,-1,1,1,-1,-4,10,-1,0,8,2,6,3,1,-1,-1,4,4,6,5,-2,14,0,-4,-1,3,5,3,15,-3,-9,-6,0,7,4,3,13,16,17,-3,-6,-7,4,1,-10,10,-4,19,1,-4,-8,15,-2,2,2,0,-1,0,0,-1,7,0,1,2,2,1,5,-1,3,9,8,11,7,16,-13,8,2,10,8,12,15,3,9,1,-2,6,7,5,5,18,12,5,5,-3,0,11,8,4,-8,-3,2,-1,9,-4,-9,15,-2,0,-2,-2,11,2,8,4,-5,-12,6,8,10,-20,7,5,4,4,5,0,7,11,1,17,-1,11,2,2,10,11,14,8,-1,12,0,6,7,11,15,11,8,5,-9,7,13,11,15,2,11,-2,6,3,-10,4,7,11,2,15,13,10,3,4,0,7,11,-16,7,6,7,11,0,13,-2,8,8,-1,12,6,15,9,10,2,6,8,7,-4,1,11,9,2,5,9,7,3,-1,9,-5,15,4,-7,12,4,4,16,18,3,14,3,4,7,11,6,24,16,12,18,20,3,12,20,22,9,13,11,4,14,15,18,23,13,6,-5,5,1,-2,-8,14,7,13,9,10,5,4,21,9,17,-12,11,5,5,11,14,13,34,4,5,7,-1,4,16,-20,24,-4,-1,9,10,12,7,17,19,20,21,30,10,29,7,38,-6,23,21,26,-11,23,16,29,21,26,33,-4,24,13,15,25,30,29,22,11,9,3,26,24,22,33,34,7,32,19,42,8,4,3,-1,-3,-1,0,0,-1,-1,8,10,11,-15,-11,9,-11,-22,-20,6,-4,-2,-17,10,-12,4,-2,0,-2,-1,-4,4,8,-3,-1,-3,-3,2,-5,-3,8,-1,-3,-1,-1,-2,-2,1,1,0,-6,-6,-5,-3,-5,-1,-3,0,0,-2,-2,2,1,2,2,-1,1,2,4,-6,3,-2,-9,-8,-9,6,1,-35,3,2,6,-4,-6,0,-3,-1,7,-6,-3,3,-9,-2,-6,3,-8,8,-5,5,9,-4,-3,-2,-4,-13,5,-1,-3,0,-6,-13,-6,-3,2,0,-15,-7,0,-9,-13,-8,-14,1,-3,-3,0,-14,-9,-4,0,-2,-11,3,-4,-6,-12,-5,-9,5,-3,-13,2,-42,-10,-16,6,-17,-22,12,-15,1,4,4,-4,4,-7,5,-1,-6,-2,-1,3,-15,17,-9,-9,5,-13,-13,3,0,-5,-1,1,-15,1,-11,-1,5,-14,10,-3,-9,-13,-8,-16,-11,-3,-23,-5,-14,3,-8,11,-1,-8,-10,4,-7,-11,-11,-3,-8,-7,-2,-13,-19,-7,5,3,-7,-4,2,-10,0,2,0,8,-3,-5,5,-8,-5,-11,-3,11,-3,11,-20,-18,3,-15,-4,4,5,-3,3,-17,-10,-4,-14,22,-1,-8,1,-7,-8,-14,-7,-6,-7,-9,-10,-12,-13,-12,-12,0,-5,-26,-25,-28,-25,-46,-10,-28,-9,-35,-28,-21,-61,-7,-11,29,-25,-32,-3,-43,21,-2,-18,5,13,-24,-22,-22,-18,-34,-16,19,1,14,-18,-19,-23,-27,-21,-15,27,-40,-1,-30,-50,-30,-22,25,-17,-24,-6,-25,-36,-26,-38,-26,-20,-21,-27,-24,-45,-13,-38,8,-2
0,2,-2,-1,-2,0,-2,-1,4,8,4,-5,2,3,8,4,4,9,6,10,5,5,2,4,7,-2,3,-8,5,-1,10,0,-4,4,-9,0,-6,0,-4,1,-2,-7,2,0,-3,8,-8,3,1,-7,-7,-1,20,11,-20,-8,0,2,-2,2,2,-2,1,1,17,12,4,-2,7,5,4,5,2,3,15,2,0,6,8,5,12,9,1,-10,10,-3,4,3,2,-5,0,-10,-6,9,0,-4,-20,0,-11,15,-2,13,-2,-2,-2,11,-8,29,-19,18,14,-4,17,-6,28,5,8,-16,21,-7,6,13,0,-2,-2,5,5,-4,-19,2,7,10,2,-5,-8,-17,-43,18,0,0,1,-1,2,12,14,3,-8,6,-3,2,-4,-2,-4,0,-4,-31,-6,-1,10,4,2,-5,5,-7,-2,-1,-2,0,-9,-4,-8,2,-1,0,8,-8,4,14,-16,1,12,13,-12,-7,7,-6,-8,13,0,4,-2,6,9,-2,3,1,1,1,1,3,10,-18,-6,3,-4,3,5,5,4,6,10,8,7,0,-3,1,18,21,23,-1,20,-6,16,11,0,13,10,16,20,1,14,-8,16,-3,4,5,13,-6,-5,-2,-9,3,-10,5,11,4,4,-9,-19,25,13,10,17,4,7,4,13,6,18,17,22,20,21,17,8,25,15,13,19,30,12,28,-2,22,-22,21,16,17,6,22,29,28,12,9,19,17,29,16,17,13,26,26,18,11,27,23,24,-2,32,38,23,29,27,17,3,42,20,43,7,29,18,33,9,27,26,10,34,21,5,19,3,-2,0,-2,-2,-1,-1,2,-20,-32,4,-20,-12,-25,-21,-34,-1,-4,-14,-10,-1,-6,-4,-12,-5,-7,-2,-3,7,-9,-4,0,0,-1,4,1,4,-2,-3,-5,-1,-1,-5,1,-1,-2,-1,-6,-1,-2,-6,-2,-3,-1,-1,-4,1,2,0,-2,1,-1,2,0,7,14,-3,-6,-30,-15,-14,-11,12,-20,-3,3,30,-13,-33,-4,23,0,8,-33,-18,-16,-2,7,3,-9,10,6,10,-7,-9,-8,-13,9,-20,0,-19,5,-14,11,-7,-10,-9,-9,-8,-4,-10,-4,-12,-8,-6,-8,-5,-7,-4,-6,-17,-7,2,-13,-7,-6,-2,-11,-10,-3,-16,-11,-5,-13,-19,-1,15,-19,15,-6,-21,-5,-5,-12,36,3,8,-7,-5,10,-13,0,2,11,12,-2,13,-6,0,-5,-19,3,-21,3,-18,7,-16,10,-4,-11,-11,-15,-12,-6,-4,-12,-9,-7,-5,-10,-3,-9,-3,0,-3,-12,-3,-9,-1,-6,9,-9,28,-10,-28,-24,-20,-32,-44,-24,-41,-19,-27,-37,-25,-31,-42,-24,50,-11,-19,-9,-17,-25,-5,-20,0,1,16,-6,-9,-8,-12,-10,-17,7,-11,-3,-11,-5,-24,8,-5,-11,-25,-16,-17,-12,-14,-14,-14,-12,-17,-17,-5,-27,-16,-17,-8,-12,-9,-18,-3,-10,-9,-11,-6,-53,-18,-66,-54,-34,-39,-43,-19,-37,-17,-53,-51,-25,-60,-32,30,-18,-72,-37,-26,-23,-23,-36,-28,-4,-3,-8,-9,-23,-18,-10,-15,-16,-30,-23,-29,-9,-29,8,-13,-7,-23,-29,-20,-22,-22,-23,-33,-17,-13,-18,-9,-23,-23,-19,-3,-19,-3,-16,-3,-33,-6,-17
1,1,-1,2,1,1,1,1,0,5,-5,-2,3,-1,-1,-1,4,-4,2,1,0,-1,-3,-3,1,3,1,-4,-3,0,-6,-3,0,3,-3,-3,4,-3,2,2,5,1,4,1,3,7,1,4,8,11,18,24,16,6,7,-1,1,-2,0,2,1,0,-2,2,15,0,6,-7,2,2,2,4,10,-2,8,-3,-9,-8,-2,4,1,14,5,15,6,-1,8,1,-4,10,12,10,-3,-6,6,15,15,-2,3,0,10,10,4,3,14,11,-27,17,5,19,-33,-7,12,4,7,12,9,-41,9,10,-7,11,-9,2,5,-4,-5,-1,9,8,12,21,5,4,0,8,-1,8,-2,-3,3,0,6,-2,8,2,11,16,9,8,7,4,17,6,4,-1,14,9,0,4,7,9,6,6,0,5,2,20,14,-1,25,4,8,0,22,2,7,12,0,16,7,14,-10,14,16,-1,1,11,11,8,7,-4,10,8,8,8,18,4,3,5,20,17,20,13,10,11,12,7,5,12,18,4,9,4,4,1,2,8,12,-4,-13,8,-3,3,-2,10,22,9,8,17,-10,4,-11,3,10,0,22,9,10,-9,9,0,30,10,17,6,8,1,9,-2,25,25,9,20,2,10,5,19,21,31,27,14,11,30,26,28,26,12,15,16,18,13,10,22,14,27,10,1,18,9,14,10,22,-1,23,24,12,10,8,36,17,7,0,12,4,17,15,-33,21,2,15,-19,8,0,17,6,5,-4,-17,11,-5,6,20,19,15,13,-11,16,6,7,-1,-2,-1,-1,1,-1,1,1,-15,-11,1,-10,-2,-2,-20,-11,-8,-7,-3,-5,11,-2,-11,-7,-6,6,-5,-4,6,-8,-4,-3,-5,4,0,-4,4,-6,-7,0,-1,-7,5,-2,1,2,0,-1,-2,-5,5,-3,5,-3,4,-3,0,-1,-2,-2,0,1,1,-1,1,10,-1,-4,-1,-18,2,-3,-6,7,4,1,-5,-10,-20,0,5,6,6,-2,-4,2,-31,-6,-10,-3,6,3,3,-11,-5,-5,2,3,0,-5,-2,-11,-5,-15,-4,-4,2,-3,-11,-6,4,-2,1,3,1,-1,-8,1,-1,0,1,0,4,-2,5,-3,-6,-5,2,-15,7,-24,6,12,0,3,-12,7,6,-2,1,-15,-2,-38,6,-12,-8,-17,-3,18,-16,-25,-12,8,-10,-5,7,-12,-5,-8,0,-10,-5,0,-7,-3,-12,-9,-5,-13,6,-10,-21,-5,-1,-1,-13,7,-8,-3,-3,-7,4,-10,2,-6,-5,-4,2,-2,-31,2,-8,-20,1,-14,-18,-8,-4,-14,10,17,24,14,20,1,-4,0,2,-10,-13,-24,-5,-8,-13,-46,-20,4,-17,-7,-5,-12,-29,-25,-6,-4,-4,-13,-9,-9,-23,-18,-12,-3,5,-16,-18,-8,-5,2,-12,-1,-6,-1,-13,-1,-1,5,-7,-6,3,-10,6,-1,-7,-17,-18,-56,9,-24,-19,-3,-29,-46,0,13,25,7,16,-51,-31,-63,9,-18,-18,-35,-7,9,-34,-62,-12,-12,-32,-25,-27,-33,-37,-37,-13,-20,-24,-29,-19,-25,-50,-32,-25,-26,-8,-33,-58,-31,-9,-6,-34,-6,-20,-17,-28,-22,-6,-14,-18,-7,-6,-23,12,-6,-22,-35
-1,2,0,2,1,2,2,2,2,3,5,0,9,-22,9,-9,2,2,4,1,2,-3,8,5,2,3,2,0,2,-2,1,5,2,1,2,0,0,1,3,5,5,1,5,-1,7,-3,14,5,7,-1,11,-1,20,-10,20,-1,2,-1,-2,-2,-1,1,-1,2,12,5,7,-21,3,-36,8,-42,6,5,-1,9,-6,-14,4,2,5,7,2,1,-12,4,-20,-8,4,7,2,2,-10,-3,-13,-5,11,0,8,-1,2,-28,4,-6,8,0,10,-3,15,-4,18,-8,-2,0,-4,10,-8,16,-6,6,-3,2,-6,3,2,4,2,4,12,7,4,4,-19,1,-12,-5,6,4,2,1,3,-27,-4,-2,8,5,7,0,-3,-8,1,-7,-4,5,1,-16,3,-11,-1,-11,7,-3,-2,-2,2,2,1,0,0,-5,-1,6,-2,12,0,7,-6,-4,9,-10,15,-2,13,-2,-5,-7,-7,7,-4,6,5,4,2,2,-3,-10,-20,-34,-12,-10,2,4,0,1,-20,-9,-28,-6,2,-1,-3,-12,-8,-46,-3,-13,-4,7,-1,-3,-9,-3,-4,-8,-3,5,3,0,-11,-2,-16,2,-4,-1,-6,-5,-1,-9,-9,-5,-3,-3,-9,4,-13,-2,-3,2,-7,-3,3,-4,-6,-3,-2,-8,7,6,2,8,-26,-17,-43,-6,7,7,9,1,-14,-16,-46,-8,10,6,-5,-2,-3,-30,-3,-4,10,6,10,-2,2,-11,-1,-13,8,3,-5,-7,-6,4,1,2,-2,0,-5,3,2,2,-11,10,2,-5,-4,-7,2,-10,-3,-8,5,-1,2,5,-2,-5,-11,-5,1,-2,2,1,2,0,1,2,-23,-3,-23,8,12,46,21,42,0,0,-4,2,2,15,1,9,1,2,1,-3,1,-1,-1,2,-1,0,-2,2,-2,-3,-4,1,-1,-2,-1,-2,-3,-2,-3,0,-1,0,-2,-1,-1,-1,-2,0,0,-2,0,2,-2,-2,0,1,-1,-2,1,11,-4,14,5,27,-9,-6,4,-5,-2,41,1,4,-7,-2,9,-5,26,-11,35,-6,-4,-3,-3,-3,7,-6,9,-2,-4,-8,-8,2,-12,11,-9,13,-4,-5,-4,-3,-3,2,-6,3,-6,-3,-6,-4,0,-6,1,-3,-6,-6,1,-5,1,-7,-3,-10,4,-8,0,-6,14,5,32,0,-10,-2,-8,2,-5,17,-6,6,1,-5,8,-4,25,-10,22,-4,-6,1,-4,1,-1,5,1,-1,1,-6,0,-1,-2,1,-3,-3,-4,1,-7,3,-3,3,-3,2,2,-1,-4,-2,1,-6,0,3,-4,-4,-2,-7,-2,-3,1,0,-4,-4,6,20,19,43,32,39,-12,-14,-2,4,5,11,11,5,-7,-8,-1,-13,33,-9,30,-9,-9,-8,-7,-4,0,-6,8,-10,-6,-9,-8,-6,-10,0,-10,1,-2,-4,-5,-7,-1,-2,2,-4,-3,-2,-4,-5,1,-6,-4,-8,-3,-5,-2,-4,3,-8,-3,-8,0,-16,5,22,34,51,49,51,-17,-24,-7,-17,1,57,40,16,-13,-16,-34,-14,59,-29,50,-8,-26,-14,-15,3,-13,4,6,3,-8,-25,-5,-6,-37,14,1,8,-1,-7,0,2,-1,3,8,4,1,-4,1,-4,-4,-6,-15,-3,-9,-5,-5,-8,1,-13,6,-11
1,0,1,2,0,0,0,0,15,-3,8,5,0,11,-1,4,-1,-7,-1,-3,-3,-2,1,0,4,-3,2,3,-3,-5,0,-3,-7,-2,5,4,7,10,3,1,-2,-10,3,-13,-3,-8,0,-7,13,34,-3,10,12,-2,-13,-15,2,-1,-1,2,-2,0,2,2,5,-5,13,17,-3,17,2,5,5,9,2,5,2,-10,8,-4,-8,-10,-3,-17,-18,-7,-1,-4,-14,-5,5,14,30,1,11,-1,12,12,9,26,-20,42,7,3,-5,-9,-5,-12,-23,-10,-3,-13,-1,6,2,1,-3,4,-1,3,-9,-3,32,8,18,-8,14,14,-12,-11,-6,2,-7,-1,-7,8,11,-1,5,-6,-2,7,2,2,-1,-3,-15,-16,-5,-3,11,-4,5,2,4,-2,-8,6,6,-3,-24,-6,19,0,-1,-2,10,-5,-8,-12,-10,-8,10,-13,-14,-4,3,11,-5,4,16,-2,-2,-12,-7,7,-1,-28,-6,-3,-4,0,0,1,-3,1,7,4,-3,2,0,4,-1,-5,7,1,9,7,30,11,12,12,19,17,3,5,0,-2,-11,-10,14,-6,-8,0,-7,-16,-2,-4,13,4,-8,-11,10,13,0,6,20,6,-3,8,-11,-7,15,8,6,4,0,-6,3,12,0,10,14,4,-3,-7,-12,3,4,10,8,4,-24,-8,10,18,9,-5,10,20,-6,15,25,14,16,8,3,3,2,15,19,16,6,8,-5,20,14,-3,-11,-2,-3,4,-6,-4,2,8,4,1,19,8,23,-20,11,-41,-33,11,13,12,3,28,-36,3,-5,10,-5,5,1,-20,-19,2,-1,-1,0,0,1,-2,-1,0,-18,-16,-27,-9,-24,-4,-27,9,4,12,3,-7,3,3,1,-5,-8,2,-9,0,-3,-4,-4,-1,-6,1,-4,0,-2,-2,-3,-2,-2,-4,1,-1,-2,4,-3,-3,1,-3,-1,-5,0,1,-3,-3,1,2,1,-2,-2,1,0,1,-16,-15,-10,-8,-15,-9,-1,-1,10,-10,-9,-19,8,-3,-1,-7,-9,48,-1,-16,7,10,-1,4,-9,-5,-17,-8,-9,-6,-12,-7,-19,-11,-8,1,-5,-12,-5,-6,-10,-3,-3,10,-7,2,1,-6,3,-8,-12,-1,5,1,-6,-9,0,-6,3,0,-13,4,-5,-2,1,-22,-10,-6,-3,-12,-12,0,5,-8,-10,3,-1,4,-6,-14,-21,39,-5,-20,23,-3,-19,-8,-5,-3,-14,-7,-11,-26,-5,-3,-10,-6,1,-10,-16,-3,-9,-12,0,-10,-2,-1,-11,2,-5,-2,-13,-3,-10,-5,0,-12,-5,-11,2,-19,-1,-3,4,0,-35,-3,-11,-23,-20,3,-26,-10,-18,-8,-10,-21,-14,-12,-10,3,-20,-10,-39,41,-8,-56,32,-27,32,-11,-20,-21,-22,-14,-29,-11,-15,4,-16,3,-4,-16,-20,-8,-19,-12,-9,-36,-18,24,0,-5,-12,-16,-2,-14,-31,-5,-1,-4,-18,-9,-2,-7,2,-5,-6,-5,-6,-9,-9,-39,-33,-10,-36,-20,-37,-12,-14,-28,-45,-45,3,10,-36,-20,-40,56,1,-20,45,-14,31,-20,-38,-21,-28,-30,-27,-60,-47,-14,-33,-6,-11,-32,-48,-15,-60,-6,-10,-21,-16,41,24,30,-18,-15,10,-20,-49,-14,7,-16,-24,-19,-12,-18,-1,-14,-14,-26,-23,-36
0,0,0,-1,-1,-1,0,-1,1,-4,-2,-3,-1,-1,-3,0,-2,7,-3,8,-5,-3,-5,2,1,-3,1,3,2,3,-1,2,-4,-11,1,-6,1,-5,0,0,7,35,-2,-11,1,-5,-2,0,11,-26,-4,-10,-4,-2,0,-3,2,-2,-1,0,1,2,-1,2,2,-3,6,-1,-6,0,2,3,3,-2,-2,5,-6,-13,-6,7,4,-3,-2,15,18,-3,17,-4,0,-5,1,-6,-3,26,6,-2,-1,19,-7,-14,3,-17,-3,1,10,21,8,3,-14,32,-6,-6,-4,-14,-9,-4,10,-18,-23,-2,1,9,18,-3,-16,-14,-5,-3,3,-12,8,-16,-10,22,0,0,11,4,-12,-1,9,-10,15,-4,2,23,1,8,-6,3,-5,18,6,-10,13,4,0,3,-6,2,-8,9,6,11,-2,-18,3,-7,10,2,7,-8,11,-4,-15,0,-5,-4,-2,-12,-2,12,-2,8,7,18,3,-30,4,-11,0,-1,-1,7,10,-3,7,3,8,0,12,4,13,12,-4,20,-8,2,-3,-1,3,4,4,-6,4,-6,7,6,-6,7,0,3,-12,-1,9,4,15,-11,2,13,12,3,10,-8,-2,-6,-3,4,-10,-18,22,7,15,10,18,19,5,6,2,1,-1,4,5,-8,-13,-2,14,14,15,9,9,32,10,5,26,5,14,4,19,18,11,-14,0,28,12,14,-6,9,6,-1,7,16,26,23,15,-19,7,12,5,14,20,13,1,-9,-1,-5,24,7,9,-1,17,26,-21,6,12,12,13,18,10,22,0,-14,12,20,-1,-28,31,5,-25,17,1,1,1,1,0,0,0,2,-20,-20,26,-28,-18,13,-19,-5,-2,1,1,-7,-5,3,-11,4,-4,-1,3,2,-1,-9,-3,-3,0,0,-2,-5,1,0,-2,3,1,-1,-4,-3,-5,2,0,0,6,-2,4,-2,2,2,1,2,2,1,-1,3,0,-1,-2,-2,-5,0,-9,-9,-6,20,-20,-4,-19,24,9,-10,-2,15,5,-4,6,-4,-27,-5,-4,-12,-16,2,2,-10,26,-13,-5,-12,-5,-3,-14,-10,-15,2,14,-6,0,6,-4,-5,-7,-5,-3,-2,0,-2,4,-3,0,-1,-6,1,-1,-3,5,-2,-2,-3,3,2,-2,-3,-4,-7,-5,1,-29,8,-14,-11,-8,16,6,-21,6,-4,13,-9,-14,-6,-17,-5,-22,-10,-9,0,4,-2,11,-15,3,-25,-1,-9,-7,-21,-18,4,14,0,-42,6,-9,-13,-4,-8,-5,-9,-3,-18,10,-8,6,-1,-5,1,-2,0,-8,-4,-5,-5,4,-2,-3,-4,-4,-20,15,-25,-18,35,-31,-40,-14,10,-10,-21,15,-17,9,-5,-30,-8,-14,-12,-15,-38,-18,4,-3,-42,21,-33,0,-16,-14,-13,-15,-31,-18,16,13,-15,-14,3,-7,-11,-16,-20,-11,-11,-18,-8,23,17,0,-1,-6,-12,-4,-4,-5,-5,-6,-9,-3,-5,1,-7,0,-22,-18,-48,-24,45,-53,-35,-26,25,-5,-32,20,-35,32,-28,-29,-18,-23,-13,-25,-48,-52,10,-3,-40,36,-53,-32,-36,-35,-35,-29,-56,-42,34,10,-30,-46,2,-24,-28,-56,-24,-11,-18,-7,-41,33,-46,-5,-11,-22,-20,-25,-19,-2,-16,-20,-21,-16,-25,7,-27
2,-2,-1,1,1,1,1,1,-3,2,4,0,4,1,0,-3,-1,2,2,8,2,-6,1,-11,-1,1,2,-2,0,-2,-8,-6,-1,0,-3,-5,4,4,1,-2,2,-5,0,-1,-8,-5,-1,-3,-14,-16,-9,-2,11,11,21,10,-1,0,2,-2,-1,1,0,0,3,-1,13,-4,1,2,13,0,2,6,9,0,3,9,-4,-4,1,9,-1,12,-9,9,-5,38,0,6,-3,-8,3,9,-11,-6,4,-5,10,7,0,-2,1,12,-4,-5,-9,-11,24,-10,22,-25,-18,4,-6,11,-1,-8,-10,17,-1,10,-3,-5,-4,14,-1,1,-1,4,9,-5,-3,4,5,6,5,7,1,3,5,1,6,8,9,2,2,12,-6,0,-11,40,-1,11,2,-10,3,2,3,1,-5,2,6,0,1,5,7,5,-3,-13,-12,6,3,-5,1,-4,-2,-3,-1,5,7,-11,-1,5,5,-14,8,-1,4,14,7,7,8,6,11,9,6,0,6,4,4,4,5,4,10,9,-3,7,2,7,5,5,9,17,-5,22,8,-1,6,16,23,3,9,16,1,0,8,16,18,12,-14,13,8,8,18,16,8,15,7,17,9,-4,4,1,1,2,-11,3,8,8,14,7,8,14,-2,13,16,12,19,14,18,10,6,25,7,15,13,13,19,16,-3,8,11,14,21,22,14,7,20,42,21,14,9,17,24,16,19,24,20,11,28,22,28,19,14,21,24,9,30,10,13,14,-9,27,0,20,9,26,11,7,-1,-1,18,28,28,22,17,6,20,6,-2,1,1,2,0,2,1,2,-13,-21,6,-19,-20,-2,5,1,-14,-5,2,-10,-3,-1,-4,9,-8,-1,0,3,1,14,-80,15,-6,-2,0,-3,0,-1,-15,5,1,-4,-4,-4,0,-2,-10,0,-4,-4,-2,0,3,-1,-5,6,-1,-2,-2,-1,1,1,-1,0,-13,2,-5,-5,-10,-4,-2,-12,-20,9,-1,-3,0,-9,4,-4,4,-7,5,-4,7,-7,-1,9,-15,-3,8,-6,3,-10,-16,5,-2,-1,-8,-3,-14,0,-15,0,-1,2,-11,1,-4,0,-16,2,-6,-10,-4,0,-3,-8,-4,-4,1,-4,2,-2,-7,-3,-1,-9,-2,2,4,-8,3,1,0,2,-7,3,-1,3,-1,3,-20,4,-4,-3,-6,1,0,-2,-4,13,-16,-4,6,-6,0,11,-27,4,0,-8,-1,-1,-3,-24,7,-9,-1,-3,-17,-2,-11,3,-10,4,-11,-18,-3,-13,-5,-11,-1,-2,-9,1,-13,6,-5,4,-4,6,-1,-12,3,-16,-2,-17,-8,-7,-3,-5,1,-4,-2,-9,-12,-9,-6,-22,-28,4,-49,-40,-27,29,-21,-10,3,-3,-5,8,-11,-4,-12,-10,-11,-9,-10,-6,-12,-20,-7,-16,-14,-8,-3,-6,-15,-19,-18,-10,-12,-3,-5,-8,-17,-7,-10,-14,-13,-7,-5,6,-13,-3,-4,-28,-11,-28,13,-23,-17,-32,-45,-19,-7,-9,2,-16,-22,-26,-5,-28,-33,-2,-48,-25,-35,14,-28,-17,-2,-19,-24,13,-30,-5,-14,-29,-14,-14,-33,-14,-7,-25,-9,-17,-47,-18,-5,3,-5,-26,-45,-19,-19,-7,-9,-20,-24,-16,-31,-24,-29,-12,-18,13,-11,-6
1,-2,-1,1,-1,0,-2,-2,-1,2,-1,3,-1,-2,2,-9,1,-5,3,-7,-1,-3,-3,-2,-2,-2,0,0,-8,-3,10,9,-1,5,0,-7,7,0,0,7,-6,-5,-5,8,-14,-6,1,-4,0,-7,7,19,0,12,-1,9,0,-1,-2,-2,1,-2,1,-2,2,-1,-4,-5,-2,7,-3,13,-2,-7,-2,4,-7,11,-4,0,4,-4,2,9,1,1,8,1,-10,-10,1,-6,18,5,7,-5,0,2,10,-10,-2,7,-1,13,-8,8,-2,25,-1,14,-8,-1,16,0,-16,-1,18,-1,1,6,-7,10,-15,6,6,-3,3,3,5,-6,-2,-2,12,4,11,-1,10,-5,5,1,9,-5,-2,0,0,0,2,-4,3,5,10,2,4,2,8,-1,-15,-2,28,-11,4,2,-2,1,-9,6,1,14,4,0,-6,11,5,-6,-13,4,6,-6,-6,15,-7,19,-19,1,1,0,15,1,1,7,-3,9,10,11,16,2,6,12,-8,18,3,4,4,7,1,13,23,3,1,2,-20,10,12,10,-5,5,-5,14,8,-2,5,6,-28,2,-6,8,9,4,4,17,13,5,0,4,2,14,7,13,-12,-11,-11,2,6,-5,-1,1,-14,0,7,9,-6,8,15,12,-11,5,34,20,13,9,18,10,11,23,18,8,27,7,11,23,19,19,9,9,-13,17,11,26,17,27,8,4,14,4,20,18,38,-1,7,24,14,32,12,39,37,17,-5,7,-3,32,-1,-7,28,35,8,6,-4,5,16,54,11,27,13,17,19,11,25,10,14,18,2,1,-2,-1,0,-2,-2,-2,2,-15,-17,4,-7,10,-27,13,-5,3,5,-2,-12,9,-10,-1,-5,-1,6,-2,-5,2,-7,-4,-4,-1,5,-5,0,-1,5,2,-1,-6,9,-4,-4,-1,-3,3,-2,-3,9,0,0,2,3,3,0,1,1,-1,-1,0,-1,0,-2,7,-1,2,-12,11,-6,-15,-13,-6,-18,-17,6,7,-4,13,-14,-10,5,-12,-29,4,-11,-3,-12,-3,-2,-5,-13,-6,-18,-2,-8,-4,-4,-6,-5,-3,4,12,4,-11,1,-9,-10,-13,10,-9,-3,-6,-2,2,-3,-5,-6,-1,-7,-2,3,-7,-2,-5,0,-12,-4,8,4,15,15,-5,2,-2,-26,1,-7,8,-3,12,-13,22,-11,-2,4,-25,-26,-21,-6,-16,-11,6,-7,-16,-18,-10,-12,-5,-8,1,-8,-12,-10,-22,2,6,-1,-12,-13,12,-11,-4,-6,-5,-1,-8,-2,-6,-5,-7,2,-18,-15,-4,-4,3,-7,-1,-4,-11,-12,12,-9,4,-1,0,-4,-7,-25,-3,-16,-11,-22,4,-18,11,-9,-3,-6,-7,-6,-4,-16,8,-16,-3,-20,-15,-22,-23,-20,-34,-14,-15,-35,-12,-15,-10,0,20,-7,-9,-16,3,-12,-7,-6,-12,-11,-10,0,-9,-16,-12,-6,-1,-14,-13,19,-8,-2,-6,4,-8,-21,32,-45,19,-3,-7,-9,-20,-23,-50,-30,-31,-23,15,-28,27,-33,-31,-6,-50,-34,-24,-32,-18,-30,-9,-34,-30,-25,-10,-41,-8,-22,-41,-13,-29,-24,-16,4,27,0,-31,-36,1,-26,-4,-7,-31,-21,-17,-21,-12,-19,-29,-35,-35,-28,-6,16,-10,-12,-31,-15,-41
-1,2,1,2,-1,2,-1,2,6,-7,-5,-5,-1,-3,-7,2,3,-4,4,2,-4,0,-3,1,3,-13,11,6,13,1,-7,-1,-4,18,6,20,8,4,-1,-7,-5,-10,-3,11,-4,3,1,7,8,0,14,-9,-4,-3,-18,-17,-2,-2,-2,1,1,-2,0,1,6,-6,6,-12,5,-3,0,4,6,6,8,-11,0,4,-7,-5,1,-13,1,10,10,-1,6,-6,-1,15,1,14,-1,10,-4,-4,10,11,6,-2,-6,10,5,3,3,-4,10,-13,-14,0,4,9,-3,-6,9,6,-6,8,-9,-2,1,13,7,6,-4,24,-8,-3,-4,-9,2,21,5,7,-24,7,-3,-3,-6,6,10,0,5,15,19,6,3,1,-13,11,7,15,-5,8,9,-1,2,11,6,7,2,13,10,8,9,-3,-3,8,-11,-5,8,5,8,11,-10,1,-3,-19,0,16,3,-1,-15,-4,-3,10,8,-17,15,17,-4,8,5,1,11,-1,15,4,14,5,16,18,0,10,9,15,0,10,3,-8,0,-10,-13,-5,-1,7,3,-3,-5,-12,12,1,6,-9,7,-9,4,4,9,-5,7,-10,18,9,6,6,20,10,2,15,4,1,3,-2,14,6,8,-13,3,-22,-18,-13,12,-10,-21,-10,-1,2,6,8,17,-1,26,5,19,14,5,5,4,7,17,6,18,11,-2,-2,-11,-5,3,-13,8,2,-7,3,16,4,12,-3,-6,1,7,21,-1,14,-13,1,4,11,15,9,18,-7,7,7,7,-17,-10,13,1,4,-2,-10,3,-2,-8,-17,-7,1,-5,-11,2,-1,1,-1,1,0,1,-1,11,-27,20,-22,13,-17,-5,-4,7,-15,5,-16,1,-14,0,-4,10,0,-1,10,-1,1,4,-1,6,3,-8,2,-8,0,-1,-3,10,-1,-1,-10,-3,0,-1,4,5,-2,1,-13,4,-6,5,1,-2,0,2,2,0,-2,1,-1,-4,-7,-8,-14,-5,-7,-11,-9,-4,-17,-5,-32,3,-22,5,-8,-6,-10,-14,-24,-13,-24,6,-12,-20,-19,-14,-13,2,-16,3,-11,-3,-7,-14,-4,-4,5,-11,1,1,-3,-1,6,18,-3,-10,2,-2,-13,11,-8,4,-3,5,1,-18,1,-9,-4,3,-1,0,7,6,-31,-12,-8,-4,-14,-17,8,3,-6,9,-27,2,-14,13,-7,-7,-5,-33,-2,-18,-7,4,-10,0,-4,-19,-14,-12,-4,1,-14,-7,11,-9,-1,5,3,-20,-15,11,2,9,5,15,2,-10,-9,-5,-3,-10,-10,1,-3,3,-6,1,-4,-14,3,-2,-3,-13,0,-10,-24,-8,-5,5,-2,-29,1,2,-13,-4,-20,6,-6,7,-8,1,-3,-23,-23,-39,-20,-2,-13,6,-1,-29,-28,-28,-13,10,-19,-2,16,-11,14,13,-7,-15,-6,12,-18,10,16,25,-4,-8,-7,9,-17,-14,-11,10,1,10,2,-1,0,-4,-9,-5,-10,2,-4,-10,-40,0,24,32,5,-17,11,12,-10,17,-25,15,-31,26,-1,-21,-26,-48,-26,-50,-25,-18,-60,-9,8,-61,-44,-25,-49,11,-4,-21,2,-30,11,23,-10,-20,-30,6,-25,35,19,31,-16,-34,-17,-4,-32,-22,-10,9,-16,11,-6,-9,-2,-16,-11,-24,-54,-12,-17
-1,2,2,-2,-1,0,-2,1,0,0,1,-1,3,2,-3,2,0,0,1,1,1,-80,1,1,2,-1,0,0,-33,2,2,1,3,1,3,-13,1,1,0,0,4,2,1,2,0,-1,-1,1,10,-1,-2,-3,3,0,-1,-3,2,-1,-1,-2,-1,0,-2,2,3,1,-2,-2,2,2,2,-4,1,5,3,-2,2,0,-34,-1,1,1,1,-1,2,-83,-4,-1,1,4,0,3,-19,4,-7,1,0,-2,2,-7,1,-4,-3,2,2,2,0,0,-7,0,-3,1,5,4,2,6,1,-2,0,1,8,9,3,-3,7,4,8,3,4,-25,3,-5,4,-35,4,69,-31,2,-21,3,-11,4,69,5,3,-14,5,-27,4,61,0,-30,-21,5,-30,2,54,1,-12,4,5,-18,4,48,3,-34,4,-27,-22,1,48,7,-15,4,-21,-1,8,49,7,-24,8,-6,-1,-14,52,8,-21,7,-24,-3,-24,2,3,3,2,3,2,3,4,4,3,4,3,3,5,2,-18,5,2,5,1,3,6,-28,4,1,6,-4,1,-2,1,-4,3,0,7,1,6,0,4,-1,-1,0,7,3,8,4,7,5,4,2,5,11,6,6,5,8,0,-8,3,3,-4,6,4,-3,0,-1,4,4,4,4,2,-1,-2,1,10,5,6,6,4,3,0,8,0,7,7,-1,6,-35,4,3,8,6,2,11,-31,2,2,4,8,11,5,-19,10,-1,2,2,12,13,7,15,4,-7,-4,5,4,-7,7,2,3,10,2,9,11,-4,-6,10,4,17,19,0,0,-2,0,-1,0,0,-2,1,-5,-3,-2,-8,-3,-6,10,21,-1,-1,-1,-1,-2,-73,4,-2,-1,-3,0,-1,-75,2,-1,0,-2,0,-1,-16,-1,-2,-2,0,-2,-2,-8,0,-2,0,-1,-1,-3,-2,-1,-4,-1,0,0,0,0,0,2,-1,-1,2,0,-1,-1,-6,-6,-4,2,-4,-11,9,-5,-4,-2,-9,-16,-3,23,-4,-3,-4,-6,-5,-9,0,-2,-8,-4,-5,-4,-6,6,-6,-6,-8,-3,-7,-5,2,-3,-6,-2,-6,-2,-1,1,-5,-3,-3,-4,-3,0,10,-3,-2,-5,-1,-2,1,2,-2,-4,-3,-6,-2,-2,-3,-3,-6,-7,-1,-2,-7,-5,12,-6,-5,-6,-10,-8,-3,9,-7,-2,-8,-5,-2,-5,-55,-2,-7,-4,-4,-4,-2,10,-4,-4,-3,-5,-5,-5,6,-5,-7,-5,-4,-3,-4,1,-4,-5,-4,-6,-2,-7,2,-4,-4,-2,-1,-3,0,-1,-8,-4,-4,-4,-1,-1,-2,-10,-12,-5,-9,-15,-7,-24,31,-1,-8,-5,-15,-11,-15,29,-14,-7,-13,-12,-9,-11,17,-19,-12,-6,-8,-13,-11,26,-10,-15,-10,-7,-10,-9,18,-12,-14,-10,-6,-6,-7,14,-13,-14,-9,-8,-7,-6,9,-13,-5,-10,-11,-8,-5,1,-4,-3,-4,-4,-4,-4,-4,-11,-13,-25,-6,-21,-6,-31,32,-14,-17,-18,-21,-35,-33,29,-17,-20,-16,-19,-18,-20,22,-19,-15,-13,-21,-24,-19,34,-25,-43,-19,-16,-23,-19,37,-17,-22,-18,-11,-13,-12,22,-14,-16,-15,-13,-12,-8,19,-14,-13,-13,-16,-11,-18,19,-11,-11,-8,-10,-12,-13,-9
1,-2,-1,-2,0,-2,-1,0,-43,-41,-36,-21,-10,-5,2,0,-43,-39,-40,-21,-8,-3,3,1,-44,-44,-42,-28,-13,-5,0,-1,-36,-41,-40,-27,-17,-9,-4,-1,-28,-25,-22,-22,-14,-8,-4,-1,-20,-18,-11,-12,-11,-3,-2,-7,2,1,-2,1,2,-2,2,-2,7,8,11,8,9,3,1,0,12,8,6,5,3,3,1,3,13,4,4,6,1,1,0,-5,9,9,3,3,5,2,-1,-9,12,8,1,4,1,3,-3,-3,11,10,9,7,-1,-1,2,0,12,11,2,7,6,2,-1,1,6,7,5,6,-8,-4,10,4,13,8,5,5,7,4,8,10,14,8,5,3,6,4,10,13,6,8,4,4,3,5,6,7,8,4,4,7,4,8,3,3,7,9,5,10,9,6,1,10,10,7,11,6,7,4,6,1,6,13,7,12,4,-1,10,8,13,13,11,9,8,3,8,13,11,8,11,13,10,11,9,9,7,7,11,15,9,12,9,8,7,9,10,15,10,7,7,11,3,9,9,8,8,8,2,8,7,9,9,10,10,10,5,9,16,9,11,12,9,17,10,8,11,11,14,13,10,13,17,14,15,19,14,15,16,19,14,16,-6,-12,0,13,-17,-17,-4,-4,-13,-10,-18,-5,-12,-3,-8,-11,-4,-2,2,-3,-16,-11,-10,-14,-1,-20,3,-11,-18,-9,6,-2,6,-4,-2,-1,-11,-11,-14,-8,-4,6,0,-18,-2,-12,-2,-8,4,-1,-9,-3,-3,-3,-5,-6,-13,-7,-6,-3,-7,-17,-11,-21,1,1,-2,-2,-1,3,0,-2,-20,-15,-15,-18,-12,-4,-10,-4,-26,-17,-18,-17,-19,-14,-6,-6,-31,-27,-26,-23,-15,-9,-6,-3,-31,-29,-27,-16,-9,-2,4,0,-28,-31,-23,-16,-2,2,6,3,-27,-33,-23,-12,2,4,8,4,-1,1,2,-1,-2,-2,1,-1,-6,-6,-8,-1,-10,5,4,3,-18,-7,-7,-11,-5,0,0,6,-12,-9,-6,-7,-4,0,-1,4,-17,-12,-12,-11,-8,1,1,2,-19,-9,-8,-7,-9,-2,5,2,-13,-8,-7,-9,-5,-3,0,0,-8,-15,-7,-8,-4,1,-1,0,-15,-17,-12,-6,-1,0,0,4,3,6,-3,0,-6,3,4,-1,0,3,3,-4,-2,1,1,0,0,1,-1,-3,-5,1,-4,5,-1,-5,-3,0,1,2,-1,-5,-2,0,-3,-4,-5,-2,-1,0,5,1,-3,-6,-5,-3,-2,-2,-3,-1,-4,-7,-4,0,-5,5,2,0,-5,-1,-1,-2,1,-3,-5,-3,-6,-6,0,-6,-5,-3,-8,2,-5,-5,-6,-6,-4,-3,-3,-7,-7,-8,-4,0,-2,-3,-9,-9,-11,-6,-7,-4,-1,-5,-4,-5,-4,-5,-8,-3,-6,-6,5,-1,-6,-4,-4,-2,-7,-7,4,0,-3,-1,-9,1,-4,-1,-5,-2,-3,-4,-3,-8,-7,-4,-5,-10,-20,-13,-12,-31,-25,-25,-6,-16,-8,-25,-15,-20,5,-27,-18,-10,-11,-15,-6,-8,-16,-28,-11,-12,-6,-12,-18,-19,-28,-23,5,-15,-18,-26,-10,-24,-17,-17,10,-9,-24,-16,-14,-19,-30,-33,-10,-12,-19,-12,-26,-19,-22,-13,-23,-9,-21,-24,-2,-28,-21,-18
-1,0,1,-1,2,-2,-1,-1,1,-1,-1,-4,-8,-1,-3,-1,-3,-1,-3,-3,-5,-2,0,-1,-1,-2,2,0,-1,0,2,1,-4,-4,-8,2,-3,1,0,-2,-11,-8,4,-7,-11,-12,-10,0,17,10,-8,-14,-6,6,-4,-2,-1,-1,-2,2,1,1,2,1,-10,8,0,-9,0,-5,1,-7,-1,-3,-3,-2,-4,-7,-9,8,2,-1,-3,-2,-15,-3,-4,3,-10,0,1,0,-29,4,-11,0,6,0,1,-6,-4,-12,-7,-5,5,-6,-6,-9,-15,-15,10,4,-3,-27,-3,22,-33,-13,-9,-4,-1,-1,-17,5,-5,-6,7,-13,0,4,-2,-19,6,9,12,4,11,-4,8,-4,0,-12,2,3,5,-3,1,5,4,2,12,8,1,3,4,-6,-2,11,11,-3,-2,4,-20,-15,8,2,6,4,-1,-16,-1,8,3,-2,-2,-1,17,-27,2,8,2,10,6,13,-1,7,5,-2,-19,-2,7,0,-3,6,5,4,19,4,2,3,5,18,7,7,11,6,6,5,5,15,13,7,14,0,14,6,6,23,2,7,7,-21,-10,2,8,17,-19,0,14,-9,-30,16,17,31,17,9,32,13,9,14,14,15,-3,-2,12,0,-1,14,29,22,19,20,18,5,7,24,14,12,13,19,24,30,-10,14,22,20,16,13,20,18,20,13,16,13,20,20,32,22,18,26,25,26,5,7,28,26,31,7,6,17,-8,-16,24,8,13,12,-4,10,-15,28,11,26,14,7,29,32,25,17,9,12,14,-14,16,3,11,9,21,9,16,29,0,2,-1,-2,0,-1,0,0,-30,17,-21,-28,-3,-15,-8,-3,2,5,-3,0,-1,-13,-8,-3,3,0,1,-8,-6,-10,-8,-8,2,3,-3,-4,-11,-7,-8,-2,4,7,-3,-8,-3,-12,-8,3,3,2,-5,-28,-11,-15,-11,3,-1,2,-1,0,-2,-1,-1,0,3,9,-1,-7,2,0,-1,3,11,6,-1,-1,13,10,2,-7,-22,10,-15,-4,2,-6,-6,-1,-9,-1,1,-2,-5,-2,9,0,-7,-9,-1,0,-2,-6,0,5,2,-7,-2,-4,6,-2,-2,8,0,0,-9,-4,3,-2,-6,1,-3,7,-3,0,4,7,13,2,-9,4,-9,-23,-3,-6,-6,-6,-5,-8,-3,-7,7,-13,-2,-19,-5,-3,-16,-5,-9,-13,-5,1,-6,-7,1,-7,-7,-15,-8,-5,-2,-3,-16,-6,-8,-17,3,-1,1,-11,-8,-7,5,-3,-12,2,-2,7,-20,-15,-5,-4,-14,-2,2,-2,-8,-5,-6,0,9,-5,-4,23,-4,-9,0,-5,-11,-5,-4,-19,0,2,5,-10,-2,-2,-5,-11,-10,-7,-6,-15,-8,0,-8,-7,-6,-4,-9,-14,-1,-4,2,-8,-10,2,-9,-8,-16,0,-3,-11,2,-2,3,-7,-9,0,-7,-27,-11,-15,-15,-38,-23,-17,4,18,-2,-23,-3,-10,1,10,-6,0,-35,-17,-24,-33,-33,-35,-41,-29,-23,11,11,-32,-11,-15,-3,-27,-25,-38,-29,-44,-53,-4,-26,-30,-20,-18,-51,-14,-24,-18,-2,-12,-15,-20,-3,-22,-59,-11,-7,-25,-5,-16,10,-10,-20,-3,-23,-11,-22,-32,-16,-27,-33,-37,-4,20,-16,-41,-11,-2,-11,11
-2,-1,0,2,2,-2,1,-1,-1,0,-2,-2,-5,-3,0,7,-3,0,-2,-3,-5,-5,-3,7,-3,-1,-4,-2,-5,-6,-5,5,-1,-1,-3,-2,-4,-5,-5,7,-1,-3,-4,-5,-4,-5,-1,5,-4,-3,1,-4,2,-3,-4,-2,-1,2,-2,-2,-2,-2,-2,1,-44,-40,-45,-52,-54,-56,-42,-46,-45,-41,-41,-49,-46,-48,-45,-51,-49,-44,-53,-42,-51,-50,-46,-45,-50,-37,-50,-48,-42,-41,-47,-51,-48,-37,-44,-49,-42,-44,-42,-46,-41,-48,-48,-48,-48,-46,-47,-43,-53,-47,-47,-44,-44,-45,-53,-41,-41,-42,-52,-33,-42,-40,-40,-38,-19,28,-24,29,-51,31,-10,29,26,-19,29,-40,30,-46,31,-16,-14,26,-40,30,-38,30,-15,27,28,-22,29,-17,31,-17,31,-21,-43,30,-17,30,-17,29,-34,29,30,-17,31,-18,29,-19,30,-21,-41,31,-15,30,-19,29,-22,30,30,-18,29,-21,30,-16,31,-17,-32,-23,-27,-26,-30,-29,-30,-33,-24,-22,-27,-29,-29,-20,-25,-31,-21,-25,-14,-28,-26,-29,-27,-24,-20,-16,-24,-20,-16,-22,-29,-24,-25,-17,-16,-25,-14,-18,-30,-11,-24,-16,-17,-30,-27,-26,-27,-23,-21,-31,-19,-28,-19,-24,-29,-23,-27,-26,-31,-18,-31,-27,-31,-24,-18,-9,-28,-28,-8,-8,-13,-10,-5,-3,-8,-7,-11,-11,3,-16,-4,-2,-7,-5,-18,-1,-2,1,1,-10,-25,-22,-6,10,-12,-4,-13,-11,3,-2,2,-10,-9,-9,-4,-4,-12,-21,-22,21,-38,-13,-6,-9,-12,-7,-3,-14,-12,-7,-14,-7,-4,-4,-8,3,-5,-7,-1,2,2,-3,1,0,1,2,-24,-5,-27,-8,-34,-13,-26,-5,-7,-4,-7,-5,-9,-9,-5,1,-6,-4,-5,-7,-11,-7,-8,5,-5,-4,-7,-6,-6,-9,-5,5,-6,-2,-5,-5,-6,-6,-4,4,-2,-4,-6,-5,-5,-5,-1,4,2,2,-1,-2,-2,0,2,2,-36,-21,-31,-36,-59,-25,-50,-20,-46,-31,-23,-31,-49,-47,-48,-40,-35,-49,-41,-25,-33,-32,-41,-47,-35,-46,-27,-41,-29,-38,-37,-63,-49,-38,-47,-51,-38,-41,-45,-45,-47,-38,-57,-36,-48,-49,-43,-43,-35,-46,-47,-48,-36,-39,-59,-47,-22,-51,-39,-57,-57,-57,-38,-43,17,-37,16,-35,16,-29,16,-29,-33,18,-20,18,-25,18,-35,15,15,-32,16,-33,18,-24,17,-36,-33,14,-33,18,-25,14,-35,18,14,-26,16,-21,17,-33,16,-31,-21,15,-27,16,-30,15,-35,14,16,-31,15,-33,17,-33,17,-36,-28,13,-36,16,-54,15,-37,17,-37,-48,-39,-34,-37,-39,-37,-49,-33,-35,-31,-37,-44,-34,-41,-36,-38,-36,-34,-32,-38,-32,-34,-43,-40,-33,-30,-44,-26,-33,-34,-31,-32,-33,-32,-38,-34,-36,-33,-36,-38,-37,-27,-48,-36,-52,-34,-47,-43,-46,-31,-32,-38,-41,-44,-49,-32,-45,-41,-43,-49,-40,-39,-36,-28,2,-19,7,-62,-26,-13,-9,-25,-23,-21,-33,-33,-42,-33,-37,-22,-8,-25,-7,-30,-18,-30,-22,-36,-7,-21,-22,-16,-23,-31,-23,-20,-32,-19,-16,-23,-25,-19,-19,-34,-22,-29,-25,-42,-30,-36,-25,-51,-31,-24,-25,-50,-45,-26,-24,-28,-48,-28,-27,-48,-38,-44,-31
0,1,-1,-1,1,1,2,0,-1,-1,4,7,-71,0,3,-2,0,-4,1,-10,37,4,1,4,-1,-1,-6,3,8,6,3,2,0,3,-1,-2,-3,8,5,2,2,1,-6,9,11,8,4,-6,-8,-11,4,1,11,8,10,-3,-2,2,2,-1,2,2,2,2,6,1,11,0,-2,0,8,-1,3,-4,5,3,-7,-13,8,3,1,2,7,-3,17,6,2,3,3,7,2,12,11,12,7,5,-6,1,5,0,10,6,8,1,8,-4,0,6,-8,0,1,17,7,6,-2,12,9,-4,3,10,-7,10,-7,-14,8,10,-6,5,10,9,0,9,15,30,-19,-1,6,-1,-7,1,9,-2,9,3,3,11,4,9,25,13,3,17,-6,8,4,12,11,9,8,1,11,7,4,3,-6,2,7,6,12,-2,6,0,16,11,-6,2,5,8,8,11,9,9,5,1,9,6,4,4,-5,-5,0,6,5,3,2,4,4,-2,6,6,4,9,13,9,-16,-3,11,7,6,-2,-2,-4,5,-7,-5,1,3,-10,-6,3,-18,3,2,-10,15,2,1,11,8,7,14,10,11,8,4,5,2,3,5,10,-1,3,11,9,4,4,5,14,4,8,9,15,4,13,1,7,24,13,8,12,21,24,1,2,22,12,14,9,-7,12,18,18,12,12,9,-3,7,15,6,16,12,13,2,10,5,6,17,10,24,11,11,9,20,9,21,15,24,6,7,34,11,18,-5,-1,17,15,18,23,-25,17,2,21,15,21,4,1,-12,36,4,27,1,2,2,-1,0,-2,-1,2,7,-15,-5,-8,-6,-8,12,-22,3,1,-5,-13,22,-20,-1,-6,0,-2,2,-5,10,1,2,2,0,2,-2,-2,-3,-2,2,-2,0,0,-2,-1,-4,-5,-2,-2,3,1,0,0,-3,-1,-1,-1,-2,0,0,-1,1,-3,1,-1,3,-22,-20,-6,-21,-7,-10,-11,5,-3,-9,-6,7,-3,0,-13,-4,1,1,-8,17,-23,-6,-2,-11,-5,-6,-1,-4,8,-9,-12,2,-7,-4,0,-11,6,-2,1,1,-8,-4,-7,-2,-9,8,-2,0,1,-5,-8,-1,-5,0,-3,-3,0,-4,4,-9,0,-4,2,-1,-13,-5,-20,-1,-9,4,-15,9,-2,11,-10,8,2,0,-15,-5,-4,-7,-16,7,-19,-4,2,-5,0,-11,3,-12,15,-26,8,-8,-4,8,-3,-4,-2,10,-12,-5,-2,-3,-9,-6,0,8,4,-5,-6,-7,-3,-4,-6,-7,-2,-1,-3,-5,-3,-3,-5,-2,-7,-10,-17,-11,-4,1,4,-14,-23,6,-5,-8,5,9,-20,-8,-9,-5,-4,0,1,-1,-5,-4,6,-3,-4,-1,11,4,8,5,-3,-7,-19,4,-11,-12,3,2,-4,-3,-11,-1,-12,-20,-10,-2,-10,-5,-6,-6,-3,-3,1,-9,-4,-4,-2,-4,-7,-8,-3,-1,-5,-5,-29,-12,-21,-9,-19,-35,-37,12,-25,-14,-32,20,-23,9,-27,-51,2,-15,-14,-23,-21,1,-5,-6,-11,-8,10,-15,3,-19,-10,-8,-26,-2,-8,-29,7,-7,-3,-21,-10,1,-19,-26,-13,-5,-6,-7,-14,-20,-13,-23,-12,-15,-6,-15,-15,-19,-17,-20,-19,-1,-16
0,2,2,0,2,-1,2,1,-1,-2,1,1,-16,-4,0,-4,-2,-1,-1,2,1,-31,-2,-4,-3,-4,0,1,0,-4,-24,-4,-4,-3,0,1,5,4,-4,-40,-6,-4,-3,9,9,10,-12,1,-11,-21,0,1,7,-34,0,12,-1,-1,-2,2,-2,2,-2,0,-5,-1,-6,-2,-14,-1,-4,-18,-1,11,-4,-1,-13,-3,-7,-7,-3,-1,-1,-2,-5,-18,-1,2,-2,-1,0,2,-2,3,-7,3,-5,-4,2,3,13,1,5,1,-11,3,2,-3,6,6,-16,7,-19,7,-5,-4,-8,4,18,15,-3,-5,-2,-12,-6,0,16,2,-3,4,0,19,-2,-3,-6,-2,-2,1,-1,1,7,2,-3,-6,1,0,4,3,2,9,-7,-1,-5,5,5,-1,3,-1,18,4,-10,-5,-8,10,7,13,0,56,-8,-2,-6,9,15,5,41,8,2,-3,13,-3,2,29,-3,35,2,-3,1,4,21,7,15,4,-2,-1,-3,-1,0,3,3,2,-1,5,-2,1,-8,4,7,3,-1,5,6,-3,4,-16,9,5,-5,-8,1,-2,-4,7,-11,5,3,-5,-4,-8,6,7,15,9,-13,-12,0,-3,-1,4,21,19,-13,2,6,12,9,7,24,14,-12,-15,9,7,-4,17,6,4,-8,14,4,31,4,7,3,-9,21,7,6,7,27,15,18,19,1,15,9,6,8,31,14,32,-1,-4,10,10,17,13,35,30,6,-6,-12,37,24,39,38,65,-5,5,-27,25,30,28,50,42,1,9,-16,13,35,46,43,50,6,-9,7,31,50,41,26,35,2,-1,1,1,-1,2,2,-1,-18,-2,-5,8,-3,-15,-1,-1,1,2,-2,1,-3,-15,-2,-2,2,-1,1,3,-1,0,-31,-4,2,2,1,4,3,-1,-5,-2,4,1,3,1,0,0,-45,9,2,3,4,8,4,-30,-11,1,-2,2,0,-1,2,-1,2,2,0,-10,-13,-1,-1,4,-4,-5,0,-9,2,6,-3,0,-6,2,2,7,-3,0,-1,5,-24,-4,-7,-1,8,2,-1,-16,-21,5,6,-1,0,-1,-10,-7,-10,25,3,4,3,-8,-4,-32,-9,-8,3,2,3,7,-5,-25,-28,4,-8,4,4,-1,-16,-9,-1,-10,-1,-2,-1,-3,-1,3,-3,4,-37,-4,0,-2,-11,11,-2,9,0,-6,-4,2,-3,-7,12,5,2,-2,-11,6,4,2,-25,2,6,2,2,-1,5,-2,-1,2,3,2,5,3,-9,-1,-28,5,13,2,11,9,7,-35,0,2,-2,10,6,9,-38,5,-4,2,8,-8,0,-2,6,-18,-25,-8,1,-2,-2,7,5,0,-4,-5,4,3,-2,3,4,2,-19,2,-3,2,-2,5,-8,-15,-21,-27,1,-2,9,-7,0,-14,-30,22,5,0,6,-1,-4,-13,-9,-22,4,3,5,12,-10,-23,-25,-13,5,6,9,15,11,-26,-6,-14,-5,-12,-10,1,-30,-32,-16,-11,-12,-2,-8,-19,7,-16,-42,-33,5,-12,-6,-4,-9,-24,-34,-7,-2,-1,-4,-7,-10,-17,-22,-29,1,-4,-6,-14,-7,-32,-42,22,0,3,-1,0,-13,-2,-7,-25,8,0,7,7,-4,-26,-16,-9,0,10,9,14,5,-16,0,-13
-2,2,0,1,1,0,1,1,0,2,2,6,2,5,-35,-36,2,0,1,1,3,4,35,-18,1,0,-2,1,2,-1,-21,-16,0,0,-2,1,2,0,-17,-4,0,-4,-4,-1,-3,-4,-13,-8,-3,-7,-17,-13,-1,4,-4,-11,1,1,2,1,0,-1,2,-2,11,7,4,4,0,-1,-7,9,7,4,9,6,4,4,-6,-12,7,6,7,-1,1,-1,9,-4,3,2,2,6,5,-8,5,-15,9,1,7,3,-5,8,-1,11,6,3,3,3,6,8,0,-11,9,5,6,10,0,-2,7,-9,9,6,4,4,4,4,10,-1,11,9,9,4,19,-15,-3,-14,4,8,8,11,5,6,-12,-25,9,10,2,6,5,8,8,-14,-1,8,4,6,3,9,-21,-3,12,-2,6,-2,8,6,1,-8,3,12,6,10,-1,5,7,5,7,-5,7,-8,1,-4,15,2,7,6,3,4,-3,4,0,8,2,3,1,7,10,9,-3,2,2,2,-3,4,-8,-3,-7,1,7,-3,1,8,8,9,-52,3,14,0,2,-2,2,1,6,-5,-2,0,0,5,2,-1,-11,3,-8,-14,-4,-3,-3,-1,0,-7,2,-4,-2,5,10,8,-7,-1,7,-6,-2,4,-3,-1,3,6,10,6,6,17,-5,4,-27,15,11,16,18,21,8,-15,-10,-29,6,16,12,7,15,8,-38,-20,16,8,-14,13,-15,-18,-7,22,9,19,0,-2,22,4,10,10,18,-11,18,-14,37,11,-38,4,-1,18,-15,3,1,0,3,6,0,34,29,3,3,14,-4,8,1,0,-2,1,0,2,2,0,-7,-17,-14,-17,-20,-41,-26,-60,-2,-6,-5,-5,-10,-15,-10,-76,0,-5,-5,-7,-2,4,4,-12,0,-3,-3,-3,-3,-3,-4,-10,0,-4,-2,-4,-3,0,-5,-7,0,-3,-3,-3,-2,-3,-4,-9,2,0,-2,-2,-1,1,-2,1,-24,-5,-13,-14,-6,-22,-31,-44,-9,-13,-11,-17,-30,-15,-12,-46,-11,-13,-9,-17,-3,-3,-11,-20,-8,-12,-8,-12,-24,-7,-8,24,-2,-7,-15,-12,-7,-18,-17,-32,-6,-7,-8,-10,-6,-10,-14,-12,-9,-10,-11,-12,-13,-11,-21,-3,-10,-5,-12,-12,-9,-8,-8,-14,-24,-2,-7,-3,-28,5,-3,-6,-13,-23,2,-15,-2,-27,-6,-11,-8,1,-9,1,-13,7,-2,-14,-4,-16,0,-20,12,-5,-9,-1,-15,-1,-13,0,-15,1,-21,-13,0,-17,3,-15,2,-9,-1,-21,-11,3,-16,-3,-8,1,-13,4,1,-21,1,-11,2,-13,2,-16,-1,-1,-6,-6,-15,1,-5,9,3,-1,2,8,5,-2,-8,-1,-2,-11,-4,-22,-20,-26,-1,-32,-6,-7,-2,-6,3,14,-42,32,0,-4,-5,-16,-17,-16,-33,4,-6,-7,-15,-14,-19,-9,-25,-2,-6,-4,-12,-10,-7,-3,-9,-4,-8,-12,-9,-7,-8,-5,-11,-1,-18,-30,-16,-23,-20,-18,-27,0,-26,-23,-11,-27,-30,3,-31,-24,-44,-34,-24,-21,-18,-32,-5,-39,-27,-35,-19,-63,14,25,-33,69,-16,-19,-43,-5,-23,-27,-27,2,-17,-24,-22,-22,-40,-36,-34,-6,-6,-33,-12,-20,-24,-24,-13,-3,-17,-14,-19,-18,-17,-22,-27,-16
2,1,1,2,0,2,-2,2,10,0,3,-1,3,-3,-5,-40,10,2,0,0,1,0,-9,-18,10,-2,1,-1,2,-5,-2,-4,10,3,-4,-1,-2,-6,-6,-7,10,6,-2,1,-4,-2,-6,-6,15,6,-1,8,2,-2,-10,-27,0,3,0,-1,1,-2,-1,-1,-16,-2,-1,-2,0,-1,4,-15,-3,-29,-11,-1,-4,-3,-2,-11,-1,0,-5,-7,0,0,-7,-7,-2,-2,-1,-6,-4,-10,-1,10,-1,-2,-3,-2,-9,3,-11,-14,-16,-20,-10,-6,-13,-44,-13,-3,-10,-3,-4,-33,-15,-22,-8,-5,-3,-11,-7,-1,-10,-3,-19,-5,6,7,8,1,15,-3,20,4,6,7,6,8,3,13,-7,9,13,2,8,0,11,0,16,12,12,14,3,10,0,11,-2,16,19,1,11,5,13,0,8,7,-6,15,6,9,3,13,0,16,17,-8,10,-18,16,-2,12,3,8,15,4,11,4,18,11,8,-2,-4,-8,-1,-10,-7,-41,30,-5,2,0,-3,-7,-1,12,20,-6,5,3,-12,7,0,-13,5,1,-3,-15,-16,1,-4,-1,3,-2,-2,6,-10,9,-6,4,-20,0,7,-20,-7,19,15,-13,-19,6,6,-2,-1,6,6,4,-5,0,2,12,-16,14,-11,-6,-12,7,6,-1,4,5,-16,2,24,-12,-6,3,1,4,3,-3,21,8,5,8,0,17,4,23,16,7,-15,10,4,1,17,13,24,10,11,-5,-3,13,-13,13,-2,13,2,-13,10,-3,-9,9,3,-4,16,0,25,7,-22,-1,-4,10,6,-14,5,6,-13,-16,-6,0,2,-1,-1,2,-1,-2,0,-8,-2,-2,-3,8,-12,-12,0,-3,2,-3,-2,-1,-2,-95,-5,0,-4,-2,-1,2,-1,-12,-2,-2,-3,-3,1,-1,0,-4,-1,-2,-1,-2,-1,-2,-3,1,1,1,-1,-2,0,-2,0,-3,4,3,-2,2,2,-1,-1,2,0,-3,-11,-2,-10,6,-25,-8,7,8,6,-18,-6,-1,-2,-6,30,0,3,-5,3,5,-27,-9,5,5,2,-5,-3,-2,1,-72,-1,1,-13,-7,-6,-7,-4,6,-4,1,-4,-1,-5,-1,-6,9,0,2,-6,-6,-2,1,-9,0,-10,-2,1,-2,-3,-3,5,-3,-3,-9,1,1,-1,-1,18,-39,7,6,-2,-15,1,7,-5,14,32,-9,6,-11,7,-3,2,-22,24,-7,-6,0,-10,-1,-39,5,-1,0,0,-5,0,-38,8,5,3,-2,-4,0,-34,-5,-6,6,-1,-22,2,-37,2,-8,-11,-2,0,-4,-40,1,3,9,0,8,0,-21,-29,-19,-6,-18,-20,-38,-60,-14,-40,-16,-39,-29,-64,-42,61,-11,-16,-21,-11,3,-4,-31,-34,-5,-7,-4,-17,-4,-12,-8,-55,4,-8,-7,-16,7,4,8,-51,-4,-4,-12,-9,-9,-4,-19,-8,0,-9,-5,0,10,-13,-3,-15,-1,-6,-10,-4,0,-1,-5,-8,-32,-44,1,-24,16,-24,2,-4,-48,-27,-61,-23,-42,-35,-44,74,-32,-1,-35,-10,8,-2,-36,16,-31,-7,-23,-12,-11,-29,-9,13,-13,1,-10,-15,-17,28,-8,-3,-30,-7,-16,-30,-8,-1,-7,1,14,-15,-13,-14,0,-18,-11,-24,-1,-21,-14,-3,-7,0,-1,-22
2,2,-2,-2,-1,-2,-2,-1,-1,-6,1,1,-2,-1,0,0,0,-6,-1,1,-4,2,-1,3,-3,-4,1,3,12,-2,-3,0,5,4,2,8,0,-12,2,-1,4,-4,0,-3,8,-5,-2,1,-1,-30,-9,13,-6,25,7,12,-1,1,-2,0,1,-1,0,2,3,3,-7,-1,5,-2,16,-2,-7,2,13,-7,-9,7,7,3,-6,5,-6,-15,2,-11,0,1,-7,-9,-13,14,-10,-8,4,10,20,2,13,-34,20,-6,-4,11,-7,-13,-30,17,-21,18,-15,27,4,-3,6,-3,8,-4,18,10,-8,6,5,16,11,9,24,8,-2,-2,-6,9,-6,-9,-1,10,17,-6,-10,-11,-1,-2,6,-6,-11,14,-5,-2,-11,0,-1,14,13,-12,26,-8,21,-18,21,-2,-5,7,-10,28,-15,18,-10,15,12,-23,16,-22,33,-11,12,-18,-11,16,-12,22,-32,30,-3,10,9,-18,25,-25,20,-17,22,-12,5,6,2,4,8,4,8,5,0,9,5,-6,-9,4,1,-1,7,10,4,11,8,1,20,0,-3,0,-15,-27,-1,7,-24,3,1,2,6,-2,7,-9,16,-1,8,10,-7,14,9,14,-9,2,3,6,9,5,10,8,4,9,-14,5,-22,8,18,15,1,2,11,-12,13,6,4,0,-6,7,6,13,3,-3,-16,2,-8,-10,-2,7,8,7,-16,5,6,11,-11,15,6,-9,18,9,11,-17,-3,-3,13,-1,-13,9,18,9,12,2,16,0,6,0,4,-3,-1,1,-1,34,-16,16,15,4,7,0,2,1,-4,-13,-1,-6,2,2,-1,-2,0,-1,2,-2,-13,0,-24,-4,-3,-28,5,0,-16,6,-6,1,-2,5,2,0,-16,-1,-7,1,1,-1,2,-1,0,-1,3,3,1,3,1,-1,1,0,-1,5,0,5,-3,-2,1,5,3,2,0,3,-1,-1,0,0,-2,0,-1,2,0,0,0,4,-3,0,-16,5,6,5,-11,-12,-19,-1,-17,-11,-28,3,-11,2,-9,-16,-11,3,-1,-7,-8,-12,-10,-2,-9,-6,3,-1,-13,-9,-18,-2,-2,1,-11,-7,-4,-3,-2,-3,-4,-3,-10,-4,6,12,-5,-3,-7,9,-3,0,-15,-2,-3,-12,1,-12,5,-4,9,-1,5,6,3,-15,16,-4,-19,-17,-3,2,2,-12,-24,-12,-6,-1,-23,-7,3,8,1,-2,-18,-3,-12,-3,-18,-14,9,2,5,-13,-3,2,-2,3,-12,-2,-2,10,-3,-1,1,4,-7,-2,-13,4,0,-7,-1,3,0,-3,-7,-1,-6,-2,1,-3,5,-1,-1,-29,-23,-19,7,-14,-7,4,-16,-17,-4,-34,4,-22,-12,-7,-6,2,-19,-4,-12,5,-34,7,-31,-23,-21,-18,-29,-23,8,-15,-32,-14,-14,7,-9,16,-34,-17,-7,-8,16,-15,-1,-5,-12,-8,-2,14,-15,2,-19,8,-20,-13,-8,-9,-6,-14,9,-7,1,-5,8,-42,-22,-52,-19,-56,-34,8,-31,-44,-58,-28,-36,-45,-57,-20,-54,-11,-40,-48,-27,9,-22,7,-37,-46,-42,-33,-42,-39,19,-18,-51,-55,-47,29,-33,24,-38,-27,-5,-23,33,-27,11,-33,-20,-23,-2,28,-27,21,-35,17,-49,-43,-20,-16,-2,-18,13,-52,22,-29
0,-2,0,-2,-2,-2,0,-2,3,0,3,0,-1,3,-3,1,-1,1,-2,0,-2,-8,-1,0,1,1,1,-1,-1,-4,-1,-1,-3,-1,0,-1,0,-3,1,0,-1,4,3,-3,-2,11,2,2,10,-23,-6,4,1,1,11,-4,-1,-2,-2,1,2,2,0,1,1,2,2,5,-9,-4,-20,-2,0,12,-9,-4,0,-2,-5,-17,-2,-15,2,-8,-3,71,1,-9,3,7,-12,-9,-6,8,3,-21,11,-9,20,6,-8,-3,-17,12,15,-2,-17,6,-3,9,-1,-3,8,4,5,0,-1,-21,2,-8,0,4,-17,-2,-2,3,0,-12,1,13,3,-6,-3,6,-2,6,22,2,18,5,1,-2,0,9,1,-1,0,5,-2,-21,8,-1,0,5,8,-7,6,-1,11,1,8,1,1,-4,-2,8,-4,-2,4,4,3,9,4,-13,6,3,2,9,-1,-10,5,12,1,13,2,0,13,-5,2,1,11,-6,7,5,7,10,11,4,6,1,7,2,-1,5,-3,0,-4,-1,6,12,3,11,10,4,2,-3,5,4,-2,7,3,-8,7,9,0,-8,12,3,10,14,-6,-7,9,10,0,6,16,6,-1,-8,0,11,-6,17,13,-8,6,2,5,6,13,11,7,-3,3,13,9,16,13,10,8,12,12,-4,4,13,16,14,11,0,6,17,5,10,5,6,9,-9,-6,1,4,0,5,-1,14,-2,9,7,-7,12,-5,6,8,9,5,1,6,15,22,7,21,-13,5,7,-14,11,1,5,15,-17,-5,12,11,5,9,8,2,6,8,-6,-2,-1,2,-1,2,-1,0,2,-42,17,-16,-7,17,-6,1,24,-5,1,-2,1,4,-9,-2,-4,-4,-4,1,-1,-8,-1,-12,1,-3,-1,-3,-1,-2,-5,0,-6,-2,-2,-1,-4,-2,-6,0,-5,-2,-2,-1,-3,0,-1,0,-2,-2,1,1,0,2,-1,1,2,-4,9,-2,-4,16,1,7,-1,-9,-2,-25,8,-26,-3,-8,11,-3,3,3,-3,3,-2,-1,-11,-3,-7,-9,2,-10,-2,-3,7,-10,-4,-5,0,2,2,4,-10,-2,-6,-2,-2,-8,-2,0,-3,-3,-18,-3,-6,-3,1,6,3,-25,-5,-4,-4,-6,-1,0,-2,-11,2,-12,-3,16,-6,18,-12,-2,-7,-3,16,-39,-18,-24,11,-2,5,-2,1,-1,-20,-16,-2,-6,-8,-2,7,-19,-9,-70,14,-8,-7,-2,-10,8,-4,6,-41,-2,-5,-5,-9,-9,-2,-8,-11,0,-6,-14,-3,-2,-2,-5,-6,-16,-13,-6,0,1,-5,-7,-8,-28,-2,-16,-22,22,-7,15,-6,-10,-16,-10,11,-25,-27,-22,16,-21,25,-17,21,-6,4,-42,-7,-20,-5,-13,6,-10,-59,-12,11,-11,-12,-25,-28,5,-22,2,-25,-2,-13,-3,-4,-11,-10,-7,-12,-9,-9,-7,2,-13,-2,-8,-9,-7,-8,-9,-4,-9,-9,-5,-8,-27,11,-42,-28,31,-7,21,-17,-9,-40,-28,23,-34,-48,-38,24,-50,14,-48,23,-12,-25,-49,-38,-27,-41,-30,23,-29,-63,-35,27,-27,-37,-41,-29,23,-16,14,-32,-11,-23,-31,-26,-24,-18,-18,-27,-33,-15,-17,-7,-19,-18,-18,-28,-14,-25,-20,-14,-12,-16,-11,-28
2,-2,0,2,1,0,-2,-2,3,0,-1,4,-5,1,-1,0,7,5,10,12,19,5,14,3,0,13,6,0,4,-6,-4,1,0,-6,1,5,-5,-12,-4,-3,-2,0,-16,-13,7,27,-4,9,-10,-7,-10,13,-26,-17,-3,-9,-1,2,-1,2,1,2,2,-1,-10,3,-5,10,-1,3,4,-4,4,-8,10,12,1,6,16,4,3,9,5,8,19,1,-15,4,3,7,2,-20,-6,0,-2,-15,11,-10,-11,1,-3,10,5,5,16,12,23,5,-1,-2,14,1,-8,7,0,-12,7,-10,-24,-12,-5,1,21,-5,-14,2,2,1,0,-4,-1,6,10,-2,7,6,10,-3,9,-2,0,9,-5,-11,6,3,14,12,6,1,12,-3,-4,21,3,4,2,-4,2,-12,-6,-2,23,-5,7,5,15,1,-6,15,-8,-1,6,19,-1,-7,-16,9,-8,-8,-2,2,-12,10,1,3,-1,5,8,24,20,11,4,0,7,10,4,-1,1,0,-1,3,-5,2,-4,-9,-8,1,2,-4,-1,5,6,-7,-14,4,14,3,12,18,27,6,24,12,2,15,15,-5,13,-3,-13,15,4,-9,0,1,-4,-15,-19,0,3,7,13,8,6,8,19,8,11,1,-37,5,16,0,8,-1,1,-6,-1,2,7,2,-1,-7,-1,0,-1,-5,4,10,-21,-5,3,-9,5,14,-12,2,-4,15,6,3,-5,20,6,5,27,1,2,4,9,-5,19,7,19,11,-16,11,-1,27,-3,5,0,14,2,-4,16,13,-4,8,23,7,15,14,4,21,14,10,1,18,0,2,-2,0,-1,2,0,2,1,-44,-5,-3,-4,-6,-4,-19,1,-3,4,2,-2,1,-8,8,1,0,1,2,-1,2,-3,9,-1,-3,-1,1,-2,-3,-5,-1,0,1,-6,-1,1,-2,2,-4,-2,0,-3,-1,2,0,5,-1,-1,-2,0,0,1,3,0,-1,-9,-1,-6,-9,-35,-1,-17,-5,-19,-17,-9,-1,-12,-18,-13,-5,-9,-13,1,-13,8,-34,-14,-4,-8,-2,7,15,3,20,-3,17,3,-10,-1,-3,-16,-2,-7,-10,-6,-2,-6,-2,-9,-11,-13,-7,5,-17,-3,-8,7,-4,5,0,-9,-4,-1,-7,0,-23,-3,-18,-2,-17,-23,-2,0,-1,6,-10,-7,-19,-19,-2,-16,-16,-12,-5,-12,-8,-12,-11,-4,-13,-3,-4,-32,0,11,13,10,19,1,11,12,-10,5,13,-15,-16,-9,-15,-8,-6,-2,-7,-3,-14,-6,-4,-11,-9,-2,-7,5,-4,1,-3,0,1,-2,-5,-2,-7,-2,2,-31,-8,-24,4,-16,-5,-31,-19,-13,-11,-9,-6,-17,-32,-23,6,-16,-17,-7,-13,-7,-17,-16,-3,-23,12,19,11,-4,29,-1,16,19,-18,14,23,-40,-20,-19,-17,-7,-6,-21,-8,-23,-2,-20,-11,2,-10,-24,-8,12,0,9,-5,-1,-4,-3,-7,-5,-10,-4,-2,-9,18,-26,11,4,-17,-29,-25,-23,-42,-16,-19,-11,-62,-44,-18,-35,-44,-23,-53,-6,-35,-48,-24,-45,32,33,28,19,36,-1,28,20,-54,18,32,-55,-29,-25,-56,-39,-30,-42,-27,-39,-27,-69,-39,19,-38,-36,-19,19,7,8,-2,-8,-7,0,-10,-13,-48,2,-25
0,0,3,2,-1,1,2,1,2,3,1,2,4,-3,3,-1,-2,-3,-1,-2,-1,0,3,4,3,10,-1,10,-2,6,3,1,-9,-7,-26,-12,3,2,-1,-2,34,4,35,1,-10,0,-5,-4,-29,-1,-33,-4,-22,-13,-16,4,1,1,1,-2,-2,-1,2,-2,-8,3,-3,10,7,-1,0,-6,9,-1,-4,1,-12,-1,15,-8,-2,-3,0,20,7,5,-9,0,13,-1,10,-14,14,-3,-7,3,24,-6,20,-11,-11,-15,1,-11,7,2,-10,7,13,-18,19,-36,-8,37,-5,8,-2,49,-15,-5,1,-22,-8,22,-14,-7,-21,-18,-8,-9,1,3,9,-2,2,4,-6,-6,-2,-12,2,13,7,-6,1,-6,-3,-5,11,2,11,-4,4,-1,-4,12,3,-3,-9,7,-11,1,-11,4,-6,-6,10,-2,14,5,18,4,2,21,5,-15,-1,4,-13,-12,-1,-9,7,11,10,-3,-23,6,9,-5,6,-5,1,4,1,-1,1,-1,4,1,0,-8,7,11,3,-7,-2,-3,-4,2,-4,-1,-4,1,-9,-1,-2,9,6,6,12,0,12,4,-6,11,7,18,-1,10,3,21,-6,-13,-2,-12,1,-25,-5,14,5,-5,17,8,1,4,16,16,-8,19,11,-24,-3,-19,-18,-5,-7,16,12,9,17,-5,9,-3,2,10,6,7,17,14,7,8,0,3,-5,7,29,3,20,25,0,14,10,18,10,17,24,35,1,25,-10,19,-11,16,2,33,-4,0,11,8,-8,9,17,13,8,-18,-12,0,22,-13,26,30,-4,-5,-1,-30,-13,-6,11,-20,0,0,0,-2,-2,-1,1,-1,-16,3,-23,9,-1,-15,-4,-3,-2,-1,0,-8,0,2,1,-2,0,0,2,-5,-2,-1,1,5,-2,-3,2,-2,-2,1,-4,1,-6,-1,-4,-1,2,1,-2,0,-5,10,-4,-1,0,0,0,0,1,0,-1,-2,0,-1,1,-1,-9,-8,-6,-2,-8,-15,-5,-5,-15,-6,-17,-11,-11,-6,-15,-9,-8,-14,-16,-19,-23,-8,-23,-3,-17,-10,-12,-12,-15,-8,-3,3,-14,-6,11,-8,-4,-15,-8,-8,-8,-12,-3,-6,-8,-4,-15,-4,-13,16,5,-8,-4,-9,-11,1,-12,-8,-3,-4,-6,-3,-6,-11,-11,-16,-13,-9,-7,-6,-5,-16,-15,-3,-22,-9,-22,-12,-8,-30,-5,-21,-10,-15,-15,-13,-12,6,-6,-1,-11,-9,-17,-4,4,13,-25,-13,15,-6,1,-5,-4,5,-7,-26,-17,-3,-5,-2,-9,-5,-6,24,9,0,-4,-22,-4,0,-14,-12,-8,2,-17,-4,-14,-1,-8,-10,-16,-16,-7,-7,-29,-27,-11,-5,-22,-28,-19,1,-21,-17,-24,-33,-17,-20,-30,-39,-35,-15,-18,-25,-20,-46,-31,-3,-23,15,-37,-11,20,-15,4,-13,0,-14,-18,-33,-3,-13,-11,-4,-13,-11,-14,29,-14,-4,-22,-15,-18,-9,-8,-18,-9,-3,-9,-8,-5,0,-33,-42,-36,-22,-2,-16,-24,-22,-24,-14,-17,-23,-61,4,-36,-42,-39,-36,-34,-62,-48,-38,-53,-33,-18,-45,-46,-35,-39,-15,-26,20,-17,-29,43,-27,33,-21,8,-16,-37,-42,-66,-14,-14,-18,-11,-17,-34,46,-36,-16,-24,-36,-21,-14,-24,-30,-25,-2,-22,-44,-7,22
-1,-2,-2,0,-2,2,-2,1,0,3,-3,3,3,1,0,0,-8,-1,29,5,2,-1,-3,-1,3,11,-11,4,3,0,0,0,-7,2,-4,1,-2,0,-5,-2,1,-3,5,-1,-6,-10,-1,0,4,6,-1,-16,-4,-9,4,13,1,2,-1,2,1,0,1,0,6,4,-3,6,-3,-4,0,-3,4,12,-2,-2,0,-4,-6,5,-2,14,-64,12,-2,4,3,-6,6,3,17,-6,-6,-7,7,-2,-3,0,-4,9,-2,1,-6,-4,-24,6,16,1,-5,-14,4,6,-14,6,-4,-2,3,1,-10,-3,-13,10,-12,9,-12,-8,-5,-15,18,2,0,1,19,2,-21,-4,-15,12,-3,41,1,2,1,-15,-10,-7,33,5,-5,-3,-3,2,4,15,-8,0,10,-5,-1,0,22,2,-8,1,-6,0,-8,-4,7,10,9,9,7,-1,8,-1,-7,-1,19,-3,-10,7,13,6,6,-4,4,-2,3,-7,6,-7,4,4,2,0,2,6,4,4,4,7,2,5,-1,-5,2,4,3,7,-8,18,5,4,-2,6,2,25,24,-2,25,7,-7,8,4,23,13,-1,9,8,8,6,0,4,-11,0,5,1,-3,2,4,1,7,5,5,5,9,-3,-16,17,-4,4,16,5,-3,-11,13,11,2,6,4,13,20,5,5,12,8,38,7,-3,11,8,7,1,19,13,8,-10,-12,-8,0,17,24,17,23,10,-9,15,-4,-3,12,6,-11,1,7,-5,26,21,6,13,-24,-6,-4,0,8,15,-8,33,-36,10,-12,32,11,18,0,6,-15,-28,19,20,-1,-2,2,-2,-1,-1,2,0,4,29,0,-11,6,-8,-19,-11,-9,8,-77,-2,-5,4,-7,-4,-5,26,-14,-2,-4,1,0,0,-4,-1,-6,-4,1,-1,0,-2,-1,-5,-1,-4,1,0,0,-1,0,-1,-1,-2,-1,0,1,-2,1,0,-2,-1,-1,2,0,1,-1,-26,-6,-5,-7,-20,-10,1,7,-8,-3,-16,-2,8,-5,-6,-22,-17,-60,-5,-4,-8,-3,-8,-10,23,-25,2,-4,-6,-1,-9,11,-7,-11,1,-2,-2,-5,-4,-3,-9,-7,-3,-2,-2,-4,-1,-13,-10,-7,0,-7,-6,-9,-2,1,-3,-4,3,-3,0,-3,-19,-20,0,-7,-16,-2,-5,-20,3,-10,-5,-4,7,-5,-3,-8,-3,-15,-12,-59,-12,-11,-17,-9,-9,1,23,-14,9,-8,-5,-6,-2,26,-2,-14,-12,2,-4,-7,-7,-11,-9,0,-8,-5,-11,-10,0,-9,0,-1,0,-7,-8,-6,-5,2,-2,-1,-8,0,-5,-4,-3,-9,4,0,-5,11,-1,-19,-1,-11,3,5,3,-11,-13,-13,-13,-24,-25,31,-8,2,-12,-13,-3,0,19,-10,16,-5,-8,-14,-8,31,0,-34,-15,11,8,-26,-7,-5,-13,-13,-15,-1,-5,-7,-7,-7,-5,-17,-9,-6,-7,-9,-11,-5,-7,-7,-9,-7,-4,-3,-6,-20,-1,11,-21,23,-21,-23,-10,-30,-39,-14,-38,-32,-28,-40,-12,-50,-44,40,-29,8,-45,-27,-43,-32,36,-23,42,-12,-25,-30,-26,48,-6,-30,-14,32,29,-26,-23,-22,-32,-24,-25,-27,-24,-17,-13,-27,0,-17,-9,-16,-19,-27,2,-28,-11,-5,-10,-12,-24,-8,5
-1,2,1,2,2,-2,2,0,-46,-40,-44,-43,-50,-51,-47,2,-41,-51,-45,-53,-51,-49,-48,3,-53,-44,-49,-52,-54,-46,-52,6,-38,-51,-39,-50,-47,-51,-35,6,-34,-28,-49,-20,-49,-24,-53,8,-18,-11,-16,-8,-10,-13,-18,-2,0,1,-1,0,-1,0,2,-1,11,12,9,12,6,6,3,3,10,15,10,11,7,7,5,7,8,12,10,11,11,7,5,8,10,11,11,7,7,7,5,6,8,7,10,10,11,1,5,6,7,8,9,6,4,8,8,2,0,6,4,6,3,8,6,9,0,3,2,3,5,3,1,1,-10,25,-18,21,-17,24,-7,24,18,-18,25,-15,22,-13,25,-10,-14,20,-11,26,-14,25,-11,19,21,-13,20,-10,23,-14,20,-15,-14,21,-12,22,-9,22,-18,23,23,-10,26,-13,20,-14,18,-21,-14,22,-12,21,-17,20,-20,19,21,-14,24,-19,22,-21,22,-19,-8,-9,-8,-8,-7,-7,-10,-10,-8,-7,-7,-6,-5,-4,-9,-9,-9,-10,-7,-8,-7,-10,-9,-11,-6,-10,-5,-8,-5,-7,-9,-6,-8,-5,-5,-7,-6,-11,-8,-5,-6,-7,-10,-10,-8,-10,-7,-8,-5,-7,-9,-10,-8,-8,-7,-8,-9,-11,-9,-11,-11,-10,-7,-7,-19,-7,-18,7,-22,-16,-7,-18,-16,-13,-6,-7,-13,-14,-13,-11,-26,-8,-16,-5,-22,-11,-20,-6,-12,-20,-15,-16,-12,-4,-10,-16,-21,-3,-6,-5,-13,-3,-5,-12,-13,0,-2,-19,-19,-21,-9,-19,-15,-15,-1,-6,-13,-1,-4,-13,-8,-18,-15,-14,-4,-3,-7,-13,2,-2,0,-1,-2,2,-3,-2,-5,-4,-14,-2,-14,-6,-9,-15,-4,-5,-6,-8,-9,-10,-9,-12,-3,-3,-6,-8,-7,-9,-11,-8,1,-1,-5,-8,-10,-11,-12,-11,1,-2,-2,-7,-11,-12,-11,-9,3,-7,-9,-10,-14,-7,-13,-4,0,2,-2,2,-2,-2,2,-1,-27,-20,-23,-27,-29,-25,-28,-28,-21,-23,-30,-25,-25,-32,-23,-24,-19,-30,-31,-35,-33,-27,-29,-26,-26,-27,-28,-38,-30,-29,-30,-32,-28,-24,-32,-28,-27,-26,-24,-29,-27,-31,-28,-24,-35,-26,-25,-30,-16,-27,-25,-26,-28,-28,-31,-23,-18,-30,-24,-31,-25,-28,-29,-25,-25,-15,-23,-21,-23,-18,-23,-38,-24,-26,-34,-22,-17,-21,-23,-27,-20,-15,-29,-11,-26,-18,-30,-31,-11,-28,-13,-32,-16,-26,-20,-24,-25,-13,-28,-18,-30,-21,-29,-15,-19,-28,-14,-27,-11,-23,-13,-27,-21,-21,-26,-16,-27,-14,-32,-39,-28,-28,-15,-25,-17,-25,-19,-31,-11,-9,-13,-12,-11,-14,-18,-18,-4,-11,-14,-13,-13,-8,-12,-11,-5,-7,-7,-8,-7,-8,-12,-10,-8,-3,-5,-11,-9,-12,-15,-8,-6,-4,-10,-12,-6,-7,-7,-3,-6,-4,-6,-11,-15,-11,-6,-2,-3,-11,-4,-8,-7,-7,-4,-7,-9,-10,-5,-7,-9,-8,-17,-12,-6,-11,-11,-17,-10,-2,-10,-15,-19,5,-7,-8,-48,-9,-29,-6,-3,4,-4,-23,-1,-20,-1,0,-4,0,-13,-5,-16,-8,-9,-2,0,-2,-19,8,-4,-13,5,-17,2,-21,1,-4,-15,-1,-22,-12,-23,-6,-7,-18,-19,-4,-6,-5,12,-4,2,-2,-19,-7,-6,2
-2,2,-1,-2,1,2,2,0,2,1,0,4,1,7,-2,3,-1,-3,-2,4,-2,10,-4,3,0,3,2,-1,0,-6,-2,5,-2,-3,1,-4,6,15,8,4,-2,11,-4,2,3,-4,0,-2,3,-28,8,12,18,21,5,2,-1,1,-2,0,-1,2,-1,0,20,5,9,1,15,3,2,3,6,9,2,9,-2,11,-4,7,-2,6,7,7,2,-5,7,-1,8,-6,3,-2,0,9,5,8,-1,6,-1,-1,11,-8,1,-14,8,-22,16,11,16,5,20,2,-7,35,-7,6,5,42,2,6,-3,-1,1,14,-13,10,16,20,6,6,4,4,-2,1,4,0,1,1,11,0,1,9,-3,-6,7,-5,-3,11,12,5,0,0,-4,9,-1,11,1,-5,0,9,0,-9,5,-2,-8,23,25,-2,8,6,1,12,-1,14,-2,23,2,3,11,10,25,10,28,4,9,3,0,5,-11,23,-3,8,12,0,6,7,14,3,13,2,5,11,9,-1,7,1,-11,19,8,13,-2,10,5,7,16,5,5,1,15,6,-2,14,11,13,13,13,-2,16,12,11,18,-3,6,11,1,1,15,11,-6,-1,-11,-7,5,-4,2,-6,10,-13,28,34,13,-12,24,17,5,16,19,7,1,12,5,7,8,7,9,22,11,2,16,0,8,12,16,11,0,14,12,16,13,4,-11,18,20,20,14,10,11,11,19,13,9,25,17,9,-4,3,21,47,-13,15,13,25,4,-9,1,5,2,3,-7,9,15,6,42,5,-8,11,24,31,14,21,-1,2,0,-1,0,-2,0,1,1,-28,4,-23,13,-28,-22,-38,-2,0,-2,-11,4,9,-11,2,-3,-5,-7,-2,2,1,1,0,0,-6,3,-1,-2,-2,4,1,-1,-5,-7,-3,2,-2,7,0,0,-4,1,2,0,-3,-2,1,0,-3,1,-1,-1,2,0,1,-3,7,2,-15,-22,-6,-2,3,-2,-17,-29,-1,2,-12,-29,-23,-4,-5,6,-2,3,-36,0,-9,-10,-19,-12,-26,10,-11,1,-5,-14,-8,15,-3,-25,-7,5,-11,-5,0,-23,1,-11,4,3,-4,-1,-12,-11,-8,-2,-13,-8,-8,-15,-10,-2,-7,-1,4,0,-8,-18,-2,-7,-9,7,-9,-20,-2,1,-14,-15,-8,0,-9,3,-26,-8,-6,-11,-6,8,-2,-40,-6,-11,-8,-11,-12,16,-26,5,-6,3,-14,20,-6,-28,0,-1,-12,-19,8,-9,-4,-7,-6,7,0,20,-17,-12,-8,-6,-7,-12,-1,-13,-3,-13,8,0,-2,-2,-3,-9,4,-28,-18,-4,-9,-14,-5,-6,-14,-6,-8,-7,-21,-15,-24,-11,-7,-7,-22,-2,-26,-27,-22,-17,-20,-13,-22,6,-29,6,-6,-16,-12,3,-29,-29,-13,-11,-21,-5,-15,-11,-10,-12,5,15,5,8,-11,-9,-19,-3,-13,-10,-14,-10,-12,-5,9,-3,-2,-3,0,-7,2,-31,-58,-27,-26,-40,-19,-13,-50,-33,-58,-22,-43,-3,-61,-17,-20,-17,-28,12,-38,-58,-38,-33,-35,-42,-46,19,-57,8,-22,-42,-25,13,-30,-56,-10,-10,-28,-11,-36,-20,-21,-23,-23,16,5,-8,-18,-41,-20,-12,-20,-32,-25,-19,-31,-13,3,-16,5,-12,6
-2,0,-3,0,-1,-1,-1,2,1,2,2,4,2,0,0,-1,0,1,0,0,0,1,0,0,1,1,0,0,-1,0,-1,0,0,0,0,0,1,1,0,-2,1,0,-3,0,0,0,1,2,-1,3,-4,-5,1,1,1,-1,0,1,2,2,-1,1,-2,1,-6,-98,-106,-68,-68,-41,-24,-3,-3,-5,0,2,0,3,1,4,-1,-4,-3,-1,3,1,2,2,2,1,1,-1,0,1,-4,0,-2,0,-3,-4,-2,0,1,-1,4,1,0,1,-2,0,1,-5,1,-2,0,-1,-1,-7,2,-1,-5,-4,-5,2,1,-3,1,-2,-3,-68,-126,-74,-51,-29,-23,-3,-2,2,-1,3,3,3,1,7,-1,-5,0,2,1,-1,1,1,1,1,1,-3,1,1,-1,1,2,1,0,1,-2,-3,2,1,1,-4,1,2,0,0,-2,0,-2,1,-1,-3,1,1,1,0,-1,3,-3,1,0,2,-3,0,22,22,24,24,23,23,23,22,-1,-7,-9,-2,-3,-1,1,4,1,-2,-8,-7,-4,-9,-2,2,3,-5,-9,-9,-5,-7,-2,-1,-3,-3,-3,-15,-3,-9,3,-1,-2,0,-1,-13,-3,-6,1,-1,-2,-1,-6,-7,-8,2,1,0,-3,-1,0,-1,-6,-6,-6,-5,22,11,8,12,9,11,11,17,10,2,1,0,6,3,3,6,4,5,-4,6,5,5,11,-1,3,7,7,-1,3,4,-3,-2,7,-3,-7,2,-6,3,6,2,-11,4,-2,1,11,-2,14,5,11,3,-8,4,-5,-2,1,2,3,-2,2,6,5,7,0,8,2,0,-1,-2,1,1,0,2,-4,-23,-4,-3,-14,-15,-2,-7,-3,1,0,4,4,2,0,0,-2,0,0,0,1,2,0,-1,1,0,0,0,-1,1,1,0,1,0,0,0,1,0,-2,-1,0,0,0,1,-1,-1,-1,0,-1,1,-1,-2,-1,-2,-1,1,-1,-10,-58,-31,-30,-24,-15,3,-2,0,-2,-8,-3,-1,0,-2,-5,-1,-6,1,1,-1,-6,-2,-3,-2,-2,-1,-2,-4,0,-1,-3,-4,-1,-1,-4,-1,-3,0,-4,-1,-3,-3,-2,-4,-2,-3,-1,-4,-4,-2,-2,-2,-4,2,-6,-2,-1,0,-3,-2,-2,-1,34,-60,-84,-51,-22,-39,24,23,-8,-3,-5,-2,-11,-6,-1,-4,-6,-3,0,0,0,-1,-2,-3,-3,1,-2,0,-4,-2,-2,-4,2,-5,-4,-2,-4,-3,-3,-4,-3,-4,-2,-1,-1,-3,-3,-1,-6,-3,-3,-1,-3,-2,-4,-4,-1,-3,-2,-2,-4,-2,2,-7,69,64,50,50,50,46,49,51,-2,-1,0,-3,1,-5,-1,-5,-15,-6,-7,-2,-5,-6,-3,-3,-5,-3,-5,-5,-7,-2,-4,-6,-7,-1,-5,-1,-6,-12,-4,-2,-6,-9,-6,-2,-1,-3,-4,-4,-4,-5,-5,-2,-3,-4,-3,-6,-6,-4,-6,-4,-2,-3,-3,-4,99,85,52,48,58,52,51,52,-4,-20,-12,-6,-16,-5,-23,-13,-19,-26,-6,-16,-32,-11,-18,-14,-36,-9,-19,-51,-38,-50,-9,-13,-14,-12,-11,-33,-17,-17,-19,-13,-19,-15,-11,-13,-12,-12,-16,-16,-24,-25,-8,-10,-13,-16,-15,-8,-25,-14,-10,-10,-9,-15,-15,-9
-2,2,-2,1,2,0,-1,-2,-1,7,0,-4,-1,0,-2,2,1,1,0,-5,0,-2,0,-4,1,1,1,1,1,-2,-6,-9,0,1,0,-9,-12,-23,-20,-14,2,2,0,2,-26,-22,-24,-29,-8,6,3,0,-8,-9,-33,-12,0,2,2,2,-1,-2,-2,-2,2,-3,-1,-3,-5,3,-7,3,-1,-2,-2,-3,-1,-8,1,-10,-3,-2,-3,7,-1,-2,-12,-6,-6,-1,2,-4,-8,-7,-15,-6,1,-3,8,-18,-4,-11,-6,-14,6,-3,3,9,-14,1,-7,-25,-3,0,-7,-4,-5,-18,-9,-19,5,9,-11,-8,-5,-2,-12,-20,-10,-4,-9,2,4,1,2,-4,2,-3,-4,-7,-2,5,-1,3,4,1,-4,-9,-2,-3,1,-4,-1,3,-1,-4,-15,-7,-2,-9,0,2,7,-2,-6,-7,-7,3,4,0,4,8,-9,-11,-8,-6,-8,-6,10,0,-1,-2,-4,1,-7,9,1,-12,-2,-11,5,12,2,5,-1,0,2,-4,-1,-3,-1,0,0,4,5,10,-15,1,0,7,4,3,7,10,-4,8,-2,-1,-4,1,7,-7,-9,-3,3,7,6,7,13,8,-2,4,10,7,6,2,6,15,3,10,2,1,-4,7,6,-6,-16,-10,0,3,-8,0,5,8,-5,3,11,12,1,10,13,9,7,9,11,1,11,4,10,10,12,16,7,6,20,12,12,8,-1,27,-4,4,12,18,4,-10,0,14,0,9,13,14,24,22,-12,24,5,13,-3,13,3,43,-3,6,1,8,4,-8,4,20,1,-2,13,21,5,11,-14,32,-11,9,2,-1,2,-1,2,1,2,2,-24,-15,-29,-2,-2,7,0,1,-8,-3,-7,-3,4,-3,4,0,-2,0,2,2,4,5,2,1,4,4,5,3,3,5,-2,-1,4,3,3,0,-4,-7,-9,-3,2,1,2,3,3,-5,-7,-5,1,1,-2,0,-1,2,-1,0,-5,-4,-6,-2,1,8,-1,7,-4,-2,-16,-3,8,2,-1,0,-7,-7,-8,2,-10,-5,-12,3,-2,0,-10,1,-8,-11,-11,0,2,1,3,0,-3,-9,-9,-7,4,3,0,-1,-4,-8,-10,-9,5,-1,4,1,3,-14,-11,-11,18,4,8,-5,1,-2,-7,-14,-1,-15,0,-12,7,1,-1,-6,-8,-1,-11,2,-14,-1,-13,0,0,-6,-8,-11,-2,-24,-2,-5,-9,-2,-9,-12,-18,-7,-26,-2,2,-7,0,-9,1,-11,-9,-19,-7,-1,-7,-1,-12,-2,-8,-2,5,-5,-3,-6,3,-7,-9,-4,-2,1,-5,2,-8,-1,-7,-3,-6,-11,-2,-3,-5,5,-4,-1,-10,-6,-8,-15,-9,-12,4,-14,-11,-7,-2,-10,-9,-8,1,4,-12,-5,-4,-7,-5,1,-2,-3,1,0,6,4,3,-5,-28,-11,-3,-9,-10,-2,-13,-17,-19,-33,-1,-2,-4,4,-4,-16,-25,-28,-3,-1,-2,-6,-3,-9,-14,-17,-7,-21,-17,-17,-14,-10,-25,-27,-39,-44,-17,-32,-39,-19,-19,-7,-17,-16,-34,-27,-26,-28,-7,-22,-26,-23,-19,-22,-35,-24,-29,-4,-6,-12,1,-5,-1,-18,-51,-17,-6,-16,-16,-9,-24,-14,-27,-16,8,13,-4,-1,1,-11,-36,-8,-12,7,0,-1,11,5,-35,-8
-1,2,-1,-2,2,1,2,1,2,-6,-6,8,3,-2,-2,-4,-2,-12,-3,14,2,-1,-3,-2,4,16,-1,-3,-1,4,1,0,4,-18,-2,-4,1,-4,3,-1,-16,-9,12,-3,1,0,-15,3,28,15,-6,15,-11,-5,-1,-18,0,0,-1,1,-2,1,2,0,-13,-11,0,18,-18,-4,2,14,-10,5,-12,-12,-1,16,-3,-11,-4,-30,-4,9,2,-1,-2,1,4,2,-3,-4,-7,1,5,-5,-6,10,1,-20,-4,-13,-6,-6,21,-6,-15,0,-19,-4,-15,0,11,3,-9,-10,-10,-4,-2,7,38,10,-11,2,15,-16,-15,-4,-5,-15,-5,11,11,-8,-1,0,-4,-2,-4,11,-1,1,2,5,-5,-2,-4,4,1,9,-32,3,21,15,5,-8,-3,-8,12,4,8,0,-23,-5,-1,-30,0,9,9,2,1,-3,-15,2,-3,-5,0,9,2,5,-3,-3,-16,-5,7,5,12,7,7,-5,7,-5,4,0,7,6,3,-1,0,7,13,9,-1,11,-7,-2,-2,4,7,6,7,19,-3,3,5,-1,7,-17,7,-6,-9,16,-7,4,19,12,13,20,5,10,-4,22,-2,13,15,15,-22,-3,1,13,2,-10,4,6,-14,0,-16,8,9,7,-8,8,-1,-1,0,-4,-6,15,1,6,-11,-7,-4,17,18,17,0,4,5,17,-5,-1,14,15,12,44,-13,7,0,12,22,23,33,21,-5,10,21,-2,33,26,31,-10,2,0,-3,18,14,-1,10,39,-14,18,-6,-25,0,17,25,-8,-9,-2,7,-3,43,34,12,29,25,10,6,-9,-1,-1,2,1,-2,2,-2,0,-23,-19,-17,17,-25,-28,-38,7,5,-2,-15,12,-13,-1,-16,5,6,-11,-10,8,1,-3,-1,2,12,-1,-5,-1,-2,-3,-2,0,9,6,-10,4,-1,-1,-1,-1,8,0,-13,2,0,-1,3,-2,2,2,1,-2,-2,2,0,1,4,-18,-20,-8,8,-8,9,9,6,-31,-10,7,-4,-29,9,7,-10,-9,-11,-4,3,10,2,15,6,-11,-8,6,-7,-3,1,4,7,3,2,-8,-4,4,-3,8,-4,-8,-9,-3,2,4,-5,4,-13,-11,-10,-1,-9,-4,-3,-6,1,-11,10,3,2,4,-1,4,-13,-4,-7,0,-12,-13,0,1,3,-2,-9,-3,-4,-8,-5,-16,-12,-20,-5,8,-19,-9,-14,5,-4,-3,-3,1,1,-4,-4,-20,-5,-1,0,-10,-6,2,-20,-2,-2,-4,-11,-5,-6,7,-3,-6,-6,-24,-10,-4,-2,-10,6,-8,-13,-3,6,-5,1,8,-9,15,-20,-38,-9,19,-9,-16,-9,-1,-5,-18,-16,-28,-6,12,-12,-4,-7,-11,-3,-4,-11,-12,-18,1,-13,-8,-17,-10,-11,-9,-11,2,-4,-5,0,-10,-4,-8,-10,0,8,-20,-18,-22,-8,-3,-12,-5,-12,-9,-17,-10,-20,-15,-10,-7,-21,-13,-11,-22,-15,-14,-12,-6,-40,-21,-17,13,-32,-35,-21,10,-11,-28,-8,-32,-18,-18,-21,-32,-22,-19,-7,-24,-14,-22,-17,-23,-38,-29,-37,-27,-31,-18,-22,-13,4,17,2,-6,-24,-10,-33,1,14,-2,-44,-11,-16,-18,-10,1,3,-44,-8,-25,-29,-31,-13,-22,-31,-10,1,-18,-29,-5,-51,-3
3,-1,-2,-2,0,0,1,0,-1,-1,-1,0,0,0,0,0,-3,-4,-2,-1,0,-1,-1,-1,-1,-6,-3,-3,-1,0,-1,-1,-4,38,-5,55,-1,-1,-2,-1,0,-14,15,-8,-4,-4,0,1,0,-4,-5,-13,-2,-9,-3,1,2,-1,2,-1,-2,2,2,-2,-2,1,-2,3,0,0,2,-4,2,2,0,1,3,2,-6,-3,-1,3,-1,1,1,2,1,1,-2,18,1,10,-3,-4,4,0,22,-4,-12,-2,16,-3,0,1,-3,-2,-2,-10,-8,1,5,-2,25,0,-10,2,28,5,-7,-9,1,21,1,2,-4,-8,-6,0,1,5,0,-2,-5,1,-7,4,-2,1,0,1,3,1,3,-2,0,-1,2,0,-1,1,0,-1,15,-1,-4,-2,-2,0,-4,-3,-2,8,-6,5,-2,-8,-4,-2,-7,-7,3,-1,-5,2,-5,-5,-4,7,-4,3,-1,-10,-4,-3,14,-4,-6,1,4,-1,-8,1,4,5,5,5,0,5,3,4,3,-2,3,2,4,3,3,2,5,4,-1,6,4,4,-3,4,1,2,9,4,-3,-1,3,-1,0,-3,11,-1,-12,4,0,2,4,11,-5,10,7,12,13,-1,-3,-8,6,-5,-4,5,-1,-3,-7,-2,1,-1,-7,-5,5,2,3,11,8,8,8,6,3,12,8,6,11,8,10,10,3,-1,4,8,5,6,8,10,7,7,10,-2,6,-1,7,3,-4,-3,11,3,12,7,-1,1,5,4,17,8,0,5,-8,-6,6,8,2,-2,4,16,-15,1,-5,-5,1,-2,16,-22,4,-22,5,-6,2,-1,-1,2,0,1,-1,0,-6,-7,-10,-3,-23,-4,-10,-11,-4,-1,-3,-6,-4,-7,-3,-1,-2,-4,-4,-1,-2,-3,-2,-1,-2,-4,-2,0,-1,-1,-1,-1,-2,-4,19,-2,-2,-2,0,0,-3,-3,-1,-5,-1,-1,-1,0,-2,1,2,0,1,0,2,0,-5,3,-2,7,-8,3,-2,-7,-4,-1,-1,-11,-5,-5,-4,-7,1,-5,-12,-9,-17,-7,-12,2,-12,-9,-11,-11,-7,-8,-7,-3,-8,-14,-11,-5,-7,-6,-7,-3,-8,-11,68,-9,-8,-4,-2,-5,-11,-12,-6,-7,-7,-7,-4,-5,-10,-8,-8,-4,-6,-5,-3,-9,-9,-8,-5,-8,-5,-3,-11,-8,-1,-8,-8,-8,-14,-13,-7,-9,-12,-4,-6,-11,-8,-15,-5,-1,-7,-6,-12,-8,-8,-11,-8,-2,-4,-23,-7,-6,-6,-6,-6,-5,-14,-13,70,-7,-9,-5,-4,-3,-11,-3,-12,-4,-4,-5,-5,-9,-7,-8,-5,-6,-3,-2,-3,0,-8,-7,-10,-12,-8,-4,-2,-7,-6,-10,-19,-7,-8,-6,0,-9,-15,-9,-15,-29,-12,-12,-9,-2,-11,-18,-11,-18,-9,-18,-13,-12,-13,-15,-19,-9,-19,-16,-19,-7,-18,-13,68,-14,-9,-5,-4,-9,-9,-6,-3,-6,-13,-8,-9,-6,-7,-12,-9,-8,-7,-5,-5,-5,-23,-16,-40,-26,-32,-9,-23,-25,-20,-43,-18,-27,-27,-36,-27,-20,-38,-21,-25,-39,-48,-24,-19,-18,-24,-38,-30,-26,-36,-25,-25,-16,-15,-12,-25,-20,-30,-23,-26,-16,-13,-19,80,-20,-19,-16,-21,-15,-16,-10,-15,-12,-13,-14,-23,-8,-10,-14,-15,-10,-13,-8,-6,-12
-2,-2,2,-1,0,-2,-1,0,5,4,2,-2,-1,2,-1,2,5,2,5,-2,-2,0,-2,3,9,3,5,3,1,3,0,2,18,15,10,2,-2,2,-3,-1,25,13,27,25,24,25,30,-3,-10,-1,-16,-9,18,-15,-2,-9,2,-1,-2,2,-1,2,2,1,0,2,0,2,6,4,3,10,8,7,-3,-1,1,-1,3,-6,5,-9,1,-8,-5,0,-4,5,16,8,6,6,-5,1,-14,-2,15,-8,28,45,18,13,4,-4,5,7,1,18,-4,-8,12,7,10,8,0,15,-25,-3,-8,13,23,0,17,20,9,-27,17,13,6,-1,4,3,15,8,1,3,5,3,6,2,2,9,2,4,1,-10,4,0,6,5,4,-4,7,11,3,4,11,-3,-6,-3,20,19,11,18,2,-9,1,10,21,20,15,16,10,9,25,-6,13,11,7,7,3,1,-4,-2,11,-3,3,19,20,4,12,7,6,7,5,2,1,5,8,7,6,7,-6,4,0,4,9,10,7,12,2,-7,2,4,-2,8,7,8,6,1,6,2,-9,4,20,20,-8,-21,11,9,-9,5,19,19,15,20,12,4,5,15,23,31,26,35,24,28,23,22,22,25,32,-11,4,28,14,17,11,10,14,9,8,6,13,12,2,7,6,8,10,3,4,5,15,2,-2,4,9,7,-3,7,6,9,7,7,9,-26,-7,16,30,11,3,20,4,1,10,-2,17,17,25,6,-20,-9,12,19,25,29,11,14,19,7,24,2,19,8,27,11,36,19,17,13,-1,-1,-1,1,-2,0,2,1,4,-12,7,2,19,-12,6,1,2,-3,0,3,-4,0,-2,-1,0,-4,-2,-5,-1,-2,-3,0,-6,-2,1,-2,1,1,0,1,-5,-3,-6,2,-4,-2,-2,-1,-8,-3,-4,0,0,4,-1,1,-1,-2,-1,1,2,0,0,0,-6,-10,1,-12,-4,-10,-10,-5,1,-7,-1,-13,-7,5,-11,-5,-6,-9,1,2,-12,-17,-11,-2,4,-10,-5,-10,-3,-11,-7,-9,1,-2,-2,-1,-5,-1,-5,-2,-2,14,-7,-12,-9,-5,3,-2,-9,10,-3,-7,4,9,-6,2,2,-7,-2,-10,-8,-6,-4,-3,3,-9,-2,-6,-4,-3,-20,-5,-5,-3,4,-8,2,-15,-10,-5,-11,-1,-3,3,-16,-5,-6,2,1,-7,-6,-12,-3,-9,-4,-9,-2,0,-15,-5,-6,1,-5,-6,-3,8,-5,-15,-9,-4,8,-8,-12,6,-2,-3,4,17,-7,9,-6,-4,-8,-14,-1,-2,-19,-5,-6,-7,-3,-2,-10,-14,-6,-10,-13,-23,-9,-13,-19,-9,-12,-2,-15,-12,-12,-12,-22,-18,-1,-13,-5,-13,-16,-16,-11,-18,-12,-11,3,11,-11,-3,-5,-10,-4,-4,-6,23,-11,-25,-24,-13,-4,-9,-14,22,4,-6,12,19,-11,7,-5,-13,-9,-5,-9,-9,-7,-6,-15,-10,-18,-33,-7,-24,-19,-2,-19,-16,-38,-38,-48,-39,-25,-5,-15,-28,-6,-15,-2,-21,-6,-18,1,-5,-20,-39,-31,-13,-39,-29,-15,24,-63,-42,-31,-33,-19,-6,23,40,34,-41,-22,-14,-14,-40,-32,43,18,17,39,41,-21,5,-9,-8,-18,-7,-19,-2,-9,-17
-2,-1,2,0,-1,0,2,-2,3,1,-1,1,10,-6,10,0,2,1,0,-1,1,-27,1,1,1,2,-1,1,1,1,0,0,1,-3,-2,-1,0,-1,-1,-4,2,-3,-3,-3,-2,-3,-5,-1,-8,-7,-6,-5,-16,2,-1,-4,-2,-3,1,-2,1,1,-2,-2,-9,0,-13,-6,19,-11,20,-3,-2,1,6,11,-21,-13,-9,20,1,-5,1,-3,-6,-18,-11,0,-7,-8,0,16,-4,-5,-10,21,-14,-2,-8,-1,15,0,15,-3,-6,-6,-5,-7,-8,-2,-4,-11,-3,-12,-10,-18,-6,7,-9,3,1,3,2,0,-13,-12,-25,-10,-1,-2,-1,10,-3,-5,-11,13,1,0,-2,-2,12,-4,6,-10,-2,-4,-3,-3,0,-14,1,-4,-7,-2,-3,-10,10,-2,12,0,-1,-3,-2,0,-7,-9,-2,9,-4,5,0,-4,-6,-7,-5,-6,-8,6,-9,-10,6,-2,-5,0,-2,-6,-8,-1,-1,-24,-5,0,3,3,1,1,2,10,-1,2,4,-4,0,-4,-10,17,-4,-7,-1,6,4,10,15,-11,15,7,1,5,-1,4,5,16,-9,-8,0,-2,2,-2,-9,14,2,-1,2,0,-2,-8,-5,0,-6,-8,0,-1,-5,1,0,12,2,-1,6,2,-6,0,0,-4,1,-6,3,0,4,13,-1,12,-7,6,4,4,-1,-8,20,21,14,-14,8,4,9,4,18,-11,14,11,2,-14,-2,-6,16,9,18,-9,-6,-5,2,9,-6,5,-10,19,7,-5,9,-3,5,13,-10,-16,2,2,-5,1,-6,0,-6,-10,-4,4,-4,-2,-11,-5,-3,-3,-2,1,0,-2,2,0,-1,-2,-8,-2,-15,-15,-3,-18,-18,-11,-2,-7,-4,-8,-2,43,4,-6,-2,-3,-2,0,-39,1,-44,-1,-3,-3,-1,-2,0,0,-2,-2,-1,0,-1,0,-1,0,-2,-2,-2,-1,-2,-1,-2,-1,0,-2,-2,2,-3,2,0,0,2,1,0,-13,-3,-2,-39,-7,-41,-9,-5,-2,-6,-30,-11,1,-2,-34,-2,-8,-3,-7,-7,78,-8,-13,-5,-2,-3,-31,-4,-6,-4,-33,-4,-7,-6,0,-29,-4,-34,0,-3,-5,-6,1,-2,0,-4,-3,-6,-5,-5,-1,-1,-4,-2,-2,-3,-4,-2,3,3,-2,-3,-4,-5,-11,3,-25,-24,-11,-5,-27,-10,-5,1,-8,-31,-4,-25,-16,-8,-11,-9,-5,-8,70,2,-15,-6,-3,-9,-7,-35,4,-33,-5,-6,-13,-2,-29,-5,-6,-7,-33,-7,-6,-34,1,-5,-1,-5,-2,-10,-24,-1,-10,-3,-6,0,-6,-30,-5,-7,-2,-7,0,-10,-7,-19,-6,-19,-10,-21,-39,-35,-6,-8,-17,-11,-29,-14,-33,-5,-26,-49,-38,-31,-38,-30,77,-34,-46,-7,-4,-6,-16,-16,-26,-10,-7,-4,-11,-4,-5,-11,-29,-12,0,-6,-7,-7,-3,-12,-26,-12,-5,-5,-11,-4,-11,-11,-27,-4,-7,-4,-4,-3,-3,-4,-15,-3,-4,-22,-28,-22,-31,-51,-30,-33,-35,-20,-23,-19,-24,-37,-50,-37,-6,-15,-34,-46,-31,-46,79,-37,-35,-14,-20,-25,-26,-38,-18,-30,-12,-10,-27,-5,-14,-26,-32,-28,-21,-18,-13,-31,-10,-16,-25,-18,-9,-19,-23,-10,-11,-16,-21,-12,-8,-24,-12,-9,-12,-8,-20,-11,-9
-2,2,1,-2,-1,-1,-1,-2,4,-6,3,3,-10,-3,1,-4,0,4,0,-5,-8,-2,-14,-1,1,-1,-2,-1,10,4,-21,-1,2,5,5,3,16,4,-16,2,2,6,6,11,2,4,6,-8,-2,-9,13,12,-2,1,15,7,1,-1,1,2,2,-2,-1,0,4,2,4,0,5,-4,6,6,5,10,4,5,4,10,6,1,4,16,0,2,2,7,-6,4,8,5,0,6,10,1,-15,11,-2,1,5,8,14,-5,0,-8,11,-8,0,5,1,-2,11,-11,-1,5,10,-6,2,15,13,-1,-6,17,-14,-11,-1,10,-13,7,9,3,7,11,13,9,4,3,7,4,1,9,4,13,8,3,8,13,13,2,4,5,3,14,6,8,10,-1,-3,-3,-10,16,11,2,-3,11,10,4,4,2,9,6,4,-4,6,5,0,6,3,6,10,4,-1,2,7,-9,-10,-11,2,-10,-15,-19,10,-10,4,9,12,11,17,1,6,12,13,9,13,14,-9,8,9,9,4,12,7,19,21,13,14,26,14,5,-4,0,-4,5,7,30,10,1,-3,12,11,-2,2,-7,6,2,1,0,9,13,-8,13,11,13,-4,15,13,7,8,23,12,2,9,16,8,13,27,4,1,6,15,20,22,21,10,10,10,7,7,20,8,18,12,-3,15,19,-1,12,16,18,17,26,11,-10,14,5,1,4,13,28,3,-1,-1,24,12,-15,31,13,3,-7,24,17,14,18,8,16,6,-4,11,23,1,17,35,13,12,18,-1,3,2,15,9,3,1,0,0,2,-1,0,2,-1,-2,2,-4,7,5,-11,11,3,-3,-6,-9,3,-5,5,1,13,-5,-2,-3,-1,-10,-4,-13,11,1,-4,-1,-2,3,4,-13,14,2,-1,6,-7,2,-1,6,13,2,-3,3,-3,-2,-9,-1,9,2,2,-1,-1,2,-2,-1,1,4,-23,-7,-7,-18,-24,2,5,-6,-11,3,10,-2,-34,-15,15,-8,16,-9,-24,-7,-8,-5,6,-8,-10,-4,-13,-15,-17,-15,1,-3,-17,-8,-8,-5,-13,-17,-19,-6,-5,-3,-3,-9,-11,-12,-22,-4,-4,-7,-3,-7,-4,-20,-5,-2,-6,-3,-2,0,4,-6,-10,-8,-9,-5,0,-13,-7,-20,1,0,-6,-5,-13,8,-19,-2,1,-26,3,-4,-5,-6,-1,-19,8,-8,-11,-1,-12,-6,-24,-13,-19,-13,-7,-28,-6,-13,-11,-29,-9,5,-19,0,-10,-4,-13,8,-40,-30,1,-8,3,-19,-1,-15,3,-5,-7,-1,-10,-4,-16,-2,-4,-10,-17,-5,-11,-15,-13,-6,-1,-10,-10,-11,-4,-7,-5,-31,1,-7,5,-5,-21,-12,-12,-23,-8,-14,-13,-12,-14,-20,-14,-20,-7,-8,-5,-14,-8,-10,-17,-4,-14,5,-4,-3,-8,-3,-1,-19,-1,-9,-7,-4,-6,-13,-4,-23,-1,-1,0,0,0,-4,-11,-7,8,-1,-34,-10,9,-4,-32,-12,2,-28,-5,-3,-16,-11,-27,-7,-8,-31,4,-7,-13,-21,-4,-14,-2,-21,-20,-19,-31,-28,-22,-2,-16,-12,-16,-34,-13,-28,-19,-22,-23,-5,-18,-23,-8,-18,-10,-24,-35,-19,-11,-6,-15,-16,-11,-24,-3,-10,-6,-8,-8,-10,-29,-17,9
-2,1,1,1,0,-2,0,1,1,-1,4,9,0,8,7,1,-3,-5,1,9,-3,6,6,9,-1,-8,3,-3,15,7,23,8,-7,-10,-3,13,3,20,4,11,-9,-7,-5,0,21,-4,1,-7,18,-13,14,-20,-5,-6,2,6,1,-1,2,1,2,-2,-2,0,4,4,1,14,1,13,11,12,0,-6,-6,5,4,15,10,6,-1,-2,2,4,12,2,3,14,5,-9,3,3,16,19,7,3,4,-5,2,6,12,-1,21,13,-16,15,-13,-2,2,1,3,16,-10,-1,-1,-4,-2,-19,2,19,-3,17,-30,10,4,22,-8,16,7,-4,6,11,8,0,15,10,7,3,12,8,5,1,10,0,3,11,13,3,12,7,2,15,8,2,13,21,9,4,26,9,2,-5,-15,13,0,22,3,17,-8,-9,-5,-11,28,-18,6,-7,1,-1,-13,9,-5,8,-1,2,-2,9,2,1,7,-37,6,10,3,7,3,0,2,4,6,7,2,4,4,-3,3,-6,-4,-2,3,10,-4,6,8,3,10,-5,-9,4,-3,3,-3,-3,4,9,-3,-4,-11,-15,3,17,-3,-2,-2,9,6,-2,-1,11,16,10,-8,13,8,-2,4,-27,14,1,-7,-2,1,-6,5,5,19,-7,10,7,6,9,6,2,5,7,1,0,12,10,8,10,3,-11,1,7,16,7,10,-10,5,0,-12,10,-6,9,-1,2,8,-17,5,-10,-4,-17,-11,-2,-2,-7,-9,8,0,-24,-4,4,9,4,19,1,16,1,-24,3,5,-8,15,7,18,8,16,17,-2,-27,1,-2,-2,1,-2,2,-3,2,-9,3,-10,-5,-7,-12,-13,4,-10,1,0,-7,-7,1,4,-5,-8,-6,-6,-4,-1,-3,2,7,-3,-3,-4,2,-6,-1,0,-3,-1,0,-3,-2,0,-1,2,-3,-2,0,-3,-1,-1,1,1,-1,-1,-1,-1,0,1,0,-1,-1,-8,4,-11,-6,-2,12,-4,-5,-13,0,-12,-9,-8,6,-5,-5,-8,13,13,-16,11,-2,-4,-4,-15,-7,-4,-16,4,-9,11,-13,-13,-9,-2,-1,-7,5,3,7,-3,-4,-9,-7,7,4,12,0,-2,-4,-5,-1,0,12,-1,-3,1,-1,-22,-2,-2,-1,1,-1,-9,17,-13,-15,7,3,-1,3,-1,15,-13,-4,-11,-2,-19,-8,-16,14,33,-12,13,2,-10,24,-7,-12,8,-22,15,-16,14,-14,-13,-9,-13,6,-9,11,0,20,-12,-21,0,-5,16,-2,18,-10,-8,-6,-12,0,-5,12,-2,-1,-14,2,-6,-10,-6,-3,-4,1,-19,-3,-19,-7,0,-23,4,17,-14,18,9,-4,-28,-19,5,5,-32,19,23,-26,33,-20,-5,25,-19,-16,1,-23,-9,-5,19,6,-14,-15,-8,31,-10,27,17,24,-9,-11,-15,-10,36,6,26,-4,-6,-16,-4,5,-6,25,-7,-3,-6,0,-11,-2,-9,-5,0,-3,-21,-32,-15,-5,4,-8,13,4,-24,18,-26,6,-22,-2,-33,-13,-50,14,23,-49,27,-1,-33,26,-24,-34,-4,-33,2,-24,40,-15,-26,-38,-24,17,-18,26,13,21,-32,-16,-30,-21,33,-3,30,-17,-17,-33,-17,-7,-19,29,-14,-17,-6,-7,-17,-15,-26,-3,-5,-7
2,1,1,1,3,2,-2,-1,0,0,1,3,0,2,-1,-6,-1,1,1,3,3,-1,0,-9,0,2,2,3,4,2,-1,-11,0,-1,5,7,5,4,-1,30,-5,-2,0,11,10,6,11,66,-10,8,0,8,9,3,11,65,-1,-2,-1,0,0,-1,0,2,4,3,-1,2,3,-1,-1,6,-6,-1,3,2,0,0,-3,4,-1,1,3,4,2,-2,0,1,1,3,-1,4,-2,1,-1,2,-1,1,6,5,2,4,-1,6,7,0,-3,5,4,5,9,1,-3,7,10,2,0,1,8,20,4,5,1,-1,4,9,15,20,8,3,6,5,3,0,3,7,-6,5,2,8,4,7,-2,13,4,5,8,5,4,0,4,4,4,5,-1,7,-1,3,1,3,5,3,4,3,6,-2,7,3,1,3,-1,2,2,8,4,1,-2,0,7,-5,11,-2,12,5,-4,5,5,9,4,0,10,6,6,4,5,6,9,8,9,11,5,5,5,5,6,9,11,14,3,8,0,5,6,9,9,13,1,12,0,-5,-2,10,11,13,4,0,6,3,-2,4,11,6,-3,13,9,7,9,10,10,0,2,6,4,11,0,8,11,-2,11,10,7,13,8,8,11,13,11,-5,5,9,10,15,-1,17,-6,17,0,2,5,4,19,20,-5,3,6,8,7,12,9,15,-10,-3,-14,-2,-9,2,14,13,0,2,-5,10,6,-3,11,8,-17,16,14,14,-3,7,12,9,0,-11,17,-27,-7,12,11,4,11,15,14,7,20,-27,16,17,-1,-2,-1,0,-1,2,1,-2,-4,-2,1,-11,-5,1,-3,8,-4,-4,-2,-3,-2,-1,1,0,-2,-2,-1,0,1,0,1,-1,-2,-1,1,1,2,2,6,-3,0,0,2,2,3,4,4,-38,1,1,2,3,0,-2,-5,-97,-2,0,1,-1,1,2,2,-1,3,-4,-4,-4,-3,2,-6,0,0,1,-4,-5,-3,4,-1,5,3,2,1,-5,3,-6,2,2,0,0,3,1,0,0,-6,-1,3,-3,-1,1,-2,-1,-13,-4,1,3,3,0,-4,-4,-2,-6,5,-1,2,-1,0,-9,6,-36,5,5,3,2,0,-15,3,-112,1,-12,-2,1,0,2,4,9,-1,0,-1,-5,-6,-1,5,10,2,1,-2,-4,-6,1,2,-6,0,-1,2,2,-1,0,-3,6,-3,1,-2,2,-2,-5,-14,1,3,-1,1,-1,0,-5,-2,-15,6,4,3,1,2,-1,-1,-46,6,3,6,-1,4,0,-5,-31,-4,-8,-10,-8,-5,-7,-11,-33,-3,-5,1,-11,-2,-2,-6,-26,-4,-1,6,1,-6,-1,-2,-46,1,-2,-2,-5,0,-1,-5,-42,-2,-5,-3,-1,2,-3,-14,-46,-5,-3,-4,-2,-3,-12,0,-53,-4,-3,-1,-3,-6,-13,-13,-93,-5,-7,-7,-12,-9,-14,-17,-127,-7,-5,-15,-6,6,-16,-17,-20,-10,-9,-24,-11,-33,-20,-22,-31,-6,-11,-6,-12,-8,-15,-20,-43,-12,-9,-19,-20,-13,-5,-18,-27,-10,-11,-13,-14,-12,-18,-50,-31,-26,-7,-14,-10,-20,-19,-5,-37,-7,-10,-5,-5,-13,-30,-13,-46,-17,-6,-8,-7,-8,-9,-34,-51
1,1,-1,2,0,-2,-2,0,0,0,3,3,-2,-22,-2,5,0,3,1,2,-3,-33,0,4,1,2,4,2,-2,-31,-3,5,2,3,3,3,1,-19,-1,6,3,2,3,5,0,-15,1,5,2,-1,5,10,-8,-4,1,8,-1,1,1,-2,1,0,0,-2,8,9,8,-7,7,6,7,0,10,9,4,2,5,2,3,3,10,8,5,-1,-3,-5,-1,-4,6,2,7,4,-8,1,-10,1,9,8,2,-2,0,-1,3,-2,2,13,7,3,-18,1,-20,-10,6,10,8,12,3,12,-3,-21,2,19,-6,3,11,4,6,3,5,5,8,2,-3,12,11,8,8,8,5,5,1,7,7,3,9,6,6,5,0,-1,-10,1,10,1,10,-2,-6,4,-12,-7,6,10,-16,0,-6,2,-2,-12,3,2,6,-2,1,9,0,-12,5,-1,2,13,-8,10,-6,-3,2,-3,5,-3,1,13,3,0,15,13,14,11,9,-12,9,11,12,15,9,11,3,-18,4,9,10,6,6,3,6,-36,2,3,7,9,5,1,-5,-34,-8,5,9,13,0,2,-3,-37,5,4,15,4,4,9,-6,-21,-8,-4,11,11,12,14,7,-16,0,12,15,8,9,14,8,-19,11,12,21,19,19,18,10,21,6,18,16,19,15,10,9,14,14,16,14,15,8,12,-1,8,-5,3,17,15,10,0,-14,4,-15,6,15,15,10,2,-1,8,4,5,12,21,17,17,18,11,8,16,9,22,8,27,5,26,4,20,9,17,21,12,14,23,13,13,2,1,1,2,0,-2,-1,-2,-17,-4,-4,1,0,-14,-8,-5,-4,-1,-3,-1,0,-31,2,4,-3,-3,-2,-5,-4,-41,-9,6,-1,-1,0,-2,-9,-54,-7,3,-2,-3,0,-4,-8,-50,-7,4,-2,-2,-3,-3,-5,-37,-4,4,1,1,1,-1,-2,0,1,-1,-7,-8,-11,-8,-3,4,-9,6,-3,-4,-7,-4,-11,-6,-1,-3,-4,-9,-6,-1,6,-14,-6,-5,-8,-7,-6,-3,4,-23,5,7,-12,-11,-4,-4,-1,-16,1,-5,-6,-9,-6,-10,-8,-15,-5,-6,-11,-12,-7,-9,-9,-25,-11,-7,-11,-11,-10,-14,-13,-4,-14,-8,-3,-5,-4,-9,-10,6,-7,5,-1,-1,-12,3,-11,-9,-10,-5,1,-16,-5,-2,2,-15,2,-5,-9,-2,-8,-3,-3,-8,3,5,-13,-10,3,-1,-3,-17,4,4,-4,-2,-6,0,-4,-17,-1,2,-8,-5,-6,-5,-6,-13,-1,2,-4,-2,-4,-10,-7,-9,-10,-1,-14,-7,-12,-7,-4,18,-15,-8,-9,-3,-6,-2,0,22,11,7,-6,-17,0,-7,6,13,0,-2,-7,-8,-9,-11,5,20,5,6,-11,-1,-6,-2,4,28,1,-4,-6,-5,-8,-1,5,38,2,-1,-6,-1,-4,1,2,34,6,-4,-6,-6,-9,-8,-3,36,1,1,4,-2,0,2,3,22,-14,-9,-4,1,0,11,17,28,13,7,-6,-7,-3,4,30,17,9,-5,-11,-3,-2,9,15,36,24,17,-6,0,5,0,10,30,22,10,-3,6,2,8,6,33,15,8,4,7,0,8,14,24,7,10,-7,4,1,-1,8,29,10,-5
2,-2,0,-1,-1,-1,-1,1,0,3,2,0,-2,-3,-3,-1,-1,3,7,8,9,8,1,2,0,0,3,2,5,3,3,1,-1,-3,-4,-2,-2,1,-2,-2,-6,-11,-9,-14,-4,-17,-4,-7,-5,-12,-2,-5,10,-11,-21,-7,2,-1,-1,1,1,1,-2,-1,-5,-2,-5,2,-4,7,-6,-5,-1,5,2,10,4,5,3,4,-2,1,-1,4,6,-3,3,1,-2,-12,-5,0,11,-6,9,-10,-6,-1,-10,7,-12,-1,-2,3,-8,-20,-10,-19,-7,-5,-14,-11,-13,-7,-24,9,-4,-9,-12,-4,-2,-8,-13,-1,5,3,-5,-6,4,13,-7,2,-11,-3,-2,5,0,-2,12,-4,5,-5,4,-8,-14,2,-4,2,-7,3,-9,7,2,-17,5,-10,8,-8,2,-12,-24,6,-16,6,-7,7,-7,3,-8,-23,2,-8,-4,-13,5,-18,-13,-10,-11,-5,-22,12,-20,3,2,-23,10,-15,18,-37,1,-8,2,9,10,13,14,10,12,8,0,8,10,14,13,11,8,4,3,5,17,10,16,4,11,6,4,8,13,18,5,9,10,13,2,-4,12,8,10,11,3,1,-13,-9,5,6,11,7,8,-7,1,3,4,-1,11,1,8,-6,-5,-5,-20,-10,-20,-11,-13,-5,16,21,17,11,19,29,26,29,16,13,16,15,23,15,13,18,3,17,15,18,13,13,15,19,14,5,19,16,33,22,27,10,9,24,12,21,21,9,19,11,0,0,8,21,13,7,8,4,-7,0,5,18,7,10,11,6,13,14,-14,1,1,2,2,13,-1,1,0,1,0,-1,-1,-1,-11,-2,-10,11,-17,19,-21,13,-3,-8,0,-16,-14,-9,-7,-2,-4,-3,-7,-3,-7,-5,-6,-4,-1,-4,1,1,0,3,-3,-4,0,2,4,8,6,4,2,-1,1,2,5,7,2,5,1,-2,1,1,-2,0,1,0,1,0,-7,-29,-38,-28,-37,-18,-45,-17,-15,-38,-9,-39,-24,-81,-32,-15,-10,-23,-51,-35,-34,-22,-18,-11,-9,-5,-23,-20,-33,-22,-10,-6,-3,-18,-7,-10,-10,-13,-14,-13,1,2,-1,-1,-1,0,-2,2,1,2,5,5,4,8,4,1,5,3,4,8,7,4,3,3,-8,-45,-30,-46,-38,-41,-31,-14,-14,-19,-29,-11,-39,5,-39,1,-6,-27,-22,-29,-11,-33,-12,-6,-11,1,-27,-12,-26,-13,-16,-6,1,-17,-5,-13,-5,-14,-12,-10,-4,6,-3,2,0,1,-1,6,5,-1,8,1,5,4,2,-1,-2,0,-1,3,10,-2,1,-2,-8,-33,-16,-15,-16,-18,-18,-16,-9,-9,-18,-27,-23,-24,-23,-22,-20,-23,-35,-12,-19,-17,-14,-19,-9,4,-20,-15,-5,-21,5,0,4,1,10,-1,14,-5,-4,-1,8,12,4,4,6,8,8,12,8,9,9,7,17,3,12,4,4,6,8,10,8,13,9,8,-5,-4,-24,-9,-23,-1,-23,-12,-11,-9,-5,-21,-26,-22,-30,-29,-7,-22,-11,6,-7,-13,-5,-2,3,2,-7,-3,-15,-1,-9,3,8,-2,6,-11,7,5,-5,-13,0,7,6,3,11,2,13,12,9,16,3,-7,4,2,17,5,10,2,-2,-14,4,8,8,8
1,2,2,-2,-1,0,1,-1,-2,-3,-2,-5,-3,1,-3,1,2,3,3,-1,2,-2,-2,-4,-5,-3,-1,-8,-2,-4,8,1,9,-6,5,-10,17,-1,12,2,-4,13,-2,20,-10,13,-8,4,14,-18,-25,-1,-11,-2,-15,-6,-2,2,2,0,-1,-1,1,-2,6,-1,3,4,-11,0,6,10,5,6,2,2,27,-2,-9,-5,8,10,-1,11,1,1,-2,3,15,-1,3,-13,2,3,-13,-9,18,7,-2,8,4,-4,5,5,-14,-1,21,-3,0,6,-7,0,4,4,0,0,-18,-17,-23,7,2,3,15,-13,-18,-8,-12,2,6,2,9,6,12,3,10,6,4,3,-10,1,1,5,-2,13,1,17,22,4,9,-3,2,-1,13,-13,-1,5,-4,-8,4,-17,20,-1,26,-3,22,-7,-1,-5,-11,31,-9,8,12,11,-5,1,7,2,6,8,-9,-5,-5,-7,-2,-6,-6,5,9,-9,9,6,7,8,-2,-2,8,6,4,8,10,15,17,20,16,11,10,12,0,14,7,4,7,7,-12,4,8,11,10,5,12,3,-1,0,-12,18,6,6,10,6,-15,1,6,19,31,15,9,-1,19,-4,1,18,11,13,3,22,9,6,0,11,-13,-6,-3,0,6,5,8,12,16,14,18,14,15,7,10,9,8,15,17,14,19,-10,-15,24,17,20,19,8,4,-6,1,-1,14,2,11,22,8,6,-15,10,27,-2,8,7,-5,11,2,11,-10,3,-1,1,10,11,-9,11,11,1,2,3,-1,19,6,-9,-31,12,-18,6,12,16,1,0,-1,-2,-2,0,1,-1,0,8,7,-16,-1,-21,-7,10,-3,10,-1,-26,0,-25,2,6,-4,4,-1,-8,3,4,1,-1,4,-3,-3,-6,-2,-1,0,0,2,-4,-2,0,1,3,7,-1,3,-1,-1,-4,1,0,1,-2,0,1,0,0,1,-2,0,2,1,-12,-28,-16,-15,-6,-17,-2,0,15,10,-2,-9,-19,-3,-12,-10,2,5,-18,-14,-3,0,-5,-25,-1,18,0,-9,-1,-17,-2,-7,-7,-14,5,-28,1,-15,4,-2,5,-8,9,-10,6,-2,3,0,5,7,-8,6,-3,2,1,-5,-2,10,-5,3,-6,5,-2,-11,-1,-11,3,9,-37,-16,-9,14,9,8,-11,14,5,-13,-13,-19,2,-16,-17,-16,-15,6,21,-7,-5,14,-2,-20,-7,-18,-4,-7,-15,-19,-15,-9,-6,-10,12,-6,7,-9,3,-13,6,-10,-4,-17,-11,3,-3,3,-5,-7,7,-12,-1,-8,-3,-3,-7,-11,-12,-21,-21,4,-24,2,-22,-6,1,20,16,-13,-10,10,5,-9,-21,-20,-14,-13,-23,-32,-34,-11,-17,-8,11,13,18,-26,-7,-14,-37,2,-19,-19,-9,-29,-11,-26,0,-13,10,-12,10,-9,13,1,9,6,-17,1,-11,8,-12,7,-6,-8,-8,-9,-10,-4,-5,-2,-8,-38,-39,-16,-39,-39,-40,4,-33,-44,20,1,-1,19,25,-18,-2,-51,-29,-5,-55,-51,-36,6,-14,-41,19,21,28,-46,7,-40,-48,-3,-38,-39,-33,-39,-47,-24,-19,-37,21,-32,6,-33,16,-26,-6,2,-26,1,-14,10,-27,-17,0,-13,-8,-8,-6,-6,-22,-15,-31
2,-1,0,0,-1,1,-1,2,4,-1,2,-1,-1,-3,3,4,1,2,-1,-1,1,2,1,3,0,1,3,1,-3,2,-1,2,-1,1,-2,-4,4,-5,4,-3,-7,-4,2,-3,-3,11,-10,11,-3,0,2,-8,-15,-9,-6,-6,0,-2,0,2,-2,-2,-1,-2,5,-7,13,6,5,1,3,-2,1,4,5,-9,2,-2,-4,3,-5,8,0,8,-7,1,-3,1,-1,7,1,5,-5,-3,1,4,2,-3,12,2,5,-4,0,7,3,-1,5,-6,2,-7,-8,-4,8,-3,-4,-6,0,0,0,-1,3,3,0,0,-4,4,0,-1,12,-43,9,3,-9,4,2,8,-4,19,1,1,5,-38,4,5,4,-6,5,-5,-3,7,10,3,7,-13,-3,5,-3,7,0,0,-26,-1,-25,-6,18,-4,9,-4,-8,-17,8,-1,2,9,-1,5,2,5,7,-3,-8,5,5,4,5,7,2,-4,1,-3,4,16,6,16,20,2,5,2,6,-2,7,-2,5,-1,2,-5,12,8,10,-19,3,2,7,14,4,8,17,9,10,6,11,23,13,12,21,-9,6,-11,-1,11,21,4,3,-13,1,10,7,7,14,19,7,-8,1,4,10,3,11,16,8,-2,-7,-11,1,-13,25,-3,0,24,32,11,7,1,18,12,-11,36,25,10,8,0,5,9,5,10,10,-2,9,8,7,-2,21,9,22,11,0,32,3,17,6,0,-12,22,10,22,24,-5,-23,-12,13,-26,10,19,10,30,10,3,-33,-7,35,23,-2,9,3,16,20,-2,-3,25,-1,0,2,0,-1,0,0,-2,1,0,-1,-62,8,-49,-3,-21,-2,-4,2,7,-4,-12,9,-15,-5,0,2,1,-6,-1,-4,-5,-2,1,0,2,-6,0,-3,-2,-1,-3,0,1,0,-2,-3,0,0,-2,0,1,0,-1,-3,-3,4,-4,1,2,1,1,-2,-1,1,-2,10,2,23,9,-16,-9,-12,-3,-41,5,-3,-29,-29,-3,2,0,0,-28,-21,-48,-6,-4,-1,-6,3,1,-11,-12,1,-3,3,-19,-1,-5,-9,4,3,-7,-8,-10,-1,-5,-2,-3,-15,3,-8,-3,-4,-3,-3,3,-7,-3,9,0,-5,-2,-16,-9,-8,-7,-2,-8,1,2,28,8,-14,-6,-17,-2,0,-61,-6,-49,6,-12,8,-8,-42,1,-22,-8,-33,0,-24,3,10,-5,-12,-9,-11,-31,3,4,-1,6,-20,7,-4,-16,-29,-10,-2,-11,2,-6,-8,-5,-7,-28,-8,-6,-9,-3,-8,0,9,2,-9,-13,-1,-11,2,-13,-1,-1,20,-20,51,-47,-38,-49,-70,-36,-11,11,-12,-26,-21,-17,-27,-8,-11,-2,-67,-5,-26,-12,-16,-6,1,-11,-28,-18,-18,5,-10,-10,-8,-6,-53,-9,6,-15,-17,-13,-11,-7,-21,-10,-19,0,-24,-9,-7,-16,-17,-14,-16,-14,4,-6,-9,-4,-22,-8,-14,-12,-9,-11,27,-37,55,-47,-73,-54,-41,-33,-12,15,-25,-52,-27,-45,-33,-29,-13,-4,-45,-29,-52,-44,-51,-26,7,-30,-46,-25,-29,7,-12,-23,-14,-35,-50,-37,3,-15,-62,-14,-22,-25,-28,-25,-20,4,-28,-25,-20,-36,-21,-12,-27,-30,17,-27,-15,-20,-24,-10,-27,-31,-30,-9
-2,1,0,1,-2,2,-2,-2,-3,0,6,10,1,-2,10,-4,-2,5,-2,7,-1,-1,-3,1,-5,3,-12,-2,-3,-9,-8,-1,0,-6,-7,-6,-8,2,-5,1,-1,1,-3,3,12,3,2,-3,7,-6,-28,-2,-3,4,-8,-10,-1,2,-1,-2,1,0,1,1,11,-7,3,2,-2,6,-4,4,-6,4,-4,-2,-1,6,7,3,2,6,1,3,5,-4,8,8,7,-3,2,11,-1,11,3,2,6,-5,1,-2,-15,8,-4,1,1,2,1,13,17,-7,2,-2,2,3,2,8,-8,-17,8,-1,-14,-13,-3,-4,3,1,1,-2,7,0,-7,6,0,-4,7,6,-7,5,-1,10,6,2,9,11,9,9,6,1,1,8,1,15,12,7,-1,-3,-6,-7,9,11,4,4,3,0,2,11,2,14,2,8,9,7,12,11,4,18,-9,10,-16,16,0,2,2,7,16,7,-3,5,7,9,2,-3,12,5,12,4,16,13,7,5,3,9,11,17,14,10,10,6,3,4,10,7,12,13,13,10,10,8,20,3,7,2,6,15,16,9,21,12,12,11,2,9,7,4,7,2,3,-2,-6,-6,7,10,19,10,9,16,11,7,19,2,13,7,12,-17,14,8,14,10,3,7,14,18,19,6,-1,18,8,14,17,-1,22,14,-3,25,20,13,11,22,20,15,19,0,10,17,32,32,21,31,30,18,2,0,25,0,23,21,12,-3,9,5,-4,33,6,25,13,-2,5,19,16,-3,18,13,14,2,14,32,5,8,12,23,-1,-2,-1,-2,-1,1,2,0,14,-28,-15,8,-12,-19,-7,10,-1,-1,-5,4,-7,-8,-5,-4,3,-8,4,1,-6,-4,-5,-7,7,-15,12,-6,-10,1,-10,-8,3,-15,0,-16,-11,2,-10,-11,1,-3,8,-5,-4,0,-6,-10,-2,2,2,0,2,0,0,-2,8,4,-1,9,-16,2,0,2,6,7,-1,-9,-1,7,8,3,8,-1,-7,15,3,13,-7,11,7,2,2,0,2,2,7,8,13,-5,19,3,5,-1,4,1,1,-4,3,-7,5,2,3,2,1,8,0,0,4,2,5,6,-4,8,-2,1,0,6,-6,10,-5,-3,-16,-1,-8,-18,-4,1,0,-10,-6,-17,-9,-1,-1,-18,-6,3,-14,7,3,-5,-8,1,0,-16,0,-2,-4,-6,-6,-5,6,-16,3,-5,-17,4,-16,-8,-8,-2,-6,-20,1,-11,5,-9,-7,-12,-8,-9,-2,2,-2,3,-5,-10,-4,-7,-1,-11,-8,-5,0,-23,-2,13,-14,-10,-37,7,-2,-12,8,-8,2,-10,-9,-4,-4,-8,5,-8,7,6,-17,4,-8,-13,3,-1,-5,-8,-10,-8,9,-20,-1,-8,-13,-6,-15,-24,-31,-17,-2,-14,-6,-14,-16,-19,-2,-6,22,-9,7,7,4,-15,0,-10,12,-13,0,3,-12,-21,-17,-11,-11,20,-23,-23,-22,14,-14,-22,-4,-57,12,7,-13,-25,-18,-17,-16,-15,2,-11,-15,-1,-1,-26,-5,-9,-5,-3,-19,-19,-6,-22,-17,-27,-31,-4,-19,-32,-40,-25,-26,-38,-2,-18,-12,-33,-34,-37,-13,-9,0,8,11,-37,-23,-24,7,-19,-1,8,-20,-20
1,1,0,0,-1,-2,2,1,2,2,2,4,-8,2,1,-1,2,3,2,2,-8,1,0,0,1,-1,4,2,0,1,1,0,1,2,1,2,0,3,0,4,-1,-3,0,-1,3,-5,3,0,-11,2,-8,-3,4,2,-2,0,1,0,-2,0,-1,0,2,0,4,1,-4,8,5,6,2,3,1,4,8,-9,0,0,6,4,3,4,0,0,20,1,11,0,3,-6,4,3,-3,4,8,7,3,-1,3,3,-2,11,2,1,5,1,-5,-6,4,-1,-3,-5,-5,5,-13,-6,0,5,-13,-8,4,1,-17,8,5,-16,10,7,4,-7,2,-3,-8,3,12,4,-5,-2,-1,7,0,5,2,-3,-3,-3,4,5,17,6,4,3,6,-4,0,6,-2,4,-3,-9,-4,6,3,-5,7,-5,2,6,-4,9,4,-17,-4,-9,1,6,4,-7,4,-2,-4,-8,1,4,6,-29,0,-6,9,-4,-3,-9,5,6,7,5,6,7,7,7,5,8,4,-7,5,10,-1,6,4,5,6,8,21,16,3,6,2,-6,5,3,12,6,-3,5,3,7,10,9,13,-1,2,2,4,8,8,-2,13,14,5,-2,-10,3,6,5,-3,0,-7,6,5,7,1,1,-1,1,-3,9,8,9,14,6,10,5,7,8,5,7,-1,15,12,12,-4,7,12,9,6,14,40,11,3,2,7,9,4,19,4,13,-26,5,7,7,14,-22,9,6,16,3,4,7,-18,4,12,9,-5,4,-4,10,17,-7,26,-3,-2,2,-5,-9,-27,18,5,-3,-16,-16,2,-2,1,-2,1,1,1,-2,-5,5,-10,-9,-7,-12,-4,2,-6,-1,-2,8,32,5,-3,1,-1,-1,1,-87,-3,-74,2,2,1,-3,0,-1,-2,-1,-1,1,1,-3,0,-2,-2,-3,0,1,-1,-1,0,-2,-3,-1,-1,1,0,1,0,2,-1,-1,-2,2,-5,-3,-3,-34,-4,-43,-11,-4,-2,1,-46,-6,-2,3,-52,-3,-4,-3,2,-5,64,-1,-28,-2,-9,-6,-55,-5,-2,-4,-74,-5,1,-8,-2,-72,-5,-65,-6,-6,-3,-8,-2,-3,0,-6,2,-6,3,-4,-5,-1,-8,1,-6,-5,-7,-4,-4,-7,-1,-5,-4,-10,7,1,-40,1,5,6,-39,-4,-12,-1,-3,-73,1,-56,-4,-4,-7,1,2,6,56,-1,-4,4,-2,3,0,-46,-5,-43,-1,-3,0,-7,-37,-4,3,-1,-51,-12,-3,-50,-5,-1,-3,-7,-6,-57,-42,-5,-1,1,-8,1,-6,-9,-7,-1,-1,-3,-2,-5,-9,-11,0,-15,-6,0,-72,9,-8,2,-9,-13,-14,-9,5,6,-12,-7,-39,-53,-49,-51,72,-38,-85,-38,-6,-3,-13,3,-16,-1,-3,-5,-2,-7,3,1,-25,-6,-2,-4,-5,-7,1,-3,-28,-7,2,1,-5,-6,2,-6,-35,-8,-2,-3,-4,-7,0,-3,-35,-6,-2,-3,-23,-32,-53,-6,-51,12,-6,-9,-35,-18,-15,-76,-2,-4,0,-2,-44,-36,-18,-37,84,-18,-60,-5,-15,-17,-5,-3,-8,-33,-2,-12,-20,-17,0,-6,-7,-8,-30,-9,-6,-36,-2,-7,-24,-16,2,4,-12,-14,-8,-7,-16,-12,-7,-17,-17,-10,-8,-7,-9,-15,-17,-11
2,-1,2,0,-2,1,2,1,-2,9,-1,7,2,9,0,2,-2,9,-6,0,1,4,-2,1,2,4,4,7,4,6,3,0,1,3,5,6,3,-2,-4,-6,3,-4,0,-4,-5,-6,-3,0,-8,-6,-28,-6,-12,-14,-24,-22,1,-2,-2,-2,-2,1,-1,1,13,8,9,16,0,4,6,3,6,5,4,8,7,5,-1,4,0,9,13,0,8,2,5,7,11,12,3,7,-3,0,12,-7,9,-3,-1,9,5,7,6,5,-2,5,-19,6,12,5,-11,9,10,5,8,4,8,7,3,-2,-7,-9,-2,-3,1,-15,4,0,4,6,8,6,14,10,5,10,11,8,12,8,14,10,11,8,2,6,14,10,13,12,6,11,3,7,0,20,0,4,10,8,13,8,7,5,5,11,3,6,12,12,8,7,9,6,9,7,13,12,3,5,5,-4,11,4,4,-16,15,-4,-7,2,-11,0,18,3,14,2,14,8,6,12,17,7,18,10,16,-5,6,5,-2,6,4,-2,4,10,5,8,6,3,8,3,-15,-1,-4,9,6,8,5,-8,13,10,0,18,11,-4,12,15,14,13,21,9,13,1,12,-32,17,4,7,14,-16,-5,-13,-14,-5,-38,-3,9,35,13,16,8,23,20,19,20,27,20,51,12,24,15,26,16,25,19,17,26,23,25,8,31,17,15,16,16,23,19,34,26,11,29,8,16,-4,36,8,17,26,-6,37,8,29,-2,33,14,14,23,-32,36,38,1,0,21,7,21,31,21,27,-4,33,21,0,1,-2,-1,-2,-2,-2,1,-15,-30,3,-7,14,-6,-8,-3,-7,-10,-1,-16,1,-9,1,0,-7,-4,-2,-13,-2,-6,-1,1,-2,0,-2,-2,0,-7,3,-2,0,-4,0,-2,2,-1,-3,0,0,-3,0,-2,-1,-2,-2,1,-2,1,2,1,-2,-1,2,2,-48,-11,-23,-6,-34,8,-15,7,-3,-12,-57,6,-1,-8,-13,5,-5,-49,-1,-34,-1,-35,2,0,-5,-86,-2,-87,-5,-36,5,-31,2,0,-7,-4,-6,-8,-4,-4,-7,0,-5,-7,-2,-5,-12,-6,-6,-3,-6,-4,-10,-5,-9,-10,-4,-6,-7,-9,-9,-9,-10,-15,-15,-6,-34,0,-13,5,6,-4,11,-23,-1,-25,1,2,-20,2,-7,-45,-7,-14,1,-23,2,9,-2,-21,-6,-14,1,-10,-10,-15,-2,2,1,-2,-2,2,-10,-8,-2,-7,0,-4,-3,-9,-8,-2,-17,-3,-5,-7,-6,-5,-10,0,4,-4,-5,-11,-5,-8,-4,-13,-4,-8,-35,-9,-22,-11,-14,-6,-12,-14,-8,-23,-3,4,-2,-3,-13,-22,-1,-20,-5,-9,11,10,-10,-20,-11,-15,-9,-12,3,-13,0,-7,-6,-5,-4,-5,-7,-3,-6,-4,1,-7,-6,-8,-13,-5,-8,-10,-1,-10,-7,-10,-9,-9,-7,-13,-4,-10,-11,-13,-12,-13,-10,-19,-50,-30,-76,-79,-45,-37,-6,-30,-36,-48,-22,-7,-28,-32,-35,-72,-59,-33,-13,-66,-27,-16,-25,-32,-32,-32,-22,-27,-42,-45,-24,-31,-23,-32,-29,-19,-27,-30,-25,-24,-21,-25,-22,-28,-31,-27,-31,-26,-20,-23,-25,-32,-28,-32,-23,-33,-17,-26,-28,-33,-43,-29
1,1,-1,1,0,-3,1,1,2,0,4,-6,2,3,4,1,0,1,-2,-6,0,3,2,1,1,-1,-17,-11,-10,0,1,0,-1,-3,-10,-30,-11,-6,-3,-3,4,4,-5,-21,-9,-2,-3,-3,-1,-1,1,-3,-3,3,-1,-6,1,2,-2,2,-2,1,2,1,9,7,5,7,10,5,4,2,2,12,4,11,1,8,4,5,12,8,5,6,6,8,8,4,6,-1,21,5,7,-2,8,2,7,2,12,-8,9,-58,10,7,12,6,1,-9,0,2,7,11,1,5,-1,11,1,5,-4,2,-1,3,4,9,-12,6,-6,1,13,12,8,12,13,11,6,10,19,10,10,8,13,9,14,11,10,17,9,12,11,13,9,11,12,5,26,4,20,8,15,9,-1,14,8,8,6,9,7,8,13,10,13,-5,10,7,15,4,6,10,15,2,19,13,11,11,13,6,15,-3,6,2,22,7,17,15,12,11,17,12,12,11,13,12,14,10,14,13,10,11,17,14,24,9,17,9,12,14,17,6,14,9,14,13,20,14,21,7,17,16,13,7,16,18,11,6,13,11,9,14,13,17,7,5,12,0,4,6,3,0,13,4,6,15,11,10,10,18,12,15,17,12,15,20,7,0,14,14,15,11,18,18,18,13,21,19,15,16,11,16,25,18,13,-9,30,20,16,19,17,29,23,4,12,-8,8,13,8,17,10,-14,-13,10,23,5,20,0,-11,-10,14,-9,-4,7,-1,12,1,-8,-12,-18,16,15,-8,24,-2,-1,0,-2,-2,1,0,2,-1,-13,-8,-11,0,-7,-6,-10,-7,-7,-2,-7,-6,-4,-5,-2,-4,-8,6,-11,5,-8,-3,-2,-2,-15,13,-78,9,-7,-2,-2,-2,-10,20,-53,15,-10,-1,-1,-2,-6,9,-54,7,-8,-2,-1,2,-1,1,-2,-1,1,-2,-1,-5,-27,-6,-8,-8,-8,-10,-4,-3,-16,-23,-16,-7,-8,-17,-11,-7,-7,-15,-8,-10,-4,-9,-7,-18,-13,-5,-16,-10,-14,-13,-13,-9,-13,-10,-24,-13,-9,-13,-1,-8,-13,-8,-10,-6,-6,-12,-6,-5,-9,-9,-8,-5,-8,-9,-7,-5,-7,-5,-6,-5,-14,-6,-11,-10,-2,-23,-10,-11,-6,-14,-6,-16,-12,-10,-13,-8,-18,0,-12,-4,-12,-18,-11,-5,-9,-19,-4,-12,-13,-5,-15,-9,-15,-9,-13,-12,-10,-9,-26,-10,-11,-15,-9,-10,-8,-14,-10,-16,-14,-9,-10,-3,-7,-16,-3,-7,-13,-13,-13,-7,-8,-2,-11,-10,-7,-15,-9,-15,-9,-15,-11,-12,-11,-18,-10,-11,-13,-6,-13,-13,-16,-14,-16,-14,-9,-13,-1,-18,-12,-15,-11,-10,-11,-12,-7,-14,-15,-13,-17,-13,-17,-19,-11,-17,-14,-23,-12,-12,-10,-13,-13,-11,-12,-13,-13,-11,-11,-12,-14,-13,-10,-18,-11,-9,-5,-9,-12,-10,-10,-9,-8,-14,-27,-28,-42,-37,-41,-29,-21,-15,-39,-15,-35,-21,-65,-21,-21,-9,-16,-24,-5,-29,-15,-24,-21,-16,-15,-33,-20,-19,-16,-27,-22,-24,-20,-22,-17,-33,-14,-25,-23,-23,-16,-27,-22,-22,-23,-25,-18,-18,-16,-17,-17,-17,-21,-25,-20,-18,-19,-16,-16,-20,-16,-15,-26
2,0,-2,0,1,-1,2,0,-1,-6,8,11,-1,-3,-1,0,-1,-1,-11,1,-5,2,-4,2,0,6,1,-17,1,-1,3,-2,-2,-4,1,2,4,5,1,0,10,6,4,-14,2,-11,0,-6,-4,4,4,3,1,6,11,-14,1,2,-1,2,-2,1,-2,-1,4,-1,19,-1,-4,-2,2,-7,-11,0,14,3,10,0,-1,8,1,17,2,-9,3,1,0,-3,-8,-13,4,11,3,-1,0,-5,11,4,10,-12,0,-2,-2,-10,-2,-4,5,-10,-11,-14,9,-1,1,4,-13,3,-7,-4,5,6,-3,1,-3,4,13,-8,-2,-1,18,-1,16,-9,21,-1,22,8,2,15,1,29,0,25,1,22,36,3,13,0,16,-5,23,-2,1,46,4,23,1,28,3,15,13,-2,30,2,19,-3,9,-1,5,23,-2,30,-2,6,4,20,25,3,20,12,11,2,15,-2,7,21,5,15,5,34,-8,31,6,9,7,8,9,8,6,4,9,-18,-1,-8,5,-4,3,3,13,-1,-2,7,9,-1,3,-5,-4,-4,-1,7,-14,5,4,1,5,9,-5,3,5,-3,-9,6,-10,5,5,-13,-7,7,10,-6,-6,1,-2,-14,-3,7,-4,1,9,-14,-2,5,8,8,1,1,41,15,1,13,18,13,30,8,21,14,5,15,8,13,12,4,29,7,21,15,8,9,21,9,3,-4,16,18,2,15,5,11,5,7,11,11,9,9,7,8,-2,29,-32,-12,26,-11,3,4,-17,-25,30,-15,8,21,3,-1,-4,10,-3,-2,4,6,18,15,0,-2,-2,0,0,2,2,-1,5,-46,10,-33,3,-53,2,-22,-2,-7,6,-7,-3,-2,0,-5,-2,-8,-4,-3,4,-3,0,-1,2,6,-9,0,-10,0,-5,-3,0,0,-2,1,1,-4,-3,0,5,6,-2,0,-8,1,-6,-1,1,0,-1,1,-1,2,2,1,-3,-17,-19,-16,-7,-3,4,-7,-8,-13,-23,-21,-16,-11,-5,-8,-8,1,2,-7,2,-6,-9,-27,-21,-22,-17,-7,-7,-19,-3,0,3,1,7,-6,-22,-7,-1,-3,-5,-10,-6,8,4,-3,-14,2,-11,-3,-1,-9,-11,-5,-6,-5,-6,-3,0,-9,0,-3,1,-13,-4,6,-23,3,-11,13,-11,0,-8,-14,6,-14,0,-14,3,-21,-5,15,-1,4,-4,5,-7,-1,1,-13,-2,-17,7,-20,3,-2,-1,7,-6,9,-30,10,-20,2,-1,-14,6,4,10,-16,1,-6,-19,8,-12,4,-12,4,-18,-5,-9,0,5,-19,3,-2,1,-18,3,-12,7,-13,-5,4,6,-15,-5,-4,-8,-27,-12,-3,-10,-18,5,3,-6,2,3,-3,-8,-25,-22,-9,-17,-41,-4,-11,-24,-7,7,-3,3,-19,-20,-13,-19,-3,-18,-3,-13,20,2,-13,-24,-10,4,6,-8,-6,-5,-3,-15,-12,-6,7,-9,-18,-7,7,-9,-1,20,-31,-6,-39,3,1,17,-33,-24,-2,-28,-50,-19,-31,-39,-46,-21,-3,-19,-30,-1,-75,-45,-46,-44,-42,-51,-46,-44,-45,-38,-15,9,-27,-14,-29,-38,-35,-44,-45,-32,-25,-30,9,-5,-41,-34,-27,-31,-10,-32,-26,-24,-11,-22,-31,-21,8,-20,-21,-38,-1,-32,-15
1,2,-2,-1,-1,1,2,-2,6,6,4,6,-4,-1,-3,0,4,6,6,3,-4,-3,-1,-2,3,5,3,-1,-3,-7,2,-1,3,10,1,-1,2,-4,5,-2,3,-5,0,-12,-1,4,-1,4,6,1,-2,12,0,15,-10,-11,0,1,-2,-1,-1,-1,1,-2,4,3,2,-1,-4,-1,-1,12,9,4,-13,8,5,-2,-12,0,9,-1,6,-1,-1,-1,-1,-5,10,-1,-14,5,3,-5,-1,3,11,0,12,-2,-3,-11,-4,-9,11,-2,-3,3,-7,-10,-6,5,4,4,-1,2,4,-4,-10,8,-4,5,-4,7,-1,0,2,2,1,-1,5,1,8,5,8,0,6,0,14,15,3,-6,4,-4,-2,11,0,3,7,9,2,4,-3,-2,1,1,1,25,-8,5,-1,10,1,1,10,-2,6,2,-1,-2,5,4,4,-8,0,16,7,-6,-4,7,-6,8,-2,8,-4,2,-2,7,8,-1,0,-1,2,7,11,3,4,2,6,2,0,7,2,3,-2,-10,1,-2,10,3,9,-2,-14,8,-5,-5,9,5,10,-14,-16,6,8,17,0,5,9,-21,0,-2,5,15,10,10,9,-2,7,5,3,-1,4,8,13,-26,6,-12,0,9,5,10,16,6,11,7,3,15,12,24,22,24,13,-5,12,19,17,25,28,26,14,-1,16,22,13,14,23,14,3,18,-3,27,26,4,11,14,-1,40,20,32,23,19,3,24,20,16,16,21,6,15,12,26,-3,13,6,30,25,16,17,34,37,15,23,4,11,32,19,27,-2,13,13,22,2,2,-1,1,0,0,-2,2,-45,-9,4,-6,-32,4,4,2,-7,-12,-6,-7,-19,4,14,-8,-1,-2,0,0,-13,8,-3,0,2,0,1,7,-13,2,-7,-2,0,-2,4,-2,0,3,3,-2,0,-3,-3,0,0,3,-1,1,1,-1,2,0,-2,-2,0,-2,-9,5,4,16,-5,11,-10,-3,-12,0,3,-13,-9,-1,-13,-16,-10,12,7,-12,-13,-23,-2,-8,14,5,1,-12,-4,-5,-8,-5,1,-2,3,1,-18,-4,-19,1,-2,-2,-4,-10,-9,-3,-13,3,0,1,-9,-4,-7,-13,-6,-7,-2,-4,-3,-6,2,-14,-3,-6,-7,-3,4,-5,-1,4,-11,-5,-3,-17,1,-9,-6,-24,-9,-14,-18,12,2,-18,-26,-12,4,-9,7,-8,8,3,-9,-17,-8,8,-6,-4,12,-11,-17,-5,-13,-1,4,-5,0,-16,-5,-13,-9,0,-1,1,-14,-2,-14,0,-14,0,3,-4,2,-7,4,-9,13,-4,-20,4,6,-6,-22,5,-10,-4,-9,-8,1,-2,-12,-16,-13,-14,-10,9,3,-49,-11,-22,-12,-13,1,-5,1,-19,-19,-56,-12,-23,2,2,-3,-12,-30,-12,-11,-18,3,-6,-7,-12,-19,-12,-14,2,-10,-13,-14,-13,-14,-9,-5,-15,-8,-3,-10,-11,-11,-12,-9,-13,-22,3,9,-22,-43,12,-49,-28,-23,-23,8,-16,-53,-69,-34,-27,-28,16,15,-33,-47,-37,-32,-42,20,-19,0,-39,-30,-40,-56,-56,-21,-19,-25,-30,-59,-24,-31,-19,5,-30,-21,-22,-32,-28,-29,4,-26,-17,-20,-21,-29,-22,-30,-21,-11,-21,-22,-24,-17,-17,-8,-9
2,-1,2,-2,2,1,2,-2,2,0,1,3,3,2,1,4,0,-2,0,2,1,2,0,2,0,-1,-1,1,1,-1,22,-1,-2,-1,-3,-2,0,-3,43,2,-3,2,-3,-1,-23,12,64,12,-3,1,-4,-5,-21,8,22,19,-2,2,1,1,-1,-2,2,-2,4,-3,-4,4,-2,2,0,5,-3,5,-2,2,2,2,1,-5,1,1,0,-2,5,2,2,2,0,-5,0,1,4,2,4,-3,-4,-1,-2,6,2,-1,-3,4,-4,4,0,0,6,-1,-6,2,-6,-3,0,-10,7,-1,-1,2,-6,-8,-3,0,-5,9,-5,4,1,5,4,2,3,3,1,0,6,2,1,1,2,4,6,6,-1,5,6,1,5,1,5,5,-5,-10,7,5,4,5,7,2,4,-2,6,6,7,4,5,2,3,-7,-1,0,7,8,3,8,-6,-1,-3,5,1,9,0,6,4,3,1,15,5,6,2,7,-3,-2,0,-3,2,1,8,2,0,-1,-5,-5,-4,-3,9,0,-8,-10,-12,-6,-7,1,8,-1,-9,-12,-10,-9,-9,3,5,-4,1,-12,-11,-7,-3,-1,-3,0,-11,-2,-4,-8,-8,-5,-21,-2,-12,-10,0,-8,1,-1,-30,-1,5,-10,0,2,2,2,-1,-2,8,11,-11,3,-3,10,8,-11,-5,-3,-21,-7,6,-9,8,3,-3,2,5,7,-18,3,4,4,-6,-22,12,-26,-5,-18,10,2,15,17,-9,-9,18,-19,0,-2,7,-11,-7,16,-13,-9,-10,9,3,-14,-12,-9,-5,-22,-18,-27,13,1,8,4,-27,-27,-21,4,-1,0,0,1,0,-1,1,-2,-16,-9,-12,-6,-26,-25,-31,-11,-2,-3,-3,-1,-3,-5,-3,-5,0,2,2,1,1,1,-1,1,1,1,0,1,3,2,-17,3,1,2,3,2,3,-5,-59,-1,2,1,3,3,8,-36,-115,-27,2,-1,1,0,1,2,2,-1,4,1,0,-2,3,-2,6,-3,2,4,-3,3,-3,3,0,-4,3,4,-3,-5,-10,-1,-12,-2,1,-1,-3,-4,-6,-18,-24,-21,1,0,-1,-17,-12,-31,-13,-69,4,0,-7,-5,-28,-5,-64,-31,-3,4,-3,-2,-100,-1,-99,3,4,4,-11,-2,-44,-6,-60,-23,-35,-27,-4,-18,-4,-14,-8,-17,-77,-34,-17,-4,-20,-4,-6,-3,0,-95,-33,-44,-5,-13,-2,-11,-14,-1,-74,-40,-30,-10,-14,-6,-4,-19,-4,-104,-45,-40,-11,-40,-9,-1,-11,-6,-96,-26,-55,-51,0,-8,-3,-27,-6,-28,-113,-28,-14,-1,-8,-6,-59,-28,-97,-82,-7,-11,-8,-8,-13,-7,-16,-7,-2,-3,-8,-4,-10,-15,-26,-8,-6,-6,-12,-6,-8,-10,-24,-12,-5,-4,-5,-4,-8,-11,-36,-13,-5,-12,-10,-7,-8,-7,-46,-19,-8,-4,-12,-20,-16,-6,-62,-5,-10,-15,-13,-13,-14,-2,-102,-3,-16,-13,-16,-13,-11,-6,-107,-13,-26,-30,-20,-26,-26,-19,-35,-38,-34,-26,-24,-37,-42,-24,-20,-30,-31,-42,-23,-32,-31,-47,-39,-30,-29,-43,-32,-43,-50,-41,-43,-65,-22,-17,-34,-36,-42,-40,-58,-43,-25,-11,-16,-47,-22,-46,-58,-32,-37,-47,-22,-40,-36,-61,-64,-22,-49,-27,-43,-44,-39,-46,-43,-41
-1,1,1,0,2,1,-1,1,1,2,2,-2,-6,-12,7,14,1,0,1,-1,-3,-15,2,15,0,2,-3,-3,2,23,2,-49,-2,1,-6,2,0,-2,4,-66,3,-6,4,0,8,1,8,41,1,-10,0,8,10,-12,-1,-50,0,-1,-2,1,1,-2,0,-2,-1,2,-9,3,5,1,5,1,3,10,4,0,0,0,12,2,1,11,2,-4,0,9,1,2,3,-12,-8,4,6,2,-1,9,-2,-2,-11,9,4,-2,9,4,-5,-1,0,-8,-1,-2,-7,4,-10,0,4,-20,4,-2,4,-1,-9,7,-9,8,-7,7,4,1,-1,5,7,5,-5,4,10,2,6,-1,2,4,9,-7,5,2,8,1,0,6,6,4,-2,-1,0,-4,1,-2,7,4,-1,3,3,4,0,4,-2,3,2,3,-7,7,-10,-2,5,4,6,-2,-4,-5,3,0,0,6,-2,10,-3,0,3,-3,0,13,5,4,2,6,2,4,10,5,5,5,2,6,8,16,13,-1,11,14,6,10,4,4,7,9,11,15,4,-16,6,0,13,-15,-5,6,1,0,-7,9,8,4,10,-1,2,2,4,8,3,9,4,1,2,-7,7,3,-4,6,7,4,4,0,-1,2,1,8,5,2,12,17,20,17,18,12,25,4,17,16,17,26,17,3,20,34,32,10,14,16,22,14,15,22,20,8,-16,5,12,21,9,13,16,-19,11,14,10,18,14,31,-12,21,7,3,0,15,-20,4,8,12,20,7,6,-7,1,-18,9,-14,26,0,11,23,13,-12,1,-1,2,2,0,0,-2,-2,-22,4,-8,3,-4,-30,-8,6,-6,-1,-6,-9,0,-7,4,-11,-3,-4,-2,-1,-8,2,-9,-19,-2,-1,0,1,-6,-2,-12,1,-1,0,-2,4,-3,5,-14,-2,-2,4,0,3,-1,4,-5,-3,1,-2,-1,0,-2,-2,0,1,0,-4,-1,-5,-5,-9,4,7,-14,0,-1,-8,6,0,6,3,-3,1,-5,-2,-7,1,-9,-5,-2,-1,-4,-5,-11,4,13,-17,-2,-9,2,-4,3,-10,4,6,1,-7,-2,-6,-3,3,-14,8,2,2,-7,0,-6,2,4,-2,-8,-2,-1,3,5,-8,-2,-1,-1,-40,-1,-8,-4,-8,-12,-4,-3,0,-30,0,13,-1,-4,-3,-1,-1,-2,-7,-12,-1,2,-1,-13,-4,0,-8,-12,-12,0,-10,0,-4,-2,-8,-3,-8,-2,-4,-1,-1,-5,-8,6,-3,-24,-1,-2,-10,-12,-2,-6,0,2,-7,-7,-6,-2,-4,-1,-2,2,1,-11,-13,-11,3,-7,-17,0,-5,-15,-6,-4,-10,3,-28,-12,2,-10,-15,-12,-14,-2,-3,-2,-8,-16,-7,-3,-8,-23,-6,-2,-16,-3,-13,-5,-10,-8,-6,-5,-13,-5,1,-7,-12,-4,-14,-23,-8,-10,-6,-15,-11,-4,4,-2,-9,-9,-6,-11,-8,-17,-5,-9,-11,-20,-23,-27,5,-26,-35,11,-3,-19,0,0,-4,3,-7,-14,-1,-5,-17,-25,-16,-27,8,-10,11,-41,-19,-23,-31,-24,-16,1,-17,-16,-17,-17,-11,-13,-16,-7,-11,-8,-18,-9,-19,-13,-19,-30,-18,-18,-16,-17,-9,-11,11,10,-14,2,-12,-8,-11,-2,-26,-4,-16
1,2,-2,0,-1,-2,1,2,-1,42,-1,-6,1,1,0,2,-3,-10,-4,-1,2,5,2,5,-2,-3,-4,-3,-7,1,2,1,-10,-6,-3,15,5,6,1,-3,-9,-17,-6,-3,10,-4,3,7,-13,8,-24,-25,-7,-24,-3,-7,2,0,1,-2,-1,0,0,1,-6,1,8,-6,1,-8,2,4,5,11,7,2,2,5,-1,8,0,6,1,0,14,1,4,3,-6,0,6,1,-5,6,-4,-3,6,-5,-5,-9,4,-6,8,-1,5,7,-10,4,-7,0,4,5,5,-19,-8,-4,-7,-2,-3,-1,-3,-6,5,11,14,0,0,8,0,-6,-7,-4,2,0,-5,5,1,36,-4,-2,4,-1,3,-5,-1,10,15,-6,-1,7,-3,7,-14,-10,13,7,-11,-5,13,-2,4,-3,-6,22,6,6,-3,4,-13,-1,-22,-6,10,16,-2,-3,5,2,4,13,-16,14,3,-10,3,3,3,12,-1,-33,9,6,10,5,2,6,1,0,4,1,-2,16,2,2,7,-2,-1,4,15,1,11,4,-6,4,-6,4,20,8,-5,11,6,21,6,19,12,-1,-12,-7,8,-1,11,-5,35,15,5,-9,-1,11,0,12,6,17,-5,0,2,12,9,15,19,1,0,-6,0,3,2,-3,-24,8,0,11,9,9,5,-5,7,33,10,6,13,1,4,-2,10,13,7,4,-7,16,14,18,29,19,17,13,-4,22,13,12,13,26,10,23,-10,20,8,14,30,-17,8,-14,2,27,10,12,10,16,22,25,-6,23,23,-10,25,12,15,1,23,20,14,8,-2,-1,2,-2,0,2,-2,0,13,-22,-13,-20,0,-11,-10,-8,0,14,-8,-4,-2,1,-8,3,-4,3,1,-4,-1,-4,-3,-2,-4,0,-1,-4,-4,0,-3,-4,-2,1,-2,-5,2,0,2,-2,-3,2,0,-3,-1,1,0,-2,0,-1,0,0,0,1,2,-1,-11,-2,1,-8,-12,1,-13,8,7,0,-12,2,-9,-5,-19,-12,5,-16,21,-10,-20,-11,-14,-6,-19,-22,-12,-10,3,-4,6,-4,-3,-12,-8,-21,-11,-13,-10,-8,-5,-15,-5,-13,7,-8,-11,-9,-6,-6,-5,-6,-13,-4,-14,-6,-8,-6,-8,-7,-13,-2,-6,-5,14,-18,-19,-14,6,12,-14,-11,3,0,0,-14,-4,-11,-8,-16,22,-5,30,-9,-18,-9,-2,-2,-9,-5,-4,3,-4,4,2,-3,-9,-12,-13,-10,-13,-6,-18,-1,-3,-6,-11,-12,11,-4,-2,-8,2,-4,-3,-8,-6,9,-5,-6,-10,-8,-1,-5,-12,-3,1,-8,16,-47,5,0,2,5,-1,1,18,0,-20,-3,-16,-11,-11,-17,21,-22,16,-10,-16,-16,-13,-4,0,-27,-22,-11,-8,-10,-3,-5,-3,-25,-18,-15,-15,-20,-12,-8,-10,-15,1,-18,20,-4,-20,-13,-3,-7,-9,-7,-16,8,-2,-11,-5,-7,-2,-16,-15,-11,-6,-4,23,-18,-8,-41,-30,-2,-32,-12,16,-21,-29,-33,-41,-18,-10,-53,33,-44,30,-29,-30,-45,-26,-27,-24,-32,-22,-12,-27,-43,15,-33,-3,-26,-34,-18,-35,-24,-27,3,-33,-22,-18,-16,19,0,-30,-23,-30,-29,-22,-21,-18,29,4,-7,-13,-8,-14,-14,-27,-30,-7,22
0,2,-1,1,-2,2,0,-2,11,8,2,-2,-1,1,-2,-2,8,-6,2,-1,2,2,2,-2,3,-5,-2,-1,-3,-5,4,-1,-11,-11,-2,8,-5,-9,19,-3,-1,35,5,-1,0,-4,-23,-4,-1,-14,-13,-41,-10,-6,22,9,0,1,-2,1,0,1,-2,1,-3,1,18,-6,-7,0,-3,-1,17,-4,5,3,-3,-5,8,-5,0,-14,-5,28,-11,-9,24,1,-16,6,-13,6,-14,-7,6,-13,11,18,1,14,15,-6,-12,-16,-5,-14,-15,-14,9,17,-7,-2,-5,-10,-16,-30,-22,5,11,-6,2,1,-24,-32,3,-2,2,-12,-1,-11,-1,9,10,0,-21,7,9,4,8,13,0,-15,2,13,8,4,5,-7,-1,11,8,3,1,7,8,-5,-9,7,7,1,8,-8,0,10,9,-13,7,-14,-1,14,-4,5,6,-5,-11,-16,-21,-7,-17,-24,-13,3,9,10,-8,22,-8,2,12,7,-3,-3,6,0,-5,3,-5,10,6,4,1,17,14,-5,-3,10,-2,5,18,5,4,2,-7,3,-6,6,17,0,15,4,-5,3,9,19,8,-15,1,-41,-8,-36,-13,7,-12,-1,5,7,3,1,6,9,14,14,7,-3,-2,-2,5,10,-1,-9,-15,9,0,-23,2,12,-5,-2,-1,4,2,11,6,3,10,11,8,5,6,-15,-7,1,6,6,1,2,5,11,9,11,7,-1,1,10,-2,5,3,15,15,-7,-11,-2,21,-6,14,-7,-6,18,10,3,27,-4,4,18,0,24,16,-6,8,-33,0,16,-11,19,-5,9,6,22,14,-9,2,-2,-1,-1,2,-2,2,-2,2,-9,-2,3,-13,-7,-4,-10,-3,1,-8,-3,-6,-1,2,-4,-8,7,-1,-1,-2,-4,0,-7,-6,-2,-3,0,1,0,-2,2,-1,-3,2,-2,0,1,-3,6,3,-2,1,0,-3,0,-4,0,-3,0,2,-1,1,1,0,2,1,-3,3,-5,8,-10,-2,7,11,-11,-4,-12,-15,-12,-28,6,5,19,4,-15,-10,-16,-2,-19,0,14,-19,-11,-2,-2,-12,-8,-11,-7,-8,1,-7,-6,-16,-1,-4,-8,-2,-2,-1,-2,-9,13,6,-5,10,-2,-5,-6,6,1,14,-2,4,5,2,-6,-2,-9,2,-10,-3,1,1,4,1,-5,10,-11,-12,5,-10,9,-1,0,2,15,0,-6,-7,-23,-4,-11,-9,27,-7,-13,-11,8,-12,-6,-12,-4,-9,-5,-1,-10,-19,7,-2,-11,1,-4,-4,3,-4,25,9,-7,2,2,-9,-9,-3,-11,-11,-15,-3,-7,-7,-4,-9,3,-23,-29,0,-5,11,-9,-22,9,11,-9,-24,-11,-15,12,-11,-9,-7,35,9,-11,-16,-25,-15,-26,-13,23,-19,-23,-10,9,-16,-25,-28,-14,-7,-14,-7,-11,-12,21,-7,-30,-8,-13,-16,2,-18,19,15,-25,17,-5,-18,-11,-20,-16,-5,-16,-9,-6,-8,-4,-6,-5,-25,-13,-33,-7,15,-32,-25,31,24,-19,-50,-28,-23,11,-10,-33,10,38,11,-25,-61,-44,-39,-39,-26,39,-25,-36,-7,32,-23,-31,-33,-27,-13,-27,-25,-20,-63,29,-26,-43,3,-25,-17,-18,-31,45,17,-39,29,9,-17,-23,-25,-43,-9,-26,-25,-11,-8,-12,20,0
0,1,1,-1,-2,0,-1,1,-1,3,0,-3,3,-9,0,1,0,1,-3,1,4,18,4,3,1,0,0,-3,-1,-14,-6,1,19,0,9,-5,-5,-8,-5,-5,19,1,-17,-13,-6,-3,-2,-10,-29,5,29,1,-8,-8,-1,-8,-1,0,0,2,2,-1,0,-1,5,2,-12,-4,-7,-5,0,11,-1,-8,1,1,1,5,8,4,-2,-9,3,9,-6,-15,12,14,12,-14,4,-4,-13,-3,3,-6,-14,-8,-17,9,2,-14,10,5,-31,-5,-13,0,-13,16,2,-21,-4,-2,-9,8,-14,-38,-9,-4,9,-8,7,-2,7,-4,-17,1,-4,-7,2,-6,11,-1,9,2,-3,7,-8,-1,11,10,12,6,-1,-13,0,5,12,13,9,7,3,-6,-7,4,6,-5,-1,8,9,-3,7,-4,-10,11,6,11,1,8,-6,-17,2,-18,-14,5,11,8,32,-9,-14,-1,-6,3,4,-6,-9,22,-1,-12,0,-3,1,6,5,2,-1,28,5,4,8,-1,-1,13,8,-20,0,5,0,12,4,-9,11,20,6,2,12,8,-1,-10,8,19,11,12,-6,13,2,-12,7,-3,0,-3,17,7,1,9,4,-2,-17,-10,16,9,-15,-11,4,-15,-11,0,-3,4,-25,9,-1,11,-10,0,-14,5,1,8,9,16,9,-30,4,14,0,12,9,11,-1,22,-8,6,5,-1,15,17,9,-5,-16,-3,-19,8,0,3,-2,-18,-3,4,11,-12,-21,8,5,-6,-2,-17,6,-5,-2,4,1,-13,-11,-1,0,-12,-5,1,-29,-1,-2,8,-12,2,-8,-15,-9,2,1,0,-2,-2,-1,2,2,-2,-15,-6,-9,-26,-17,-25,1,0,6,-6,-13,-16,-2,-2,1,-13,1,-2,-4,-6,0,-12,1,-3,0,1,-3,1,-2,1,-2,-3,-4,4,-1,0,0,-2,-3,2,-4,1,-1,1,2,1,-2,3,0,2,2,1,1,-2,-2,2,1,-18,-11,-9,-3,-15,15,10,-1,-2,2,-13,-12,5,-10,-15,-1,-12,-13,4,-37,-6,-30,-8,-13,-15,-28,-15,6,21,9,-2,-8,-16,-5,-5,0,-11,-6,-16,-6,16,-1,-12,-3,-5,-4,-3,4,3,-9,-4,-1,-5,-9,1,7,-5,-4,7,-12,-3,-2,-9,-10,-22,-12,-16,1,-9,-17,3,-12,-13,2,-13,-16,-1,-14,-29,6,-9,-19,-16,-17,-1,-7,1,-12,-14,-17,-18,6,18,8,-1,5,-16,-8,-12,-6,-5,-13,-18,-7,21,-17,-10,-8,-2,-8,-5,-9,-8,-15,-2,-2,-5,-3,-7,-8,-21,-4,-1,-15,-2,-28,-7,-12,-9,-6,-8,10,-9,13,18,-39,-12,-10,-16,-9,16,-18,-9,-3,-32,-10,-28,-46,-4,-31,-16,-18,-22,-23,-20,23,30,18,-33,-1,-39,-12,1,-8,-11,-5,-20,-5,24,-8,-27,-20,-36,-20,-8,-8,3,-20,-12,-16,-3,-16,-6,-6,-3,-5,1,-7,-6,-10,-7,-10,-50,-27,9,17,-40,9,18,-67,-19,-16,-48,-43,41,-35,-61,3,-37,-41,-50,-34,2,-38,-27,-32,-27,-48,-39,33,40,32,0,-14,-38,-49,-47,-31,-30,-25,-20,-44,45,-40,-35,-42,-13,-33,-48,-15,-11,-21,-20,-23,-2,-22,-32,-5,-23,-19,2,-30,-10,12,-20
2,-2,1,-2,2,-1,3,2,3,-1,4,-2,-7,-4,-1,-2,2,3,3,-2,-4,-1,3,1,2,-2,-2,-3,6,-5,3,-2,-7,2,-1,3,-1,1,-2,-1,43,16,27,-8,-2,-1,0,0,-28,15,11,10,16,13,12,9,0,1,-2,-2,-1,2,-2,0,10,1,12,2,-11,6,1,7,7,2,3,3,1,4,-1,11,2,-1,6,-2,0,2,2,4,25,-8,25,3,4,-6,2,3,5,13,-7,12,-6,16,5,7,2,11,24,10,-6,-1,6,3,11,-1,-3,-15,6,-11,3,-2,10,3,27,3,-8,11,-2,6,10,8,7,-5,-2,5,16,4,8,4,-2,4,5,0,5,4,12,4,2,-1,5,-2,19,7,0,-1,2,6,5,10,0,6,10,2,16,5,8,8,8,1,-12,16,-22,11,9,-3,2,6,15,6,20,10,9,7,7,14,6,19,22,1,-6,20,6,2,8,-3,3,4,9,9,2,14,7,5,14,11,9,9,6,7,6,-15,9,-8,1,7,4,9,-4,-4,-1,2,1,-2,6,-5,4,-15,-14,10,4,-3,-4,11,-1,-1,9,4,-12,5,-27,12,-27,22,14,28,3,19,-8,3,6,1,11,8,13,23,-1,7,11,10,12,13,19,19,7,17,6,24,11,10,11,10,10,17,9,9,-7,4,14,13,17,19,12,9,9,25,9,18,4,15,6,7,20,6,9,-1,16,6,-23,14,-9,23,5,5,-2,1,-8,1,33,12,-6,2,12,-6,0,40,3,5,22,43,22,16,1,1,-2,1,1,-1,-1,2,11,-2,20,-13,-16,30,-27,33,1,-9,-2,-3,-2,-12,-13,5,2,-2,-2,-2,-2,-3,-2,2,5,-8,3,3,-3,1,-2,0,-2,4,-6,0,0,1,1,1,-4,25,-6,10,-3,0,1,-1,-1,-1,2,0,2,-1,0,0,-6,-2,6,-3,-13,3,-18,-5,-3,10,-12,-8,-7,1,7,11,-5,-8,1,-10,-2,1,-35,8,-4,1,-10,-6,-10,-4,-7,-1,0,1,-5,0,-5,-2,-19,-10,-2,-2,-5,-8,-5,-4,-9,-6,4,17,-10,-5,-1,-9,1,-6,-5,-6,-6,-1,-4,-5,-4,4,-2,-10,12,-10,-6,-11,-29,-1,8,1,9,5,1,6,-13,17,-10,1,-9,-11,-8,-14,-5,-6,-18,-1,0,-5,-12,-12,-5,-7,-11,-18,-12,-9,-7,3,-13,-8,-8,-11,-7,-4,-1,-11,1,-10,-9,13,-14,-4,-3,-7,-7,0,-4,-13,4,-5,-9,-2,0,-6,2,-23,2,-11,-35,0,-10,19,-1,-9,-15,-2,-4,-14,-18,18,-7,-18,-9,-1,-8,-7,-1,2,-4,-3,-11,-6,-12,0,-7,9,2,-8,-9,-2,-2,1,-13,-5,-8,-7,-6,2,-4,-11,-7,-9,23,24,-10,-10,1,-10,-7,-7,-7,9,-4,-6,-7,-3,-6,-11,-17,-19,18,-16,-17,6,-14,20,33,4,-22,-1,-6,8,-3,18,-22,15,-16,-26,-9,-59,-10,-2,-7,4,-10,-10,-17,-12,-6,5,-10,-10,-25,-5,-14,19,-21,-16,-9,-7,-13,5,-3,-18,-9,-2,17,26,-17,-5,-1,-16,-9,-8,-5,-12,2,-12,-23,-6,4,-17
2,2,0,2,-2,2,-2,1,0,0,-1,-1,0,-1,-1,-1,0,0,-1,-1,1,-2,-1,-1,0,-2,-1,-3,-1,-2,-3,-2,0,-1,-2,-1,38,-5,38,-2,-1,-2,-3,-6,-1,-33,-1,0,-3,-6,0,-8,2,-3,-4,1,1,-2,1,2,1,-2,2,2,-1,2,1,0,-3,-2,1,1,-1,-2,0,2,-1,1,0,1,0,0,1,-2,2,-1,-1,0,-1,0,-1,-3,18,1,20,0,-1,-1,2,18,-3,-4,-4,19,0,0,-9,-1,-2,-16,-4,-7,-3,-5,0,27,2,-4,-5,24,-3,-7,-3,-2,28,-4,22,0,4,1,2,2,-1,0,1,-1,-3,4,0,0,0,1,0,-4,0,-1,6,0,1,-1,1,0,-3,-2,-1,13,0,1,-1,19,-2,-1,-3,-1,14,-3,12,-2,-5,-5,-2,-5,-4,-1,-2,-4,-1,-4,-3,-3,24,-5,21,-3,-2,-15,-2,25,-3,-11,-5,18,2,2,2,2,2,4,2,2,2,0,-1,0,1,4,2,2,1,0,0,-2,4,8,4,1,0,0,1,-1,-5,13,-1,-1,0,0,0,-5,1,16,-3,-1,9,10,7,12,17,-22,12,6,2,-3,-4,-7,-1,17,-3,-4,-3,-3,-10,-2,-5,12,2,-1,6,7,6,5,5,3,8,6,4,6,4,5,4,7,-1,3,3,4,7,3,4,5,7,5,2,-2,1,8,3,7,2,8,3,4,-5,2,12,6,7,5,1,7,7,7,5,18,9,3,-2,0,-5,1,15,10,10,2,0,4,-6,1,2,3,-3,7,0,0,0,-1,2,1,-1,1,-6,-3,-4,-5,-1,-4,-1,-1,-1,-1,-2,0,-1,-2,-3,-3,-1,0,0,-1,-1,-2,-2,-1,0,0,-1,0,-2,-2,-4,-1,1,0,0,1,-1,27,-1,-1,0,-1,0,0,-4,0,-4,-1,0,-2,0,-1,2,-1,-1,2,-3,-1,-2,4,-4,-4,2,-4,-8,-2,-5,-5,-1,-1,-2,-4,0,-6,-2,-4,-2,-7,-3,-5,-2,-2,-2,-2,-6,-4,-4,-5,-2,-1,-3,-3,-5,-5,-6,-6,-1,-2,-2,-5,-2,78,-1,-4,-2,-1,-2,-6,-2,-3,-3,-7,2,-1,-3,-2,-5,-2,-6,1,-7,1,-12,-1,-7,-9,0,-3,-2,-4,-3,-9,-6,0,-1,-2,-4,-2,-6,-3,-3,-2,-1,-4,-3,-3,-6,-4,-4,-2,-6,-2,-2,-3,-2,-5,-9,-2,-8,-3,-2,-2,-3,-5,-3,80,-1,-6,-1,-3,-5,-2,-4,-3,-5,-5,0,-1,-1,-3,-4,-3,-4,-8,-10,-9,-6,1,-7,-16,-7,-3,-6,-10,-7,-2,-7,-4,-5,-4,-3,-8,-8,-5,-10,-9,-7,-2,-5,-8,-8,-9,-5,-10,-9,-5,-4,-4,-7,-6,-9,-12,-8,-7,-3,-7,-7,-12,-16,82,-12,-8,-2,-2,-4,-7,-5,-6,-2,-5,-3,-3,-1,-2,-5,-6,-5,-4,-19,-15,-20,-17,3,-19,-10,-7,-6,-24,-19,-14,-10,-12,-9,-8,-6,-11,-23,-12,-16,-16,-18,-9,-12,-11,-20,-20,-20,-16,-11,-6,-10,-14,-13,-13,-20,-14,-12,-14,-10,-8,-12,-10,-19,84,-14,-14,-11,-11,-7,-5,-10,-12,-16,-16,-9,-6,-4,-8,-4,-14,-9,-15
2,-2,1,1,-1,0,2,1,4,-1,5,-3,2,10,1,6,1,-1,-4,-3,-1,-4,-4,3,0,-4,-2,1,5,0,3,-1,-7,-6,-17,6,-3,1,3,2,25,10,32,-3,-6,-2,0,-3,-13,-3,51,6,8,-9,10,-2,-2,-2,1,1,2,1,0,-1,-4,6,9,-1,-4,5,4,12,-7,8,-2,4,1,8,3,10,-2,1,0,-3,1,-6,-3,-4,-10,-1,-11,-3,2,-9,4,8,23,4,7,1,-8,8,-15,-16,-7,-8,27,9,9,-62,23,-15,-8,1,-8,2,5,4,6,8,-9,8,25,4,12,-1,10,0,1,-7,0,1,12,-2,5,3,12,1,11,2,-1,5,5,5,7,-9,7,0,3,-5,-11,0,-10,2,1,-4,8,0,6,6,18,-11,9,-5,4,-2,5,1,10,-4,25,-1,-21,1,-15,5,-15,3,17,2,-6,2,6,-10,14,-7,3,10,-5,8,-4,4,11,2,4,11,-2,-3,2,1,0,12,-2,6,-5,-13,5,-3,5,7,-8,20,2,1,-1,-4,-5,13,-13,-9,-16,7,5,-4,-1,18,-25,-1,4,-2,0,11,3,14,-17,10,9,-3,-19,-6,19,22,-14,13,3,3,-5,-3,-7,11,3,15,11,-10,28,-11,6,-2,9,7,7,0,3,6,13,22,12,6,3,11,13,0,-2,20,21,19,11,6,5,4,4,19,3,0,5,18,0,19,-5,22,-6,5,25,10,9,3,26,22,-19,-5,33,11,-2,7,-4,4,37,-20,32,-1,-2,13,7,12,5,7,-10,16,13,14,-1,1,0,-1,-2,-1,-1,-2,-32,-24,-44,0,-1,-1,-12,3,-3,1,-10,4,-10,4,-7,-8,-3,-7,-7,-3,-4,2,-1,0,-1,0,-4,0,3,1,-6,-1,0,-1,2,-9,-3,-2,-4,0,-2,1,-5,-2,3,2,-3,0,1,-2,-1,-1,0,1,-2,1,1,13,-10,-3,-27,1,-2,10,9,-10,-16,16,5,-4,-4,-7,-8,13,-8,2,2,4,15,-3,-11,-8,-18,-8,-11,-8,-1,-10,-9,-10,-15,-9,-2,-1,-4,2,-4,-5,-1,-22,-9,-5,3,1,0,10,-7,4,-7,-5,-1,-5,-41,5,-49,1,-16,4,-4,11,-2,28,-10,7,-4,1,1,-11,-7,-8,-7,13,0,-4,-26,-17,-10,23,-6,-11,-5,1,18,-1,-1,-4,-22,-12,-11,4,9,-8,-7,-15,-9,8,7,7,-5,-4,-10,-18,0,-10,3,-1,-4,0,7,22,-1,10,3,-8,-7,-1,-7,3,-5,8,-1,-2,-8,7,0,16,-59,-9,-6,-15,-37,-8,-9,-18,-39,-3,-14,-34,-7,-15,-7,16,-42,-4,4,-1,17,-8,-7,-4,-23,-15,-23,-34,-2,-14,-7,-23,-23,8,-10,8,-24,-19,-12,-22,-13,-25,-16,-13,-19,-13,-1,20,-23,-11,2,-11,-16,-9,-9,2,-22,4,-2,2,-12,-2,-8,32,-28,-47,-22,-12,-46,-24,-8,-34,-12,11,-50,-42,-40,-47,-32,31,-30,17,-4,-32,29,-16,-32,-20,-32,-35,-45,-34,-27,-21,-14,-17,-48,2,-21,14,-30,-24,-51,-31,-23,-41,-23,-9,-18,-72,-2,33,-13,-14,7,-26,-18,-8,-14,-8,-20,3,1,23,-20,-9
-1,-2,-2,-2,-1,-2,2,-1,1,0,-2,-2,-2,7,-8,11,2,1,-4,2,-2,13,-11,17,2,8,-4,-2,-7,7,-21,14,-6,16,-6,-3,-11,-2,-13,13,8,25,-5,18,-27,-15,-17,2,-5,-15,-18,7,-17,-2,-16,-1,0,2,-3,0,2,0,1,-1,-8,3,-1,-3,2,7,-1,-2,4,-7,9,5,-2,11,-12,6,4,-5,5,-7,15,-4,-18,7,-13,14,-13,-3,-11,0,-22,-5,2,5,0,3,2,-24,11,2,8,-13,7,-4,-9,2,-15,-9,13,-15,-13,-25,2,1,-1,-4,-1,6,0,-12,13,-15,9,-15,-3,-2,7,8,-20,5,-13,10,0,-1,3,5,5,-1,-4,8,0,-7,6,14,-1,14,-11,21,8,7,-3,-17,4,3,5,-6,7,10,-8,6,4,19,-14,19,-4,8,-11,7,7,-3,-33,-4,8,10,-18,0,-26,-16,-9,8,-13,0,10,10,-2,-12,3,-2,2,7,6,5,2,-1,26,-3,3,-2,3,0,16,8,12,6,-5,-10,8,1,5,-6,18,2,10,-11,4,-13,-13,4,6,8,-14,-11,-10,-7,-10,4,1,0,10,-3,9,2,16,-14,18,0,10,5,14,8,13,13,28,18,16,-22,16,-1,12,11,9,7,7,17,18,5,1,-6,17,5,22,15,11,3,20,9,7,-22,3,9,13,16,8,3,18,-1,5,14,5,8,-1,6,-34,13,7,3,-21,9,-2,1,6,17,-3,-13,8,-4,15,-1,9,7,-1,-4,-4,17,3,20,8,17,6,-6,-13,15,-3,10,16,-13,-2,-1,-1,1,2,-2,0,2,-7,1,-10,-2,-15,-12,-8,-40,-2,4,4,-4,-7,-2,-8,-5,4,-2,3,-2,-5,-3,-17,5,-1,0,1,0,2,1,-3,-1,1,0,2,0,-2,-3,-3,-4,2,-1,7,0,-7,-10,-3,-3,2,-1,2,0,0,-2,0,-2,-4,1,-13,-5,0,-9,-10,-5,-6,-6,3,2,-2,1,-6,-21,-14,-4,-30,-2,23,-10,-12,-17,-16,-14,-13,-12,-12,-17,-18,-9,-3,-8,-10,-8,-7,-14,-6,-18,5,-7,2,-14,4,-13,9,-7,3,-9,3,5,-7,-1,-5,4,-4,-3,6,-7,-3,-20,-4,15,2,0,6,-6,1,-2,-6,3,2,18,5,14,9,0,10,-18,10,1,-11,-10,2,-7,-12,-10,-1,-9,-6,-11,0,-11,11,-13,-11,-7,-2,-13,-3,-13,3,-23,-3,-5,0,-11,-6,-1,-8,-10,-17,-3,17,-2,1,-16,1,-11,5,7,1,-4,-4,-8,0,8,-14,-29,-14,-6,-13,6,-2,5,-3,-4,3,-1,-10,-5,9,-16,-2,-13,-35,-5,-8,-26,-3,-12,-10,6,-20,-25,17,-42,31,-14,2,-6,-20,-17,-24,-22,4,-15,17,-22,16,-14,1,4,3,-9,5,-2,24,-2,0,-16,-18,7,-3,-3,9,1,-4,-9,7,3,1,7,-24,-24,-5,-10,-13,2,-12,-1,6,20,-21,-27,32,-40,0,-26,-42,-63,1,-15,-9,-15,-15,-2,11,-52,26,-21,41,-30,10,-26,-26,-36,-38,-23,13,-32,32,-40,1,-43,-30,-27,4,-30,21,-24,32,-12,-7,-12,-8,-4,-13,13,13,-2,-6,-39,-7,-8
-2,2,-1,-2,-1,-1,2,0,-2,-2,0,8,-3,34,0,5,-2,-2,-1,-2,-7,-6,-7,-2,-3,-1,-2,-1,0,-7,-8,-4,-6,-1,-2,-5,-2,-7,-8,-7,1,-4,-1,-6,13,37,0,27,6,-1,2,-14,3,-14,26,3,1,0,1,2,1,-1,-2,1,-3,-2,-2,1,-2,14,-5,1,-4,-6,4,-9,-2,-12,4,-4,3,-8,-2,-2,4,-7,-3,-2,-9,1,4,-5,-6,-14,9,-6,-1,0,-3,3,3,5,0,4,-5,1,-16,-5,7,-4,-4,17,-7,8,-5,6,7,4,-6,-7,-5,4,-20,0,1,12,-7,3,-3,7,0,0,-13,-1,-3,-11,-11,-2,-5,0,-4,22,0,9,-15,-3,-7,-5,-8,1,-22,-4,-1,-18,2,0,-4,3,-3,-12,-9,-7,-6,7,6,-1,-12,-2,-33,-8,-2,-4,-3,3,-7,-5,-6,-1,11,-18,-1,-9,1,-11,-3,-4,0,-9,-8,-13,-17,4,3,2,-5,-3,3,-6,0,4,-2,10,-4,-4,-3,-6,4,6,6,-1,2,15,1,23,2,8,-8,-1,-12,-7,1,0,4,4,-1,-15,-13,-8,-6,6,3,1,-4,-3,-13,-5,-10,-20,2,0,4,-5,-13,4,14,5,-3,-6,7,-18,-2,0,8,-12,4,-14,8,-3,3,3,7,-2,7,0,2,12,5,7,5,20,-1,9,-3,1,4,10,-2,16,4,7,-14,-41,-2,9,-1,17,11,5,-27,-12,2,20,7,-2,7,3,-4,-25,-7,-1,-22,-4,13,10,14,-9,5,-21,-11,-5,20,0,-10,10,1,-15,8,22,14,-2,-2,-2,0,1,0,-2,2,-1,13,-5,-26,-3,-13,-10,-12,-7,1,-8,-10,-7,0,3,-8,-1,-3,-1,-2,-4,4,-3,2,-3,-1,-1,2,1,1,-4,1,-2,1,-1,-1,1,-1,-5,2,2,-2,1,-1,5,2,-1,6,2,1,0,2,1,1,-1,2,-2,-5,-2,-10,-13,-11,16,-4,-3,-5,-4,-7,-11,-6,4,-11,5,-5,-9,-4,-4,39,-14,26,-22,-11,-6,-1,-5,2,-7,-24,-14,-1,-7,2,-11,-15,-12,-14,-10,-3,-6,-1,-5,-12,-4,-9,-10,-8,2,-5,-1,0,-2,12,-6,-2,0,-3,-1,5,-4,-2,-21,-10,-1,-26,4,-15,2,-5,8,0,-9,-7,-20,8,-25,2,-12,-8,-8,-19,-5,47,5,26,-1,-5,-26,-14,-25,-8,-12,-10,-9,-9,5,-6,-3,-12,-2,-10,-6,2,-8,4,-2,-9,-7,-8,-10,-16,-4,-19,5,2,-1,11,-3,2,-7,2,-7,-1,0,-9,-8,-4,-15,-5,-4,-47,-14,-19,-11,-3,-9,-14,-23,-22,-19,-19,-8,-40,-17,-3,-32,56,-28,42,-19,-15,-19,-14,-11,-45,-39,-16,-18,-12,-17,-22,-11,-29,-13,-22,-16,-18,-27,-9,-25,-28,-16,-23,-13,-12,-13,-17,-7,-7,-29,24,-8,-6,-10,-12,-3,-14,-8,-9,-2,-24,-35,-23,-3,-16,-31,-23,-4,-1,-40,-22,-59,-60,-22,-31,-2,-30,-26,-33,-28,66,-66,57,-26,-31,-38,-26,-65,-47,-53,-28,-52,-26,-47,-38,-21,-49,-16,-38,-15,-21,-27,-23,-24,-53,-25,-44,-38,-19,-25,-12,-1,-21,-1,37,-28,15,-4,-10,0,-29,-6,-27,11
0,2,-1,-1,1,-2,-1,-1,7,0,7,-5,8,0,1,1,1,2,-1,13,-2,7,-1,-2,-1,-3,-1,1,-5,-5,-6,0,-2,6,-4,8,1,-9,16,4,-11,-2,11,2,10,4,-13,0,0,7,29,20,16,-2,-4,-8,-2,1,-2,-2,0,-2,2,2,-2,-2,8,2,18,-3,4,7,-4,8,4,35,2,3,1,6,7,-7,2,-4,-3,-7,5,-2,-3,7,-4,12,-19,-3,-1,-3,14,-7,27,-7,13,13,-5,-2,15,22,-10,11,2,17,-9,-2,28,-2,-18,7,16,17,-9,1,9,11,-40,-4,-12,7,3,0,-1,6,2,3,1,6,-3,7,3,1,9,-2,9,-13,7,7,-6,1,-2,10,-8,11,-6,5,9,-16,1,-2,4,1,15,-2,-8,12,-9,15,-18,16,5,-3,1,-15,13,-14,15,3,-1,9,-8,7,21,13,14,-27,10,6,10,-11,-7,-3,10,0,-18,-1,6,4,6,12,4,3,3,3,0,-1,0,2,10,0,1,2,15,11,20,9,20,4,5,2,10,12,14,25,-3,1,5,7,2,-15,9,-2,-9,-7,-13,0,6,-8,16,17,11,-16,11,-6,6,4,12,19,3,5,-3,15,19,8,14,12,-7,2,3,15,20,9,3,7,4,3,-10,1,4,0,9,0,12,3,7,8,13,0,22,8,24,15,6,15,5,4,9,16,-12,2,9,12,9,-9,-20,13,0,-3,7,7,8,-16,13,-12,-1,6,17,10,-1,-10,-3,-14,-12,3,14,15,11,1,15,-10,-13,33,8,17,-1,0,-2,0,-2,-1,-2,1,10,-17,1,6,-3,-1,-16,8,-1,5,-6,5,-1,-6,-4,6,1,-2,4,0,0,-4,-1,3,-1,-1,-2,-3,-2,-8,0,-1,-2,1,-1,4,-3,2,6,-1,-2,0,1,0,-1,-1,2,-1,2,-1,2,-2,2,1,-1,1,-4,-3,-10,-19,-4,2,-14,-8,-23,-16,-15,8,-4,-8,-12,-4,-1,6,-26,15,-47,18,-10,-16,-11,-8,23,-14,22,-9,-8,-12,-5,-17,-3,-14,-6,-19,-14,-8,-6,-14,0,-6,-5,-2,-1,3,-14,-5,-2,-1,-9,-5,-15,-8,1,-2,0,3,-5,1,-7,0,-5,-2,-14,-7,-16,-5,-20,-9,2,-17,-8,-16,-7,-9,-13,-24,-9,13,-52,10,-20,8,1,-19,-35,-64,22,-15,19,-9,-23,-4,-22,-20,-13,-15,-9,-12,-17,-15,-8,-14,3,-8,-9,-9,-13,6,-11,-13,-4,-7,-8,-17,-6,-3,-2,-9,-6,4,-16,-6,0,-1,7,1,-40,-13,-3,-19,-25,-15,-7,-8,-8,-11,-32,-15,-11,-20,-15,12,-14,18,-15,21,-6,-21,-21,-7,20,-29,22,-23,-22,-14,-13,-16,-15,-18,-15,-24,-23,-7,-7,-10,11,-13,-4,-9,-16,23,-14,-8,-4,13,-15,-14,1,-12,-5,1,10,4,-13,-4,-6,-6,14,4,-18,-22,-38,2,-29,-26,-38,-23,-27,-39,-24,-41,-33,-43,-35,29,-41,40,-32,30,-15,-40,-22,-51,41,-26,40,-33,-39,-53,-52,-39,-40,-24,-35,-31,-50,-23,-19,-29,26,-21,-9,-11,-40,35,-37,-12,-14,30,-28,-31,13,-24,-8,-5,13,-3,-19,-6,-8,-10
-1,0,2,1,-2,-1,-1,2,3,14,-6,3,3,1,1,1,5,0,-18,0,2,-1,0,1,-1,1,1,0,1,3,0,1,-2,6,0,5,0,-1,1,2,4,-2,3,-1,2,-1,-3,0,-4,3,-5,-3,5,-1,8,-1,0,-2,1,1,-1,2,2,1,-4,13,-1,14,1,-10,4,0,12,-2,-5,-8,6,-2,-2,4,-7,4,69,4,1,4,-4,0,18,-5,1,1,7,2,-7,4,9,4,1,6,6,2,1,0,-19,5,4,1,10,-1,3,-8,-6,-3,1,-4,17,4,2,3,5,9,-6,-5,-5,5,2,-4,9,3,3,0,7,3,11,0,6,10,-14,11,4,1,1,-1,6,-1,4,3,-1,-4,3,3,14,3,4,10,-4,1,2,5,8,2,4,-7,8,5,2,3,8,-6,3,1,4,4,4,5,-5,8,-3,3,-4,3,3,8,5,-12,-3,-10,1,-2,10,0,1,6,11,7,-3,5,4,6,2,-3,8,-1,-2,6,0,5,0,6,4,13,3,7,0,4,12,-7,16,-2,5,6,6,1,-6,-4,12,4,-11,0,1,2,3,2,1,5,-4,7,3,5,10,2,6,2,6,8,-1,2,6,3,15,4,-6,0,-1,5,-1,12,15,14,11,13,13,8,2,13,5,21,13,4,9,7,12,11,6,14,7,12,15,10,21,19,7,10,4,2,3,15,-2,5,16,4,3,7,12,10,3,6,13,-6,19,3,19,-6,6,15,29,15,-15,4,-6,13,14,1,15,19,12,18,22,14,-2,1,-1,0,2,0,-1,0,4,-1,-12,-5,-4,-12,-11,-9,-11,1,8,4,-3,0,-4,-6,-2,-51,2,-51,-3,1,-4,-1,-2,-6,-3,-2,-2,-4,-3,0,-2,0,-4,0,-2,-2,-1,-1,0,-3,-1,-2,-2,-1,-2,1,2,0,-1,1,-2,-1,-1,-1,-9,-24,-1,-10,-7,-15,-4,-8,-5,-7,-6,-2,18,-7,15,-11,-19,-13,36,-2,0,-12,-13,-5,-6,-5,-10,-10,-6,0,-3,-7,-4,-10,-8,-23,-9,-8,-5,-3,-3,-8,-3,-9,-7,-4,-2,-4,-2,-3,-8,-3,-6,-4,-4,-3,-5,-3,-4,-1,-4,1,-2,-1,-12,7,6,6,-28,-2,1,-5,14,-3,-12,-16,15,-10,-5,-6,-9,-10,49,-7,-3,-8,0,-3,14,-2,-8,-7,9,-1,-10,-12,-17,3,-6,-7,-10,-4,-3,-9,-4,-8,-2,-7,-5,-3,-7,-7,-8,-4,-3,-3,-8,-9,-5,-3,-4,-2,-3,-7,-12,-5,-10,-8,-20,20,-21,14,-27,-14,-15,-13,14,-5,-31,-18,14,-1,-14,-9,-23,-20,49,-28,-16,-22,-18,-20,16,-6,-25,-12,11,-13,-11,-16,-9,7,-17,-11,-1,-8,-12,-7,-4,1,-10,-7,-8,-1,-12,-9,-8,-11,-10,-12,-6,-11,-7,-4,-5,-8,-7,-6,-4,-6,-5,-5,-5,14,7,19,-28,-58,-24,-24,14,5,-20,-37,21,-28,-23,-30,-25,-35,51,-39,-16,-29,-12,-30,20,-13,-35,-2,7,-14,-25,-12,1,-1,-3,7,6,-24,-10,-23,-5,-2,6,-7,-13,3,-22,-14,-11,-14,-2,-5,-7,-24,-10,-16,-5,-9,-5,-3,-8,-5,-9,-16
1,1,-1,2,-1,-1,1,2,-7,-39,-4,-1,-1,1,0,1,-6,64,-6,-4,0,0,-1,0,1,-5,1,-1,-2,0,1,1,-3,-10,-2,-1,-3,-1,-2,1,-2,-13,-8,-8,0,-3,-3,-1,-4,-10,-15,-10,-6,-4,-5,-4,-1,-2,1,1,2,0,1,1,-10,-2,4,-2,0,0,5,6,4,-2,0,3,2,7,4,4,0,-2,-1,1,-1,3,8,6,1,-3,7,2,4,1,3,7,0,1,-2,-3,-1,4,1,5,-1,-3,-6,-4,0,0,-3,4,2,5,0,3,1,2,1,2,-5,5,1,3,3,5,3,3,1,0,0,-5,0,3,10,3,-26,-1,-6,3,4,1,3,0,-1,24,-6,1,2,3,3,0,1,-10,7,-2,-1,-2,5,1,-7,-3,-5,-2,-2,1,0,-1,1,-2,-1,-9,-2,-7,0,1,3,0,-8,-5,-1,0,-8,5,1,-6,-2,-2,-3,-3,-8,-3,2,3,2,5,2,5,4,4,-1,-4,0,2,1,3,6,7,-8,-9,3,5,6,5,-2,1,-3,-5,-8,-4,2,0,-5,3,10,6,-4,5,6,3,0,3,5,6,-4,3,3,1,4,5,0,0,-4,6,-11,4,1,4,4,7,-2,1,5,4,4,0,7,10,9,7,4,7,11,9,-1,2,4,6,9,8,10,4,-14,18,9,8,10,14,-1,12,8,-6,0,1,7,-2,9,-4,-1,4,4,-3,4,1,5,5,4,5,2,-20,-11,0,7,3,7,-11,5,-23,13,16,3,1,7,-1,-2,7,23,20,2,9,-2,2,2,0,1,2,0,-3,-55,-17,-25,-14,-7,-1,-13,-9,-37,-12,-30,-8,-2,-3,-6,-5,1,6,-4,-2,-4,-5,-5,-3,-1,2,-2,-2,-1,-3,-2,-3,-3,-1,-4,-3,-3,-2,-3,-2,-4,-2,-3,-2,-1,-2,-2,-2,2,2,-2,2,2,-2,0,1,-45,-21,-41,-4,-16,-8,-1,-7,-26,3,-13,-23,-12,-11,-5,-18,-12,5,-10,-8,-7,-13,-9,-12,39,-7,34,-11,-6,-1,-7,-3,-17,-8,-14,-7,-4,-6,-8,-7,-7,0,-6,-8,-8,-6,-5,-5,-9,-8,-9,-5,-4,-6,-7,-3,-6,-5,-10,-9,-6,-5,-6,-3,-4,-23,-10,-37,-15,-1,-7,-8,12,-12,-33,-8,-17,-2,-12,-4,-11,-2,-12,-9,-6,-14,-12,-10,33,-9,26,-7,-8,0,-11,-1,-5,-12,-6,-10,-7,-9,-8,-11,-9,-3,-10,-4,-11,-6,-6,-3,-4,-11,-9,-9,-5,-9,-2,-15,-12,-9,-9,-7,-12,-1,-15,-1,-5,-26,-12,-12,-9,-3,-14,-10,-12,-52,-13,-6,-8,-7,-13,-8,-12,4,-31,-29,-18,-23,-15,-16,32,-34,22,-11,-9,-11,-12,-6,-17,-14,-13,-13,-14,-7,-13,-10,-7,-14,-12,-12,-12,-8,-9,-9,-8,-13,-14,-11,-12,-11,-10,-12,-7,-11,-10,-10,-9,-11,-8,-9,-20,-30,-31,-25,-17,-18,-16,-10,-34,-54,-27,-32,-25,-25,-27,-29,-31,-6,-34,-38,-28,-38,-31,-19,49,-37,43,-28,-36,-41,-37,-22,-13,-12,-24,-16,-29,-23,-33,-8,-12,-26,-29,-19,-31,-16,-22,-16,-7,-22,-19,-15,-17,-16,-12,-19,-20,-12,-15,-13,-13,-21,-12,-12
2,-1,2,-1,2,-1,1,2,0,0,-5,1,-2,-2,-1,-1,-2,-3,-6,-2,-2,-1,0,-2,-2,-3,-24,3,-1,-2,-1,-4,-19,0,73,8,-14,-5,0,-6,-12,20,57,15,-14,-7,-3,-3,-14,0,-20,12,4,-6,-4,-10,0,0,-2,3,1,-2,0,-1,4,0,-1,2,-4,-1,2,0,5,-1,7,-2,-1,-2,-3,2,2,0,0,2,3,1,2,0,-10,11,-13,6,-5,-1,7,-3,-5,2,-23,2,-2,-2,-2,-2,8,5,10,-1,2,-3,-2,2,11,-4,-2,8,9,0,1,-2,-4,8,-7,-7,-1,-4,-1,-3,-1,4,2,4,0,3,-3,1,-2,1,0,0,5,-2,3,2,-2,4,1,3,0,6,-4,2,1,-9,4,-3,0,-1,2,-3,-4,2,18,-2,3,1,0,0,3,-1,6,6,3,-2,3,0,-8,-1,-11,5,-4,1,8,1,-7,-2,-6,5,-3,0,-1,4,4,5,6,7,4,5,7,6,5,5,4,7,1,-2,4,6,5,4,1,2,0,-1,3,1,10,2,-9,13,2,0,5,2,0,-5,1,2,3,4,3,1,-2,1,-19,11,-1,-6,4,0,6,-1,-5,10,3,-2,-2,5,5,9,3,7,2,-1,4,7,4,7,13,9,12,4,1,8,13,7,9,11,7,1,8,6,12,12,-2,3,3,9,1,0,13,2,3,9,7,10,-4,11,-13,-2,0,6,14,10,-5,-2,12,-1,-14,17,16,17,8,7,11,-1,-14,20,-4,11,-2,-4,13,12,4,1,19,-3,3,3,1,1,1,-1,-2,1,2,-1,-4,-5,1,-3,-6,-11,-1,-7,-3,-4,-3,-2,-3,-6,-1,-5,0,2,-1,0,-1,-2,-4,-3,0,2,-3,0,0,1,-1,0,1,1,-16,0,1,1,-1,-1,0,-6,-13,-9,2,1,0,1,-1,-1,1,2,1,-1,2,2,-3,-5,0,-7,-2,1,-2,-3,-4,-3,-11,2,-2,-4,-6,-4,-8,-11,-16,-11,-5,-10,-10,-4,-7,-11,-2,-14,-2,-6,-3,-5,-10,-10,0,-7,-4,-4,-5,-1,-14,17,-14,18,-7,-3,-2,-3,-19,6,-9,-3,-9,0,-10,-2,-9,-8,1,-5,-2,-1,-5,1,-2,-6,-4,-4,-5,-5,-5,-5,-9,-2,3,-5,-2,-12,-15,-9,-10,-6,-10,-4,-13,3,-5,-6,-12,-4,-12,-4,-11,-3,-1,-1,-4,-18,-6,-14,1,-5,0,-5,-7,14,-18,19,-4,-4,0,-3,8,8,-9,-3,0,-3,-6,2,-5,-5,-8,3,-7,-2,-2,-1,-10,-16,-14,-13,-17,-11,-9,-6,-10,-8,-15,-9,-5,-11,-11,-6,-12,-14,-19,-9,-2,-8,-12,-9,-11,-12,-27,-12,-4,-7,-2,-7,-11,-15,-21,-12,-6,-8,-6,-5,-13,19,-3,16,-2,-5,-7,-7,-9,9,-6,3,-9,-6,-7,-7,-5,-5,-1,-2,-5,-2,-4,-3,-11,-22,-3,0,-16,-9,-7,-22,-20,-17,-17,-14,-19,-16,-38,-17,-17,-21,-18,-18,-25,-22,-17,-37,-21,-41,-34,-17,-33,-22,-15,-18,-21,-34,-11,-21,-26,-13,-19,-12,-20,18,-18,25,0,-18,-10,-27,-12,15,-17,1,-13,-18,-18,-14,-7,-14,-10,-8,-10,-11,-9,-14
2,0,-2,-2,-2,-2,1,0,6,-14,13,-26,16,-11,1,-2,6,-10,9,-21,15,-10,3,-1,4,-9,8,-19,13,-13,2,-3,0,3,-1,2,-1,4,-1,2,4,-6,8,-7,8,0,-2,-2,3,-2,3,-6,-1,2,-11,1,-2,0,1,-2,0,2,-1,2,1,-14,11,-19,13,-10,-2,-8,-4,-13,1,-11,4,-7,-2,-4,-1,-3,-8,-7,-4,-4,-2,-4,-12,2,-21,13,-23,1,-16,6,-5,-9,6,-10,10,-11,-5,-5,0,-12,0,-11,-1,-8,-5,-1,0,-15,0,-16,6,-28,4,-21,-8,8,-17,2,-5,10,-18,-3,-11,8,-16,12,-12,5,-13,-4,3,-13,-1,-12,2,-9,1,-6,-13,5,-13,6,-15,2,-18,7,12,-35,15,-26,20,-13,9,-13,-9,9,-14,9,-8,7,-6,10,8,-13,8,-19,7,-16,9,-8,-9,8,-21,8,-17,12,-12,6,8,-14,13,-17,5,-14,10,-12,3,-2,7,0,5,4,6,4,-2,7,-4,2,-3,0,3,4,-1,-16,-5,-18,-9,-10,-6,-5,-5,-3,-7,-14,-9,-1,-2,-3,-5,-4,-5,-3,-8,-5,0,-7,-13,0,-17,14,-23,13,-6,5,0,-4,2,-2,7,-5,3,-6,-6,-8,-7,-10,-7,-3,-10,-5,-9,1,-9,-1,-7,-3,-3,4,-5,-5,-12,-9,-6,-9,-5,-2,-11,-8,-13,-11,-16,-8,-5,-3,6,-19,1,-12,-3,-10,-5,-11,0,0,11,-5,-2,-10,-15,-5,3,-7,-4,-5,-14,-14,-1,-9,-5,9,-1,-2,-10,10,-7,-6,-19,-17,6,-11,3,-6,2,-5,0,-2,-1,-2,-1,2,1,-1,-14,4,-5,7,-7,-7,-1,-18,-8,-5,-14,-7,-14,-6,-5,-7,-6,-3,-5,-10,-9,-4,-4,-3,-2,-3,-6,-1,-6,2,-2,-1,-2,1,1,0,3,0,2,0,-1,1,2,3,1,3,1,1,-2,-1,2,-1,2,2,-1,-1,-20,9,-13,6,-18,-3,-12,-7,-13,3,-15,10,-3,9,-8,0,11,-12,21,-18,13,-2,11,5,12,-14,20,-21,18,-12,8,-7,6,-2,11,-2,10,-5,14,-2,-2,12,-5,13,-4,6,-2,4,1,5,0,11,-1,7,2,4,4,2,5,1,6,0,3,-1,-6,-10,-5,-21,-9,-13,-12,0,-4,8,-3,-3,0,-1,2,-4,11,-12,18,-17,16,2,1,0,7,-2,13,-6,10,-13,-1,-3,5,2,12,-8,15,-3,9,-3,-1,8,1,8,-3,3,3,2,-1,-3,-1,1,2,-1,5,2,-1,3,0,0,0,2,0,5,-6,-9,-6,-14,-12,-22,-13,-10,-11,3,-17,5,-18,-6,-8,-5,21,-22,25,-19,19,-18,13,-3,12,-9,25,-4,20,-11,10,-4,13,2,18,-4,21,-10,18,2,-6,10,-8,18,-8,2,-5,6,4,-3,7,-3,2,-5,2,4,3,3,4,0,0,0,1,4,-16,-34,-20,-16,-32,-14,-25,-6,-13,26,-28,27,-22,2,-22,5,39,-55,41,-41,41,-13,-1,-10,33,-47,27,-26,22,-25,1,-16,21,-15,28,-15,34,-28,43,-5,-8,23,-38,24,-39,16,-11,12,14,-19,9,-4,11,-13,11,-3,3,7,3,3,-2,20,-2,13
0,1,0,-1,-2,1,-2,0,5,5,-2,-1,3,0,-4,-3,7,2,4,-3,-3,4,-4,-3,3,3,-4,-7,-7,0,0,3,2,3,1,-5,-11,2,-10,-3,2,-5,0,-6,-9,6,8,17,0,-22,-13,-7,-11,-11,20,8,-2,-2,0,-2,2,0,0,1,-24,0,9,-17,16,-2,-1,4,-7,4,1,1,6,13,1,2,1,0,5,2,-3,-3,13,-3,-15,7,2,-2,-6,-7,-6,-7,-2,21,-5,-11,-16,-3,-9,23,-1,12,1,-12,13,-22,-9,11,-7,-8,-14,0,-21,-18,0,4,-1,3,-5,-18,-2,-22,-5,-11,-43,11,14,0,22,2,8,4,5,9,-2,6,-1,27,1,7,4,-8,15,-2,17,1,-2,-1,-25,12,-4,18,4,8,0,11,9,-4,21,-8,13,6,21,-11,-5,12,-3,11,-6,8,-4,37,9,-7,-16,-21,21,-12,19,4,-30,5,-12,2,-13,10,-9,14,-1,-1,0,4,-3,5,9,3,-3,3,2,-2,20,4,8,9,-2,-10,6,7,25,-2,7,1,-9,2,9,3,18,-10,15,-11,-5,4,-18,-1,15,17,10,0,7,-11,-6,-6,7,1,13,8,6,3,5,1,12,17,10,3,6,5,3,-18,12,12,27,19,-8,9,14,10,7,3,26,14,-6,12,1,6,19,19,16,9,-26,-9,2,7,32,12,2,7,-11,7,-11,10,0,12,14,2,-21,-47,43,5,5,2,36,-4,-28,-35,-10,6,-22,-29,9,10,0,-12,6,-16,-16,21,17,-4,7,4,10,-5,-7,17,-10,16,2,-1,2,-1,0,0,2,-2,-55,-22,4,-10,19,-19,14,-25,0,-7,-7,2,2,-2,-9,-4,3,4,-1,-5,-9,-2,2,-3,5,8,-3,-3,-8,3,9,-3,5,5,7,-1,-8,3,-9,0,2,5,0,3,-6,7,-5,0,2,1,2,0,2,1,-2,1,-17,3,-19,-11,10,-31,-7,3,-12,-6,-2,1,4,-21,-9,-24,11,1,-14,-13,-9,-21,-8,5,-21,1,2,-3,-2,-1,-19,-10,6,-6,5,-7,-8,-10,12,2,-4,0,0,-7,-17,-4,-5,-8,-1,-4,-5,-1,-6,-3,12,0,0,0,3,-3,-4,-1,-6,-3,-22,11,-26,-10,-1,-10,-36,6,-18,-6,2,13,-1,-5,-4,-14,6,-12,-5,-23,3,-10,-9,-15,5,6,-9,-13,7,-12,-8,-25,-4,-11,-11,-10,-24,-5,6,-1,-1,-10,-4,-18,-8,-17,-10,-4,-13,-3,-12,4,-10,-9,6,-18,4,-11,0,-1,10,-8,-15,-12,-5,7,-22,-4,9,-21,-13,3,6,-5,0,2,-15,-5,-5,-9,12,-12,-5,1,2,-13,0,-13,-9,-6,4,-2,-12,-3,-7,-16,-7,-28,-3,-14,-32,-19,3,-9,5,-2,-12,-48,-13,-13,-26,-13,19,3,-2,-11,-20,-28,11,-16,2,8,-6,-6,-20,7,-11,-8,-49,-43,-33,-39,7,-46,-29,20,-9,-26,-10,17,-17,-13,-1,-23,7,-31,-13,-11,1,-20,-28,-24,-5,-12,-16,-6,-3,-15,-27,-26,-11,-25,-15,-20,-21,-24,-6,-29,2,-6,-24,-29,-21,-13,-39,-33,25,-13,-20,-11,-18,-27,7,-35,10,-11,-6,-16,-27,4,-3,-16
2,2,0,1,0,0,-1,-1,3,0,1,-26,2,1,1,2,3,2,1,2,1,2,2,1,2,1,1,1,2,2,1,2,3,3,3,2,1,3,2,2,-1,2,3,1,3,0,0,1,5,7,2,7,-4,2,5,6,-2,1,2,1,2,1,2,1,4,3,-4,-1,-3,3,3,7,-5,-7,2,-12,2,2,6,6,3,3,3,-4,2,-2,3,5,1,-5,3,-1,5,1,4,3,2,1,-1,3,1,5,3,5,6,2,-2,2,2,3,1,8,4,5,2,6,-2,-1,3,5,0,7,4,2,5,4,2,5,-2,1,0,-3,-1,2,3,6,7,-1,3,-5,1,-3,5,4,-3,5,1,4,2,2,1,3,7,-1,4,-1,0,-2,3,-2,0,6,-1,5,-5,4,-3,5,5,0,-2,-3,5,-6,1,0,-1,4,3,7,-4,4,-7,2,8,-2,-1,-5,1,-7,4,1,4,3,4,1,2,2,7,5,4,6,7,6,4,6,6,6,2,-1,6,5,8,5,3,3,-6,3,-8,2,-7,2,1,1,0,1,0,-1,0,3,6,5,3,5,4,5,8,3,4,2,3,9,7,5,1,4,4,3,4,6,3,9,3,5,5,1,6,2,10,16,11,15,3,7,16,13,16,12,15,11,10,18,3,0,13,17,11,-2,6,-9,6,10,7,17,-15,14,3,-13,13,-6,-12,8,2,-6,15,-6,-7,5,5,6,7,-17,1,4,-7,7,5,11,6,2,13,0,4,13,11,1,3,1,12,8,0,-2,-1,2,1,3,-1,0,-14,-20,25,30,18,-17,-17,-10,-4,7,-81,-4,-71,-5,-8,-6,-2,-3,1,-3,-1,-2,-2,-4,-2,-4,-2,-1,-2,-2,-4,-2,-2,-2,-2,-1,-2,-2,-2,-3,-1,-2,-1,-2,1,-1,-2,-2,-2,2,-2,0,0,-2,2,-2,-6,-63,-9,-14,0,-76,1,-2,-14,4,-7,43,-4,-3,-12,-11,-6,-44,-2,-8,1,-80,-2,-8,-1,-5,-75,-8,-62,-3,0,-5,-7,1,-10,-1,-7,-4,-9,-7,-5,-3,-5,-7,-7,-5,-2,-3,-6,-7,-6,-4,-3,-1,-3,-5,-3,-5,-7,-3,0,0,-3,0,-2,0,-69,-11,-71,-4,-4,-4,-3,-23,1,47,-3,-18,-4,-6,-17,1,-71,-9,-73,4,-18,-4,1,-48,-8,-3,-6,-62,-1,-8,-56,-1,-3,-5,-5,-6,-78,-2,0,-7,-4,-12,-3,-7,-4,-59,-10,-6,-3,-6,-7,-4,-6,-6,-2,-5,-3,-8,-4,-8,-1,-7,-14,-13,-7,-75,-12,-18,-20,-23,-83,-76,-75,62,-78,-70,-72,-67,-10,-6,-3,-72,-3,-12,-18,-9,-7,-12,-12,-64,-15,-9,-10,-13,-13,-6,-12,-62,-9,-14,-11,-12,-8,-18,-9,-43,-14,-9,-12,-12,-9,-8,-11,-56,-8,-7,-8,-12,-8,-11,-9,-58,-7,-8,-10,-8,-29,-35,-47,-32,-45,-34,-18,-17,-32,-35,-50,79,-41,-31,-27,-48,-29,-11,-32,-50,-65,-20,-27,-10,-9,-27,-20,-39,-30,-32,-19,-23,-19,-19,-17,-30,-18,-23,-32,-17,-18,-19,-22,-27,-14,-24,-24,-25,-24,-27,-18,-21,-18,-29,-15,-15,-14,-16,-17,-22,-21,-23,-26,-9
1,0,2,2,-1,-2,2,0,0,-6,0,-1,1,2,1,5,-1,2,1,1,6,6,-3,6,-1,-1,-2,-3,2,-1,-3,3,0,0,-4,3,-8,-6,4,4,-5,12,4,10,6,8,0,-5,5,-7,-1,9,7,-12,2,6,0,0,0,-1,0,-2,-2,0,4,-5,1,2,-10,5,8,20,3,17,-8,1,11,19,-4,-4,-2,1,14,4,-5,3,0,1,1,-15,8,-9,2,0,13,-2,-9,19,4,-7,4,17,5,0,-20,33,4,-5,-36,6,31,8,15,-7,-7,-6,6,37,-4,7,23,-3,31,-9,-2,-12,13,2,2,2,4,10,1,5,-10,3,-2,6,0,10,3,9,0,9,9,-5,-3,-3,7,5,-10,21,0,11,-5,-10,-12,-2,18,10,-11,0,7,0,-14,10,3,3,-4,9,6,-13,17,7,-9,-12,5,-6,-14,5,20,-1,4,-5,5,1,9,0,-1,13,-9,-12,6,6,6,2,12,4,8,3,9,6,4,21,-16,-4,5,-3,1,-2,4,11,13,-1,2,13,15,5,5,-6,14,8,-3,6,10,0,0,12,11,-11,0,8,17,2,1,3,22,-2,1,10,27,20,15,17,8,1,10,15,28,-8,19,23,7,17,0,13,2,14,7,12,3,4,12,9,-7,15,5,14,7,8,-1,18,13,2,-3,3,-1,6,4,11,9,7,21,-7,1,26,2,-1,-3,-9,24,2,9,15,0,11,1,30,20,18,7,22,-8,-7,17,25,13,-9,1,1,21,6,22,27,5,-3,21,0,-6,0,2,-2,0,-1,2,-1,-2,1,-6,7,6,-19,-3,-6,-7,-10,-5,2,-16,3,-10,-5,12,4,-1,-7,-2,3,0,-6,3,-1,-3,-5,-2,5,3,-6,2,-5,-1,-2,-2,0,1,-4,3,-1,-4,-4,-5,3,2,-3,-3,-3,-1,-2,1,1,0,2,-1,1,10,-7,3,-1,-9,11,-24,5,-11,-8,-5,-28,-21,-14,-20,-14,-2,-4,-40,-20,-5,-8,10,3,1,-8,-26,17,1,-11,11,-13,-2,-11,-15,0,-3,2,-2,-5,-6,-5,-1,-4,0,-7,-7,2,8,-2,-6,-2,4,-5,-9,-13,2,0,-9,-6,-3,7,-3,-6,1,0,15,14,-11,-7,-12,-1,-1,-12,-2,-21,7,-20,-17,-10,-38,-15,-14,-3,-51,0,-8,5,6,-17,-12,2,9,-15,0,-4,-9,-13,-18,-1,-10,-9,-15,0,-8,-5,-3,-7,-15,-4,-4,-5,10,-10,-10,-1,6,6,-16,-2,5,-3,-3,-3,-7,2,7,0,-26,-1,22,1,-21,-24,-18,-18,-17,-4,-27,-27,7,-22,-12,-42,-20,-23,-31,-9,-24,-12,19,11,-1,-26,-25,12,13,-17,9,-6,-3,-21,-27,-13,-8,-13,0,-16,-18,-12,-19,-1,-18,-19,-10,-2,4,-44,-14,9,13,-16,-24,-15,-7,-19,-2,-7,-12,-12,-7,-2,-12,6,28,12,-29,-37,-20,-25,-3,-19,-40,-48,5,-39,-33,-23,-41,-25,-56,-9,-23,-31,16,-4,2,-32,-32,11,-7,-25,11,-37,-3,-44,-35,-17,-30,-20,-23,-27,-28,-28,-36,-3,-22,-24,-31,22,2,-55,-18,3,13,-13,-23,-31,-13,-41,1,-17,-24,-8,-15,11
0,2,-1,2,2,-1,2,1,-1,0,6,-2,6,1,-4,-2,-1,-4,4,-4,5,-2,4,0,0,-3,-8,-3,0,-1,-3,-1,-1,6,2,7,-4,-7,11,5,-2,-3,-10,9,7,11,-3,4,-3,-14,-7,-10,-13,-22,-19,1,2,-1,1,1,1,2,2,-2,20,-1,7,2,13,-2,-4,8,3,-2,21,-9,5,6,17,-10,2,15,-1,-3,10,8,21,-2,-12,9,-13,10,-12,-1,-9,16,-10,-7,-20,5,-11,37,-11,5,1,-29,13,-17,-8,4,6,-5,-10,-8,-2,-25,-14,-56,-2,-10,-4,2,-1,4,-17,-5,-6,-2,10,16,2,4,4,7,-1,15,-10,7,8,-5,7,20,17,-18,2,3,-2,17,6,6,6,4,4,-2,2,3,27,-17,-7,7,-11,2,19,2,-4,-1,22,-4,0,12,0,-4,-16,20,9,-2,10,-4,-5,-18,6,-3,-5,2,14,-9,-8,9,10,13,-3,10,5,6,15,13,7,6,17,7,5,8,-6,15,17,9,-8,10,3,2,15,9,-5,5,5,1,5,-3,9,-14,6,14,-4,2,5,-8,-6,-11,-13,5,8,4,5,-6,-10,5,-3,0,-7,3,12,2,7,13,7,7,11,13,-2,-12,-7,-17,-2,-8,-13,-22,4,22,17,11,13,10,14,10,4,14,9,11,15,19,17,20,2,10,16,13,0,11,27,22,15,4,13,-1,8,-14,6,13,-6,-4,4,-6,8,-3,29,11,9,-3,-14,-9,-5,8,-11,-3,15,9,24,7,11,-11,-8,38,11,3,1,14,5,0,-6,18,2,-1,2,1,1,1,1,0,3,-24,11,-22,-1,3,-4,6,-4,-4,2,-12,2,-3,3,-22,-2,-2,-5,-3,1,-5,0,3,-2,-1,1,4,0,-6,0,5,-2,-3,0,-2,4,1,-5,1,1,-1,0,2,2,0,-1,3,-2,-2,1,0,-1,1,0,2,-2,1,-2,-9,-14,19,6,2,-11,3,12,-1,-14,0,9,-6,-12,-15,-7,-7,-3,-21,-13,-29,-21,-3,-16,7,-15,-1,-1,1,-2,-26,-7,0,-8,-16,-4,-12,0,-16,-1,-9,-7,1,-11,-5,-1,-10,-10,-1,5,-5,-3,-5,-8,-3,-13,-2,-9,-6,-2,-25,-4,-7,5,-2,-10,14,-9,5,-3,-9,2,-9,-1,-12,12,-14,-12,-5,-24,-5,-6,-16,-12,-18,-10,-11,-30,11,-12,-17,-8,3,-16,-24,-13,-8,-21,-6,-4,-9,-6,-4,2,-4,-2,0,2,-1,3,-6,-12,0,3,-1,-1,-6,2,-7,-3,-11,-8,-5,0,-2,11,-13,-10,-25,5,13,-15,16,-12,-37,21,-22,-23,-9,28,-45,-15,-13,-16,5,0,-13,-20,-37,-19,-29,-45,23,-9,-37,-15,23,-14,-19,-23,-10,-15,-10,-18,-2,-11,-15,4,-4,-6,-3,-17,5,-10,-17,-13,-6,15,-10,-1,-1,-10,-14,-22,-7,-9,-14,-9,-8,4,-50,-69,-50,-44,11,-42,22,-45,-54,25,-29,-61,-24,20,-42,-30,-42,-47,9,-17,-46,-35,-56,-43,-59,-43,27,-24,-46,-45,34,-28,-31,-59,-28,-38,-4,-35,-23,-8,-31,4,-28,-36,-28,-9,-12,-11,-29,-39,-25,18,-37,-10,-11,-27,-35,-41,-20,-29,-32,-21,-19
2,2,2,1,2,-2,-2,1,7,3,3,12,-1,4,-1,-1,0,-1,-1,-2,13,2,0,0,4,-2,-5,8,1,9,-2,-2,0,2,0,1,4,-5,0,2,-1,15,11,8,15,-8,9,-6,-10,-3,17,26,4,-3,-10,-3,0,1,-2,1,-1,2,-2,-1,1,13,3,5,11,12,8,-15,9,0,7,-14,2,7,8,8,7,-5,-5,8,7,-1,4,8,6,6,14,0,-4,-13,5,-1,7,7,-23,14,2,-9,13,6,4,18,7,9,13,-4,16,8,17,-8,13,-18,12,14,2,-3,36,-14,-16,4,-5,-7,-10,15,9,-5,7,2,-2,8,9,20,16,2,-3,8,-1,-2,16,15,-4,12,-3,3,4,7,12,6,-7,-13,-2,11,4,6,-9,2,5,-6,-10,5,8,-7,-3,6,9,18,0,7,21,9,11,-6,18,-7,19,1,-4,1,-8,6,5,4,0,-26,15,2,15,2,1,5,-2,1,7,1,9,-2,7,-3,-2,1,0,10,-8,8,11,1,21,17,3,8,-2,-5,-2,2,7,5,6,-9,-4,10,-3,-14,-22,-9,3,12,-11,-10,-14,-13,-14,-21,-14,-6,-10,-5,23,-5,-5,-3,5,-1,-2,-11,28,20,28,-22,20,32,6,31,-1,16,16,13,22,3,18,5,21,11,4,16,4,14,28,28,4,4,10,13,27,17,21,7,-2,-3,3,12,27,2,1,6,3,-10,-11,9,10,14,-4,-4,-4,10,11,1,3,23,10,13,30,14,6,-3,19,3,2,17,8,23,2,2,2,-6,15,31,1,-1,1,2,2,2,2,1,-52,-22,-28,-31,10,-4,5,-15,3,-12,2,8,9,-1,-8,-13,1,-2,-4,-2,-13,-4,-5,-4,0,2,-1,-4,-1,1,-4,-2,0,6,3,0,-1,1,-2,-2,-2,-1,1,0,1,3,-2,-2,0,-2,-2,2,1,2,0,2,-7,-29,-18,-2,-59,-8,-1,0,-40,-10,-26,-8,-11,1,18,-20,2,-2,5,-21,22,-5,5,-6,-9,-12,-20,8,-23,8,2,-41,-12,-18,-10,-9,7,-3,-8,-7,-3,-9,1,-13,-3,-8,-9,-7,-5,-17,-4,-3,-8,5,-9,-8,8,-2,-8,-4,-5,-7,-7,2,-3,-26,-6,-20,-7,-4,-15,-4,-35,-22,-10,-3,-10,-10,7,-21,12,-7,16,-24,14,-2,-47,-4,-4,-25,-16,3,-35,17,2,-15,-16,-12,-12,-23,16,-15,-1,-14,-10,-6,-6,-7,-16,-2,-8,-9,1,-13,1,-2,-3,3,-6,-2,-1,2,-4,2,-7,-2,-5,-6,-14,-22,-16,-12,0,-8,-11,11,-20,-18,-13,-8,-8,-20,2,-15,-2,2,7,-7,23,-16,-29,-6,-25,-24,-17,-7,-22,29,-17,-23,-18,-13,-12,-5,16,1,-13,-21,-8,-8,-3,-16,-19,-14,-14,-13,0,-12,5,-8,-11,10,-13,-6,-1,-2,3,-2,-9,-10,-9,-8,-41,-50,-49,-51,-28,-22,-42,-9,-40,-53,-30,-7,-36,-69,-6,-53,10,2,11,-50,31,-39,-51,-27,-33,-54,-32,-26,-40,27,-49,-46,-38,-29,-30,-45,21,-23,-51,-31,-23,-21,-40,-34,-35,-27,-42,-54,-12,-33,-5,-21,-20,12,-67,-7,-7,-11,-13,-12,-23,-15,-16,-23
1,-1,-2,1,-2,2,0,-1,1,1,-4,-3,-4,10,22,11,1,1,0,-5,-6,1,11,15,2,3,1,0,-2,-7,9,9,4,5,1,-6,0,0,5,7,2,-1,6,8,2,-5,7,2,3,9,7,16,15,23,-2,14,0,1,-1,2,2,-1,-1,-2,9,5,-4,1,6,17,4,8,3,3,4,4,4,13,18,16,8,11,7,7,8,9,5,13,9,11,8,10,13,10,19,6,9,9,13,7,9,15,0,7,5,15,19,6,15,-3,19,21,-4,20,13,10,13,19,8,16,8,3,-5,0,12,8,-3,3,14,15,8,5,7,7,9,15,10,9,11,5,5,12,21,14,10,12,10,0,6,4,17,13,11,8,10,10,7,10,12,17,7,6,11,7,9,6,9,12,2,13,11,14,13,12,11,10,11,10,12,12,6,5,16,8,1,7,-3,19,15,-6,10,18,9,9,8,10,11,24,3,-4,10,11,14,11,5,18,19,-14,2,4,11,9,8,11,14,9,2,-5,4,13,13,6,11,7,12,10,12,19,12,15,16,-7,12,11,5,8,8,5,13,4,10,10,18,12,11,2,13,16,11,14,11,10,4,18,16,17,17,22,20,20,17,17,22,-19,19,19,20,14,16,16,25,12,12,12,24,17,12,9,14,28,2,3,13,15,12,13,20,18,14,7,12,12,15,14,9,14,-1,12,25,15,20,25,13,11,6,15,5,22,24,3,25,39,21,17,15,33,15,26,17,38,0,1,1,-1,1,1,-2,1,0,2,-16,10,-24,-18,38,19,-4,-3,-2,-3,1,-10,-3,-11,0,-1,-3,-1,-4,-1,-1,5,0,0,-2,-8,-7,-4,3,2,-1,-2,2,-8,-4,-7,2,0,0,0,0,-2,-7,-3,-5,1,0,1,3,-1,-1,-2,-2,-2,1,-6,4,14,-3,20,-14,-3,3,17,7,-8,-41,1,-6,-11,-3,0,-7,-1,11,-27,2,-39,-7,-6,-1,-9,-4,-28,5,-6,-7,-5,2,-5,-12,-2,-7,-3,-5,-4,-3,1,-12,-2,-7,-6,-3,3,-2,-4,-3,-4,-5,-11,2,-4,0,-7,-8,-7,0,-3,1,-4,10,6,4,0,14,7,7,3,-3,0,-13,-26,17,-35,-4,-9,-12,-2,-14,-1,2,-5,3,-9,2,-22,-13,-9,5,-6,-7,0,-11,-5,-8,-5,4,-4,-2,-16,-3,-7,-7,-10,-6,-5,-20,-3,-8,-2,-8,-6,-14,1,-7,-8,-3,-10,0,-10,6,-14,0,3,-14,-9,-22,-13,11,-23,10,5,2,4,12,23,0,24,2,6,3,-3,7,14,12,15,-3,-3,-9,-9,-19,1,3,6,2,-1,-5,-8,-2,12,-3,-8,-1,-2,-6,-7,-15,1,-2,-2,-6,-1,-2,1,-5,-2,-6,-11,-2,-5,-3,-4,-5,-4,0,-3,15,18,17,9,6,-4,-6,-7,11,12,21,12,7,15,-38,-42,1,-4,0,5,14,23,12,16,15,2,-6,-7,-10,-8,14,8,-6,5,-1,4,3,10,7,-7,5,-3,-2,2,-3,4,8,-2,-9,0,-1,-1,-1,3,-5,-14,5,-5,-1,0,-1,4,7,-1
1,-2,0,-1,-2,-2,0,2,-1,6,4,0,8,20,10,2,-1,2,4,2,12,7,7,2,-3,0,4,3,-1,9,-1,3,-9,5,-1,2,-5,-7,0,-1,-4,-2,-9,-7,-10,-27,-10,-12,-8,25,14,20,9,-17,-4,-36,0,0,-1,-1,0,-2,0,2,-12,9,17,10,4,1,9,19,13,10,11,6,1,10,1,7,14,11,6,9,10,5,0,6,6,0,-1,7,1,-2,-7,-1,-1,9,3,2,-1,-11,-3,-13,6,-19,22,-2,21,-16,12,0,0,7,-7,-14,-18,14,-21,-4,-19,-25,-23,-22,-9,-14,-51,-5,2,21,8,15,5,10,10,14,5,12,11,5,9,8,16,17,4,8,3,9,15,5,2,7,12,-19,8,0,7,-4,3,-3,4,8,-24,12,-13,-4,2,-6,-3,-44,6,-40,2,-9,-39,-9,-8,11,10,-16,18,-26,-7,2,6,-11,-6,-11,-1,-10,-13,2,13,9,9,4,6,8,8,6,13,20,9,6,2,-4,5,6,11,4,-17,-18,1,6,-14,6,8,-2,-22,-3,-46,-23,-2,-9,-2,-17,-11,17,-1,-47,-4,-1,0,-7,-8,1,10,-23,-8,-2,-1,-6,15,11,-34,0,-13,17,-11,5,18,-2,8,12,6,-3,-2,22,20,18,2,4,-5,11,12,25,17,17,12,5,16,-7,10,14,3,9,10,0,-15,-4,17,1,17,0,1,-1,-6,-2,2,-3,5,11,0,-11,-5,-10,6,5,-12,5,16,8,-37,-5,4,-17,12,1,-11,7,6,12,17,-1,-5,24,26,-6,-6,-9,-1,-1,1,-1,-1,-2,-1,1,-13,-41,3,-9,4,-3,-8,-60,-7,-17,-10,-2,-6,3,-19,-8,-5,-5,-5,-9,-6,-19,-8,0,-2,-5,-3,-1,-6,-3,0,-2,-3,0,-8,7,1,2,1,-1,0,0,0,3,3,-7,-3,-2,1,0,-2,0,3,1,2,1,-9,10,-3,19,15,-6,-1,-10,3,-3,9,2,-7,11,-3,-9,-5,-10,-3,8,11,-3,3,-1,-14,-8,-6,1,0,-1,-10,-9,-12,1,-5,-6,-3,-4,-7,-9,-4,-12,-9,-7,-7,-6,-13,-11,-2,-3,-2,-4,-6,-12,-14,-7,-28,-5,-9,-14,-4,-4,-7,-26,-9,10,2,-5,9,-2,1,-10,6,2,-2,-11,-7,7,-4,-10,-17,5,-25,-5,10,7,-1,-13,-13,-8,-1,12,2,6,-4,2,-8,2,-2,-4,0,-11,1,-14,-7,-9,-10,-8,-9,-5,-14,-9,0,-11,-9,-9,-8,-21,-13,-17,-14,-17,-8,-7,-25,-6,-17,-6,6,15,20,-47,8,-14,-1,-9,29,6,3,-15,-7,22,9,6,19,15,-4,-4,27,26,20,9,2,-19,-9,21,-8,-3,-17,-4,-6,-3,-13,-3,-11,-9,4,-20,-9,-9,-17,-14,-23,-8,-19,-12,-5,-9,-13,-9,-11,-11,-14,-8,-4,-4,-10,-4,-13,-6,-10,-5,-45,4,-8,0,17,-13,-21,-33,16,-6,17,-19,3,-25,-19,-28,14,-5,-20,-10,11,18,-13,0,-27,-34,-17,-4,-17,-4,-36,-24,-20,6,-17,-20,-20,-23,1,-51,-7,-17,2,-15,-25,-15,-29,-26,-6,-27,-10,-7,-11,-28,-25,-15,-22,-5,-5,7,-17,-9,-31,-2
2,-1,0,-1,-1,0,1,0,6,-1,14,0,8,0,5,-3,-3,-3,-1,0,-1,-3,0,0,0,-3,-7,4,-7,0,2,3,0,8,1,-11,5,5,4,7,7,-4,1,8,-1,5,6,1,-15,8,-16,-20,11,-1,-6,-12,-1,3,0,-1,-2,-1,-1,0,16,1,3,4,-1,2,10,9,2,6,4,5,4,13,1,5,-12,13,-3,1,-9,-1,14,6,10,13,-3,16,-1,8,-2,10,-4,-11,10,1,3,2,7,13,5,2,0,-6,1,6,18,15,0,0,1,15,9,-9,5,6,1,5,-2,-4,-9,-12,1,15,1,-15,0,13,16,9,6,11,5,2,14,5,10,15,-2,19,1,28,4,13,-6,18,11,0,17,3,17,-3,2,-1,9,3,9,24,2,-9,10,1,-2,17,13,-12,8,12,-16,5,5,-7,-5,5,7,0,3,-7,8,2,1,-3,16,2,9,-28,-4,7,6,6,-1,5,8,9,5,5,3,6,4,6,11,15,1,9,5,14,2,3,19,27,7,1,6,3,-16,-3,11,3,2,-4,-4,-2,-6,3,12,-2,-10,7,-3,-8,5,17,10,11,3,15,4,16,0,9,13,11,0,7,0,-1,15,5,11,24,23,5,15,8,6,17,18,22,10,11,2,20,22,17,29,27,-4,15,7,31,17,25,21,38,14,8,18,19,32,10,22,-8,14,23,-2,30,-7,11,14,39,9,26,-5,-13,18,-16,19,19,7,20,0,34,-8,19,30,4,-15,5,-21,-17,3,16,-1,-5,-8,7,0,-1,0,1,1,0,0,-2,-18,-29,-24,12,3,-1,-13,-25,-9,7,-5,0,-8,4,-17,3,-14,6,-10,-1,-6,-8,-4,-6,0,-2,-2,-3,-2,-1,0,-3,3,3,1,4,-2,4,-3,-3,4,3,4,-2,-4,4,-2,-4,-1,2,-2,-2,-1,1,2,0,1,-19,-2,-11,1,-6,-10,-21,-6,-25,-16,-17,7,3,0,-30,-16,24,-11,4,-18,5,-22,-10,-5,-6,-12,-30,-13,12,-14,-8,-19,-9,-11,-11,-14,-7,-8,-2,6,-8,-8,-16,-6,-11,4,-14,-15,-12,-5,-8,-8,-7,-4,-15,-7,-8,-5,-6,-6,-2,-10,7,-3,-12,-25,-25,-8,-9,-20,5,-13,-25,-8,-5,2,-9,-8,-10,-14,25,-10,7,-8,20,-18,6,-19,-4,-30,-9,-10,-2,-16,-9,-6,-10,-2,-13,-5,0,-6,-5,2,-7,-15,-7,-13,-5,6,-6,-6,-8,-3,-7,-8,0,-8,-7,-4,-4,-6,-11,-2,-6,-2,-1,4,-15,-19,5,-2,-12,-9,-23,-8,2,-6,-5,10,2,-15,-18,-23,29,-11,7,-25,-1,-13,-14,-14,-5,-32,-25,-13,-17,-17,-22,-11,-9,-17,-14,-13,-29,-17,-8,11,-7,-15,-7,-15,-14,9,-13,-11,0,-10,-2,-5,-8,-11,-11,-6,-6,-10,-8,-11,2,-8,-6,-21,-61,-31,-18,10,-21,-59,-34,-31,-35,-23,-20,30,-22,-36,-33,-44,37,-25,24,-27,27,-35,-15,-26,-26,-33,-29,-25,-28,-47,-33,-32,-51,-35,-24,-21,-38,-32,-18,9,-22,-22,-24,-38,-19,0,-28,-10,-33,-16,-22,-12,-21,-18,-16,-20,-6,-22,-17,-24,-6,-15,4
-1,-1,-2,-2,2,-1,-2,-1,2,-2,3,2,0,5,-5,4,-1,7,0,6,2,0,-6,0,0,-5,-4,1,1,2,-7,4,-6,-3,8,-4,14,-4,-9,-6,-3,-5,6,2,0,-11,38,13,-3,-9,11,2,8,27,1,-14,1,-1,-1,-2,2,1,-2,-3,-4,3,6,-7,9,3,9,-5,-4,0,-5,6,2,-3,8,-1,1,4,4,7,-2,11,6,11,-3,-16,20,-3,16,4,-5,8,-4,8,1,3,-14,16,20,6,-2,2,-1,29,-6,23,-12,13,15,23,-2,-9,13,29,-5,2,-13,-18,20,0,30,10,15,33,9,0,6,-13,-18,-2,-1,-11,0,5,1,5,-6,5,-1,14,7,6,2,13,10,1,-2,4,-9,-2,1,8,7,13,3,4,8,-12,3,-5,8,1,-3,0,6,5,4,20,-10,8,-8,5,5,0,5,-1,11,-2,9,0,-16,9,1,19,11,-1,12,7,3,1,4,5,10,1,10,6,3,-11,5,2,-11,3,11,-2,-8,16,-3,5,13,-2,4,7,26,1,3,1,7,6,27,8,-2,-10,-4,-1,16,16,15,15,2,12,2,11,13,15,-4,15,23,1,3,20,-3,24,23,15,13,0,-15,6,15,5,14,8,4,2,10,4,1,5,-5,15,-1,2,10,-5,2,18,1,-14,-7,6,18,16,5,2,-8,12,2,12,8,16,16,8,14,4,5,-8,9,-6,9,14,19,14,-15,-1,-6,12,-6,18,18,14,-1,1,7,3,-29,-2,28,8,-5,1,-20,22,-42,11,12,15,0,-1,2,1,0,2,0,-1,13,-9,4,0,16,-1,-1,-22,10,1,-5,9,4,7,8,-6,-2,0,-4,0,-2,11,-6,4,0,-6,4,-7,-2,-7,-3,3,3,-4,11,10,-1,0,-2,2,0,-1,-3,10,-14,15,-4,4,-1,0,-1,0,2,-2,2,1,10,-8,-11,-6,4,-6,-9,1,4,1,1,-4,-5,-7,-1,-5,-10,-5,-9,-1,1,2,10,-7,4,-8,7,-10,6,-8,-11,-12,-2,-19,-5,-5,-14,-13,-14,-9,0,-8,-8,24,-16,-5,-13,-7,0,-9,5,-3,-12,1,-4,7,-2,-1,5,2,-15,-4,-6,-8,1,-4,9,-13,13,-8,14,-4,2,-16,-5,0,-7,-28,-22,-2,-6,0,-30,2,-3,-1,22,-4,3,-12,7,-12,15,-3,-10,-11,-8,-12,-11,-1,-4,-7,3,-8,-2,-8,-10,26,-14,-19,-9,-5,-14,3,-5,-2,-19,11,-18,12,4,-1,-3,-20,3,-16,-8,-7,-11,-10,-4,-4,-8,-1,18,-9,-6,-16,-4,-1,12,-26,-2,-3,5,-12,-5,-19,-2,-23,1,-17,3,0,0,-8,15,-14,-10,-31,-7,-5,-12,-4,-5,-5,6,-13,-2,-7,-15,25,-26,-16,-9,-3,-3,0,-3,-7,-20,10,9,19,-7,-4,4,2,-9,-4,-2,-3,-8,-17,5,-13,8,-26,22,-7,-29,0,-39,8,14,-35,-16,6,9,-28,-24,-38,-11,-11,27,-23,1,-9,4,9,8,-9,-21,-8,-13,-23,-15,0,16,-1,17,-6,0,-10,-28,33,-14,-11,-16,-3,-11,7,-2,0,-10,14,-8,23,-3,5,7,-3,3,-28,-1,15
2,-2,2,0,1,-1,2,2,3,4,0,1,2,-3,2,-2,5,1,8,-1,3,0,1,3,2,-2,-6,-3,1,-6,-2,1,-8,-1,4,1,-2,6,-2,1,-7,-5,-6,-9,-2,-12,-10,-6,-22,-9,-6,-20,20,-4,-3,-18,-1,2,1,2,2,-2,1,-2,2,8,4,1,5,5,4,10,2,1,8,2,7,-1,2,2,6,3,8,3,0,8,1,1,-1,-8,17,-8,2,-3,-1,7,2,13,1,-8,-11,7,-15,1,-11,6,9,-5,-7,0,13,-4,-7,10,2,-22,21,23,5,-8,-4,3,5,0,4,1,6,4,9,7,20,6,15,9,12,13,-6,10,5,-9,3,5,4,17,23,4,17,1,11,4,20,4,0,29,1,-8,0,10,4,0,-3,3,30,9,13,7,6,6,7,-42,11,11,-7,12,2,8,2,0,28,2,35,1,9,-1,9,11,14,-26,6,23,-6,7,4,12,8,12,6,10,5,11,9,3,6,4,14,11,7,5,4,11,0,5,4,0,7,-4,18,7,5,16,12,0,11,4,13,3,-9,18,4,4,1,12,24,10,-12,30,3,15,3,16,4,-8,-3,20,-1,-5,-4,-4,0,10,-1,12,-15,3,3,12,15,14,28,21,14,13,7,23,14,13,20,10,18,9,12,15,27,10,24,18,20,13,21,6,21,34,11,-15,-7,1,14,31,24,5,5,23,18,10,1,7,35,32,23,14,3,27,9,9,11,12,16,28,-5,5,15,5,6,35,13,24,39,35,20,35,1,2,0,1,-2,-2,0,2,-4,-6,-24,0,-15,2,-9,9,4,2,-3,-1,-5,-1,0,-3,3,0,-7,3,-3,-4,2,-1,0,-5,-8,1,-3,-4,-4,0,-2,-1,-3,3,-1,-5,-1,2,-1,-1,-2,1,-3,-2,-2,2,2,2,1,2,1,-2,-2,0,-5,3,0,-1,-7,-7,1,-16,-44,6,-9,-9,-2,2,-2,-5,11,-15,0,-5,-13,7,-66,-9,0,-4,-10,2,-4,-5,-11,3,-3,-16,-5,-13,-6,-4,-8,-5,-6,-11,-5,5,1,-11,2,-5,-8,-11,-8,-12,-6,-10,-7,-7,-6,-6,-7,-6,-6,-2,-9,-4,-3,-4,2,-4,-4,-13,11,-13,-15,9,-8,17,-5,2,-13,-3,9,-7,-4,-4,1,-2,2,-4,2,-2,-18,5,-15,1,-6,-6,2,-24,-8,-7,0,-4,-16,-4,-10,-7,-10,6,-2,-9,-4,-3,0,-11,0,-7,-4,-10,-8,-20,0,-9,-7,-3,-10,-3,-3,2,-22,-24,-29,-14,-41,-25,-5,-14,-26,9,-13,18,-17,-20,-14,-5,12,-23,-15,-28,-18,-29,-42,-18,-1,-1,-23,8,-10,-1,-21,-2,-14,-24,-20,-16,-9,-15,-22,-13,-9,-20,-15,10,-15,-29,-4,-7,-12,-10,-27,-12,-7,-24,-13,-21,-8,-13,-18,-5,-24,-10,-13,-7,-28,-46,-32,-38,-35,-36,-23,-45,-58,15,-39,24,-21,-44,-37,-19,26,-65,-25,-45,-28,-63,-59,-36,-32,-4,-47,-3,-57,-50,-48,-35,-29,-30,-34,-56,-34,-34,-66,-38,-20,-35,-35,10,-38,-51,-25,-22,-28,-19,-28,-27,-24,-37,-33,-42,-7,-26,-22,-16,-28,-20,-19,-30
-2,-1,0,0,1,0,1,2,1,0,0,-26,7,-1,0,2,2,1,-3,-29,6,3,2,0,1,2,-3,-37,-3,5,2,2,0,5,-2,-5,-2,13,3,0,-4,0,-2,9,17,6,16,4,-8,5,2,10,12,23,-3,0,0,-1,2,0,1,-1,2,-2,11,-6,0,-8,-15,-2,-4,-6,7,-3,2,-9,-2,7,0,-4,1,9,2,1,4,4,9,-3,2,2,1,-13,6,9,13,8,18,6,7,10,0,12,10,17,-4,-4,4,14,6,21,19,16,5,-10,9,5,9,2,12,18,7,12,-1,5,17,6,-15,13,4,4,-1,0,4,-4,18,7,-2,8,20,-7,1,10,1,8,17,20,5,-8,10,-1,1,1,19,20,0,8,6,1,2,9,12,20,20,10,5,11,14,4,-7,25,12,-6,13,9,5,-6,22,-13,9,7,11,22,1,13,16,-13,9,19,-11,-3,1,8,1,-1,3,21,6,-1,0,-2,-4,0,17,22,2,-5,2,3,0,8,15,21,21,8,12,-3,6,14,14,16,24,6,11,17,-10,-8,3,4,20,14,1,8,-2,8,-14,5,18,20,23,22,-3,5,19,19,11,7,8,12,-3,17,24,24,-2,0,-10,19,29,10,-1,29,14,13,-8,10,5,30,26,27,6,8,14,24,23,26,33,30,25,13,-5,8,24,34,37,18,41,20,20,30,4,27,12,41,15,21,21,30,13,19,33,-1,17,34,33,30,19,-16,2,32,29,38,41,15,-28,7,28,34,30,27,24,48,0,-2,0,2,1,2,-1,2,14,9,-3,10,-2,8,8,-18,4,1,-4,-17,-1,-2,1,6,6,0,-8,-5,3,1,7,1,1,2,-13,-8,-11,-3,-3,1,6,5,-2,-19,-8,-7,2,1,5,6,7,-5,-6,-1,-8,1,-1,1,2,-1,2,2,1,-1,-6,-1,1,14,-10,-1,-8,-17,-9,10,-4,-6,4,-4,2,10,3,-6,-3,-5,-16,9,2,-12,0,6,-3,11,-11,-7,-5,2,2,-3,-11,1,-5,-5,-10,-9,-2,6,-9,-10,-5,-6,-2,-1,2,5,5,-2,0,-1,-5,-4,14,2,12,3,3,-7,0,0,-14,0,-2,5,-4,2,2,3,-5,-13,-5,-10,9,10,1,-4,-8,-29,-3,-12,-19,-10,5,-3,-25,-9,-5,15,-12,-1,0,2,10,-14,-8,-2,-15,-11,-16,-2,0,2,-6,-12,-4,-27,-8,1,-1,2,7,0,-8,5,-20,-7,-9,5,7,-8,-7,-7,5,-10,-14,5,-1,10,-14,-4,-6,8,-7,8,-16,-40,-2,2,1,-7,5,-3,-24,-9,0,-8,-9,-8,-1,-18,-11,-3,-7,-20,0,-2,3,-9,-20,-23,-12,-16,-11,-1,3,-7,-9,-26,-1,0,-2,5,5,6,-9,-21,-5,2,-1,2,3,2,4,-12,5,-3,6,5,-16,-22,12,7,-20,-18,-7,7,2,-21,-1,-26,3,-9,2,0,11,9,-17,15,-20,-14,3,-1,22,-6,-19,17,-10,-3,-17,17,6,2,-7,8,-15,-15,1,10,9,-2,8,-4,9,-1,9,15,16,19,7,13,5,12,-1,2,2,6,11,8,16,4,24,2
-2,0,2,0,0,0,2,1,1,0,1,-1,1,0,1,1,1,-1,0,-2,-1,-2,-1,0,0,1,0,-2,-1,0,0,-1,2,-2,1,0,0,2,0,0,-1,2,1,-1,0,-1,2,-1,-3,0,1,0,0,0,-1,0,2,1,-1,-1,2,1,-1,0,-3,2,2,2,2,1,2,-1,-1,3,1,0,2,1,1,-2,0,-1,1,1,-1,0,2,1,1,-3,0,-1,2,-1,-3,0,-3,-1,-3,-2,-2,-6,-2,-4,1,-5,-2,-5,-2,-2,-4,-3,-3,2,-3,-3,1,2,6,2,3,4,4,2,0,2,3,-1,-4,-1,2,6,2,6,2,2,0,1,-2,3,4,2,4,-2,2,-1,-1,3,1,0,-2,2,-3,1,2,1,2,-1,0,0,-1,0,0,-2,-3,0,-3,1,2,-4,0,-1,-1,-4,2,-4,3,0,1,6,3,-2,-5,0,-2,4,7,2,3,8,7,-3,15,17,19,18,19,16,17,15,18,15,17,19,20,18,18,19,17,19,14,17,19,17,18,18,17,15,16,18,15,16,16,13,13,16,16,16,15,13,13,11,8,15,15,9,12,9,8,11,5,8,9,9,9,8,9,6,7,7,-1,2,11,7,10,4,11,11,12,10,17,18,20,8,10,9,12,14,20,14,17,11,13,12,14,18,19,12,8,10,9,20,13,13,18,13,10,11,10,9,12,11,12,10,10,3,18,7,13,17,10,24,19,15,6,1,14,11,15,13,12,8,9,16,14,16,14,17,13,10,-1,-2,0,-2,0,-2,2,1,-9,-9,-13,-17,-14,-21,-12,-13,-2,-4,0,1,2,-1,-5,-7,-3,2,1,4,4,2,0,-2,-3,0,3,0,3,1,0,-2,-2,0,2,0,1,1,0,-1,-2,2,3,-1,1,3,2,-1,0,1,2,2,2,0,2,-3,1,-2,-5,-2,-4,-10,-5,-1,4,4,6,2,-7,4,6,7,6,10,3,6,7,-2,8,1,5,5,9,9,8,7,6,5,6,3,11,8,11,11,8,8,5,10,9,11,10,10,11,9,8,10,9,8,10,10,10,7,6,6,8,9,7,8,6,8,2,-1,-11,-1,-3,-3,-7,1,0,1,5,-3,5,0,4,5,2,2,3,9,4,3,2,4,5,3,9,3,8,7,8,4,3,10,5,6,6,11,5,8,13,7,7,7,9,8,10,8,7,11,9,9,9,9,11,5,3,5,9,7,9,7,8,3,1,-4,-7,-37,-8,-20,-2,2,3,3,-1,1,-3,2,0,3,2,2,-4,-1,-2,1,2,2,5,0,-2,2,0,0,1,4,1,-2,2,2,5,4,-1,4,4,3,1,2,0,4,4,4,2,4,5,4,7,6,6,3,1,3,3,7,8,7,4,3,16,8,-7,-4,2,1,7,15,15,12,8,7,6,15,16,15,5,16,9,18,16,16,18,20,16,14,18,15,19,18,25,19,19,17,20,18,28,29,22,23,25,25,27,33,28,25,29,25,21,25,36,40,35,38,33,31,18,22,27,32,33,31,22,18
-2,-3,1,0,2,2,-3,0,2,5,4,4,1,9,2,0,2,5,7,6,5,4,5,3,0,6,8,10,7,10,7,4,3,5,7,12,10,9,12,6,1,2,2,4,5,4,2,-1,5,-4,-14,-9,-8,1,0,11,-1,1,-2,-2,-1,0,0,2,7,11,11,9,8,12,13,12,13,14,14,7,15,18,14,12,13,14,15,16,15,12,13,13,13,12,19,14,19,10,18,5,8,18,10,17,6,16,10,25,21,14,9,9,25,9,17,10,14,18,14,14,2,27,20,22,18,4,15,-5,15,2,15,2,12,14,12,21,8,17,14,16,17,14,20,11,18,17,20,15,11,20,12,16,11,22,11,17,20,10,16,12,17,9,21,7,9,15,13,19,13,17,9,18,12,10,19,5,13,7,17,8,10,23,9,18,6,13,16,20,20,13,22,1,19,2,18,15,13,14,16,6,14,12,13,14,10,13,17,13,13,10,14,12,11,16,18,7,17,15,16,16,17,15,15,18,13,10,10,14,19,14,20,13,19,12,16,17,15,9,15,13,12,14,17,21,19,19,17,4,12,9,24,25,14,13,5,-1,8,14,13,18,31,29,28,23,25,24,20,26,23,22,31,24,24,20,26,21,20,31,20,21,31,29,27,32,27,19,23,28,24,21,31,25,25,23,22,20,35,29,23,28,32,20,18,17,29,21,17,29,30,29,29,39,17,28,19,42,37,33,21,25,22,35,14,17,2,-2,0,2,-1,2,2,-1,0,1,13,-18,1,-3,-6,0,0,-5,1,0,-1,-6,10,-4,-2,-2,1,-4,-1,-2,-4,-2,-2,-2,-4,-3,-5,-3,-1,-2,-3,-1,-3,-2,-4,-3,-5,-1,-1,-2,-4,-1,-1,-5,-3,0,0,-1,0,-1,0,0,-1,1,-7,-11,1,-4,-35,-10,16,9,-12,15,-22,-28,-27,13,-8,-24,-15,-30,21,-9,-26,-20,-9,-1,-4,-16,-17,-13,-9,-8,1,-28,-11,-10,-7,-6,-10,-16,-12,-13,-11,-12,-13,-13,-12,-8,-15,-8,-10,-10,-9,-9,-12,-12,-10,-7,-23,-9,-10,-11,-6,-9,-8,-12,-5,-8,-7,-4,-14,-4,1,-6,-7,-13,0,-16,1,-18,-19,-11,-10,6,-13,-17,-18,-2,-4,-15,0,-11,-11,-10,-22,-12,7,-7,-12,-5,-8,-11,-9,-17,-13,1,-12,-12,-14,-12,-8,-11,-12,-10,-11,-17,-13,-9,-11,-11,-12,-10,-17,-17,-8,-14,-9,-8,-9,-9,-14,-15,-13,-17,-7,-5,-10,-4,-8,-7,-15,3,-18,-19,1,-7,-15,-12,-14,-10,-15,-12,-19,-7,-11,-5,-9,-8,-6,-6,-18,-8,-8,-5,-14,3,-11,-8,-8,-9,-8,-8,-8,1,-6,-5,-9,-8,-7,-7,-5,-3,-11,-8,-7,-9,-11,-10,-10,-7,-9,-6,-12,-14,-17,-22,-21,-21,-16,-14,-13,-18,-24,-21,-19,-19,-32,-31,-16,-23,-17,-14,-22,-22,-28,-14,-19,-26,-14,-12,-7,-14,-22,-24,-15,-16,-17,-15,-20,-11,-25,-24,-25,-16,-14,-20,-22,-18,-17,-17,-19,-21,-6,-15,-19,-15,-23,-23,-20,-24,-19,-22,-16,-14,-13,-22,-21,-25
2,1,-2,2,0,0,0,-2,8,-20,-5,1,-1,-6,2,5,5,3,-4,-4,-9,1,-4,5,0,1,2,-1,3,-1,-3,4,-2,1,4,3,0,3,-2,4,2,2,-1,5,1,2,-1,-1,4,1,-2,-7,14,6,13,1,-2,2,-2,0,2,2,-1,-2,15,-6,3,-4,-3,-7,-7,5,4,-34,-1,3,-9,8,-2,11,-5,0,-7,-4,-2,4,-5,1,-5,-2,3,0,-3,-10,3,0,6,0,10,-4,2,6,3,2,6,9,1,5,4,4,7,3,-1,-10,5,6,1,1,-8,3,-2,-3,-5,-1,5,-15,2,-1,3,0,-6,3,7,13,-1,3,0,-4,0,-5,4,-1,8,2,-5,1,-4,-7,-12,10,-4,8,-4,6,3,-2,3,-9,6,-4,6,2,1,4,1,-9,-10,-1,-1,0,3,4,4,-3,-17,3,-2,4,5,5,3,-2,3,-9,6,2,5,7,-6,1,-3,-7,11,5,8,14,4,9,14,5,17,5,-1,20,3,4,14,6,17,10,6,7,3,17,1,11,8,6,9,13,9,19,8,7,8,2,-1,8,7,6,13,-1,9,-2,5,2,0,9,-4,12,11,-5,-7,-2,-7,7,-11,-6,10,-3,1,7,2,7,2,8,23,15,3,3,14,1,18,-1,14,6,7,1,-2,-1,13,30,13,13,28,1,11,15,5,22,8,29,1,30,17,-10,26,14,22,8,28,27,29,9,-1,12,19,2,7,24,21,26,23,23,16,5,11,2,6,8,13,23,15,17,8,6,13,13,3,21,2,1,-1,1,0,1,-2,-2,22,-35,-34,5,-12,10,-2,-15,11,-23,-27,15,-24,1,8,-16,-2,-3,-23,11,-27,2,6,-18,-7,-1,-11,4,-14,-6,6,-17,-9,-2,-6,-3,-2,-7,7,-16,-8,0,-5,-3,-8,-8,3,-14,2,-1,-1,-2,1,-1,-2,-2,-4,0,-12,-4,-3,-15,-8,-2,4,-8,-15,-6,-4,-1,2,-2,5,0,0,-4,-11,-15,3,3,-1,-3,1,-6,2,10,2,-10,0,-6,-3,5,-5,0,-3,-2,-1,-3,-4,0,2,-3,2,0,-3,3,1,-2,-2,-1,0,-2,-3,0,10,-3,-4,2,-4,1,-10,-11,-17,-9,-18,-3,-12,-8,-10,-14,-9,-7,-9,-3,-12,-6,-10,-13,-10,-8,-12,-10,-6,0,-7,-12,-9,-14,-5,-9,2,-13,-8,-9,-10,-12,-12,-2,-5,-11,-3,-6,-2,-13,-9,-10,0,-11,-10,1,-17,-3,-11,-2,-9,-1,1,-11,5,-5,-7,-13,-5,-12,-2,-20,-22,-14,-17,-7,-2,-10,-6,-13,-11,3,-21,-1,4,-5,-14,-7,-8,-4,-17,-1,-2,-10,-12,-11,-10,-10,-12,-12,-9,-15,-8,-12,-9,-11,-8,-9,-10,-13,-17,-15,-7,0,-11,-5,-8,-17,-7,-5,-7,-10,-9,-11,-6,-14,-3,4,-2,-6,-10,0,-2,-14,-16,-40,-35,-2,-40,9,-15,-4,-35,-20,-44,-20,-24,-32,-7,-11,-18,-25,-34,0,-37,-7,-26,-9,-27,-23,-22,-30,-33,-10,2,-17,-14,-6,-14,-23,-34,-10,-28,-40,-12,-35,-13,-15,-19,-25,-10,-29,-23,3,-29,-19,-36,-39,-34,-19,-11,-20,-16,-16,-29,-4,-18,-62
0,1,1,1,1,0,1,1,2,-1,2,0,4,-1,-6,-1,1,-1,-2,3,0,-7,-5,-8,-1,1,0,2,-1,-1,-2,2,1,-3,0,-4,3,-21,-3,1,8,-2,2,2,-6,1,3,2,-6,-10,-2,-33,-17,-6,0,-1,-1,-1,0,-2,2,-2,-2,-2,4,-3,8,4,8,4,0,-5,1,-1,2,5,4,2,5,9,-1,4,2,1,13,0,15,6,0,0,0,9,1,-5,10,22,10,-2,0,-3,3,15,-1,0,1,-12,-1,1,-7,0,-6,25,-16,8,-6,-1,6,0,16,-4,-9,-17,3,6,-5,-3,2,1,0,11,3,6,1,7,5,5,9,0,11,2,10,0,10,-1,-2,8,0,10,0,3,-4,23,6,-8,1,-4,19,-4,16,10,-1,3,-10,15,-3,30,-1,5,8,6,7,-2,9,8,15,-8,7,6,3,-26,2,-2,-1,5,5,-4,19,2,1,-16,7,-5,7,8,11,11,9,11,11,7,10,5,4,3,8,12,4,15,14,4,15,6,4,15,9,22,5,13,14,10,1,20,24,15,19,20,9,17,15,29,13,18,-1,12,9,-2,11,10,1,19,15,16,22,3,6,15,15,11,-5,-4,8,-15,12,-1,-7,-2,14,24,15,14,12,17,23,13,25,13,16,15,21,20,21,26,21,22,18,25,17,27,26,46,17,25,10,12,20,24,43,16,25,31,4,20,20,47,24,19,4,22,23,4,20,12,21,6,23,19,12,9,10,24,15,14,14,26,25,-5,9,23,13,4,1,1,0,-1,2,2,2,-2,-3,-6,-1,-30,-3,0,-12,-6,2,1,-5,-4,-1,-4,-7,2,-1,-1,-4,1,0,-5,-7,3,1,3,-1,5,1,-6,-5,1,-1,1,6,5,-41,1,-12,3,0,8,1,-20,-3,2,-5,3,2,-1,-1,-2,1,2,0,-1,5,7,3,-9,10,8,-2,3,-2,2,-12,-3,-22,-13,-4,-5,2,0,-14,-4,-10,-12,-9,-7,-5,-3,-7,-11,-5,-8,1,-4,0,-8,-3,0,-2,0,-4,-3,2,0,2,-9,-17,-4,1,-5,1,10,-3,-15,-1,5,-7,1,-3,3,-3,-4,1,-5,-2,-4,2,-14,0,-18,-5,4,-3,3,-10,-4,-12,-14,-7,-1,-13,-3,-4,-7,-3,-13,-2,-9,0,-28,-3,-8,-17,-2,-11,-2,-23,5,-3,-13,1,-8,-2,-17,-4,-12,-8,1,-6,1,-65,0,-24,0,-3,13,3,-73,3,-11,0,-14,7,3,-84,2,-9,2,-10,0,-2,-5,0,-9,-12,1,-5,-10,-3,-10,-6,3,-10,-12,-7,-15,-1,-5,-10,1,-11,-7,-12,-8,-3,-7,-7,0,-7,-18,-13,-3,-1,-7,-2,2,-11,0,-9,-8,-4,0,-12,-7,-20,-17,-9,-5,1,0,1,-6,-10,4,-7,2,-3,0,-1,-8,-9,-7,-6,0,-9,-20,2,-24,-40,3,-19,-7,-6,-9,-27,-24,-41,-21,-12,-19,-21,-2,-18,-7,-17,-9,-18,-30,-13,-11,-14,-17,-22,-27,-21,-11,-14,-5,-13,-19,-21,-10,-15,-21,-9,-11,-15,-12,-32,-16,-19,-14,-7,1,-6,-34,-15,-3,-17,13,2,2,-28,-7,-16,-9,-13,1
-2,-2,-1,-2,1,-2,-2,2,7,-5,8,0,-4,-3,-13,-4,3,-6,0,-5,1,-5,3,-3,3,-3,-5,0,1,2,2,-2,0,-2,-2,-5,-2,1,-1,-3,3,-4,-5,-9,4,1,-1,-3,2,-10,-10,-9,-7,-12,-10,2,-2,-2,1,-2,-2,2,-1,2,0,-9,13,1,6,-2,-4,-2,12,-22,8,-6,7,-6,0,-3,-4,-2,5,5,4,-10,3,-10,-12,-1,-15,9,-3,5,3,-14,9,-5,2,-9,-18,1,-7,7,-6,-10,-1,-8,-1,-11,-7,-18,-11,-8,-5,-4,-12,-13,-3,-10,-11,-9,-18,-10,-15,-11,-8,-6,-25,5,-4,2,-9,10,-12,-4,-10,-8,2,-3,2,0,-9,-16,-4,-5,-19,-1,-14,-14,-3,-12,-6,-7,-6,-12,-5,-28,-4,-5,4,-1,-13,-5,-13,0,-7,-1,-1,-13,-7,-12,-1,-3,-1,4,0,-4,-6,-7,-3,0,-13,0,-8,0,-7,0,-2,-1,-4,-19,13,4,10,10,5,8,8,19,17,10,20,13,17,13,23,14,15,10,12,14,6,17,2,22,15,14,9,15,1,14,20,18,14,11,12,11,6,9,4,16,19,-8,11,14,-4,-1,-1,15,18,10,4,4,3,-1,-4,11,15,4,26,9,17,15,12,19,20,8,-5,19,29,15,24,21,-3,21,19,16,16,10,26,14,32,4,24,7,12,15,31,31,13,29,14,8,17,-14,23,15,11,19,20,6,8,4,35,34,10,25,23,23,-9,24,22,28,20,-16,9,11,22,8,27,15,14,19,33,44,19,-1,32,30,0,-2,1,1,0,-1,3,-2,13,-30,7,1,-2,10,0,13,15,-32,15,-4,0,-11,7,6,9,-5,-2,-4,0,-9,2,7,3,-4,-2,-6,5,-4,3,7,2,-2,-3,-2,1,3,2,4,3,-1,-3,0,2,2,2,9,0,1,2,0,-2,2,-1,0,-4,-8,-27,-5,-42,0,-10,-13,5,-10,-6,-12,0,-36,9,-14,-16,-29,-16,-10,-37,-11,-22,-24,-2,-7,-8,-6,-11,-9,-10,-5,-12,-8,-8,-7,-1,-7,-12,-14,-5,-6,-7,-8,-9,-6,-12,-12,2,-9,-20,-2,-7,-12,-11,-9,-3,-4,-9,-5,-14,-7,-11,-6,4,-30,0,-23,2,-25,-32,-41,-15,3,-10,-3,-18,-6,-19,6,-2,-22,-3,-16,-8,-40,3,-41,-15,0,-28,5,-48,-1,-27,6,12,-23,-5,-36,6,-22,-5,-21,-25,0,-39,7,-23,9,-26,-1,-4,-36,0,-20,4,-22,10,-18,-25,8,-21,4,-28,5,-5,3,-12,-11,-8,-13,-7,-14,-9,-10,-7,-13,-4,-17,-9,-1,-8,-21,-16,1,-16,-12,-22,-20,-17,-7,-20,-7,-27,-15,-18,-16,-26,-8,-20,-17,-17,-15,-11,-23,-19,-10,-18,-11,-17,-22,-7,-12,-10,-14,-20,-13,-15,-17,-17,-14,-14,-8,-7,-7,-16,-7,-9,-4,-12,-9,-23,-41,-43,-31,-39,-34,-48,-25,-10,-33,-28,-31,-2,-40,-4,19,-37,-18,-49,9,-40,-56,-33,-18,-39,-28,-47,-49,-39,-49,-34,15,-24,-39,-24,-31,-38,-51,-32,7,-19,-47,-43,-33,-43,-42,-27,-21,-27,-44,-38,-25,-27,-26,-12,-30,-29,-32,-28,-23,-29,-20,-11,2
0,2,-1,0,-2,-2,1,-2,2,2,0,-66,3,2,2,0,1,1,0,-98,-3,2,1,0,1,2,0,-73,-1,3,1,1,2,3,-1,-78,-2,0,1,1,1,-2,2,-37,0,-1,-5,3,-1,-7,0,-7,3,-3,2,3,1,-2,-1,-1,-2,2,-1,2,-3,-3,-7,-3,-1,0,0,-1,2,2,-5,-46,1,0,0,-8,0,0,0,-27,4,-1,0,-2,3,3,1,-16,0,1,5,2,-1,-1,-5,-11,-4,0,4,-7,2,-1,-4,-8,-1,1,2,3,-5,-3,-3,-1,-4,-6,8,-3,3,-10,0,4,-6,-1,-3,-2,-5,-2,-6,-10,0,-6,-3,0,-5,-5,-1,-32,2,0,-7,-3,-3,-5,3,-28,2,1,3,1,-1,3,-2,-25,1,-1,0,0,6,2,-4,-22,2,2,2,5,-8,2,-7,-6,2,2,-2,-1,0,-12,-6,3,-7,-2,-8,0,-6,1,-3,-12,-5,-4,-8,-1,10,10,8,59,7,8,6,7,9,10,8,51,10,10,-6,3,2,-2,1,42,6,11,3,1,0,2,12,38,1,10,1,1,1,-5,1,21,-2,5,-8,-8,2,8,-2,26,-5,6,0,2,-3,5,0,17,1,0,4,1,1,3,6,29,3,10,3,7,-6,-2,2,36,0,1,14,13,3,9,7,25,14,8,4,-1,-2,8,10,21,7,14,-2,2,7,0,4,11,12,13,0,9,8,2,7,11,9,-12,11,-6,-12,-4,4,10,15,7,13,-20,0,0,10,11,-18,1,0,-1,3,3,7,24,5,-3,6,-11,0,-1,0,2,2,0,-2,-1,-6,-4,-20,3,3,-5,-7,-8,-3,-4,6,-33,6,4,-3,0,-1,-4,3,-85,0,1,2,0,-1,0,5,-34,2,2,-1,-2,-1,3,0,-31,-2,3,0,-2,-2,1,-5,-23,1,1,2,-2,2,1,2,0,2,-2,0,-1,2,0,-4,1,-2,-7,-5,-4,2,-4,-4,4,-7,-9,2,-2,5,-1,-13,-6,-11,-18,-3,-5,3,-4,-13,-17,-10,-5,-3,-3,1,-5,-5,-2,-5,-3,-9,-2,1,-4,-6,-2,-14,-8,1,-1,0,-11,1,-2,-2,-5,-2,-1,-2,2,-1,4,0,-1,1,0,-1,3,2,3,3,2,-7,1,-8,-7,-22,2,-8,-5,-5,-3,-3,-15,-28,-2,-6,-10,-14,-4,-7,0,-15,-3,-10,-3,-6,-3,-20,-16,-10,2,-17,-8,-5,-1,-3,-7,-5,2,-15,-1,3,4,2,-5,-15,-4,-12,4,3,-5,-2,1,-4,7,-3,1,-1,1,-8,-11,-4,-1,-11,-10,-12,-9,-7,-6,-4,1,-3,-5,-4,-5,-7,-10,-8,-10,-19,-7,-8,-4,-9,-7,-12,-16,-15,-19,-9,-4,-7,-10,-11,-11,-12,-8,-9,-5,-3,-8,-6,-17,-10,-3,-7,-6,-6,-17,-12,-20,-11,-9,-3,-5,-6,-8,-8,-5,-7,-5,-2,-3,-18,-13,-22,8,0,-10,-19,-22,-28,-31,-20,9,-29,-15,-28,-23,-40,-63,-59,-1,-38,-46,-18,-15,-40,-24,-26,14,-52,-28,-31,-7,-26,-37,-36,15,-32,-24,-37,-30,-1,-15,-27,12,-31,-14,-14,-24,-8,-29,-32,8,-34,-19,1,-7,-4,-2,-30,14,-11,0,-6,-10
-1,-1,1,0,2,0,2,1,-87,0,4,2,1,0,1,1,-83,-1,2,1,1,1,0,1,-78,1,3,1,0,1,0,2,-25,1,1,0,1,-1,-1,3,-12,2,-1,3,1,5,0,4,7,9,3,-4,2,3,3,2,-1,1,-2,-2,-1,-1,1,0,9,3,4,5,4,0,0,-3,-75,3,3,3,2,1,1,3,-73,-2,3,4,1,2,2,3,-29,1,5,6,0,2,1,0,-14,1,5,0,-1,-1,-2,-3,-1,4,3,5,4,0,2,-6,1,-2,3,2,5,-1,3,-1,-2,-4,-1,7,-4,2,0,-2,-3,-2,1,2,1,0,-2,3,-62,-1,0,1,2,1,1,2,-54,-2,-2,0,3,2,4,3,-11,1,3,2,1,-2,2,0,-12,3,6,5,2,-3,-1,0,-7,-1,8,-2,0,2,-1,-3,-7,1,-8,8,-1,-2,-8,1,4,-6,0,-8,3,-4,-4,-3,66,-5,3,1,1,1,1,0,66,-6,-2,-3,-3,3,-1,1,63,0,0,-4,-1,1,0,-2,52,-6,-1,0,-1,-6,1,-2,50,4,-2,3,-6,-8,-7,4,47,0,1,-10,-14,-4,-10,-4,34,-2,-2,-10,-14,1,1,2,40,-1,-8,-11,-3,0,0,-1,24,2,2,3,2,4,2,8,-4,2,0,2,5,4,0,9,3,2,-4,3,3,1,2,3,-9,1,-5,-1,1,-2,2,6,4,10,4,-2,-4,-2,7,-3,7,-1,5,-9,-4,8,-1,-14,-5,4,2,17,8,-1,-1,8,9,5,6,5,5,18,-3,0,-2,-1,-2,2,-1,1,-2,-2,16,-15,-8,1,-1,-1,2,-2,-4,-11,-2,-2,0,-2,-3,-3,-5,-2,0,-1,0,-2,-2,-1,-11,-4,0,0,0,0,-1,0,-11,-6,-2,0,1,0,0,-1,-7,-5,-1,-2,1,-1,-1,-1,1,2,-1,-1,-2,-2,1,2,8,-2,-7,-2,-7,-11,-2,-4,3,-8,-6,-5,-1,-5,1,-4,13,-11,-3,-6,-1,-3,-1,-3,18,-8,-4,-1,-2,-1,-2,-2,12,-16,-3,-5,-1,-1,-2,0,-1,-10,-6,-4,-5,-2,-5,-1,4,-1,-10,-3,-3,-1,-4,1,10,-5,-13,-5,-1,-3,1,2,7,-9,-8,-1,-7,-4,-4,-9,13,3,-5,-5,-7,-1,-4,0,19,-18,-7,-4,-6,-5,1,-9,22,-5,-8,-6,-6,-8,-3,0,18,-14,-5,-6,-4,-5,-6,-4,4,-10,-10,-2,-4,-1,-3,-2,8,-11,-6,-6,-2,-1,-2,2,0,-9,-5,-4,-5,0,0,-1,9,-8,-7,-4,-7,-11,-11,-10,18,-5,-11,-8,-7,-4,-6,-3,8,-10,-7,-9,-6,-5,-6,-7,7,-10,-8,-7,-9,-14,-7,-7,-3,-14,-6,-12,-9,-7,-5,-5,-8,-10,-5,-8,-4,-3,-1,-6,-4,-9,-9,-9,-5,-3,-2,-5,-7,-12,-8,-6,-4,-2,-2,-2,23,-19,-23,-1,-12,-22,-21,-17,33,-22,-25,-40,-25,-26,-17,-18,32,-38,-22,-26,-20,-19,-14,-22,43,-45,-30,-18,-23,-17,-22,-14,37,-30,-24,-15,-18,-14,-19,-16,15,-23,-19,-13,-16,-11,-17,-14,3,-23,-15,-11,-8,-14,-8,-11,12,-15,-13,-12,-9,-7,-7,-6
-2,-1,-1,0,-2,-1,-1,-1,0,1,2,-4,5,-3,0,1,0,0,2,-1,0,-6,0,-2,0,0,3,-2,24,-4,25,0,-3,0,-6,-16,0,61,2,-16,0,1,-2,-1,10,-7,12,0,-10,-17,-9,6,-9,-4,-7,-5,-1,-1,2,-1,1,1,0,1,-6,0,4,1,5,2,-1,10,2,4,5,-2,1,3,-2,0,2,4,4,4,2,-1,19,1,-2,13,-3,3,-2,-11,1,-7,0,-5,-2,-3,2,3,-5,3,0,0,1,2,18,-9,7,-1,9,-14,-6,19,2,8,-7,2,2,3,7,-3,4,-7,0,-6,8,-12,2,-1,-6,1,-5,4,3,-2,-2,0,3,7,1,1,-3,0,-2,-4,-1,2,-3,-13,13,-12,4,-5,9,-7,-10,1,0,2,-9,-11,-8,33,-3,4,-6,5,0,5,20,9,6,-5,4,-4,-11,-20,0,-22,-10,-40,-4,-7,-14,2,9,-6,-5,-3,1,0,0,6,3,5,5,2,-1,1,-7,3,-2,5,1,7,3,6,6,4,1,-1,-1,11,3,2,1,5,-8,-19,3,-3,9,-6,9,11,-7,5,-12,5,-8,3,-1,2,6,-15,-2,4,16,-2,14,3,-11,7,6,10,12,1,4,5,7,-13,4,1,-2,0,8,5,6,15,6,18,0,9,-3,7,14,9,12,8,-16,1,2,0,3,13,4,5,7,1,3,4,10,7,2,-3,5,-1,5,2,-41,26,-1,13,-3,-17,12,-11,1,4,12,2,2,13,21,6,-14,1,-10,6,-3,21,8,14,6,12,11,13,0,-2,1,3,-1,0,-2,0,4,-6,-9,-20,-14,-5,-13,-9,4,-1,-2,2,-6,-5,-2,-2,3,-1,-1,-6,-1,-9,-4,-5,1,-1,2,-2,3,19,2,-2,1,0,2,5,3,3,-1,-2,-1,0,2,3,3,1,0,1,0,-1,1,-2,1,-2,0,-2,4,-6,-4,-6,-1,-1,1,-8,3,-3,-10,-11,-6,-4,-5,-10,-4,-11,-1,3,3,-6,-10,-10,-6,-3,-1,-10,-16,-7,-5,-12,-1,5,-5,15,-12,38,-6,12,-2,-3,-5,-7,8,-6,7,-10,-5,-5,-3,-2,-3,-3,-3,-7,-2,-2,-4,-1,-3,-1,-3,-5,-4,-16,-18,-9,-9,-12,-4,-1,-4,-9,-6,0,-1,4,-13,-13,1,-21,-3,-3,4,-13,-1,-2,-8,-4,-6,-13,-20,-6,-10,-1,-4,2,-4,6,-16,34,-1,7,-3,0,-5,-2,7,-6,13,1,-1,-5,0,-3,-2,-12,-2,6,-6,8,-4,0,-2,3,-10,4,-16,-14,-3,-8,-9,-18,-11,0,-2,-13,-11,-20,-8,3,-9,-19,3,-27,-9,13,-11,-23,-5,-17,-10,-6,-7,-18,-54,-15,-24,-15,-2,-4,-8,8,-18,42,1,13,-3,-2,-7,-6,15,6,17,-4,-3,-8,-3,1,-3,-4,-6,1,-2,-2,1,-1,-7,-1,-6,-1,-23,-24,-30,11,6,18,-38,27,-24,-23,-19,-9,11,6,-9,-18,12,-40,-28,28,11,-12,-1,-43,-51,-16,-25,-28,-44,-11,-39,-19,-8,-5,-30,30,-28,47,-6,17,-6,-9,-17,-11,10,-6,16,-15,-6,-14,0,2,-10,-4,-8,-14,-4,-3,-2,-1,1,-5,-33,-4
1,-1,0,-1,2,-2,-1,2,-3,2,5,4,3,-5,-7,-1,-4,0,1,1,-1,-3,-8,0,1,-1,-1,3,-2,-2,-5,4,4,4,-1,1,5,1,1,5,7,-2,1,2,-3,9,-30,-45,1,4,15,4,-7,14,73,58,1,1,-2,0,-1,2,-1,2,5,1,-13,-3,0,0,-3,-9,-16,0,1,1,-5,1,4,-5,0,-4,-2,-2,-2,-3,-1,-5,0,-3,-2,-3,-4,-2,-6,-4,0,5,-3,-1,-6,1,-3,2,-5,-1,4,-1,-20,0,-3,1,-1,-2,-4,-2,-5,3,-2,-2,4,-4,2,3,3,-27,-1,-7,7,5,-2,-5,4,1,-7,-2,10,-6,6,-3,-2,-5,-5,0,-1,3,0,-1,-9,0,1,-10,-1,-19,-6,-7,1,0,-7,2,1,-4,-12,-2,2,3,-4,-5,5,-14,0,-8,-23,-7,-7,-8,1,2,1,-15,4,0,-2,12,5,-5,0,-18,-25,-53,-52,-23,1,5,2,5,5,3,1,9,12,-16,6,2,-1,2,9,18,4,10,6,-9,-2,6,10,9,-1,6,1,-10,-1,3,6,14,1,1,3,3,2,-5,11,14,9,10,6,-6,1,2,12,4,-2,-15,-27,8,3,6,-50,5,-6,-3,-6,-3,2,-4,-48,-15,35,-2,-3,15,11,21,21,-6,19,2,10,8,-7,18,16,21,-5,5,3,-39,19,4,-20,8,3,2,1,10,-1,10,7,23,-2,7,19,-27,13,17,14,-6,10,2,0,16,4,5,12,13,-14,3,-15,-16,-16,7,-7,12,-34,4,16,18,11,-3,-29,11,-2,-1,-2,-1,-2,1,0,-1,-7,8,-23,-4,-12,-36,1,4,2,4,1,7,-1,-10,2,10,1,1,3,4,1,-4,-5,8,2,0,0,-1,-1,-3,-3,9,3,-5,-5,-3,-4,-2,1,6,-2,-3,-3,-3,-4,-1,3,6,0,-1,2,-2,-1,1,-1,2,-12,9,-7,-5,-1,-2,-10,3,-14,-10,-5,1,-7,-1,-6,-1,-4,1,-7,-8,-3,-15,-10,-17,-7,0,-6,-4,-1,-5,1,-1,1,0,-7,1,-9,-1,2,-4,5,-7,-5,-3,-2,-1,-6,-10,-14,-1,-4,-10,-4,-12,-1,-5,-12,-8,-14,-9,-18,-9,-75,-32,-3,2,-9,-6,-7,-14,-8,-5,-8,-1,3,-16,-3,-11,-3,-8,-5,-21,1,2,-19,2,-14,-19,-3,-1,-9,-5,-8,-10,-3,6,-8,1,-5,-2,-2,-1,10,0,1,-3,0,0,-12,-8,4,1,-17,-10,-9,-13,0,-16,-43,-15,0,-15,-10,-5,-1,-2,-38,-22,-1,-2,-13,-5,-9,-16,-9,-1,-3,-3,-2,-1,-2,-12,-9,3,-6,-6,-2,5,-3,-7,-22,-6,-6,0,-9,4,-7,-1,-1,-2,-6,0,-6,-4,-4,-4,-20,-9,0,0,-12,-1,2,0,-19,-21,2,6,-3,-1,7,-3,4,-2,-68,-62,-61,-56,-47,-12,-59,-27,-26,-23,-18,-12,-12,-16,-16,-57,-61,-36,-14,-9,-20,-41,-26,-14,-19,-16,-13,-32,-20,-20,-25,-10,-19,-48,-20,-21,-35,-23,-34,-4,-21,-12,-34,-31,-23,-27,-27,-41,-38,-43,-31,-20,-18,-29,-38,7,-52,-27,-16,-6,-19,-21,-45,-37,-73,-62,-65,-52,-70,-18,-63,-33
-2,1,-1,-2,-2,-1,1,-2,0,4,2,4,1,4,5,5,-1,6,2,10,3,7,6,12,-2,-3,-2,7,3,7,2,-1,-1,3,-5,-3,-6,-5,-4,-3,-4,-7,2,-10,-2,-5,-8,-1,-3,22,16,3,3,2,7,-3,-1,2,0,-1,-2,1,1,-2,6,9,-6,3,-13,0,12,5,-4,5,8,3,6,14,-6,4,8,-10,-2,10,20,15,-8,-13,-7,-1,10,-13,-4,0,14,0,10,4,-13,-11,12,15,-6,-4,-31,19,19,-2,-11,-18,12,-2,-17,0,1,21,-2,8,-9,-14,-2,-6,-37,-30,-14,-8,-4,-16,4,-22,2,7,6,3,-9,-4,9,7,-19,-5,12,11,9,-2,-8,18,-6,1,-2,1,12,6,-29,0,20,-6,-4,0,13,-2,1,7,-23,6,-8,19,10,5,7,-8,-4,-1,25,6,-5,-1,-3,15,5,-9,-4,-3,-1,6,-5,5,15,-3,-28,-14,4,-1,5,2,1,1,3,-2,0,4,3,-6,12,-2,-2,-4,1,4,8,0,5,4,0,5,12,5,14,5,-2,6,24,17,8,16,5,-16,8,15,-15,-10,16,12,-11,-10,-5,7,-10,-22,-13,7,14,-2,-13,-5,-8,1,8,5,1,-18,-10,-21,15,-10,-30,2,9,10,-1,0,4,-10,-21,1,7,10,-1,-7,12,-4,5,0,-2,3,-1,-3,-8,-2,2,4,16,-4,6,2,3,9,-5,9,8,-4,0,14,-40,6,15,-4,-4,-16,-12,3,18,-16,-6,21,13,-1,-6,7,-7,0,-13,-37,-16,-28,23,-2,-3,4,-22,0,-2,2,2,-1,1,-3,-1,2,-11,-16,-1,-13,8,-9,-2,-41,-3,-3,4,-4,4,5,-1,0,-5,-2,7,4,0,1,11,-1,-4,-4,0,-1,4,0,-2,0,-2,1,-1,-3,-2,-3,-3,3,-1,-2,0,0,-1,-2,0,1,-1,1,0,2,2,0,1,2,-1,-13,-5,0,6,-4,1,9,16,11,-20,-8,5,-19,-17,14,1,6,-14,-8,-11,-12,-23,2,-5,-7,28,4,2,-6,11,7,-13,-9,-15,-6,29,-3,-22,-1,-1,-9,-3,-11,-7,0,-16,-7,-5,-6,-8,2,-7,-4,-7,-3,-3,-2,4,-2,-9,-5,-5,-2,-5,3,-18,0,-38,-8,-4,3,18,-24,-9,-21,-12,-12,-14,5,10,-3,-20,-3,-1,-12,-3,28,-2,-11,39,8,-16,-6,17,5,-11,-16,-18,-6,32,-4,-18,-13,7,-9,-8,-9,-9,-9,-8,-4,-1,-6,-8,-3,-5,-7,-3,-17,9,2,0,-3,0,-1,1,-2,-7,-15,-28,-4,-18,-9,-14,-6,6,-5,-1,5,-13,3,-4,-50,1,-6,4,-8,-2,-19,11,16,-35,-19,49,-4,-36,-20,32,26,-12,-33,-26,-21,47,-18,-54,-11,-6,-5,-27,-5,-9,-15,-11,-2,-10,-3,-7,0,-19,-7,-10,-6,1,-3,-1,5,-11,-1,-5,-2,-15,-64,-33,5,-33,-52,4,-39,-3,-32,-44,1,-2,-30,-47,5,25,-17,26,-7,11,12,17,37,-59,-24,47,25,-42,-26,36,39,-19,-30,-39,4,46,-34,-73,-64,8,-28,-36,-37,-29,-31,-36,-15,-22,-28,-25,-8,-26,-22,-16,-26,-8,-24,-13,-12,-18,-14,-16,-9
-2,2,0,-1,2,0,1,2,1,1,-4,-2,-3,-8,0,-1,0,-3,-2,-2,-2,0,-2,-1,1,-1,-4,-4,0,-12,-3,-3,2,3,0,-1,-3,-22,-9,2,0,0,-3,-21,-1,71,4,-8,-9,-4,0,41,23,50,0,-1,0,0,-1,0,-2,0,-2,0,-13,2,7,4,-3,4,3,-12,-4,-3,2,-6,-3,2,-5,2,0,0,-3,-4,-4,-1,-10,4,7,-11,-7,4,-1,5,-6,-5,-16,-8,5,-3,-3,-18,3,-6,-15,3,-26,-4,9,-6,6,-25,-4,-17,2,11,-8,-12,7,9,3,2,-3,4,7,-7,18,12,0,-6,4,0,-1,3,5,2,-2,5,-1,8,0,3,-1,8,8,-1,8,-10,3,-3,7,4,0,4,-1,4,-7,7,-2,10,4,-4,8,1,5,1,11,-1,-11,1,-3,11,-13,13,-13,13,-1,8,-2,8,9,-5,4,-13,-1,8,8,-13,-12,7,-4,6,3,2,-3,6,4,12,4,2,-3,1,12,6,15,18,3,-7,-3,0,1,0,-1,15,0,4,-10,-6,4,4,-6,15,-2,-4,2,6,-6,11,0,16,7,1,11,-5,2,4,2,8,6,-5,3,-1,-13,4,10,-32,10,11,7,13,12,13,13,5,15,11,-7,-21,3,10,2,12,13,5,-9,15,13,11,21,10,16,-26,10,14,24,13,6,18,-5,3,6,21,16,13,15,7,14,10,11,3,22,24,19,6,-8,0,-23,9,-5,-3,-15,4,1,-4,-1,19,22,19,-5,32,-11,-4,-7,-5,-6,5,-31,-1,8,24,-2,1,-2,1,-1,-1,2,2,-6,3,-3,13,-9,-12,17,-5,2,0,1,1,-3,1,-1,-5,2,-1,-1,1,1,5,-2,0,0,3,-1,2,-1,3,0,0,0,-1,3,4,5,-3,3,-2,1,-2,4,4,4,-53,8,4,2,-1,1,-2,2,-1,-1,-2,4,-12,0,-2,2,1,8,-4,5,-3,3,3,2,3,3,5,-2,-7,-1,3,-7,10,-6,-5,6,0,5,-9,3,-10,5,0,4,2,-14,0,-17,-1,-46,6,-1,-12,1,-7,-18,-7,-8,-15,7,5,-15,-28,10,-91,8,-56,3,2,13,-33,13,-38,12,-33,-11,11,-1,3,-16,5,-20,6,-21,-8,12,-23,1,0,4,-24,-5,-37,-9,6,-37,13,-18,9,10,-2,-27,-13,8,-10,10,-20,-16,9,-7,-23,-5,9,-13,-20,4,-16,8,-14,-41,-6,-30,-17,-19,11,-13,10,4,-37,8,10,9,-5,14,-6,-9,-17,-38,-10,6,-8,-3,-11,0,-5,-10,-5,5,-8,-1,-7,5,-15,-5,-1,-6,-13,-6,-10,-9,-37,-13,-1,1,-9,-10,-14,-4,-40,-14,-9,2,-16,-15,-24,-12,-38,-16,-14,-2,-12,-6,-16,-4,-16,-26,-22,-15,-16,-14,-43,7,-62,10,-35,-5,-14,-18,-88,-2,-49,-8,-20,-12,-9,-15,-5,-15,17,-12,-22,-18,-22,-49,23,-1,-6,-39,-19,-9,-28,-48,-47,-27,-9,-38,-3,-18,-19,-31,-49,-7,-24,-21,-47,-16,-23,-25,-35,-42,-64,-44,-48,-11,-13,-27,-21,-50,-21,-63,-16,-29,-11,-18,-21,-5,-58,4,-21,-8,-27,-8,-15,-21,-48,-10,-26
-2,-1,-2,-1,0,1,-1,-3,-6,8,4,7,4,7,2,-3,2,18,2,1,-2,-4,2,-2,-2,-3,1,-4,1,6,-2,4,9,-5,5,-5,-1,0,-8,3,-1,26,-1,-8,0,-6,15,5,-10,-47,-10,3,-2,8,-15,-8,2,1,2,-3,-2,-1,-1,2,-2,8,-1,4,9,5,-1,2,8,19,7,7,0,1,8,3,0,-19,-2,-10,-3,-6,8,4,25,-5,-2,-7,8,13,0,11,6,14,6,13,20,-3,-3,3,5,6,4,18,-2,-9,-8,-4,-15,-6,-6,15,-13,4,-5,11,11,1,23,11,7,-18,-24,14,4,9,0,9,4,-1,2,5,-1,4,16,13,19,-2,-2,-21,0,12,-7,0,0,4,-17,-5,3,-6,-3,15,7,-2,-7,0,10,5,3,9,-2,-3,6,27,0,4,8,-10,-16,10,26,18,0,-19,-11,6,-4,21,-9,-3,8,-11,3,3,2,-8,6,0,1,-4,0,5,5,3,1,5,-4,-11,4,-15,-3,1,2,-4,1,5,6,6,12,3,7,0,2,9,13,2,2,-12,1,-1,-16,-1,-2,-10,1,-1,-9,-3,7,-12,-7,-1,-11,8,-1,-21,8,26,-2,-9,17,-6,10,5,-3,-17,-17,-9,-23,15,-4,-2,6,-1,7,13,8,1,4,4,10,-5,12,16,25,30,6,-12,5,11,7,22,21,-7,0,-1,10,-5,6,23,6,18,-19,5,15,6,13,17,2,4,-45,-3,4,10,1,20,17,-9,-2,-15,-22,19,-12,1,-18,4,3,-29,-6,-5,3,-2,-7,-10,6,-36,2,-2,2,-1,-2,-1,-1,1,-18,0,-22,3,-8,-3,-17,3,-6,1,-2,0,1,-4,1,-1,7,7,3,-2,0,-1,0,0,-1,-2,-3,-6,2,2,2,-1,-1,0,-1,-6,0,2,1,1,0,-2,0,-2,5,1,-1,1,2,-2,2,-2,-2,-1,-2,-1,-16,-7,0,-1,-36,-3,-2,-4,-11,-2,-50,-7,0,-11,-13,-5,-2,-28,12,-2,13,5,-16,-7,3,-5,5,-13,-8,-10,-2,-7,-15,-11,-14,-5,-2,-3,2,-3,-6,3,-3,-3,-2,1,1,-6,2,-12,3,-4,-2,8,2,-1,1,-1,-3,-5,1,-9,1,-4,-1,-12,-3,-10,11,3,-3,-5,-9,-8,-17,11,-14,-6,-37,-9,4,-14,23,14,29,2,-10,-23,17,9,21,-15,-14,-4,-4,-4,-3,-9,-6,-7,-3,-2,14,1,-9,21,-12,-7,-5,7,3,-6,18,-7,10,-4,-3,7,3,2,-2,-3,-5,0,-10,-1,3,0,-14,-10,-13,6,-2,-1,-18,-18,-35,-7,-10,-26,-9,-22,-23,-2,-3,-29,27,18,18,12,-20,-30,19,12,24,-20,-19,-6,-11,5,-19,-14,-22,-21,-28,-30,20,8,-14,15,-18,-16,-10,-2,5,-9,14,-9,6,-14,-16,14,-7,-7,-7,-1,-9,-17,6,-3,-6,-3,-37,-23,-24,-10,2,29,-41,-13,-32,-31,-39,2,-11,-39,-48,-30,-16,-40,41,39,40,26,-35,-57,17,7,36,-41,-37,-25,-17,-29,-51,-30,-26,-35,-51,-25,24,-2,-50,16,-37,-31,-25,-20,15,-21,17,-10,-16,-13,-25,33,-7,-16,-32,-27,-16,-17,11,-10,-31,-24
-1,2,1,0,0,-1,-1,-1,0,3,3,2,1,3,2,-1,2,2,3,-3,1,-3,1,1,1,0,2,4,2,5,2,2,1,3,2,3,1,3,6,2,-1,2,7,6,8,4,3,9,2,4,1,3,7,12,-5,-1,1,2,-1,0,0,2,-1,1,4,6,1,3,7,11,7,8,5,11,5,9,12,11,6,8,4,5,7,2,6,8,8,5,1,6,4,3,8,6,6,8,4,11,3,7,5,9,10,4,12,12,-3,7,6,9,9,1,3,-5,7,0,7,16,13,2,1,4,-3,6,12,5,3,1,4,7,10,6,6,11,6,12,10,8,8,12,14,11,11,4,4,14,7,11,2,12,5,11,3,4,20,10,14,5,12,5,0,8,6,16,11,17,1,9,17,8,17,0,24,8,18,8,8,23,3,24,12,22,6,15,9,7,18,7,24,9,14,9,11,11,4,10,10,7,7,11,10,12,12,16,11,16,12,6,12,11,17,6,16,8,19,11,12,8,20,13,18,11,10,11,16,10,16,15,13,15,17,12,13,9,11,16,20,16,19,17,14,8,13,11,10,12,11,11,15,15,13,20,17,16,16,16,22,26,23,20,14,18,22,21,20,25,21,23,22,20,18,25,25,25,23,23,13,11,22,34,20,20,24,20,21,22,17,22,20,13,18,15,17,22,16,19,34,16,26,19,25,22,10,23,28,27,26,20,24,30,33,35,23,25,16,11,22,22,19,27,1,2,1,-2,-1,-2,0,1,3,5,-23,13,8,-3,8,-5,2,1,18,-12,-13,-7,-17,-1,-7,-2,2,2,-3,0,0,-2,-2,0,0,-3,-2,-1,-2,0,-1,-1,0,-1,0,-2,-3,1,0,-1,0,0,-1,-4,-1,1,1,-1,-2,0,-2,2,2,-1,-4,8,-12,-7,9,20,7,-25,12,1,-8,-11,20,12,4,-10,2,37,12,-3,-31,14,-20,-11,2,-9,23,-7,-26,-4,-19,-1,1,1,-8,-2,-6,-7,-1,-2,-5,-7,-7,-10,-4,-7,-8,-7,-7,-7,-7,-4,-9,-6,-3,-4,-8,-5,-12,-6,2,-5,-6,-8,2,-4,4,-7,-15,11,3,-18,2,8,-20,24,5,-11,14,-1,21,4,12,-10,16,10,-15,1,-10,-1,-12,-18,-9,34,-7,-12,-2,-9,-14,2,-1,-14,26,-2,-11,-7,-2,-4,-5,-7,-7,19,-13,-3,-1,-4,-9,-15,-6,-7,-4,0,-6,-12,-8,-9,-3,-10,4,2,-3,20,4,17,9,15,-3,-4,5,-12,1,19,6,8,-6,6,-3,4,-6,-2,-4,8,-5,-3,-2,6,-3,-6,0,7,-6,-1,-3,3,-6,-9,-3,-3,-6,-7,-4,-3,-2,-11,-12,-10,-9,-6,-5,-3,-11,-11,-5,-4,-7,-10,-6,-11,-11,-14,-7,-7,-7,-21,-7,-12,-27,16,-9,-2,-3,-7,-7,-20,-15,-10,-23,-7,-15,-7,-7,-18,-22,-16,-16,-1,-24,-10,-26,-11,-21,-3,-17,-13,-14,-22,-26,-15,-18,-19,-5,-28,-15,-19,-13,-14,-10,-17,-24,-12,-13,-12,-21,-17,-16,-15,-20,-14,-10,-19,-17,-19,-22,-24,-20,-25
1,-1,-2,1,3,1,-1,2,4,2,4,4,2,3,2,5,2,3,3,3,2,3,3,2,3,3,4,4,4,4,3,3,1,3,3,4,5,4,4,3,3,2,4,5,4,5,4,4,0,-3,0,-1,0,2,2,2,2,0,1,-1,1,-1,-1,1,8,11,11,13,8,13,10,15,16,11,11,11,11,13,10,11,15,15,10,12,13,10,12,12,16,14,14,9,11,10,12,12,11,15,10,12,11,14,11,14,16,11,10,11,8,12,11,18,10,13,13,13,10,11,15,13,16,15,11,5,18,17,17,18,10,15,14,16,11,14,9,15,13,13,16,14,13,8,14,11,14,17,12,14,13,15,13,13,16,15,13,11,15,13,12,13,14,13,12,16,14,15,12,14,14,10,16,14,15,15,16,15,12,16,11,11,14,18,15,16,17,14,15,13,12,11,17,14,26,29,30,24,23,26,25,25,30,27,24,23,21,25,24,28,27,26,26,20,22,23,22,24,25,22,25,24,22,27,25,28,25,28,23,29,18,27,30,29,34,32,28,23,26,34,32,28,29,25,23,22,21,29,24,34,28,28,31,36,26,32,35,36,6,-24,-15,-30,-21,-10,-15,-19,-15,-19,-22,-28,-24,-25,-20,-24,-17,-19,-17,-23,-23,-26,-18,-17,-19,-2,-20,-22,-22,-3,-29,12,-17,-16,-23,-18,-11,14,-22,19,-7,-1,36,-8,36,7,21,-11,18,51,8,39,18,32,25,23,29,-12,19,-19,18,-17,41,22,0,1,-2,0,-1,-1,0,1,-42,-8,5,-9,-52,-7,-62,-14,-4,-6,0,1,-5,0,-7,-4,-4,-5,-1,-3,-3,-3,-6,-3,-4,-4,-3,-3,-3,-4,-6,-4,-4,-5,-5,-5,-6,-3,-6,-4,-5,-5,-5,-6,-4,-4,-6,-4,1,-2,1,-1,-2,1,1,1,-8,-9,-9,-2,-8,-4,-6,-3,-9,-7,-12,-9,-10,-4,-5,-6,-14,-11,-8,-8,-11,-7,-9,-4,-9,-11,-11,-9,-9,-9,-8,-7,-9,-9,-11,-9,-10,-8,-7,-7,-10,-9,-9,-10,-9,-8,-7,-8,-8,-10,-7,-9,-7,-6,-11,-6,-8,-9,-8,-8,-7,-8,-8,-7,-10,-9,-15,-3,-8,-7,-10,-5,-8,-11,-13,-11,-8,-7,-9,-4,-10,-11,-8,-9,-8,-10,-8,-8,-8,-7,-9,-8,-12,-13,-6,-6,-8,-8,-11,-6,-9,-10,-10,-5,-6,-11,-7,-9,-8,-9,-11,-11,-10,-7,-10,-10,-9,-12,-11,-11,-7,-11,-10,-10,-9,-11,-9,-8,-17,-18,-19,-18,-15,-13,-18,-19,-18,-20,-21,-18,-21,-17,-20,-19,-19,-19,-21,-19,-19,-20,-17,-21,-20,-19,-21,-19,-19,-22,-21,-20,-19,-19,-19,-18,-17,-18,-19,-19,-19,-22,-19,-20,-20,-20,-21,-18,-22,-19,-20,-19,-20,-20,-20,-21,-16,-18,-18,-16,-14,-17,-17,-17,-72,-70,-78,-87,-74,-85,-89,-67,-60,-74,-87,-78,-86,-74,-88,-71,-70,-80,-76,-83,-93,-85,-84,-79,-83,-84,-84,-93,-83,-82,-77,-80,-76,-79,-86,-87,-82,-74,-80,-83,-80,-91,-91,-86,-91,-86,-86,-84,-94,-92,-89,-84,-78,-76,-83,-87,-92,-88,-88,-102,-84,-85,-85,-80
3,-2,0,2,0,2,-1,2,1,1,-2,0,-3,4,5,-1,2,2,-1,-4,-3,1,5,2,4,7,-6,-3,-1,8,2,1,5,9,-9,3,22,9,7,-1,5,18,2,10,-1,-11,-8,2,11,-7,-1,-17,-8,-13,30,6,2,-1,0,2,-1,1,2,-2,12,6,-2,14,4,5,8,3,-4,2,13,2,1,6,11,9,12,2,9,2,16,8,-1,10,-10,18,2,5,-2,-10,9,2,0,29,8,11,8,10,2,-8,13,-9,22,-15,3,2,11,6,4,-16,-3,-6,-2,8,16,6,6,-2,5,-10,-11,10,-4,2,8,12,6,14,6,2,19,1,2,-4,17,7,5,13,4,-18,-4,8,7,10,21,15,-9,15,5,1,-3,13,11,-37,19,-13,-4,5,1,1,0,14,0,0,-3,12,4,10,4,6,5,-8,2,5,-3,14,-6,-6,21,14,8,6,7,17,-8,5,6,-22,6,10,11,-2,6,8,3,12,11,1,8,13,5,-10,6,3,8,-2,19,13,12,21,9,4,4,18,11,10,7,0,-7,10,-2,1,12,0,-1,-2,-2,-2,14,8,8,29,18,23,7,22,-3,7,10,8,-1,14,7,9,14,-5,18,21,0,4,-19,17,10,24,22,16,17,6,15,5,26,-1,15,21,14,14,17,3,-4,10,27,10,25,26,-16,4,16,1,22,27,0,-15,14,13,9,5,30,-2,-18,-4,1,4,11,20,5,16,9,29,10,26,24,-3,0,35,0,24,33,-1,10,1,17,12,13,-8,19,27,0,0,1,0,2,1,-2,1,-3,5,-5,8,-6,9,-7,-14,2,-9,8,-5,-4,6,-5,8,2,-1,-1,-15,-3,-6,-7,4,-2,5,-5,-5,14,0,4,-2,-1,6,-5,9,-5,2,-1,0,1,3,2,0,-1,-1,-3,-3,2,-1,-2,0,-2,1,0,-1,-6,-7,-4,25,-12,-18,-1,-8,-5,-12,2,-1,-13,-2,-20,-2,-17,-7,-5,1,6,-22,-15,7,8,-4,-5,-11,-5,-7,-2,-4,1,-8,-12,-16,5,-16,-14,-1,-6,-6,-4,5,-8,-8,-6,2,0,-2,-2,-5,-13,-9,-23,-2,-10,-5,-1,-4,-1,1,-6,-4,3,-17,-14,0,-10,-8,5,-10,-29,0,7,2,-21,8,-22,0,8,-17,9,-15,4,-14,-10,6,0,-13,-12,-10,-8,-19,-10,6,-2,-5,-23,-14,9,-8,-10,-16,-8,-20,-11,13,-8,-1,-5,1,-10,-16,14,-11,-8,-12,-6,-11,-17,4,-10,-5,-5,-1,-15,6,-16,-9,-31,13,-12,-1,14,-5,-4,-6,16,-16,-17,-25,-7,-22,-4,-8,-8,-25,16,-4,-25,6,-2,-12,-11,-12,-4,-23,1,-6,1,-11,-19,-8,9,4,-2,2,-1,-6,-4,-4,15,-17,-7,6,11,1,-8,-9,-15,-24,-16,-12,-9,1,-8,-13,-9,-2,-13,-3,1,-10,-18,19,-22,-25,23,-23,-16,5,27,-31,-34,10,-51,-5,3,-31,-7,-32,32,-19,-17,14,-7,-14,-42,-1,-25,-5,-9,-6,5,-20,-11,-16,9,-13,-22,-5,9,-11,12,6,12,0,-20,-1,19,-23,17,-10,-9,-32,-28,-24,-21,3,-13,-10,-15,-16,-25,-4
-2,-1,2,-2,1,0,-1,2,1,0,0,0,-68,1,1,1,0,-1,0,-65,0,1,0,0,0,-1,-21,-1,1,0,1,0,1,-2,-1,0,0,0,-1,-1,-1,0,0,-1,0,-2,-1,-2,-2,0,-1,-3,-4,-3,0,-9,2,-2,0,0,-2,-2,2,0,4,0,-1,-1,3,0,1,-2,-1,3,2,1,-79,2,2,1,0,0,0,-46,-2,1,2,1,-1,0,-24,0,-1,0,0,1,0,-11,3,0,2,1,-1,1,2,2,-2,1,-2,-1,1,2,2,0,-2,-9,4,1,3,-2,1,4,4,2,7,0,-2,-2,-2,-16,0,-10,-5,71,-8,-27,-23,0,-23,0,67,-2,-24,3,1,-10,-3,65,0,-13,3,-15,-20,-4,64,-4,-25,1,-6,0,-6,63,-7,-21,-1,-25,-1,-4,63,0,-16,2,-26,-6,-9,-5,-2,-19,2,-7,-3,-25,5,-31,-15,0,-2,-3,-12,0,-6,1,1,2,2,1,2,2,2,3,0,2,2,3,-35,1,4,2,1,1,2,-37,-2,0,1,1,0,0,-16,-1,3,2,-3,3,1,-12,0,0,-1,-3,-1,3,3,6,2,-11,-4,-2,-1,2,-2,5,1,-1,-2,1,3,0,-6,3,2,-5,3,-14,2,-1,3,1,3,4,4,5,-1,-1,-2,2,1,4,-20,5,4,-4,-3,3,2,-25,3,2,1,4,4,1,-14,1,7,5,1,0,2,-6,-7,3,-4,-11,0,2,2,-4,-11,8,11,3,-8,-1,-5,6,-5,13,11,3,5,0,10,5,5,-5,-12,2,4,0,0,0,1,0,0,-2,-2,-1,-4,8,-7,-3,-37,6,-27,-16,0,3,2,-60,1,-1,-3,1,0,-2,-53,0,-3,-1,-1,-1,-2,-21,0,-2,0,-2,-1,-1,-2,0,-3,0,0,-1,0,-1,0,-1,0,-2,0,0,0,-1,-2,2,2,-1,-1,-1,0,-1,-2,-2,-13,-4,-11,19,-6,-5,-1,-8,-4,-7,2,-8,-6,0,4,-4,-6,29,-5,-2,-4,-6,-5,-3,19,-3,-3,-3,-1,-4,-2,15,-3,-4,-4,-4,-2,-5,3,-2,-3,-4,-3,-1,-3,-1,-3,-3,-6,-2,-1,0,-2,-1,-2,-6,-4,-4,-4,-4,-2,-7,-1,-6,-2,-10,-2,14,0,-3,-6,-3,-8,-2,8,-1,-2,-2,-1,-2,-2,22,-3,-4,1,-8,-6,0,23,-5,-7,-2,-3,-3,-1,22,0,-5,-1,-3,-2,-11,14,0,-4,-2,-3,-1,-5,-3,-2,-4,1,-4,0,-5,-2,-4,-3,-3,-4,-3,-12,0,-8,-2,-13,-8,-39,-8,-41,37,-56,-57,-4,-20,-10,-25,36,-30,-14,-9,-10,-27,-12,34,-19,-16,-8,-5,-10,-11,32,-13,-23,-6,-9,-9,-7,30,-15,-12,-18,-7,-6,-6,19,-9,-4,-8,-10,-4,-4,-4,-4,-8,-9,-8,-7,-5,-8,-4,-2,-3,-5,-4,-5,-4,-3,-4,-12,-12,-24,-14,-6,47,-31,-36,-23,-15,-25,-48,48,-65,-12,-9,-39,-16,-22,48,-41,-21,-17,-21,-30,-34,47,-18,-24,-41,-28,-10,-14,48,-11,-22,-12,-20,-12,-11,37,-12,-19,-10,-17,-10,-12,-8,-10,-20,-8,-11,-6,-6,-16,-6,-10,-7,-9,-7,-7,-4,-3,-10
1,0,-3,2,-1,2,2,1,-2,4,-7,0,0,-1,0,-2,-3,-2,-6,7,-6,2,1,-1,5,5,-3,7,5,0,10,0,-4,4,-14,1,3,15,14,15,1,-9,9,9,8,2,-9,-6,4,21,-6,14,-3,-3,-23,-23,-2,1,1,2,1,0,0,2,7,8,-3,9,-6,0,5,-5,-1,-1,-1,6,7,8,-9,6,-4,0,3,8,-7,3,6,7,10,-9,-23,-5,4,9,19,-3,1,0,-6,24,6,10,3,0,14,-3,28,-9,3,7,7,-10,9,8,3,24,-28,-11,-14,-12,7,20,4,-4,-11,7,19,-2,-4,-3,-1,0,-1,-3,2,-1,-1,-2,-2,1,0,1,4,11,5,-4,-6,10,2,-5,4,1,-43,20,-19,12,-6,0,-7,-20,5,-2,17,2,-4,11,8,-2,-10,-10,10,17,-14,-2,-8,-4,12,3,-3,7,5,-1,6,-5,-10,-7,-7,-11,14,9,-7,-17,8,2,11,9,9,5,1,7,3,9,10,0,10,2,7,7,2,4,5,5,-1,6,3,11,-13,-1,-2,4,-1,0,-18,5,3,19,2,20,20,6,-4,2,-8,11,15,9,18,12,3,7,5,5,11,14,4,2,3,17,-13,-17,2,11,23,4,8,5,16,4,10,5,2,6,8,7,15,15,8,9,6,8,12,30,12,3,17,10,10,7,14,21,-20,11,-11,12,0,-3,3,22,29,3,21,12,4,1,4,3,8,-13,20,36,12,26,12,19,10,14,-6,-10,11,-4,11,6,-3,15,-6,7,25,1,-19,-17,-2,-2,1,-1,-1,-1,2,-1,-26,-3,-25,14,-10,5,1,0,-5,4,-8,-5,-2,-7,-9,0,-3,5,-4,0,-3,-3,-7,-5,-1,17,0,9,-1,2,2,-3,-2,-7,2,-9,-4,2,9,-2,3,-3,4,1,-1,2,-5,-3,2,-2,0,-1,-1,-1,1,-2,-1,11,-2,-2,-1,0,-14,-3,-11,-3,-18,-8,-16,-9,-8,9,-6,-25,-2,-13,-14,-12,-5,-7,-18,-11,-9,-10,-7,-20,-9,-6,-6,0,7,-9,-8,-4,-12,-7,-3,-10,-4,-10,-17,-3,10,8,1,-2,-8,4,5,-3,-6,-9,-7,2,-2,-4,-1,-1,-6,9,-9,16,4,0,-3,5,3,9,-9,-13,-10,-7,-2,-2,-9,6,-5,-20,1,-3,-10,11,-9,2,-1,-9,-12,-9,6,-5,-9,-4,-8,3,14,8,-11,-4,1,6,11,-13,10,-19,-4,2,20,8,-25,2,-16,3,1,2,-12,17,11,-6,1,-10,-5,-14,-2,-1,-4,-2,-15,-12,-17,3,-9,-7,-14,-19,-13,-9,-9,-11,-40,11,-7,-19,10,-11,-25,-10,-17,7,-10,-8,-23,-28,9,-15,-10,-21,-18,-5,22,-31,-20,-4,-10,1,-15,-14,-1,-27,-8,-2,19,14,-10,-11,-14,-3,11,-9,-6,-17,0,-1,-3,-8,-6,-6,-12,-11,-17,21,-42,-16,-6,-27,7,7,-15,-24,-26,-7,-31,-12,-37,-2,-12,-40,26,-33,-51,-27,-48,9,-34,-39,-4,-32,23,-14,-18,-18,-21,-16,34,-14,-15,-1,-31,20,-27,-12,-20,-20,-12,-2,31,11,-16,-27,-16,-4,18,-9,-39,-23,2,-4,-7,-9,-7,-16,-22,1
-1,1,0,2,-1,2,2,0,1,3,3,0,0,2,1,2,2,2,2,2,0,3,2,1,3,3,3,3,3,4,3,3,4,2,2,1,3,1,1,2,0,-2,-4,-2,-3,-3,-5,-2,-23,-22,-24,-24,-17,-25,-20,-27,-2,-1,0,1,0,-2,0,-2,-9,-8,-11,-10,-13,-8,-7,-6,-7,-11,-13,-12,-11,-11,-8,-7,-9,-11,-11,-11,-12,-12,-10,-9,-8,-10,-13,-13,-14,-11,-11,-9,-9,-10,-10,-11,-11,-12,-13,-9,-7,-7,-11,-11,-9,-9,-8,-10,-5,-7,-10,-10,-9,-10,-9,-8,-4,-5,-10,-6,-6,-6,-7,-3,-5,-5,-5,-4,-4,-4,-1,-4,-2,-2,-4,-6,-4,-4,-3,-1,-6,-3,-4,-6,-7,-5,-4,-2,-2,-6,-4,-6,-4,-6,-4,-2,-6,-5,-6,-3,-7,-5,-9,-5,-4,-6,-6,-6,-4,-5,-5,-7,-6,-5,-6,-4,-6,-3,-5,-5,-3,-2,-2,-6,-3,-6,-2,-5,-2,-4,-4,-3,-3,-3,-3,-4,-2,-3,-1,-2,-1,-1,-3,1,-2,-3,-2,-2,-2,-1,-3,-3,-5,-2,-3,0,1,0,1,-2,1,-1,-1,-1,0,-1,1,1,-1,0,0,0,1,-1,3,1,-1,-1,-1,-1,1,1,2,1,-8,-5,-6,-7,-4,-7,-5,-8,-7,-16,-17,-22,-17,-16,-17,-13,-10,-16,-15,-14,-14,-19,-12,-14,-15,-12,-16,-16,-21,-12,-8,-16,-16,-18,-22,-17,-18,-19,-14,-7,-14,-18,-6,-7,-2,-7,-22,-17,-11,-13,-10,-17,-9,-4,-15,-9,-16,-20,-15,-19,-21,-13,-20,-16,-17,-21,-22,-23,-16,-18,-21,-20,0,-1,-2,0,-2,0,2,0,0,5,2,-1,1,3,1,0,-4,-1,-2,-3,-3,-1,-3,-9,-5,-7,-6,-7,-6,-6,-7,-7,-9,-8,-8,-6,-8,-8,-9,-7,-9,-9,-9,-8,-8,-9,-9,-9,-10,-11,-10,-8,-9,-10,-10,-10,0,1,1,-1,2,-1,-2,2,-24,-25,-28,-26,-30,-28,-27,-23,-28,-27,-34,-33,-30,-42,-33,-26,-29,-32,-31,-32,-36,-36,-33,-28,-30,-30,-30,-29,-31,-29,-50,-29,-25,-29,-29,-29,-28,-31,-30,-31,-24,-28,-28,-28,-29,-31,-29,-31,-25,-27,-29,-29,-27,-27,-30,-26,-30,-28,-26,-28,-29,-26,-45,-29,-27,-26,-29,-29,-29,-25,-30,-26,-27,-31,-31,-30,-28,-31,-29,-29,-31,-32,-30,-30,-31,-31,-30,-29,-30,-29,-28,-29,-30,-33,-32,-29,-29,-29,-30,-30,-29,-28,-29,-29,-26,-29,-29,-31,-27,-28,-30,-27,-29,-28,-27,-30,-29,-29,-31,-26,-30,-30,-31,-28,-27,-30,-26,-28,-42,-43,-43,-42,-47,-44,-44,-45,-43,-47,-44,-44,-46,-46,-40,-41,-44,-45,-46,-47,-48,-47,-47,-44,-42,-45,-45,-50,-50,-46,-46,-43,-41,-43,-42,-47,-43,-44,-45,-43,-40,-42,-44,-41,-42,-43,-42,-42,-38,-44,-41,-47,-42,-45,-46,-40,-45,-43,-43,-46,-45,-43,-44,-42,-47,-48,-51,-54,-55,-46,-54,-42,-53,-55,-53,-60,-51,-47,-53,-50,-56,-56,-55,-54,-55,-49,-55,-56,-56,-53,-43,-45,-52,-47,-43,-49,-43,-45,-40,-43,-41,-38,-49,-54,-48,-37,-31,-41,-28,-51,-43,-52,-52,-39,-36,-41,-44,-55,-21,-33,-49,-54,-53,-44,-48,-45,-55,-42
0,-1,-1,-2,1,0,1,2,-3,0,1,1,0,-1,0,-1,-1,-1,0,0,0,0,-3,-2,-2,-1,0,-1,-1,-1,-3,-3,-1,0,1,-1,1,-5,21,-5,2,-1,5,4,1,-13,-27,17,-3,-1,1,-4,-20,18,88,-42,1,-1,-1,1,1,-2,1,0,5,0,2,-1,-3,-3,-1,-6,0,-9,3,0,1,1,-4,0,-10,3,-3,0,-6,-2,2,-4,2,-8,-5,-1,0,1,0,0,-1,-11,-2,-8,0,-1,5,-8,-3,-4,0,0,1,-2,-6,-3,-10,3,-8,-3,4,-6,-2,-9,-6,1,6,-7,-4,-4,-42,-4,0,-2,1,-6,2,-2,1,-1,1,0,-3,-1,-4,1,-8,-7,1,-1,-3,-2,1,-9,-1,-10,-8,4,0,-4,-7,0,2,-3,-1,-6,1,-3,-5,-8,5,-7,-6,3,-10,-1,0,4,-6,-5,1,-9,0,-6,-2,3,-6,-3,-1,-5,-8,6,-6,1,-30,-12,0,-3,-3,-1,4,2,5,7,-3,-5,0,-1,4,1,7,8,-2,0,-10,-1,-5,-5,4,-2,3,-14,-4,-1,2,-8,5,10,3,5,5,1,-3,-2,1,8,1,-10,0,6,1,4,-1,-4,1,-1,7,2,-2,0,-3,-3,-1,0,-1,-3,-2,2,-61,6,-14,11,-7,5,5,11,3,13,1,8,-3,7,3,10,-7,15,-5,5,18,-2,3,19,-15,2,-18,-5,1,9,-6,11,-5,6,7,-14,2,11,10,16,14,-4,-3,2,0,0,10,3,4,5,0,0,-2,4,-4,4,3,5,2,3,0,-14,-1,6,8,7,2,2,2,-2,1,1,-2,-1,-20,-19,-3,-14,-4,-7,-2,-23,1,0,-1,-1,2,-3,-4,1,0,0,-1,0,2,-4,3,2,1,0,-2,-1,2,0,1,3,0,0,-1,0,0,1,-18,1,-1,1,0,-6,0,-10,-13,-12,2,-1,-1,2,1,0,1,2,3,-1,1,-7,1,0,6,5,7,1,-1,7,4,-5,0,2,4,2,-7,-4,-1,-2,-2,2,-2,-1,2,-7,1,-22,6,-15,0,-2,-2,-3,-14,5,-5,5,3,-4,-2,-18,1,-64,-11,-68,1,0,-6,0,-72,-16,-8,-3,0,-3,-3,-8,1,-26,-82,-13,1,-10,-4,-1,-8,-2,-5,-3,-71,-1,-15,-8,3,-6,-2,-4,-11,-71,2,-8,-6,0,-17,4,2,-25,-72,0,-20,-14,5,-17,-6,-8,-16,-66,3,-4,-7,2,-3,-26,0,-8,-71,9,-18,6,-4,1,-6,1,-22,-80,-33,-95,5,-5,-4,-5,-4,-3,-67,-8,-7,-5,-8,-9,-8,-12,-60,-5,-8,-11,-8,-6,-7,-11,-56,-4,-10,-9,-5,-13,-12,-9,-61,-9,-9,-13,-12,-18,-7,-11,-77,-10,-7,-8,-14,-8,-10,-12,-77,-3,-7,-17,-5,-7,-8,-5,-76,8,-6,-8,-7,-8,-8,-9,-2,-9,-81,-90,-83,-77,-53,-3,-73,0,-17,-11,-10,-11,-14,-19,-58,-16,-29,-8,-16,-22,-5,-26,-51,-20,-22,-79,-37,-8,-5,-28,-52,-38,-23,-12,-45,1,-31,-38,-58,-32,-7,-20,-13,-49,-10,-30,-74,-14,-25,-23,-9,-11,-63,7,-82,-4,-10,-22,-17,-10,-29,-64,-19,-74,-59,-50,-54,-71,-37,-2,-64,-9
1,-1,0,-1,2,-2,1,-3,52,-1,-7,2,1,2,2,0,-56,2,-2,0,1,0,0,0,-37,-7,4,2,0,1,1,0,50,-1,-4,1,3,-1,1,1,-36,3,-3,0,2,-1,-5,1,13,-1,-7,-3,2,-6,-2,1,-2,2,1,-2,1,-2,0,1,-8,2,-2,2,0,3,4,-1,1,1,6,-5,4,6,3,5,-2,2,2,3,1,3,4,5,3,1,1,0,2,1,4,2,-7,-2,-8,0,3,-1,1,5,2,0,2,5,5,0,-4,-1,-5,2,-1,-1,0,6,6,-1,-5,1,-3,3,0,0,1,-7,0,-6,4,-6,3,5,-3,7,2,5,0,5,6,3,6,0,2,-2,3,2,1,4,2,4,3,-3,-2,-2,1,1,4,-1,0,-2,4,-3,4,4,2,-1,-2,5,4,3,2,0,3,3,-4,1,-2,2,6,1,2,4,1,-6,1,-3,5,2,0,1,1,0,3,3,-1,1,2,5,2,-2,3,3,4,4,3,4,5,6,-5,-9,0,-2,0,3,9,0,-3,2,-4,-3,-1,-1,9,-3,2,1,-2,-2,0,1,12,6,-3,6,-2,-2,-1,-4,0,-4,0,3,-4,3,7,2,10,-3,3,0,2,5,1,0,-1,10,14,10,13,10,9,11,6,7,12,17,17,10,7,8,6,8,4,12,12,6,13,11,12,-1,8,5,3,8,8,7,13,10,3,3,0,7,10,8,4,12,1,10,4,-8,5,3,8,8,10,1,8,10,2,7,11,7,2,17,8,7,17,8,-2,-2,2,-1,-2,1,-1,-2,2,-60,-11,-11,-7,-6,-6,-14,23,-4,-10,-9,-4,-6,-5,-6,14,-7,-1,-4,-4,-4,-3,-2,3,-10,-1,-2,0,-3,-4,-1,-3,-1,-1,-1,0,-2,-1,0,-3,-5,0,1,1,-1,-1,0,0,2,1,2,2,0,1,0,13,-15,-6,-7,0,-4,3,-12,-1,-8,-15,-3,-3,-8,-5,-7,-9,22,-4,-5,-6,-9,-8,1,-7,-7,-2,-1,-5,-4,-4,0,7,-10,0,-2,-6,-2,-4,-5,-6,11,-4,-3,-3,-4,-7,-4,-8,-4,-7,-3,-3,-6,-4,-4,3,-4,-2,-8,-5,-5,-5,-3,-10,-8,-10,-2,-13,-10,-2,-13,-1,-16,3,-9,-10,-10,-10,-7,-20,14,-10,-4,-8,-8,-3,-6,-18,-8,0,-9,-6,-8,-4,-6,-10,-15,-5,0,-8,-3,-6,-5,-14,11,-6,-4,-1,-6,-2,-8,-13,-8,-7,-5,-6,-2,-7,-5,-6,-7,-3,-8,-5,-4,-3,-9,-18,-3,-5,-10,-7,-10,-8,-12,-37,-15,-20,-13,-14,-21,-15,-16,-33,13,-7,-13,-13,-16,-14,-5,-18,-16,-6,-8,-13,-13,-13,-8,-14,-23,-11,-14,-16,-9,-14,-12,-10,14,-7,-13,-13,-13,-11,-10,-4,-15,-11,-11,-17,-17,-13,-9,-5,-7,-9,-7,-11,-10,-10,-9,-12,-6,-3,-9,-9,-22,-11,-26,-26,-31,-35,-14,-23,-13,-25,-27,-28,46,-16,-39,-23,-42,-20,-3,-11,-30,-27,-22,-22,-23,-24,-20,-21,-22,-20,-14,-24,-10,-22,-19,-25,15,-16,-14,-19,-13,-19,-12,-9,-24,-17,-13,-14,-17,-18,-18,-17,-18,-12,-11,-14,-14,-6,-17
1,-2,2,0,-2,-2,-1,1,-11,-8,-6,1,-3,10,7,2,-7,-12,-5,1,4,4,2,3,-5,9,-5,0,4,3,3,0,-2,-6,10,-4,-6,-1,-2,-4,4,-2,-15,8,11,-7,-10,7,0,6,-1,3,-8,11,20,6,-1,-1,0,0,-2,-1,0,0,-4,-2,-10,-4,8,5,1,10,7,-5,5,2,0,6,-5,0,8,-4,-2,9,-5,-1,3,-3,-6,20,-4,2,6,4,-2,-7,9,3,26,6,2,-2,-8,10,25,-3,5,-7,23,13,25,-1,7,19,-2,-21,0,12,-1,-4,-13,14,-5,-4,2,-7,6,0,3,1,3,3,-1,1,2,2,8,-5,1,9,6,4,3,5,13,0,-4,7,5,4,-13,-3,4,14,-5,-8,7,-1,7,-14,16,0,10,-2,-7,5,-3,3,22,-9,3,12,9,15,2,-6,0,18,-17,0,-18,9,5,-7,-10,-1,-1,6,4,13,0,-8,12,23,9,14,18,8,4,8,13,0,8,0,2,3,-4,1,16,15,7,6,-1,11,0,5,15,15,13,-2,13,3,6,15,12,0,6,2,-3,3,12,20,10,9,9,4,11,9,13,9,-1,2,-2,-8,7,12,13,19,6,15,4,5,4,16,9,17,13,27,21,18,17,11,20,-12,13,18,19,21,17,28,8,6,17,20,25,19,23,14,-5,4,21,27,15,15,19,16,12,11,40,23,13,20,13,17,17,8,27,12,3,-32,-24,33,8,-12,35,27,8,-3,6,15,16,8,5,13,-10,23,22,-6,-8,0,0,1,-1,-1,-2,0,0,-1,4,15,9,-18,7,-3,-28,4,7,-4,-3,-11,-3,5,2,5,7,-18,-13,3,2,4,8,7,-14,-3,-2,3,1,0,6,2,-7,-26,4,6,-1,3,1,6,-4,-27,6,-2,1,-1,4,3,-1,-1,1,0,0,2,0,1,-9,7,0,-3,-15,-14,-11,-3,-22,-8,4,-18,-8,-11,-9,-17,-13,-34,-13,-17,6,-1,-6,-5,-15,-1,-4,-10,-4,1,0,-8,7,-15,-6,-3,-13,1,-5,7,-3,-2,-4,1,-5,-3,-9,0,-4,-4,-5,-7,1,-2,6,-1,-29,-7,3,-11,1,4,0,1,8,-6,4,-3,-15,-14,-18,1,-42,1,-12,-19,-11,-12,-15,-19,5,-22,-12,-10,0,2,-7,4,-7,4,-16,-1,-1,7,0,-6,-6,-14,3,-8,-1,-2,-4,3,2,-13,-4,-5,-8,-11,-23,-3,-13,-3,0,-5,-1,-4,-5,-12,-3,-6,-6,-6,-2,1,6,-3,-21,-3,-9,-20,-7,-16,-21,-11,-23,-18,-6,-4,-6,-11,-5,2,-8,-26,-21,-4,-4,1,-2,0,-32,-3,-24,-3,5,3,-7,-1,-5,-20,2,0,5,1,6,6,-15,-30,-10,2,-5,-14,-8,-5,-20,-20,-5,-3,2,-3,-5,1,-15,-28,2,2,1,-6,2,6,-12,6,15,-13,-9,-13,7,1,-45,-15,-31,0,-3,-4,-23,0,-45,-34,-31,-7,10,-8,8,-14,-15,-6,-43,-14,-2,12,-4,1,-14,-25,0,-3,0,1,-3,5,-17,-7,-24,-3,-11,-6,-16,-14,-18,-12,-2,-1,2,-7,5,-7,-7,-18,-9,-4,-10,5,4,2
0,0,0,2,-1,-2,-1,-2,-14,0,-2,-2,0,-1,-4,-1,-9,2,-3,0,-1,-3,-2,-2,-23,-2,0,2,-2,-2,-3,-3,62,-11,0,2,1,-1,0,0,41,23,-6,9,4,4,-1,-2,3,24,-3,4,14,2,9,2,1,-2,-2,1,-2,2,-2,2,-9,0,-3,0,-6,-1,-3,-2,-7,-3,-11,-3,1,-3,-4,-8,5,-2,0,-3,-3,-3,-2,-4,0,0,-2,0,-3,-8,-9,-9,4,4,0,0,-2,-4,0,-6,-14,9,4,7,2,-4,-5,-6,-15,4,12,3,5,2,-7,-11,-5,-1,-9,-3,-3,-2,-2,-2,2,1,2,0,0,0,2,4,-1,-1,2,-4,2,6,5,6,5,-2,0,5,8,7,1,-3,6,3,5,3,5,-1,-7,2,6,4,3,6,-6,-4,-3,-5,-4,13,13,1,-7,-6,1,-2,-3,13,-2,3,-2,-6,-5,-5,1,12,-2,6,-6,-2,-4,-4,14,6,7,8,2,2,1,2,14,5,6,1,-5,-1,4,1,17,5,5,6,0,-8,1,1,19,7,7,3,5,-1,-10,8,15,3,7,-2,3,1,6,9,-13,3,1,-10,-7,-8,-1,6,-2,7,-2,5,6,3,2,1,1,8,5,1,3,3,7,3,15,2,7,7,2,-1,-4,10,-16,9,17,10,-7,15,17,8,-15,1,4,-7,-6,14,13,5,6,14,-2,12,10,4,2,1,19,8,6,8,12,13,16,-19,26,-8,-3,7,16,13,6,6,-35,4,2,11,9,-1,11,-25,-9,11,-5,-15,12,8,9,7,-1,0,0,-2,-1,2,-2,-1,-22,1,-8,-14,-5,-9,-12,0,2,1,-1,-2,-2,-1,2,-3,8,2,3,3,2,0,1,2,3,11,5,4,2,0,0,3,-72,13,3,2,1,2,1,1,-92,-31,7,2,1,1,1,0,2,-2,-1,-1,0,0,2,0,4,-7,5,4,8,1,5,1,-1,-8,-5,0,3,5,0,4,-22,-1,0,1,-4,1,-2,0,1,-38,-6,-5,2,1,3,2,4,-12,-25,0,-4,0,0,5,-81,-7,-15,-6,2,0,5,2,-80,15,-27,-7,-2,3,-9,6,-76,-64,-19,-7,-7,6,6,2,0,-5,5,-8,6,-22,-14,-16,-3,1,-16,2,-22,-13,-20,-8,-9,-13,1,-24,-18,-16,-15,-7,0,-7,-24,-5,-15,-3,-6,6,2,-36,-12,-19,-2,-3,3,-4,-49,7,-21,-4,-2,3,-3,3,-82,-41,5,-6,-2,-7,1,-5,-39,-19,-33,1,-2,3,-4,4,-31,-19,-15,-14,-16,-17,-12,-15,-30,-13,-15,-9,-4,-10,-9,-9,-31,-18,-12,-15,-13,-6,-9,-14,-34,-18,-20,-3,-8,-11,-8,-7,-33,-12,-14,-10,-13,-5,-9,-12,-41,10,-22,-15,-9,-9,-16,-10,-52,-9,-21,-17,-19,-9,-18,-12,-30,-15,-24,-22,-22,-22,-17,-20,-20,-25,-30,-38,-50,-51,-18,-38,-47,-30,-19,-58,-53,-50,-38,-19,-39,-20,-48,-24,-20,-54,-26,-48,-39,-50,-28,-23,-34,-27,-37,-31,-24,-52,-24,-27,-30,-10,-21,-18,-57,9,-44,-31,-11,-36,-12,-15,-42,-21,-40,-36,-34,-44,-19,-32,-56,-21,-25,-15,-42,-20,-29,-27
-2,1,-1,-2,2,2,0,2,5,5,5,3,2,-1,1,1,0,-4,3,-5,-4,5,-4,8,3,3,5,-10,-2,-4,-8,1,-2,6,0,-4,5,-6,-12,-5,3,-7,-2,31,6,19,34,-3,-3,-5,25,8,11,5,-35,5,0,0,-1,0,2,-1,-2,-1,14,2,10,3,13,9,2,8,4,5,11,1,7,-2,7,10,6,12,3,-4,-2,2,3,2,-7,12,0,-7,3,-2,17,-13,-10,19,-2,-2,6,9,18,2,3,4,35,-17,-9,4,-8,4,-1,18,9,8,2,12,6,3,-8,18,9,-5,-10,14,6,16,5,0,0,2,9,0,18,2,-3,-2,10,-1,15,3,4,10,-11,1,8,5,3,8,4,13,16,16,16,3,11,1,8,1,0,1,24,-6,-4,9,-1,2,22,-10,1,14,6,5,18,-2,-2,8,24,8,4,4,1,-4,2,10,1,9,6,8,17,-8,4,10,10,12,1,3,-5,10,1,11,1,12,10,-17,7,-5,10,6,16,18,-25,3,3,8,5,19,10,20,21,6,15,9,15,-13,0,6,1,3,6,5,7,22,-12,2,14,-11,8,19,11,1,4,25,0,-6,14,4,8,12,7,11,11,1,1,7,17,17,15,10,11,9,23,27,4,22,6,2,20,-6,15,1,6,13,23,15,-2,13,6,18,4,14,27,18,22,-2,4,-19,-2,-6,16,-4,17,6,5,7,16,-15,11,13,34,24,19,6,16,-16,8,29,2,-10,24,11,11,3,15,3,9,6,8,10,1,-2,1,-2,0,3,-1,-2,-12,-6,-7,-7,10,-9,-24,5,3,2,3,-4,14,-19,25,-6,-2,5,-1,-5,5,-7,-1,-1,-1,3,-2,-3,-1,-9,-1,1,1,1,2,0,9,-3,2,4,-1,-4,3,1,5,-4,0,4,-1,-2,1,-1,1,0,0,2,0,-6,-12,14,2,0,-7,-20,1,-16,1,-14,2,-37,-22,5,1,3,-7,-23,-14,5,-16,31,-10,1,-1,-4,-6,-16,20,-19,-12,14,-4,-11,-20,-21,-8,-10,-3,-9,-4,-3,-11,-7,-15,-12,-4,2,5,0,8,0,-11,10,10,-2,-4,-5,-16,-8,-4,-3,0,-1,-9,7,-8,-19,15,-7,-6,-19,-9,-6,-36,-5,-13,28,-1,13,2,-3,16,-8,10,-14,-11,-6,-7,14,-12,-11,10,-4,-2,9,1,3,-10,-13,-7,-7,3,-18,-2,1,-7,-7,-18,-7,-1,-5,-4,5,9,2,-15,3,-6,2,-5,6,-4,-7,3,-27,3,-9,-13,-13,0,-5,-16,-6,-2,-23,-3,-10,-15,-21,-22,-5,-3,9,-1,-4,-6,3,-12,-3,-7,-10,-13,4,-36,-12,14,-9,-10,4,-5,6,-8,-7,-45,-15,8,-9,-7,4,-17,-4,-5,-10,-2,-2,0,-5,17,7,-10,18,-8,-3,1,1,1,-11,-5,-4,6,-5,-34,20,-11,2,6,-36,-24,-35,-7,-34,-21,-46,-24,16,-2,25,3,11,17,-15,-9,-16,-26,-18,-20,17,-48,-48,28,-12,-10,24,-41,20,-17,-32,-23,-26,8,-29,-18,12,-15,-25,-31,-20,10,-18,-14,-12,16,-1,-42,29,-6,-1,-14,0,-26,-54,-15,-12
0,0,2,0,-1,-1,0,2,-5,-2,-3,-2,-1,-5,-1,0,-2,15,-5,-3,-5,-4,4,-1,-8,16,1,2,8,0,3,-4,-9,-12,-8,8,-3,8,1,-3,4,25,4,0,10,-2,-9,2,-14,-23,-16,-16,-11,-7,-8,-11,2,-2,0,1,-1,-1,1,-2,-3,-1,-5,-3,0,4,4,-7,-6,3,-9,-6,-2,-13,-4,8,3,20,-5,-2,5,12,-9,0,-4,-10,3,21,0,-6,10,1,-14,-8,3,-11,19,-2,12,-9,6,-4,-15,-15,-17,-6,8,22,-3,0,-16,1,5,-6,10,-2,-6,19,-1,5,-34,13,-9,11,2,-12,-2,6,8,3,13,-9,0,0,0,1,1,11,0,14,4,16,3,4,4,-6,7,4,3,7,5,5,0,1,20,-5,7,7,5,11,-10,9,-5,-5,-7,26,-6,12,23,-14,-11,1,-6,-20,-10,11,1,5,4,-11,-8,17,19,14,-7,0,0,-10,6,4,7,8,2,7,3,14,6,1,-2,-6,2,7,21,7,-1,-8,3,-6,1,-7,-5,5,10,-5,14,-2,-4,0,7,0,21,7,17,9,5,-3,-7,6,11,-9,11,5,-24,21,-3,7,30,-2,-2,0,23,4,-4,-8,7,-13,-7,-14,-22,-4,-29,-9,-6,12,4,14,7,8,17,3,2,3,5,9,-6,16,-5,1,14,-1,11,-2,-8,-14,-2,4,9,8,-12,-15,-5,0,-4,-11,-9,5,-7,-2,3,-26,-7,8,20,3,-4,-4,-11,-25,-23,-8,-8,-6,-1,-20,-31,1,-21,-6,-5,-14,3,7,10,-22,17,2,1,-1,2,2,-1,2,1,0,-12,-29,-6,-5,-13,-7,-15,-23,-4,-5,-7,0,-2,-4,-16,9,-1,-6,0,-4,1,4,-4,8,3,-6,0,4,1,1,2,1,1,-8,3,4,-1,0,3,1,4,-7,1,0,-1,0,4,0,0,2,0,1,1,0,0,1,-8,-3,0,-4,7,-15,18,0,-2,-41,-1,-4,10,-13,-9,7,-10,-34,-14,-5,-20,-22,-16,9,9,-7,4,-3,-10,-9,-3,8,12,-22,6,-1,-6,4,-11,-3,-2,-4,-5,4,7,-4,3,-4,12,-8,3,-1,-1,6,2,-2,-5,-4,-8,-12,-9,-8,-3,0,4,3,4,-10,-2,-6,11,-4,-3,-11,5,7,-1,-25,-10,5,-16,-8,-20,-4,-25,-3,-15,-12,-1,-3,8,-6,-11,-15,0,11,24,-18,4,1,-11,1,-13,-5,2,-20,-1,2,10,-5,-1,5,8,-6,4,2,-4,12,-1,-6,-4,-9,-4,-7,-4,1,4,0,11,-12,15,-14,-4,-16,21,-18,-14,-19,-1,-5,-4,-7,-10,21,-13,-41,-23,-36,-13,5,-24,-16,8,-17,15,-16,-23,-24,-1,8,18,-31,15,-5,-3,15,-23,-11,-11,-16,-12,-6,25,-12,-12,1,7,-16,12,8,-15,9,-3,-9,-7,-11,-8,-7,-10,-2,0,-3,8,-45,27,-35,11,-33,29,-55,-24,-60,25,9,-9,-43,-61,34,-54,-57,-58,-46,-48,0,-45,-26,24,-39,12,-50,-57,-50,-9,32,24,-42,22,-32,11,21,-43,-38,-50,-48,-6,-54,31,-44,-26,-15,-7,-27,-7,25,-25,16,-24,-46,-48,-37,-25,-24,-31,2,-4,-11
-2,-1,2,-2,2,1,-2,1,2,3,1,1,0,0,0,3,0,4,6,30,14,0,3,-1,12,0,8,-6,-3,-2,-9,-2,-6,2,20,-1,22,-1,-3,3,3,-4,-9,-5,-10,-7,-6,0,10,18,7,1,-29,-3,-8,8,0,1,-2,2,-2,0,1,1,3,3,7,7,9,5,-1,7,8,8,5,5,4,2,16,0,9,16,11,-2,4,5,0,-1,8,0,3,0,-1,-7,-7,2,3,12,10,-1,-4,14,-3,1,-7,22,12,26,20,-20,6,-3,17,13,8,-1,6,1,8,5,1,5,10,10,2,5,-9,6,6,2,2,14,13,6,6,5,7,4,7,4,2,22,2,6,3,11,9,0,19,-3,14,1,16,7,-1,1,-10,8,-15,10,-1,7,13,3,20,-3,6,7,8,-2,14,11,-3,2,1,-1,2,9,7,5,12,0,-21,5,-5,-9,10,5,-13,3,-11,-2,4,4,-2,2,1,0,0,1,5,-2,-2,-2,-1,13,6,5,-2,-3,8,5,2,14,4,5,6,22,21,22,19,3,11,12,12,-2,11,19,-10,0,-12,-11,-1,14,16,3,-2,2,-8,8,2,8,18,11,-7,3,5,0,10,-25,7,-2,-13,5,3,0,9,13,5,8,9,-3,-9,2,23,7,7,8,9,21,10,16,14,18,13,2,4,9,12,8,21,19,24,-3,17,14,9,10,13,5,-6,13,-42,-8,19,1,11,14,6,-37,4,-7,15,14,44,24,13,8,-1,13,-14,-2,12,-5,-12,21,25,19,5,3,0,2,2,2,-2,2,0,0,-4,-14,-11,16,-14,-6,-12,-13,-4,-4,-4,1,-5,-6,-12,1,-5,-2,-1,-10,3,-6,-4,-1,-3,2,-4,2,0,4,-3,1,-4,-1,-6,0,-4,-2,1,0,0,-3,-1,1,0,-2,3,0,1,0,-2,2,1,2,2,1,-5,-14,-10,3,-1,-2,-10,-6,1,-11,-5,-8,-3,18,-4,-20,-6,-4,-7,-8,-5,-10,-1,-22,7,-1,16,1,19,16,-12,7,-8,22,-6,-7,-15,-7,-12,-14,-6,-5,-6,15,-6,-4,-7,-3,0,-1,-5,-3,-6,-2,-3,-11,-10,-3,-3,-5,-5,-10,-5,-5,2,-18,9,-14,-2,-4,-15,-14,4,3,-3,4,-6,-10,12,-13,-2,-5,-2,-2,2,-20,-9,-4,4,-1,26,11,24,11,-13,-8,-8,27,1,-15,-9,-3,-14,-22,-7,-13,-11,26,-8,-1,2,-4,-4,-8,-3,-3,-4,-6,-3,4,-12,3,0,-12,-6,-1,0,-7,2,-2,8,5,5,-10,0,-14,-15,-11,-20,-11,0,-29,2,0,-21,1,-13,-1,1,-8,10,-39,15,-13,19,25,23,17,-10,8,-9,32,0,-4,-20,-12,-12,-11,-7,-14,-2,33,-16,-2,-7,-12,-10,-10,-9,-12,-8,-12,-3,-14,-3,-7,-4,-7,-5,-6,-3,-9,-24,-29,-1,-32,-6,-39,-52,-18,-12,-10,-54,-42,-27,-46,9,-32,-5,-6,-27,-39,-29,-42,0,-41,22,-36,29,31,22,22,-40,27,-38,43,-8,-27,-32,-22,-43,-27,-11,-13,-35,36,-32,-24,-39,-38,-14,-17,-9,-18,-21,-21,-16,-24,-4,1,4,-9,-10,-13,-21,-27
1,1,-1,1,-1,1,0,2,0,-3,2,2,4,2,-1,4,2,3,-1,2,5,5,-4,-1,0,-1,0,-2,3,-6,-2,1,2,-2,3,0,-8,10,7,-4,-1,5,-7,20,6,-15,-2,9,-3,-10,-5,-6,-6,-9,-15,1,1,-2,1,-2,-1,1,0,2,11,-2,2,-1,2,11,-5,12,5,-7,5,5,-10,10,-8,9,3,5,-5,-2,19,0,5,-1,-18,14,-17,-4,0,-7,31,-5,9,-15,7,33,-7,-32,-3,15,1,-10,-20,-11,-11,-4,-3,5,-10,-5,-10,5,15,-5,2,9,2,2,6,9,6,6,18,-15,5,1,2,-7,0,-1,2,-7,-7,0,7,0,0,-10,3,0,-6,0,-11,0,2,-4,6,7,-4,4,1,2,0,5,1,6,-5,-3,11,-7,22,4,17,-2,1,3,-8,27,0,-34,-9,0,0,-4,5,-4,7,5,4,-2,2,12,1,15,6,14,0,5,7,4,4,5,13,4,7,15,7,-4,20,11,2,20,7,16,8,12,4,9,4,17,9,4,6,1,21,4,7,16,1,13,3,5,15,3,-1,17,-4,1,14,9,18,10,26,12,2,24,33,27,29,30,21,47,25,32,2,2,9,-2,-1,23,-11,1,24,4,4,3,11,-1,15,9,-8,4,10,0,-4,4,17,21,2,10,14,12,-1,14,15,10,-1,12,8,7,19,21,-5,11,19,3,24,-1,18,18,-4,8,1,29,27,32,18,-7,16,10,13,5,19,-2,4,4,5,9,-6,19,23,36,25,-2,15,-13,1,0,1,0,-2,1,1,1,8,-41,-2,-11,-7,10,-32,2,1,-15,-1,-4,-1,9,-27,9,0,2,-3,-5,3,-1,-5,2,1,4,-2,-6,1,-1,-5,-2,3,5,3,-6,6,-4,-4,2,3,-2,1,-14,-9,-5,-7,0,2,-1,-1,2,1,2,-2,2,-1,-12,-11,4,-34,4,0,0,-1,-4,-5,-1,0,-2,2,13,-6,-5,0,2,-2,-13,-6,0,-4,-6,-3,0,4,3,-10,-3,-4,-3,-5,-2,-10,-4,-5,-1,-2,4,-2,-2,5,1,-6,-3,1,-6,11,-3,2,-9,-3,-4,6,-4,-4,-2,-1,-5,-3,-28,-18,-10,-13,4,-22,2,-21,2,0,-17,-2,-42,-7,-7,0,7,-8,0,-30,4,-8,-4,-23,-4,-2,-20,1,-15,-2,-20,6,-15,-4,-1,-16,-1,-23,4,-16,1,2,-20,0,-28,6,1,0,-4,-1,1,8,9,-4,5,-10,3,-2,-20,2,-7,-8,-15,-8,-8,-33,-16,-12,-4,-13,9,-33,-6,-16,-15,-2,-13,-11,-5,-4,8,-18,-16,-14,-3,-8,-1,-3,-6,-17,-5,-13,-4,3,-7,-7,-23,-18,-19,-21,-14,-30,-11,-16,-15,-7,-4,-15,-39,-9,-8,-12,-12,-7,-8,0,-23,-7,-19,-15,-3,-11,-6,-9,-19,-15,-14,-12,-12,-52,-39,-21,-38,-56,17,-48,-49,-35,-72,-39,-58,-66,-34,-13,20,-59,-59,-39,-37,-19,-34,-36,-62,-36,-21,-49,-75,-28,-22,-8,-46,-44,-42,-71,-22,-32,-22,-72,-44,-16,-2,-21,-44,-43,27,-51,-4,-17,-18,21,-38,6,-39,-18,-2,-17,-38,-27,-61,-51,-23,-4,2
-2,-2,0,2,2,-2,1,-2,-4,-3,3,-1,3,5,2,3,-2,-4,0,-2,3,0,8,2,-3,-3,0,10,6,-33,15,-2,-1,-1,0,-7,4,2,-2,0,-14,7,-2,-15,-1,1,6,4,12,-12,-2,-12,-10,0,7,5,-1,-2,-2,2,-2,-1,-1,1,5,-5,13,-6,4,-7,4,-3,-12,0,-9,-2,12,-1,18,-8,2,-5,4,6,-2,-9,4,20,-2,5,-11,-2,2,29,-14,5,-10,14,-8,-5,-34,2,-7,16,8,-7,-11,-6,-7,-1,-7,-1,-2,-19,-18,2,6,2,9,-8,-23,-20,2,-5,-6,-3,0,2,3,18,4,4,-4,0,3,0,5,-3,-4,7,5,-5,-2,14,7,9,-7,0,4,9,22,-9,-4,-7,2,5,8,24,10,-6,-13,-10,-1,-10,13,8,-3,-1,-2,-1,-10,16,11,-3,20,-4,8,-12,17,3,-3,20,5,1,-4,16,-28,-35,0,9,7,1,7,3,0,0,1,2,10,-2,5,4,4,9,5,6,-11,2,-1,6,6,-3,-6,6,8,0,12,-4,-2,6,1,-4,1,12,16,-3,11,12,17,15,13,12,-4,-2,10,7,4,4,5,6,-12,15,12,17,0,11,0,8,8,-1,-5,20,8,4,-14,9,7,25,9,3,-3,22,10,8,11,-1,7,13,1,0,-2,12,23,6,2,-4,0,10,22,7,3,-13,-1,16,3,19,-5,6,-1,-15,23,-2,9,21,-2,7,-6,5,-31,23,-3,3,7,7,-10,-22,10,23,10,3,7,15,0,17,1,23,25,24,3,-7,2,-1,-1,0,2,2,-1,0,-4,-9,-2,6,2,-25,-5,-20,-4,-12,2,-5,-1,-3,4,-3,-1,-3,-1,2,0,10,-2,-6,-2,-1,3,0,-18,11,-26,5,-3,3,-2,-4,-7,-2,-10,0,4,4,-3,0,-3,-3,-3,-1,2,1,-1,0,1,-2,1,-1,-3,-5,-4,15,-8,-3,-3,6,10,-14,-2,-8,-17,9,-17,1,3,-19,-33,6,-4,-16,6,-17,5,0,-7,-8,-6,31,5,1,-4,-8,5,-3,-32,5,-9,11,-1,0,-5,2,-16,5,-11,-1,6,5,-5,2,-5,0,4,7,-7,3,-7,-9,-5,4,2,-7,0,0,-1,-20,-1,-14,-9,8,4,-8,-1,-26,-1,-17,-2,-24,-6,-8,-18,0,-18,-11,-3,3,-4,-5,-10,-11,-2,23,-7,-13,0,-16,10,14,-29,8,-17,9,-1,-6,-2,-4,-6,-4,-3,-21,7,-1,-12,-2,-8,-9,-4,-4,-6,-11,0,3,-6,-3,-2,-3,-15,-6,1,-1,-26,-14,-17,-7,4,-6,3,-14,10,-7,14,-1,-5,-12,-8,-1,-2,-26,12,-3,-9,-2,-14,-11,-31,38,-19,-14,-21,-18,11,-7,-24,7,-13,18,-14,-15,-14,10,-7,-3,-8,2,6,-12,-5,-17,-22,-1,-9,6,-7,9,-4,-10,-3,-10,-5,1,-14,-7,3,10,-14,-58,-12,-8,23,-26,-22,-53,2,-54,13,-27,-18,-56,-39,26,-17,-53,-7,-6,-20,-27,-57,-53,-27,33,-30,-34,-32,-39,19,4,-47,3,-46,22,-28,-29,-31,9,-19,-19,-23,-6,28,-55,-2,-28,-25,-24,-19,-11,-6,3,-3,-14,-15,-34,-15,-20
1,-2,-1,1,-2,2,-1,0,2,2,2,1,1,0,5,1,2,1,1,1,2,2,3,3,1,1,-2,0,1,4,4,3,1,-1,1,0,2,6,5,3,4,4,2,7,5,8,2,4,0,0,5,-6,5,2,4,2,-2,-2,1,-1,1,1,-1,0,7,2,1,8,-2,9,1,-3,5,6,6,10,1,0,6,9,3,7,6,6,11,6,13,5,3,9,5,7,6,9,8,7,8,6,8,9,12,4,10,8,3,9,8,19,6,18,8,11,7,-3,8,9,26,12,12,4,8,6,8,14,5,10,7,8,15,15,8,10,6,9,7,1,8,12,8,14,5,12,6,8,12,10,12,9,17,10,13,2,6,17,7,15,7,16,9,14,13,5,22,4,19,8,14,7,4,17,6,22,-7,20,5,15,15,5,16,2,23,-1,18,4,0,21,-2,19,-2,20,2,21,6,7,3,11,10,4,10,11,5,8,10,7,10,11,14,12,3,13,12,9,8,9,13,8,10,10,16,4,9,15,10,8,10,11,6,10,9,15,7,12,10,8,9,11,22,18,13,11,16,16,13,13,10,17,15,14,16,12,8,8,13,7,17,14,18,18,14,18,18,22,18,23,17,23,18,17,18,25,27,26,16,26,19,23,26,23,34,18,23,32,22,26,18,25,30,30,16,23,26,24,34,28,17,23,23,29,20,21,29,38,13,27,30,22,23,24,29,25,34,21,27,31,31,28,35,26,28,31,1,1,0,-1,1,0,-2,-2,3,11,-9,9,19,-16,13,14,0,-4,-1,6,-3,9,-4,-4,-2,1,-5,-2,3,-9,-1,-5,2,-1,1,-2,3,-4,1,-3,4,2,3,1,2,-6,0,-2,3,0,1,-3,-1,-2,1,-1,2,-3,2,0,1,-2,1,-2,-8,9,19,-4,-33,-22,4,-2,8,2,-3,17,-2,-11,-15,35,-6,3,16,-14,9,-19,54,-2,-5,-10,-10,9,-7,10,-13,-13,-5,-3,-10,-6,-7,-10,-5,-2,-4,-3,-8,-4,-10,-7,-2,-6,-6,-2,-1,-9,-2,-6,-5,-5,-3,-6,-9,-5,-8,-1,-5,-3,-7,-3,-1,9,-14,8,-7,-6,-6,5,-15,2,28,-13,13,-2,5,-15,1,36,-3,8,0,26,-12,-3,36,0,-15,-4,12,-5,-5,28,-1,-14,-9,-9,1,0,23,-2,-12,-9,-9,-6,-9,0,5,-11,-5,-11,-3,-11,-6,-3,-12,-2,-10,-6,-8,-4,-7,-3,8,6,2,5,19,-1,5,-4,4,0,0,-1,-23,27,-9,4,-7,-3,-5,-24,-3,-3,-4,-5,-2,3,-6,0,3,1,-11,-3,2,0,-3,-1,0,-4,-5,-4,-2,-5,-7,-4,-4,-4,-5,-5,0,-4,-5,-7,-3,-4,-4,-3,-5,-3,-5,-6,-8,-6,-8,-6,-2,-5,-1,-8,-15,-2,-4,-8,-13,1,-12,-8,-8,7,-9,-15,-10,-17,-7,4,-3,-5,-15,-4,-15,-12,13,1,-20,-12,-11,-11,-16,0,-18,-13,-14,-20,-14,-9,-1,-15,-17,-17,-18,-9,-17,-12,-10,-15,-19,-19,-18,-17,-13,-11,-16,-11,-19,-19,-19,-12,-11,-9
-1,0,-1,0,2,-1,1,-1,0,-1,-2,2,2,2,0,0,-2,-2,-2,0,1,3,4,0,-2,-2,-2,2,-2,17,-2,-1,-2,-1,1,-3,-7,43,9,-2,1,1,-4,-3,-1,65,7,-7,1,0,2,-17,11,50,12,-14,0,2,1,0,-1,0,-1,-2,7,-4,-10,4,3,-7,0,-1,-2,-1,-3,1,3,-1,-6,-3,-1,-5,-3,0,0,-4,1,-2,-4,1,-1,-1,0,-4,-4,3,-4,1,-2,-2,-2,-11,2,0,-4,0,-1,2,6,-8,-3,2,-3,1,-3,2,-1,-14,-1,6,-5,-1,-6,-6,3,-1,-5,1,2,-2,4,0,3,-2,2,-10,-3,0,-1,0,1,-5,1,5,3,-4,-8,-5,1,-4,3,-2,0,6,-2,-2,-4,-1,-1,-3,-3,-2,4,1,0,-4,-3,2,-1,3,-3,-2,0,-5,-1,8,1,-3,0,-1,-1,-2,4,2,-12,-1,-2,3,2,-28,1,-5,-3,-7,-5,-5,0,9,4,-4,-2,4,0,-9,-1,6,2,-13,-4,-2,-10,-2,5,8,-1,-1,-3,-11,-7,-7,-4,5,-4,-3,-5,-13,-18,-7,0,1,-7,-9,-10,-4,4,-21,0,-13,-4,2,-6,-27,0,-13,1,-23,-3,-12,-4,-2,-6,-8,-4,-10,-1,-8,-5,-3,-10,-9,9,-1,11,-10,12,-14,-13,-1,0,3,-16,10,7,13,-7,-14,6,14,10,19,-10,10,8,3,7,-7,-3,-6,8,-8,-13,-17,-4,-11,-8,-6,6,-10,-7,0,-3,4,-4,-3,-16,7,-13,-16,-12,-18,-7,-14,3,-9,-23,-24,-7,-32,-13,-16,1,2,1,0,1,-1,-2,-1,-10,-12,-5,-19,-4,-12,-19,-13,-3,1,3,3,0,-1,-4,-1,-1,0,4,3,2,-2,0,0,1,2,2,2,2,-19,-1,3,1,2,0,4,0,-65,-10,5,1,0,3,5,-32,-124,-34,-1,1,0,-1,2,2,-1,-2,2,2,-1,-1,-1,0,-1,3,-1,2,2,-2,0,-1,0,-9,1,1,2,2,-9,-4,-1,-6,0,-2,-5,2,-17,-17,-23,-18,-38,0,2,-25,-13,-59,-6,-26,-7,1,-14,-3,-45,-38,-32,-54,-65,-2,-5,-13,-71,-1,-49,-6,-59,-1,-49,-6,-46,-11,-56,-1,-83,-28,-4,-40,3,-14,1,0,-2,-34,-34,-4,-20,-4,-16,2,-15,-59,-23,-35,3,-8,1,-15,-1,-4,-72,-28,-30,-1,-26,-6,-19,-10,-3,-75,-24,-35,-1,-31,-35,0,-11,-1,-43,-16,-46,-31,-49,0,-2,-19,-7,-37,-56,-48,-6,0,-7,-5,-31,-85,-112,-24,-35,-10,-5,-7,-12,-6,-58,-13,-10,-11,-12,-6,-6,-7,-40,-11,-13,-7,-7,-5,-7,-10,-34,-11,-8,-4,-10,-9,-12,-12,-43,-8,-11,-15,-10,-7,-13,-5,-53,-7,-16,-9,-10,-16,-19,-6,-87,-4,-20,-23,-15,-19,-14,-2,-85,-3,-23,-39,-32,-23,-13,-13,-50,-11,-24,-23,-27,-23,-24,-29,-53,-27,-25,-50,-33,-16,-46,-33,-56,-17,-23,-50,-38,-20,-28,-27,-50,-26,-47,-41,-33,-46,-40,-40,-56,-40,-30,-39,-21,-33,-18,-20,-33,-38,-15,-24,-27,-21,-47,-14,-55,-54,-33,-30,-39,-56,-32,-24,-51,-40,-32,-29,-27,-46,-53,-35,-48,-44,-35
2,0,0,-2,1,0,-1,-1,4,3,-3,-2,-6,2,-1,7,2,5,-2,-3,-4,-8,-3,4,1,3,2,-1,-6,-8,0,6,-1,-2,-2,-3,-6,-4,-1,3,-5,-2,-3,-8,-7,0,1,2,5,-6,-3,45,-3,-2,-1,1,-1,0,2,2,-2,-1,-1,0,3,-2,-5,2,-4,1,-2,1,-4,-9,1,-1,0,-14,3,-29,1,1,1,-12,0,-5,-2,-7,-6,-2,-1,-3,-3,-6,2,-5,0,-2,0,-5,-10,2,-8,-3,-1,-4,-6,0,-2,-2,-8,-6,-8,-5,-2,-6,-9,1,-10,1,1,-5,4,4,13,-2,13,4,2,1,4,-1,0,-4,-11,0,0,0,-3,-2,-5,-16,-6,-34,2,1,-5,-6,-1,-4,-11,-6,-2,5,-8,-9,-3,-7,-4,1,2,-1,-23,-11,-7,-7,-7,3,-3,-1,-2,-2,-17,-2,-4,-10,1,-3,-2,-1,-3,-8,1,-7,3,-8,-2,9,7,-2,8,2,8,7,9,4,8,7,11,6,9,1,10,1,8,-1,10,4,9,9,12,1,8,6,9,5,13,7,8,1,12,-5,12,10,13,4,10,-2,3,0,7,2,7,2,10,4,10,0,1,8,4,5,15,-4,14,-2,9,7,-5,-2,7,-8,-1,0,0,-1,-16,13,19,4,31,9,-1,-12,-5,-11,-10,0,-13,-4,18,-2,5,-3,-11,-11,-1,-29,-6,7,-3,-19,9,-14,-7,-3,5,-29,1,-20,-33,-13,-21,-31,10,-9,-19,12,-19,-13,-22,-17,-2,-4,-19,3,-9,9,-15,-17,-26,-2,15,3,-21,-1,7,-6,28,-6,-2,2,2,-1,-2,0,1,0,12,-14,-28,-6,-5,-29,-23,-9,13,2,11,-20,13,-13,13,-1,4,-3,8,-43,14,-32,3,-7,1,-2,2,-22,10,-27,2,-8,-3,-4,-2,-8,1,-14,2,-6,0,-3,-1,-2,3,-11,3,-5,-2,2,0,2,0,1,1,-2,-4,-6,-7,-10,-6,-1,-14,-3,-4,-2,-8,-8,-2,1,-9,-6,-3,-16,-14,0,-8,-9,-6,-3,-10,-4,-10,-8,-13,-2,-3,0,-9,-21,-4,-13,-4,-5,-5,-6,-4,-2,-4,-3,-5,-6,0,-4,-8,-11,-9,-2,-3,-4,-4,-5,-4,-7,-5,-5,-3,-7,-3,4,-3,-9,-7,-11,-11,-3,-11,-6,-5,-13,-7,-1,-5,-10,-4,-3,5,-2,-21,-2,-15,-8,0,-3,-3,-15,-4,-11,-4,-1,-2,-9,-12,-4,-8,-6,-14,-2,-11,-5,-1,-12,-5,-12,-4,-14,2,-7,-3,-7,-4,-4,-13,-6,-1,-3,-10,-4,-2,-31,-1,-9,-6,-3,-12,-16,-6,-12,-9,-10,-11,-10,-9,-17,-12,-18,-7,-9,-9,-6,-10,-13,-19,-21,-7,-15,-17,-15,-16,-11,-7,-19,-19,-11,-11,-15,-15,-12,-11,-13,-18,-8,-14,-13,-15,-17,-9,-34,-15,-17,-12,-19,-19,-18,-12,-19,-10,-16,-16,-16,-19,-19,-12,-53,-8,-18,-33,-69,-7,-33,5,-23,-5,-18,-11,-8,-18,-19,-27,-3,-1,6,-61,-31,-41,-21,-31,-22,-8,-40,-11,-18,-14,-39,-4,-24,-39,-10,-14,-6,-8,-13,-19,-55,-15,-18,-11,-16,-17,-20,-52,-14,-20,-38,-9,-13,-26,-13,-9,-55,-27,-10,-21,-27,-25,-20,-19,-43,-8,-40,-34,-38
0,2,-1,2,-2,1,-2,-1,-4,8,12,7,11,0,-2,-3,-4,5,6,8,8,2,-1,0,-4,-2,1,6,9,4,-1,-1,-3,-3,0,-6,3,-1,12,-4,-10,-15,-3,10,-5,9,4,-5,-6,-23,-6,-9,-3,-6,-2,-13,0,-1,-2,0,-2,1,2,0,0,9,13,16,25,13,15,17,-5,9,15,11,3,27,16,17,6,14,7,16,17,12,14,10,8,7,16,11,18,8,19,16,-8,14,8,25,21,21,15,18,-17,21,22,22,22,-6,21,13,4,-3,-7,22,24,17,17,-8,1,-22,3,13,12,-14,10,6,-4,-2,5,0,-5,9,-1,6,3,5,7,7,7,3,3,-1,5,2,1,4,5,-2,9,11,-3,-2,-1,-1,2,8,2,5,-5,-2,2,-17,1,-2,9,3,-11,-3,-15,8,9,4,0,-9,6,-18,-4,3,-2,-4,8,-4,-21,-5,-22,-41,-44,-5,0,-1,12,4,2,2,4,11,16,11,12,3,16,12,3,21,11,11,8,6,6,3,5,3,6,-3,10,-8,-3,12,12,11,-1,6,10,8,0,-4,14,8,5,4,-1,-2,1,-2,17,1,-8,1,-3,-8,3,-28,-16,-2,2,-18,-8,1,0,-22,4,-5,-4,2,31,5,1,6,20,30,21,26,11,5,13,14,9,27,18,24,6,-2,2,6,15,15,24,9,6,-6,6,19,8,15,15,17,15,5,-4,9,17,11,13,28,25,-3,-21,22,29,11,10,22,8,-15,-2,8,0,24,4,21,6,3,8,4,-1,0,13,-9,0,2,-1,-2,-1,0,2,0,3,-2,17,15,-29,-38,-8,6,-5,-23,-1,3,-25,2,-16,-1,-2,-3,-10,-2,-7,-5,-3,-1,1,-5,-3,-5,-1,-8,-4,0,-3,-1,4,-4,3,-4,-6,-4,-5,-2,-3,-4,1,-1,-2,1,0,-1,-2,2,2,-2,1,1,-35,6,1,3,-7,2,-19,-15,0,4,-50,28,-6,-5,-11,-1,-9,-32,-10,18,-19,-13,-23,-30,-8,-8,-2,0,-15,-4,-8,-3,7,-16,2,-8,6,-12,1,-22,-11,-7,-5,-5,-4,-4,-11,-3,-11,-9,-5,-4,2,-7,-3,1,-13,-8,-18,-6,1,-12,-6,-16,-10,-55,-8,14,1,0,-8,-11,5,-11,-22,-3,-5,-32,-5,-26,-2,-16,5,7,-18,2,-31,10,-17,-8,5,-5,2,-11,-4,-16,-10,-23,-12,-11,2,13,-5,-20,-9,-16,-6,-14,-5,-4,-9,-3,-24,-10,-23,-5,-3,-5,-7,-4,-6,-23,-7,-9,-12,-9,-16,-9,-23,-22,-4,-16,-27,-10,9,-3,9,24,4,-14,-55,9,3,-2,23,19,19,16,-6,-5,-20,5,-9,7,14,-5,9,13,-11,-10,-6,-11,8,0,4,10,-2,-38,-4,-1,-28,0,-10,-1,-16,2,-4,-4,-3,-5,4,-13,-6,-2,-8,1,3,-5,-2,-3,-4,-4,-15,-35,-25,43,-5,3,-2,8,13,9,-25,-19,-29,21,7,-14,29,-15,6,26,-15,16,-20,7,-17,6,36,1,-7,-12,3,-11,-16,-20,-9,-9,10,31,-8,-51,-22,-13,-16,-16,-14,1,-16,-2,-6,-14,-15,-14,1,-7,-12,-15,-18,-16,-8,-12,-17,-21,-13,-18
-1,1,2,-2,-2,-2,-2,0,0,0,1,3,6,-66,5,1,0,0,1,0,2,8,3,5,-1,2,1,2,1,6,5,3,0,-2,1,-1,4,2,3,2,2,3,-1,0,1,-3,0,0,0,3,0,2,-1,4,2,1,1,2,-1,-2,2,1,-1,2,-5,3,1,2,7,11,5,-24,3,6,4,4,8,-18,8,6,7,4,6,-3,6,12,6,-1,9,9,7,8,4,5,1,9,3,7,9,5,8,7,4,4,1,7,6,7,6,8,8,2,8,9,7,13,12,12,12,3,-4,3,10,13,8,14,-14,5,3,1,3,2,6,9,-23,0,-2,7,6,8,4,-27,1,0,4,4,9,7,-1,3,3,1,4,9,-1,5,3,2,3,-1,14,1,1,2,2,-2,4,6,-2,-4,-2,0,-5,12,4,9,6,-4,4,2,10,2,5,-2,0,6,-8,8,0,14,7,6,6,6,7,6,7,-4,7,3,7,8,2,5,-1,5,-10,6,8,15,10,7,10,6,3,5,9,10,3,10,-1,3,6,9,5,6,9,12,8,-13,5,7,2,6,15,11,7,2,6,4,4,7,11,7,12,-6,-7,4,4,5,14,7,4,2,8,7,10,12,18,10,19,-8,-1,0,17,17,13,12,-61,20,-39,-2,15,20,13,9,15,8,23,-1,19,17,2,10,13,17,16,13,15,13,32,14,29,9,-4,13,34,20,18,24,21,29,23,28,4,10,23,30,14,3,41,28,19,5,22,8,9,16,23,18,-2,-1,1,2,0,-2,-1,0,-4,-6,-1,-3,-22,16,20,-21,-2,-4,-1,2,-26,56,-36,2,-4,-2,2,-1,-6,-5,-1,-3,-2,-1,0,-1,-3,-1,-1,-2,-1,0,-2,1,-2,0,1,1,-2,-1,-1,-3,1,2,-1,0,-1,1,-1,-1,2,2,1,0,-4,1,-5,-20,9,20,25,-29,-4,-5,3,-11,-2,18,8,8,-5,2,2,-35,3,11,8,-14,3,-4,3,3,-56,16,-38,16,-5,-1,-6,-2,-5,-1,-6,-6,-3,1,-4,-6,-5,-13,1,-10,0,-1,-1,-4,-1,-5,-4,0,-6,-3,1,-7,-5,-1,-6,-4,-5,-5,-8,0,-29,22,-19,12,-10,-7,2,-4,13,10,19,-2,-11,4,-2,10,-87,34,-72,14,4,-3,8,-25,5,-6,5,-27,-2,6,-35,7,-12,3,-9,1,11,-28,-1,-12,0,-11,3,-7,-28,-1,-10,0,-12,4,-9,-3,-5,-5,-2,-9,-2,-11,0,-9,-1,-1,6,-3,0,-45,18,0,-14,-25,-10,-28,-29,27,-43,-3,-1,-3,-5,0,-2,-65,20,-11,-2,-4,-2,0,-4,0,0,-4,-9,-7,-6,-3,-5,-14,-3,-2,-5,-10,-15,1,-2,-5,-2,-2,-6,-12,-3,-4,-6,-8,-13,-6,-7,-5,-5,-6,-5,-6,-10,-8,6,-2,2,-9,-21,-29,-25,-30,-59,-13,-19,-32,-76,27,-85,-49,-14,-6,-3,-14,-48,-58,-43,-32,-2,-12,-17,-28,-3,-14,-27,-43,-6,-7,-20,-15,-19,-13,-19,-2,-2,-41,-11,-28,-13,-14,-19,-18,-25,-10,-13,-15,-17,-13,-36,-33,-22,-17,-29,-20,-26,-8,-34,-28
2,-2,-2,1,0,-2,2,2,-2,-1,0,-2,0,-2,-1,0,-1,-2,0,-2,0,-4,15,0,-1,-3,1,-2,1,-1,-39,-2,0,-3,0,-4,-5,2,59,4,-1,-12,-5,-9,-9,10,55,15,-8,-16,-8,-11,3,-4,-42,4,-1,0,1,0,2,0,1,1,1,0,2,-4,-6,-4,0,-10,-3,-7,1,2,2,-1,11,4,1,-2,-3,-2,-2,1,2,4,-4,-1,-1,-3,-3,3,-2,6,1,-1,-6,-4,-2,11,-33,8,-7,-1,-2,-1,0,11,5,7,-1,4,3,-9,3,14,-13,1,-10,-11,1,-1,-5,-1,-2,5,-1,3,-2,2,-3,2,-1,-3,-3,0,2,-2,3,1,-1,-2,0,-4,-2,0,-4,-2,14,6,8,-2,-4,-5,-2,-3,9,-8,-4,0,-10,1,5,7,24,-4,-2,-10,3,3,8,9,9,-6,-11,-3,8,-4,-3,2,4,0,-1,-7,2,-12,-15,-16,-11,1,2,3,1,-1,3,2,4,4,3,-2,-6,-4,-6,5,-1,5,-1,3,-4,1,5,10,-1,13,0,4,4,-1,5,8,3,12,1,5,5,0,2,3,-5,3,3,1,2,-14,-12,12,-18,1,6,0,-3,1,4,8,-3,11,-5,12,2,-3,3,5,3,14,0,7,4,4,9,8,10,9,10,1,8,6,6,17,-2,11,-5,6,-3,2,3,6,4,26,4,4,14,-3,10,16,3,10,9,7,12,9,5,-1,13,9,-1,-8,15,10,5,15,10,-4,-12,5,14,16,2,9,1,15,6,6,10,5,16,4,6,6,-2,1,-2,-2,-2,2,-2,0,-8,-14,0,-18,-1,1,-3,-13,-6,-6,0,-4,-6,0,-8,-3,-2,-3,1,-2,-3,1,-3,-4,1,-1,-2,0,-1,-3,2,-6,1,-1,1,0,-1,-5,-14,-9,0,0,0,1,0,-2,-10,-8,2,0,2,0,0,2,0,-2,-7,-2,-6,-8,-4,-7,-1,-3,-5,2,-6,-6,-2,-5,-7,-7,0,1,-8,-9,1,-26,-4,-11,-3,-4,-3,-3,-10,-12,-5,-7,-5,0,-6,-2,-11,-3,-4,-1,-1,-6,-2,-6,-6,-8,-19,27,-5,-3,-5,1,-8,3,-13,1,-12,-1,-9,-3,-1,-7,0,-7,-1,-10,-9,-3,-2,-4,-1,0,-8,0,-13,-22,-2,0,-9,-9,-2,-6,-6,-8,-6,-4,-17,-13,-7,0,-5,-1,-10,0,-8,3,-4,-8,-3,-3,-8,-14,-8,-21,-7,-7,-1,-6,-4,-5,-23,27,-6,-2,-6,-2,1,3,-6,-1,-7,-3,-1,-3,-5,-2,-2,-4,-3,-10,-11,-13,-8,-12,-24,-10,-6,-8,-6,-18,-15,1,-23,-11,-6,-15,-9,-19,-13,-21,-34,-16,-9,-14,-5,-8,-8,7,-30,18,-11,-6,-11,-5,-15,-18,-31,-11,-9,-10,-2,-13,-4,3,-12,24,-6,-8,-7,-3,-9,7,-16,12,-5,-7,-8,-6,-9,-7,-9,-10,-21,-21,-7,-18,-21,-19,-44,-38,-18,-12,-31,-37,-60,-23,-12,-15,-28,-16,-48,-30,-34,-37,-30,-35,-15,-27,-10,-29,-30,31,-19,43,-11,-6,-23,-10,-24,-21,-37,-15,-16,-17,-15,-11,-14,6,-22,34,-16,-7,-12,-11,-12,1,-19,6,-17,-13,-4,-6,-12,-15,-23,-15
0,1,1,-2,-1,-1,-2,0,0,2,-5,12,24,-2,-7,7,2,1,0,0,4,1,0,1,1,0,-1,9,-6,-1,-5,-1,8,-6,0,0,3,-3,-1,-2,2,20,3,5,7,2,-3,2,8,-8,16,-4,8,-4,0,-2,0,-2,1,-2,1,2,3,-2,-1,11,-2,10,-10,11,-3,-3,3,18,1,11,17,-3,-2,9,3,7,5,-3,6,2,-1,4,5,-6,4,13,6,0,3,-6,6,11,11,5,7,8,8,-17,12,11,7,6,-8,5,6,-8,-8,1,10,-3,-12,-6,7,5,6,7,5,5,1,0,6,4,-4,9,-4,-12,7,4,11,-12,2,4,-9,2,15,-2,-4,14,-1,-6,4,6,5,3,14,3,-10,-1,4,13,-6,0,12,-3,-3,2,-3,3,6,0,-4,1,11,0,2,-8,2,-5,5,-2,-17,11,3,-9,-5,-8,4,7,-3,2,-1,9,-14,-5,12,-1,-4,6,2,-8,-3,19,1,-3,-2,1,0,5,8,7,10,12,2,6,11,2,11,16,15,5,-5,8,9,9,2,-4,13,10,16,-7,9,9,-1,27,4,6,-18,3,-5,8,8,7,0,11,0,-7,3,3,-21,7,4,-6,11,-2,2,18,-5,23,11,1,-6,28,8,-10,0,13,25,15,11,7,22,6,20,8,13,21,20,23,14,23,14,25,24,22,4,21,32,29,26,23,39,32,3,10,34,40,28,36,21,35,16,16,26,19,16,14,23,11,24,22,31,34,16,29,19,23,29,18,29,31,14,24,32,25,-2,1,0,0,1,0,2,0,-18,14,-13,-19,-5,19,-3,-8,-6,9,-5,4,3,2,-11,8,2,-5,-1,2,3,2,-2,-1,1,-1,-1,-5,-3,-6,-1,-6,-1,-2,-2,-5,-9,-5,-7,-7,1,-3,4,2,-3,-3,1,-4,-2,-1,-1,0,0,0,1,-1,-4,-12,4,-8,-6,-2,6,6,-13,15,-7,-23,-19,28,6,7,-22,-13,29,0,-26,12,7,14,-12,0,-6,-4,-5,3,-1,2,-5,-5,-1,-5,0,-4,2,3,-3,-9,-5,-8,-9,-17,-5,-13,7,-3,-2,0,-12,0,-7,1,3,1,1,-9,-7,-4,-6,-2,-4,-9,-4,6,-2,2,-5,-14,-8,9,-2,-8,-22,6,7,7,-3,-5,34,-4,-6,15,6,-13,-7,-9,3,12,3,4,9,-5,-1,-4,-1,-5,-9,-10,4,11,-7,8,-2,-11,-17,-4,-8,2,9,-12,0,1,-7,-9,-4,-22,3,4,-4,-6,0,-4,-8,2,2,3,-3,-18,-5,5,15,-7,-8,-18,-15,0,-14,7,-3,12,-9,-18,28,10,2,14,14,-6,-12,-16,8,13,-6,6,2,1,-6,-3,-13,-2,-3,-8,-4,1,-10,-11,-13,-5,-1,-3,-19,-12,8,0,-2,-10,-12,-8,1,-1,5,0,1,-7,-19,-6,-3,-8,10,-66,-69,-20,-19,-18,-10,-19,-16,-5,-12,-20,-31,17,0,6,-11,-16,30,6,-1,18,25,-9,-14,-19,-8,15,-3,-10,-4,-1,2,0,-6,5,-18,-8,-11,4,-8,-2,-12,-13,-15,-15,-30,-4,7,-6,-5,-15,-21,-19,-3,-17,-1,3,-7,-9,-21,0,-18,0
-2,-1,2,-2,0,0,3,2,0,0,2,2,-2,-72,3,-1,0,0,3,3,2,-49,-2,1,-2,1,3,-5,5,28,4,1,-2,-2,-1,2,1,-25,-3,2,-4,-7,-8,2,0,-13,-1,-1,-1,-18,-7,-15,5,9,4,-5,2,-2,-1,2,-2,2,0,-1,-1,-3,-3,1,-3,2,-7,10,1,0,4,5,3,-29,-1,-3,-1,2,1,4,0,-15,-5,0,2,5,-7,4,0,-7,-5,6,1,3,-1,-2,3,5,3,-3,3,1,-5,-6,6,-2,-1,1,-1,4,-1,12,-2,-4,2,7,-1,-20,0,-3,5,9,4,6,2,-11,-5,3,3,-5,-1,-1,4,-4,3,1,5,0,4,-16,-1,4,0,0,2,-7,-11,-3,-3,0,1,6,-5,-17,-2,-5,-2,-4,1,-8,-4,-7,1,-2,-3,0,-1,4,5,-11,-4,-6,3,-20,-12,-6,12,2,4,-9,-7,-5,-6,-8,-3,2,1,1,8,8,12,6,4,58,5,7,7,-3,-4,2,0,19,9,6,1,1,-3,2,-6,-3,4,-1,8,-2,-6,-6,-10,9,-12,6,11,2,-3,3,8,21,6,8,5,3,-4,-1,7,20,1,6,7,-4,-6,4,2,19,7,4,6,8,8,10,6,19,4,10,1,9,7,8,11,45,1,14,12,5,5,9,12,29,4,-15,-17,6,-2,12,4,6,5,-1,1,-3,0,12,8,12,3,13,4,2,5,-8,5,1,7,2,5,-12,-12,8,-2,3,6,3,8,-4,-5,-8,5,-2,9,-4,19,0,11,10,9,-3,-9,-2,-2,1,1,1,0,1,-2,-2,-1,-10,-14,-4,-29,6,-1,-13,-1,-2,0,0,-6,-16,1,-5,-3,1,-1,1,5,-11,3,-2,-3,-2,0,-1,4,-7,3,0,-2,-3,1,2,1,-3,-3,1,-1,0,-1,-2,2,-3,-4,0,1,-2,-1,-1,2,2,-1,-2,2,-2,-16,3,3,-6,-5,-4,-8,-14,-14,-15,-21,-1,-10,-23,-5,-20,1,-5,-62,2,-55,-5,-4,-3,-6,0,-14,5,-13,-9,-6,-1,-4,-1,10,-16,12,-16,-4,1,-1,-11,-4,-1,-3,-9,-2,-10,-3,-2,-4,6,-11,-1,-2,-1,-4,-2,-6,6,0,-3,4,-2,-12,-3,3,-4,-1,2,0,-3,-2,-5,-7,-1,-8,-26,-9,-8,-7,-5,-25,8,-25,-20,-3,-4,-13,-17,-11,8,-7,3,0,-6,-11,6,8,-5,16,11,-5,-15,-3,1,-9,-5,-5,2,-9,-1,-5,-2,-8,2,-6,-2,-1,-4,-4,4,-5,1,-1,2,-7,-8,-14,-7,-9,3,-3,-5,-13,-13,-11,-25,-30,-11,-27,-27,-8,-13,-22,-17,-39,7,-56,-17,0,-4,-13,-8,-32,5,-18,-5,-7,-3,2,-4,4,0,3,-8,-7,-12,-5,-2,-11,-1,-15,-4,-2,-10,-4,-6,-8,-3,-12,-8,-4,-3,-8,-5,-6,-1,-6,-3,0,-7,-32,-14,6,9,0,-4,-19,-46,-18,-45,-50,13,-75,-68,-30,-26,-41,-35,-73,8,-76,-41,-26,-18,-49,-52,-50,4,-38,-16,-17,-29,-19,-15,0,14,9,-9,-17,-22,-22,-13,-34,7,-29,-8,-20,-12,-4,-5,-6,9,-10,3,-4,1,-10,-1,-3,16,-25,-7
1,-1,-1,-2,2,-1,-1,1,-3,-2,-1,-4,1,-2,2,-1,-1,0,0,-2,-4,-3,-1,1,-1,-2,4,21,10,8,2,5,5,-1,-1,-3,2,0,10,2,-4,2,-3,-6,-2,7,1,7,8,0,-1,-10,5,-12,1,6,-2,2,0,1,0,0,2,-2,1,1,2,7,9,-3,5,8,-5,1,-4,-5,-9,-4,-4,8,-2,5,0,20,-2,11,2,9,13,-1,0,-7,31,-3,17,-3,-1,-8,-1,-3,1,1,1,2,-8,0,-33,-8,6,-15,-1,4,8,-18,-7,12,-8,6,-5,6,-9,4,11,5,-4,5,-4,19,6,5,9,-9,6,1,-39,13,-13,-2,-11,-2,-2,-16,2,-15,6,8,11,-2,8,0,-16,-3,-2,1,1,18,5,-3,5,14,-1,-6,-16,0,-8,-4,3,3,-6,-4,3,5,0,-1,2,11,-3,8,-13,8,1,-16,9,-4,4,-6,6,-4,6,2,3,13,3,7,3,3,-2,9,5,-1,12,15,17,15,29,16,5,3,-8,3,3,-1,3,9,1,1,-7,-1,-1,-7,-2,11,-3,-4,-1,-2,4,-4,4,27,7,6,9,0,-3,11,5,7,21,12,18,14,8,6,-2,23,8,2,7,-8,11,4,1,15,11,9,5,9,6,1,-3,5,-13,-15,6,12,3,5,15,-6,5,9,18,3,15,-2,0,-7,-8,5,1,5,15,16,-5,4,2,14,13,14,1,24,19,27,18,-7,20,11,29,26,32,34,32,14,31,42,32,13,31,41,25,2,37,24,33,31,36,45,46,42,0,-1,-1,0,0,1,2,-2,4,2,9,-13,0,0,-1,1,-9,1,0,-6,-6,-3,3,-2,-2,-1,-5,0,-2,-1,1,-2,-2,-2,4,7,5,4,2,-2,-1,-1,-3,-1,-2,0,0,1,-1,-3,-5,-3,-3,-2,3,0,-2,0,-2,-1,1,1,-1,2,-13,-3,1,-1,3,-2,-9,-5,0,5,2,4,-5,12,5,-14,-7,-9,2,2,-3,-6,-2,-3,1,-2,0,0,5,-18,7,2,-6,-12,6,0,-2,-8,2,1,0,3,-6,-9,-11,-5,-4,-6,-1,-9,-6,-6,-5,-4,3,-1,6,-3,-6,-13,-12,-2,-5,-4,1,-15,-17,-1,8,-4,-7,2,5,2,3,9,4,9,10,-4,-6,6,-3,-3,-14,11,-15,0,-2,3,-2,-3,-3,2,3,-2,-14,-17,8,-12,3,1,-6,-6,-2,-1,0,-2,-5,4,1,0,2,-4,-4,-6,0,0,8,2,10,4,-3,-17,-15,3,8,6,-12,-16,-8,-19,10,-17,-6,-4,14,15,-4,29,-1,20,-3,-1,-19,-30,-14,-6,-28,-10,-8,-4,-19,-9,-10,-13,-6,-34,-6,-11,-12,-3,26,12,25,0,23,-1,-1,-6,-9,-10,-11,3,-15,0,-3,-9,-15,-10,-4,-6,1,0,-8,-8,-14,-15,-12,-9,-9,-6,-24,-39,-16,-27,19,-35,-18,-21,-1,30,-28,24,-32,30,3,-12,-20,-57,-35,-24,-19,3,-25,-31,-23,-41,-63,-44,-42,-14,-65,-24,-45,-13,41,-19,37,-34,41,-24,-25,-18,-29,-21,-30,35,-28,22,-14,-42,-45,-50,-44,-24,-9,-7,3,-20,-74,-42,-44,-5,-38,-18
1,-1,1,1,2,2,2,-2,9,-2,7,-4,-1,5,-1,10,-1,-1,-7,0,-3,0,-4,0,-1,19,-1,12,-2,18,-5,7,-1,-1,-7,-4,-5,-1,-6,-2,-2,-2,-6,-4,11,-3,17,0,5,-5,0,4,-11,-10,-20,-18,-2,0,-2,1,-2,-1,-1,-2,3,-3,7,-10,7,7,4,7,-3,0,-5,-1,8,-4,-12,1,-2,18,-2,4,-8,6,-2,5,-1,-12,14,0,15,-7,-2,-1,6,-14,1,-13,-3,-13,-8,-13,-3,-6,9,0,-1,5,-2,-13,-4,16,-16,16,-9,-3,7,9,-3,15,-22,17,-17,-18,3,-4,0,8,-1,8,13,3,4,13,10,-2,0,4,0,10,3,8,4,4,9,1,2,2,2,6,8,20,3,5,0,11,-7,14,-11,-5,-7,0,-10,-5,-5,-1,-2,11,-5,19,6,10,9,6,7,-8,-2,-2,4,10,0,-12,-2,1,-14,13,-22,2,4,-1,7,2,2,1,0,4,12,1,0,8,1,2,-7,-1,9,1,19,-11,7,0,10,3,16,6,7,-14,0,-14,4,-20,16,5,16,28,12,20,2,15,11,5,15,-4,-1,-10,-6,-14,6,-20,-3,8,11,-21,-5,-17,-9,9,-1,-6,-8,-14,-14,-14,15,-2,11,11,5,9,15,-2,-12,12,16,1,1,8,-2,4,-5,8,12,7,8,6,-3,14,6,1,24,7,13,-17,-10,11,10,12,-7,6,-5,29,5,-6,21,-13,-5,0,-19,30,-18,-14,-14,1,0,-1,-30,20,-1,-15,8,-7,-16,14,3,-1,-33,-3,-5,-12,1,2,-2,0,-1,0,1,-1,0,0,11,3,7,-43,-6,1,-2,-5,7,-2,-2,2,2,-3,-3,-4,-6,1,-4,-6,-4,-3,3,3,1,-4,2,-2,-2,0,-2,-2,-2,-2,0,-5,0,-1,1,1,-2,-1,-1,2,-2,1,0,1,-2,-1,1,1,1,-1,-13,-9,5,-16,-4,-12,-7,-11,1,-9,-12,-21,-7,-12,-19,-12,-3,-2,-16,-6,-11,-7,24,-4,-13,-19,-10,-5,-7,-20,-2,-1,10,-13,-2,0,16,-4,2,-14,-3,-5,-9,-2,-9,-3,-1,-5,-3,-6,-4,-4,-3,1,-6,-7,-1,-5,-14,1,-3,-3,0,-6,-3,-15,8,-8,-6,-12,19,-3,-5,-2,-3,1,-2,-8,-16,-15,-9,9,-8,-4,-8,-7,33,-9,-4,-14,-13,-13,-7,-14,-8,-22,13,-16,15,-6,25,-12,20,-10,-5,-5,-9,-10,-9,-2,-9,-6,-2,-11,-7,-2,-7,1,-2,1,-12,1,-3,-2,-6,-5,-12,1,-24,-13,-18,-12,4,-28,-12,0,-2,-15,-9,-28,-22,-9,-17,-17,-20,34,-20,-12,-52,-28,30,-14,-19,-22,-17,-17,-18,-20,-12,-15,33,-26,25,-27,33,-19,31,-18,-17,-16,-2,-18,-10,-16,-10,-3,-10,-13,-8,-7,-7,1,-11,2,-6,-2,-7,-9,-9,-5,-6,-7,-24,-36,-17,-23,0,-10,-12,-14,11,-38,-49,-28,-18,-30,9,-40,-33,34,-29,-38,-34,-26,53,-30,-47,-51,-60,-58,-50,-39,-45,-54,41,-37,43,-41,45,-52,47,-41,-38,-36,-39,-30,-51,-30,-29,-24,-21,-33,-30,-18,-28,-6,-47,-13,-23,-26,-20,-17,-6,-3,-13,-4
-2,-2,-2,1,1,-1,0,-1,-1,-4,-3,-5,1,0,-1,-1,0,-3,-5,-3,1,-3,-2,-1,1,1,2,0,0,-3,-2,0,2,6,4,1,-4,-6,-3,-4,8,12,9,6,-1,-11,-6,-8,8,8,4,8,18,8,-2,2,1,-3,0,-2,2,2,2,-1,6,3,-1,-3,-4,4,-4,-1,5,3,5,3,1,-1,0,-5,8,13,3,5,5,2,-3,-4,15,16,8,6,0,-1,-7,-6,14,10,9,3,12,-3,6,-14,12,11,17,14,7,0,9,-4,18,5,9,8,21,19,8,-10,6,13,9,21,6,23,-2,15,6,2,3,0,9,6,10,7,0,7,-1,5,5,15,12,15,4,-9,6,4,9,9,13,13,4,5,3,6,7,16,10,8,11,5,8,2,17,9,12,2,14,12,2,13,10,14,10,13,9,9,6,10,18,15,11,9,6,9,7,17,15,21,7,7,11,14,16,12,9,9,1,5,11,15,16,13,0,3,5,4,13,14,14,15,7,1,1,7,15,16,21,7,11,4,0,7,18,18,11,16,14,18,4,10,16,10,11,18,15,19,19,11,15,5,9,18,14,21,10,11,6,3,13,19,20,16,21,-1,30,26,19,18,16,26,18,24,23,26,19,17,20,15,23,27,34,28,23,27,20,16,15,23,29,41,35,34,24,16,28,16,39,43,42,33,27,20,29,24,51,45,39,34,29,27,40,22,43,29,35,32,27,23,28,25,27,29,42,39,31,22,26,24,1,-1,-2,1,1,2,1,1,-4,5,8,5,8,-7,14,-1,0,1,2,1,-1,0,4,2,-1,-2,-2,-5,-2,-1,3,1,-4,-4,-8,-4,-1,2,3,2,-4,-10,-10,-5,2,3,5,1,0,-7,-9,-2,7,8,3,2,-2,-2,-2,1,2,-1,-2,1,4,5,-4,-2,5,13,-5,-1,5,2,-9,-3,2,9,-8,6,0,-5,0,-4,11,0,1,-25,-4,4,-10,-5,-4,-3,0,7,-8,-8,-3,-7,-2,-5,-3,3,-5,-6,-6,-10,-4,1,2,1,-4,-11,-7,-6,3,8,3,6,-6,-5,-13,3,2,5,6,0,-1,-1,5,3,0,3,-15,-1,-6,-1,2,6,0,-6,-2,-4,4,2,-2,-1,-1,7,2,4,4,2,-14,-9,2,3,1,2,2,-6,-11,-4,0,4,6,2,-6,-6,-4,-5,-5,5,2,5,-4,-6,-6,-1,4,5,3,2,-4,-5,1,-1,-1,-1,-5,3,9,5,7,9,8,6,4,6,4,-9,0,4,3,5,-3,6,-1,-8,1,0,4,-1,3,-3,-1,-2,-7,4,-1,-1,4,-1,-5,-5,-1,0,-3,-1,4,4,-1,-1,2,2,1,2,1,5,5,6,-1,2,2,1,-2,-1,7,6,10,6,-1,-9,-7,3,2,1,5,12,7,20,5,16,3,11,21,12,12,-6,6,14,6,3,3,17,1,9,2,-1,4,6,-1,2,4,4,4,5,7,6,-2,2,3,3,15,6,4,1,14,6,-2,2,1,2,10,10,11,4,-3,7,-4,4,15,20,19,10,2,-5,0,8
2,2,2,0,2,0,-2,2,-9,11,5,-16,0,2,-1,2,11,-14,-1,38,2,0,-2,0,-16,-2,3,-12,4,2,2,2,24,0,0,-3,-3,3,-2,-5,-18,-7,-10,0,2,-2,11,-1,-1,13,-12,-6,5,-4,-4,-4,1,-1,2,2,-1,2,2,3,12,3,5,-6,0,11,2,-2,3,-15,2,-1,-4,-6,3,4,9,2,-1,9,0,1,-18,-1,-2,-2,6,2,0,-6,3,9,0,2,2,0,1,19,3,5,-4,-3,2,-8,6,-5,9,5,4,6,4,3,7,-2,8,2,3,10,9,8,11,6,9,0,0,-8,4,-2,2,0,14,3,5,13,-16,11,0,13,-1,6,13,-1,3,10,9,-8,5,-6,-6,13,4,1,-3,4,-6,13,9,-2,11,8,-1,-4,7,-1,-1,5,-1,13,9,7,-4,14,6,4,2,-9,11,-3,9,-6,4,2,-1,5,-11,3,-9,2,4,5,6,-5,9,4,3,7,3,5,3,-7,1,5,2,-1,-5,8,2,1,-10,11,2,3,2,-6,2,18,-6,5,3,-1,10,-1,-2,8,9,8,11,9,14,-5,7,11,15,11,17,9,3,-5,-4,8,-5,0,-24,0,5,-8,4,12,4,-5,1,3,8,6,5,10,15,12,10,11,15,14,-2,8,5,15,24,22,10,14,7,10,22,11,9,9,-1,15,10,13,4,9,8,12,0,11,6,19,5,16,7,15,13,15,27,13,23,25,12,18,-6,10,0,0,32,4,4,16,7,1,-14,8,18,-3,25,9,-1,0,2,-1,2,0,1,-2,10,-21,-13,-1,2,0,-8,-4,5,-4,1,1,4,-3,-2,-1,2,-7,-7,-2,3,-2,-3,1,-1,-2,2,-1,-1,4,-2,1,-2,0,-1,-7,0,0,-3,3,-1,-4,-1,-1,-3,3,-3,2,1,2,-1,2,-2,-1,-2,-2,-12,-2,-15,-7,4,-5,5,-16,-6,-3,-2,6,-2,-6,-15,-5,13,-36,-5,8,-7,-7,-3,-13,-7,-7,7,-11,12,-21,-10,-7,-8,-17,2,4,-10,-5,0,-3,-4,16,-6,-1,-5,-1,-8,-2,-3,-12,-9,-4,-6,7,0,-2,0,-5,-1,-7,-6,-4,-4,9,3,12,-3,-3,-2,2,-1,-1,-32,-27,14,-1,0,-1,-6,-5,17,-27,-7,0,-22,-5,-8,4,-23,2,10,-9,13,-7,-10,5,-1,-18,-7,5,-4,6,-5,-10,3,14,-7,-2,-11,-5,0,-5,0,-9,-8,-2,-5,0,-5,-4,-12,-5,-3,-4,-10,-7,-3,-2,-8,-21,1,-6,-5,1,-9,-19,3,-21,-14,-22,-2,-17,-17,-7,16,-19,-1,-1,-13,-6,2,-13,-12,4,11,-4,7,-12,-9,3,-12,-34,-3,-1,-20,-12,-4,-4,-5,9,-12,-14,-14,-8,-17,-4,-8,-22,-9,-19,1,5,-8,-5,-3,-14,-1,-9,-12,-5,-6,-6,-11,-16,-2,-17,-23,-1,0,-25,-6,-33,-2,-28,-3,-22,-28,9,36,-44,-4,-18,-41,-20,4,-11,-80,14,15,-10,16,-27,-28,-8,-20,-46,-24,-3,-21,-5,-18,-45,-23,7,-14,-9,-12,-11,-23,4,-17,-40,-19,-20,-9,-4,-11,-12,-19,-15,-13,-7,-22,-3,-16,-17
2,1,-2,-2,0,0,-1,-2,2,-3,0,-5,0,2,4,4,0,3,-7,1,-4,2,2,3,1,-2,-3,-6,3,-1,3,2,-1,-2,-1,-4,-5,0,2,2,-2,-2,-10,0,-12,-5,-15,1,1,0,3,-6,-1,-15,6,6,2,0,-1,1,-2,2,-1,-2,2,2,-3,-4,-4,-2,1,1,-1,-4,-2,-1,-1,-4,-6,1,3,-3,1,-5,-4,-3,0,-1,-3,-5,-3,-4,-6,-2,-4,-1,-6,-3,0,-4,-6,-7,-2,0,-2,0,-2,4,-5,6,-6,8,0,-4,1,-3,-1,0,2,0,0,3,4,-6,-3,0,0,3,-4,4,-2,7,-5,5,-4,5,-1,-3,4,-3,4,-4,3,2,-1,1,-7,-1,-3,2,-1,2,3,-7,0,-6,2,-4,5,2,-1,1,-7,2,-5,3,-3,3,3,-6,1,1,6,-1,6,-3,-3,2,4,3,-3,7,-5,5,4,1,1,-1,3,-6,5,-7,10,7,7,6,9,7,11,6,7,8,8,7,5,9,10,10,13,3,13,3,9,6,7,0,6,8,6,7,-2,14,4,6,3,7,3,2,9,2,8,5,-2,-1,-2,0,1,3,7,5,-2,0,3,-4,-1,4,6,3,7,5,3,4,5,7,2,5,28,17,17,16,21,16,12,19,30,24,16,22,16,12,-3,16,21,15,32,12,25,15,15,17,12,29,15,36,24,21,10,4,16,26,19,12,35,11,21,8,21,1,17,11,8,24,8,26,31,35,32,12,23,8,24,25,15,32,11,19,16,16,15,43,2,-1,1,-1,2,0,1,0,15,12,13,12,-5,-8,5,-3,5,4,8,2,-1,2,5,3,4,-2,5,-3,3,-1,7,2,0,2,-4,2,-8,1,0,2,2,1,-1,1,-1,-2,2,1,1,2,1,5,-1,3,-2,2,0,-2,3,2,1,-1,0,-2,0,-6,-7,-8,-9,1,-10,-4,-5,-8,-11,-12,-10,-2,-1,-7,-10,-9,-3,-8,-7,-8,-7,1,-1,-10,-7,-10,-2,-7,-2,-1,-6,-7,-8,-4,-7,-3,-5,-4,-7,-6,-7,-5,-6,-6,-5,-1,-7,-8,-6,-6,-4,-4,-4,-5,-4,-5,-4,-5,-4,-5,-4,-5,-8,2,-22,-1,-15,4,-18,3,1,-35,1,-13,3,-22,6,-27,-38,1,-20,9,-34,3,-31,3,7,-36,6,-45,3,-33,1,-18,-17,4,-33,3,-63,4,-34,4,2,-22,3,-34,2,-54,7,-34,-24,2,-27,4,-31,4,-56,6,4,-27,6,-16,7,-37,2,-46,-17,-18,-14,-15,-23,-23,-17,-22,-15,-20,-17,-18,-18,-18,-5,-16,-16,-19,-21,-17,-21,-12,-16,-17,-14,-17,-16,-26,-14,-23,-12,-20,-16,-20,-19,-17,-16,-17,-16,-19,-16,-17,-17,-16,-13,-25,-14,-16,-14,-17,-14,-12,-14,-13,-15,-13,-10,-10,-11,-12,-12,-12,-12,-12,-20,-43,-25,-28,-27,-17,-26,-32,-36,-51,-35,-38,-16,-27,-52,-28,-34,-37,-44,-20,-28,-15,-34,-20,-19,-25,-19,-58,-23,-49,-31,-30,-23,-23,-34,-26,-34,-19,-32,-26,-30,-28,-26,-28,-30,-30,-24,-35,-24,-29,-23,-23,-24,-26,-27,-42,-33,-25,-15,-16,-13,-27,-27,-37
2,1,2,2,2,-1,-2,-1,0,-2,1,1,6,-1,-2,-1,-7,0,-5,3,2,0,-2,0,2,-3,1,2,4,-1,1,-1,2,0,-12,3,-2,4,0,-3,2,2,0,-25,5,14,-1,18,0,1,3,-5,-14,1,-1,12,-2,-1,-1,2,-2,-2,2,-2,-2,-1,-9,4,2,3,-2,8,2,3,-1,2,3,3,0,2,8,1,1,3,1,-3,6,0,10,2,8,3,9,1,4,4,-1,3,10,-6,-3,35,0,18,12,-2,-2,-3,2,-8,4,6,6,26,-4,2,10,14,14,-4,0,4,16,-6,9,0,-8,0,8,-2,5,-2,10,0,8,0,4,10,-6,8,2,7,0,6,22,0,11,1,6,3,4,-3,-3,23,1,13,5,4,-6,5,6,-1,19,5,5,-2,3,3,0,7,6,8,1,20,-3,19,9,1,7,2,5,-6,11,5,1,-1,-3,10,-16,18,-5,15,4,7,6,9,9,9,5,7,3,8,10,10,-3,5,6,9,20,14,10,14,2,10,10,8,7,19,4,9,0,4,9,2,12,20,20,18,6,15,19,14,20,14,24,28,10,5,11,8,22,17,23,22,8,14,18,7,23,24,30,17,3,25,20,9,12,10,11,7,14,5,8,15,12,17,10,10,9,8,9,16,41,11,14,14,10,9,16,8,15,37,16,20,10,9,19,8,13,18,45,12,23,7,25,4,10,25,28,46,26,23,18,28,21,13,23,43,6,14,5,8,13,16,16,9,0,40,8,-8,-1,0,0,2,2,1,0,-1,-10,-7,-11,-3,-6,-7,-3,1,2,-10,-5,2,-4,-4,-1,-2,3,-7,-2,1,1,-4,-1,0,-1,-1,-10,0,7,-1,0,2,-2,-7,-3,-23,2,6,-5,2,-1,-4,-3,-4,-26,0,7,2,-1,2,1,1,1,1,-2,-2,-5,5,-1,-6,-5,4,-9,1,4,-2,-17,-2,-15,-9,-7,-3,3,2,-1,1,-5,-6,-1,-10,2,2,-5,-3,-6,-6,-3,-4,2,-5,-1,-1,-2,-4,-5,-3,-2,5,-3,-14,-2,3,-5,-3,-1,3,3,1,-23,-4,15,-2,4,1,-6,0,-6,4,1,1,9,-3,-15,0,-21,5,-17,6,11,-9,4,-6,-11,-19,0,-15,-16,-1,-6,4,-11,-1,-10,-3,-1,-28,5,-7,3,-9,2,-4,-9,7,-20,5,-5,3,-15,-3,1,-13,4,-30,6,2,-1,0,-17,3,-16,3,-54,2,23,3,2,-14,3,-18,-3,-82,9,10,-9,-10,-5,-6,-11,-15,-7,-4,-6,-4,-12,-3,-7,-12,-6,-15,0,-8,-9,0,-1,-8,-7,-5,-6,-11,-3,-4,-5,-15,-6,-3,-2,2,-1,1,6,-2,-5,-1,-3,-4,-17,-10,-5,-6,-7,-4,-3,1,-10,-8,-8,-7,11,2,-4,-6,-5,-3,-15,4,8,3,-10,-16,-8,-2,-21,-6,-14,-19,-11,-9,-21,-28,-41,-28,-17,-15,-21,-17,-15,-9,-18,-16,-18,-19,-1,-23,-3,-19,-23,-28,-20,-9,-2,0,-15,-7,-11,-14,-19,-9,-15,-10,-11,-20,-6,-9,-10,-7,-15,2,-12,-9,-35,-8,12,-16,-2,-11,-3,-10,-13,-19,6,8
0,0,-1,1,2,-2,1,-1,0,3,3,-2,-9,-7,-5,-1,5,0,3,-2,-16,-11,-6,0,3,8,4,1,-4,-22,-2,3,1,5,2,2,-6,-15,-10,0,10,1,-10,-3,-1,-8,1,-1,-27,-7,19,-13,18,-5,4,-9,-1,-1,2,-1,-2,-2,1,1,3,-1,5,-2,4,-5,-1,-8,2,-2,5,1,-3,-3,-5,-2,2,1,4,3,-1,10,8,5,0,3,9,1,7,-1,0,1,-1,10,6,15,6,5,4,10,-4,-7,12,4,17,7,-4,6,5,4,5,-9,-28,9,-7,3,1,3,4,7,18,-8,-17,6,9,9,5,7,-16,-3,3,0,-10,8,6,10,-1,-4,0,-12,-2,6,12,4,2,6,0,11,10,2,8,9,4,0,13,6,4,4,4,-4,10,9,6,0,-2,2,1,-10,8,-40,3,-1,0,-7,16,4,12,5,5,2,-2,1,1,18,14,19,10,23,-2,0,4,-2,9,8,9,4,0,4,8,14,12,16,7,1,10,9,9,10,11,14,7,2,1,10,14,14,11,13,12,15,13,18,8,18,12,9,19,14,6,9,10,11,5,8,-8,6,-15,1,9,25,3,1,2,10,-28,-9,5,25,-6,3,19,2,-12,20,29,19,22,23,17,32,1,24,23,32,26,29,11,-4,-1,21,25,25,29,30,27,24,12,24,32,40,32,32,39,35,22,28,31,27,33,45,45,36,-11,24,-7,19,25,13,27,28,-27,27,31,22,9,6,21,31,16,-1,23,20,8,13,18,17,-1,2,-1,-2,0,0,1,2,-28,5,19,12,5,0,-2,-21,-2,4,5,-1,2,-4,5,4,0,-1,1,-1,-8,-6,-3,-2,-1,-2,-2,-1,-18,-15,-3,0,-3,-2,0,4,-10,-43,-13,-5,-1,-2,5,13,7,-8,7,7,2,1,1,2,-2,2,-1,1,-3,-19,9,10,-6,-17,-15,-2,-6,-18,6,-8,-6,-13,-21,-16,2,-18,-1,-6,-10,-22,-13,-22,-4,11,-3,-3,-8,0,-3,-5,1,3,2,-6,-11,-4,-5,0,3,-8,-2,-9,-7,-14,-18,-3,4,1,4,0,4,-15,-8,-15,8,6,3,-9,-4,1,-3,-6,2,-2,-25,3,-7,6,-2,4,4,4,-11,-8,-8,-25,-8,-31,-1,-7,2,-1,-31,-2,-15,-1,-7,0,6,-5,-6,-12,-17,3,-2,7,-2,1,-9,-4,-4,4,1,-4,4,1,0,-14,-8,-16,-5,0,-7,2,-3,0,-9,-10,-4,-1,-6,-2,6,5,6,-15,3,-11,8,11,-9,0,-12,-21,-13,8,6,3,3,-18,-8,14,4,4,1,-6,-5,-18,-10,-10,3,0,0,1,-6,-29,-8,-4,7,1,-12,-6,-42,-15,-7,-14,-4,-18,-6,-22,-14,-34,-18,-18,5,5,-7,7,-7,-22,0,6,1,-1,0,14,-8,-15,3,5,-6,-14,-9,3,-10,-2,-18,-5,-10,7,-1,9,-9,-17,-16,-6,-2,-25,4,-4,-4,-60,-14,-12,-7,8,1,4,-3,-15,-8,-10,14,4,5,-19,-18,-13,-13,-6,7,8,2,1,-10,-8,-10,-35,10,6,8,11,2,2,-13,18,-11,2,0,13,1,-6,3,4
2,-1,-2,-1,1,1,-1,-2,-9,-11,-13,-15,-18,-16,-6,-3,-10,-10,-10,-12,-14,-15,-11,-11,-10,-6,-6,-8,-11,-12,-15,-11,-11,-5,-6,-7,-7,-9,-13,-8,-11,-7,-7,-4,-10,-7,-12,-8,-8,-11,-12,-9,-9,-11,-11,-12,-1,1,1,-2,-2,0,0,2,-16,-18,-19,-16,-21,-12,-17,-11,-25,-26,-20,-21,-15,-15,-25,-5,-24,-27,-20,-23,-21,-15,-13,-17,-26,-16,-19,-18,-21,-18,-14,-12,-26,-32,-18,-26,-19,-14,-11,-21,-26,-27,-31,-25,-22,-20,-15,-22,-28,-28,-27,-33,-22,-20,-39,-32,-30,-27,-27,-31,-47,-29,-31,-25,-1,-8,-4,-9,-9,-9,-5,-12,-4,-7,-7,-2,-9,-6,-12,-7,-6,-5,-5,-10,-6,-13,-5,-13,-5,-1,-8,-3,-9,-4,-7,-5,0,-10,3,-9,1,-13,-2,-10,-8,-1,-8,2,-9,-5,-7,-5,-6,-12,-4,-15,3,-7,0,-10,-11,-3,-9,-7,-6,-4,-6,-4,0,-4,-1,-5,-7,-7,-8,2,-3,-2,-4,-4,-8,-4,-7,-3,-7,-5,2,-10,-11,-9,-4,-4,-6,-4,-8,-9,-10,-14,-15,-10,-6,-12,-9,-9,-11,-17,-3,-9,-11,-9,-9,-9,-7,-5,-5,-6,-5,-4,-4,-2,-4,-8,-9,3,-7,3,-8,-7,-7,-5,-7,-2,-21,6,30,0,4,-37,-15,-34,-10,12,-25,28,-1,9,22,-23,-8,2,18,-14,-1,-26,-4,-45,-62,-1,-4,-35,-56,-36,-23,-28,9,2,-36,-30,3,-30,-29,-56,-33,-11,-31,2,-9,-5,-27,1,4,-19,-34,-24,-23,-7,12,-1,-23,-11,-37,-4,-29,-34,-21,-5,2,1,-2,-1,2,1,1,0,-32,-23,-25,-35,-17,-24,-16,-6,-25,-27,-38,-22,-37,-29,-22,2,-36,-56,-38,-47,-28,-51,-25,3,-51,-41,-54,-43,-55,-43,-53,3,-47,-54,-52,-53,-59,-52,-42,4,-49,-55,-47,-52,-55,-49,-57,1,-2,-1,0,2,1,1,0,0,-7,-7,-5,0,-7,-8,-7,-6,-12,0,-1,2,1,-3,0,-1,2,-2,1,2,0,1,-4,-8,0,1,4,2,1,-2,1,-5,0,2,4,7,1,0,-6,-6,-2,3,7,4,4,-2,-3,-2,6,7,6,2,3,-1,-5,-3,4,6,6,8,0,-3,-7,-7,19,-18,15,-19,15,-18,16,-18,-25,21,-17,18,-21,15,-19,18,17,-21,19,-11,15,-20,17,-26,-20,18,-19,17,-17,17,-24,13,21,-21,20,-14,19,-15,15,-25,-19,18,-18,21,-20,19,-17,19,15,-15,22,-21,21,-19,20,-17,-16,22,-19,21,-24,22,-18,20,-9,-9,-11,-14,-16,-13,-15,-12,-13,-14,-11,-16,-10,-15,-12,-10,-10,-14,-12,-13,-9,-11,-16,-16,-8,-11,-11,-11,-14,-12,-9,-14,-13,-9,-10,-9,-7,-7,-16,-14,-7,-11,-10,-8,-8,-8,-10,-10,-10,-8,-10,-12,-9,-15,-12,-12,-11,-8,-8,-8,-10,-13,-13,-16,-24,-21,-22,-21,-24,-11,-23,-21,-24,-21,3,-32,-29,-26,-36,-25,-16,-15,-38,-23,-24,-19,-15,-40,-33,-20,-26,-26,-21,-15,-41,-37,-12,-33,-12,-25,-20,-26,-37,-23,-33,-27,-23,-7,-16,-37,-21,-24,-20,-36,-35,-14,-3,-31,-36,-29,-18,-37,-23,-38,-33,-13,-29,-12
-2,2,-2,1,-1,2,-2,0,2,4,7,8,6,6,5,5,1,3,6,6,5,5,4,4,0,1,4,5,4,4,4,3,-1,0,1,4,2,-2,3,1,-2,-7,-6,-9,-10,-11,-3,-5,-15,-14,-19,-11,-21,-9,-17,-6,2,0,-1,2,-1,2,1,0,8,13,13,13,15,14,13,16,14,13,16,15,17,12,11,7,13,13,10,12,14,11,13,10,10,8,7,9,9,9,8,13,15,7,8,1,1,10,3,16,2,9,-12,-6,-12,9,-2,11,-8,-15,4,-27,-24,-27,5,-23,-9,-11,-16,-9,-10,-20,-21,-13,15,8,13,11,14,14,17,13,12,13,16,13,16,9,14,10,11,8,5,10,10,10,13,13,11,5,12,-1,10,7,12,6,5,12,-3,11,-9,15,9,13,18,-8,16,11,5,-26,10,6,-2,3,3,9,-20,8,-30,14,-4,-10,7,-13,9,-17,3,-29,17,18,16,15,18,17,18,18,17,16,15,18,17,16,21,19,14,16,9,13,14,10,13,17,18,12,9,14,15,13,18,16,13,3,11,13,11,13,8,14,13,8,-14,-1,-7,20,9,9,6,3,-31,13,12,9,-7,8,16,3,-2,8,5,10,4,6,23,26,29,29,28,22,29,-7,32,30,26,27,21,27,28,18,9,24,7,25,23,22,-6,29,27,19,18,21,20,2,29,8,25,27,-17,-25,-27,-3,22,23,2,39,-16,-5,19,-13,24,18,-2,-4,10,-11,-5,10,8,-38,4,-1,-16,-19,16,-22,-5,-6,-2,2,-2,2,2,0,2,-1,2,7,-17,5,54,-62,17,-23,-3,-3,-53,-40,-33,-52,6,-2,-2,-2,-7,0,-3,-10,-3,-4,-2,-3,-3,-1,-3,-4,-3,-3,-1,0,0,2,-2,1,-3,-2,-1,1,-1,0,-3,-2,-3,-2,0,2,1,0,0,-2,2,2,1,-25,3,16,20,7,-8,3,-32,-18,-30,30,20,-44,-16,-27,-7,-23,-40,-55,-38,-35,-16,-25,-18,-9,-15,-7,-11,-16,-10,-21,-12,-14,-13,-10,-11,-11,-18,-11,-13,-14,-11,-15,-10,-13,-12,-11,-12,-13,-14,-14,-14,-13,-12,-12,-12,-14,-14,-10,-11,-14,-15,-12,0,-22,0,-67,18,-36,-14,-19,-40,-16,-20,30,43,-27,-26,-36,-12,-23,-21,-23,-44,-50,-17,-26,-24,-12,-16,-13,-20,-22,-17,-24,-14,-21,-17,-16,-12,-15,-23,-16,-14,-18,-13,-13,-12,-9,-13,-13,-21,-13,-17,-16,-14,-16,-13,-19,-16,-23,-14,-16,-12,-15,-15,-13,-25,-22,-23,-65,22,-41,-50,-7,-15,-7,-12,4,-12,-14,-21,-11,-17,-14,-10,-12,-4,-13,-13,-9,-12,-5,-4,-3,-3,-5,-8,-12,-8,-4,-2,-4,1,-4,2,-6,-8,-8,-4,-3,-2,-2,1,-6,-8,-4,-8,-4,-1,-5,-6,-10,-10,-9,-7,-7,-5,-9,-8,-12,-36,-41,-30,-12,2,-48,-42,-36,-41,-18,-25,8,9,-34,-59,-61,-25,-25,-20,-28,-26,-41,-31,-32,-30,-34,-18,-27,-26,-21,-29,-37,-31,-28,-21,-25,-23,-31,-21,-31,-27,-26,-25,-26,-23,-25,-25,-26,-27,-21,-27,-25,-24,-24,-28,-21,-23,-24,-25,-27,-24,-22,-24,-30
-1,2,1,0,0,-1,-3,2,-2,-3,-2,-3,-6,-4,-3,-9,2,-2,1,2,0,0,-1,-6,1,1,1,-1,-1,1,-3,-2,3,2,3,7,4,4,1,2,1,10,-5,15,1,9,-8,4,-3,8,0,4,-2,6,1,-2,2,-1,-2,2,0,0,1,-1,-14,-17,-13,-15,-9,-12,-11,-10,-12,-10,-9,-14,-12,-12,-11,-13,-11,-12,-12,-11,-11,-11,-11,-14,-14,-13,-13,-11,-10,-11,-13,-9,-13,-10,-12,-11,-13,-10,-11,-13,-11,-14,-9,-12,-9,-15,-13,-14,-14,-13,-14,-13,-10,-9,-11,-17,-16,-9,-13,-12,-16,-14,-9,-14,-46,7,-43,3,-39,-2,-47,3,8,-26,5,-44,3,-31,-2,-51,-41,5,-40,0,-48,2,-46,3,0,-44,4,-37,-1,-18,3,-41,-49,-3,-37,3,-50,-4,-29,-1,-4,-44,4,-47,-1,-31,0,-26,-47,-2,-27,0,-22,4,-27,0,-1,-41,3,-40,-4,-22,0,-32,-40,-48,-47,-51,-47,-43,-49,-46,-47,-41,-46,-31,-46,-43,-47,-45,-46,-42,-45,-45,-47,-39,-37,-48,-24,-20,-45,-33,-37,-25,-35,-37,-44,-41,-44,-27,-25,-31,-32,-34,-43,-38,-46,-44,-35,-37,-44,-45,-43,-44,-27,-26,-20,-28,-40,-41,-45,-40,-48,-46,-39,-45,-46,-46,-12,-7,-4,-9,-11,13,-12,-4,-9,-8,8,0,-6,7,-10,-11,-11,-9,-7,2,3,-8,-8,-13,-11,-7,-12,-4,1,16,-5,-13,-5,-2,-5,2,-7,-3,-7,8,-19,1,-10,-6,-1,10,2,-1,-12,-9,-10,4,-10,-11,-13,-2,-7,-12,-9,-14,-4,-5,-1,-7,-1,-2,-2,-1,1,0,-2,-2,-53,-42,-43,-36,-46,-49,-31,-14,-22,-24,-27,-31,-39,-23,-6,-6,-4,-3,-8,-6,-5,-4,-4,-1,-2,0,0,2,-1,3,3,0,-3,3,3,0,2,-1,1,-1,-5,1,2,-3,2,0,2,-2,1,2,-2,0,-2,-1,0,-2,-5,-9,-8,-15,-8,-12,-6,-6,-19,-16,-11,-13,-24,-8,-5,-9,-13,-25,-17,-25,-14,-12,-14,-23,-29,-38,-23,-42,-27,-39,-14,-11,-44,-22,-36,-15,-28,-16,-33,-15,-33,-14,-21,-36,-29,-21,-13,-11,-17,-17,-18,-28,-20,-19,-13,-21,-21,-19,-22,-19,-20,-28,-18,-8,-34,-17,-44,-10,-49,-12,-31,-10,-13,-43,-12,-39,-11,-29,-9,-27,-44,-13,-43,-12,-43,-4,-27,-8,-15,-38,-14,-42,-8,-38,-11,-37,-35,-12,-45,-5,-32,-13,-31,-12,-13,-31,-10,-40,-13,-32,-10,-38,-28,-10,-28,-13,-25,-9,-39,-12,-12,-29,-11,-33,-13,-36,-11,-41,-34,-33,-47,-26,-31,-23,-50,-33,-42,-47,-25,-37,-47,-34,-42,-47,-47,-32,-37,-24,-41,-20,-35,-49,-33,-29,-32,-24,-18,-25,-22,-27,-32,-26,-23,-20,-16,-21,-21,-20,-28,-23,-16,-17,-10,-20,-21,-26,-28,-48,-16,-29,-16,-27,-13,-33,-24,-22,-20,-16,-13,-15,-8,-20,-46,-31,-30,-26,-29,-33,-41,-33,-36,-31,-29,-30,-28,-37,-41,-38,-39,-38,-30,-38,-35,-37,-30,-43,-42,-41,-37,-45,-27,-40,-29,-34,-28,-46,-35,-35,-46,-38,-40,-38,-31,-40,-34,-35,-28,-39,-38,-42,-38,-43,-31,-45,-45,-43,-45,-31,-43,-44,-43,-44,-42,-23,-44,-46
-1,1,1,-1,1,0,-1,-1,0,-2,0,-1,-5,0,3,5,0,-4,-3,-4,-7,-3,-3,2,4,-5,-3,-2,-5,-6,-4,1,2,-9,-6,-8,-4,-7,2,1,4,4,-7,-16,-7,6,-4,5,-10,-3,-14,15,0,-4,33,1,-1,2,-1,1,1,2,0,2,2,-1,-6,-1,-8,-1,1,9,-2,-11,-11,0,4,-3,-5,4,-1,-3,-4,-8,-3,-3,-12,0,-4,-8,-3,-20,-4,-11,-2,2,-10,-6,-21,-19,-12,19,-6,-9,-26,4,-18,25,-25,-18,33,-18,33,-16,-36,-27,21,20,-6,-14,-6,-13,6,-6,-13,-8,-11,-16,6,-13,0,3,-1,7,8,2,-6,3,-7,2,5,10,7,3,-1,-3,-2,-6,3,1,-4,4,-7,3,-13,9,-12,1,13,-5,7,-9,17,-10,11,18,0,15,21,16,-30,-7,6,0,-1,-6,5,16,-30,31,-7,-13,35,-3,-24,0,15,11,-7,9,-2,8,3,5,3,8,6,2,6,2,4,1,9,-1,-6,2,0,2,4,7,16,-8,-7,16,8,10,2,4,5,1,-16,-3,7,8,2,-12,13,-4,1,1,4,4,-17,10,21,-5,-11,8,9,16,-16,7,15,1,7,-6,-9,12,25,20,14,26,6,12,29,21,16,9,5,10,9,10,7,13,3,-5,6,13,10,19,12,21,11,8,19,10,13,10,13,13,-6,-3,17,4,-7,11,19,23,6,-17,22,12,5,22,10,0,39,8,5,-2,18,10,6,-3,-27,17,14,0,7,1,37,30,31,24,20,25,0,21,7,18,1,2,-1,0,1,1,-1,1,2,-30,-11,1,-17,-7,-7,-9,-4,-1,3,2,-3,-2,-2,4,-5,2,2,-1,-6,-8,-1,0,-4,4,1,-3,-5,-6,-2,3,-6,7,-4,0,-9,-5,-2,3,-8,5,-3,-2,-7,-6,-2,1,-1,1,-2,-2,1,0,2,1,1,-31,-8,4,0,-7,4,-6,-8,-7,-8,-9,-8,5,4,-8,-7,-6,-14,-5,-16,-11,1,-5,-12,-6,-10,-5,-16,-4,0,0,-4,-2,-8,-14,0,-3,-7,0,1,-2,-2,-9,-8,0,-14,1,7,-9,5,-9,-9,-3,8,3,-15,-4,12,-5,-8,-3,-1,5,-9,-13,-3,-6,-11,-6,6,-3,-14,-9,-13,-5,-6,-2,-5,-3,-2,-8,-10,-11,0,1,2,2,-15,-6,-10,-2,-15,-5,-13,4,-2,5,-5,-5,-6,-13,-4,-9,-7,8,-3,-3,-12,-6,-5,1,4,-4,-3,-18,-3,-4,2,-7,-7,-9,3,-2,-5,2,-4,10,-6,-8,14,0,-12,1,9,-3,-15,-6,-42,-6,-6,-11,-6,-8,-10,-12,-6,-5,-3,2,7,-1,-19,-18,-20,-19,-11,-19,-8,-14,-19,7,-9,-21,-16,-15,-15,-11,-8,-2,-18,-12,-14,-19,-11,11,-6,4,-12,-11,2,-15,3,-8,-18,-9,26,-9,-3,-1,-10,17,-16,-28,7,-16,-46,-16,10,-13,-34,-34,-66,-30,-14,-44,-24,-42,-28,-30,-24,-30,-9,-5,11,15,-17,-49,-44,-27,-31,-28,-26,-26,-20,-2,-26,-15,-32,-33,-28,-23,-20,-18,-26,-21,-46,-32,-9,10,-1,8,-23,-41,-5,-21,-8,-1,-32,-15,41,-23,-2,7,-33,32
2,1,0,0,-1,0,2,2,4,-2,-4,5,0,1,-3,-4,3,-4,-5,-2,5,0,2,-4,2,12,12,-1,1,1,3,0,1,-3,4,0,8,5,7,3,3,8,0,4,-2,19,5,13,3,3,8,-5,7,11,6,-11,2,0,-1,2,-2,2,2,0,6,2,6,-3,3,11,1,-3,6,-4,-1,3,8,2,5,-3,-6,15,-5,9,6,6,8,10,1,-3,7,-8,6,-1,5,18,12,-5,2,7,11,11,7,15,-6,7,17,17,16,10,-5,9,7,18,25,3,27,-13,10,1,4,9,11,6,4,-5,5,10,7,1,-5,-11,7,10,-6,0,2,5,3,11,-1,4,4,-9,-5,-2,12,0,24,3,-3,4,-1,-4,9,5,0,-11,-10,15,11,7,2,5,9,2,1,6,-1,12,3,-1,16,14,8,23,6,5,14,0,3,16,-20,5,7,-11,12,6,3,-6,9,-13,6,8,10,17,-2,8,11,9,7,16,23,10,1,17,11,7,22,3,3,12,7,5,9,-7,12,-9,2,3,-2,0,13,-13,15,13,5,9,8,4,6,-10,7,4,10,14,2,13,28,-4,10,8,2,20,10,5,16,5,20,7,20,14,13,6,7,-10,8,23,7,15,13,17,-6,7,17,23,16,16,5,8,0,12,12,4,16,5,31,4,1,5,9,-28,6,-7,2,-16,-3,9,11,3,-7,7,-4,-5,8,-3,21,18,9,4,18,1,7,5,22,-6,17,-3,-1,6,-8,-5,-2,16,3,10,22,-13,5,-2,-2,0,-1,-2,-1,-2,-2,-1,3,-12,-5,-5,-22,17,6,-30,5,-4,-9,1,-17,0,16,-13,2,-7,-6,-3,-1,-7,4,-8,1,4,9,-3,9,1,2,-1,2,-4,-6,-1,4,6,0,-7,-2,-1,-6,-4,0,-3,-4,-4,1,1,-2,2,0,-1,1,2,-1,-7,4,-6,-14,-5,-8,-15,7,-5,-11,-5,-10,8,4,-12,-21,-4,-6,-3,-34,-16,-8,-11,-15,-9,-33,-15,-4,6,-15,-18,-1,5,4,-8,-9,-7,0,-3,-5,6,-11,-8,-1,3,-3,-7,-1,-9,3,-3,-2,-2,9,-6,-13,-7,-4,5,5,-4,-7,-3,7,-24,6,-8,-5,6,11,-16,-7,-16,-24,3,-19,-4,5,2,-10,-24,6,-12,-10,-10,-2,-14,-26,1,-17,-8,-26,4,-5,-10,4,-11,-6,-3,0,-7,-10,-9,6,8,-15,2,-9,8,-6,-2,3,-16,3,-11,4,-6,19,-15,-14,6,-7,10,-11,2,-11,10,11,-9,6,-17,-3,8,9,-15,-12,-11,-24,6,-21,-1,20,0,-27,-3,-9,-17,-26,-11,-20,-8,-21,-3,-16,-4,-13,5,-7,-9,15,-4,3,5,-6,1,-3,-19,-12,-2,-10,-11,-12,8,5,3,-5,-10,-12,-6,6,11,21,-17,-3,-4,-9,4,5,-6,2,-10,22,-34,32,-41,-7,-2,20,-60,2,-31,-4,19,-33,9,16,-29,-41,-32,-9,-31,-24,-36,-20,-55,-38,5,-32,22,-35,13,-28,-20,19,-17,8,7,-31,-13,-5,-25,-19,0,-21,-12,-12,-20,9,-11,12,-26,-19,-13,-4,21,28,-36,-6,-12,-8,-5,0,-18,-6,-30
-2,-2,0,-2,-1,2,2,-2,1,-4,1,1,0,5,-1,6,2,-4,0,-1,-1,4,0,6,1,-1,-4,7,-14,13,-9,11,2,0,-11,17,-24,24,-18,17,-1,5,-11,26,-28,26,-26,21,-1,-12,-9,-4,-11,10,-16,6,1,-1,-2,2,2,0,0,0,-11,-13,-6,-11,-4,-10,-7,-8,-12,-6,-4,-9,-2,-8,-9,-10,-8,-2,-8,-2,-7,-3,-13,-1,-11,-5,-16,0,-17,8,-24,-7,-15,-13,-16,-2,-17,-4,-21,-3,-11,-39,-6,-44,1,-34,-9,-24,-15,-24,-23,-18,-24,-25,-7,-16,0,-8,-8,-19,-23,-1,-9,-2,-5,-12,-8,-8,-5,-11,1,-17,-15,-6,-14,-3,-12,0,-11,-2,-7,-13,0,-14,2,-11,-2,-16,-10,-8,-9,-6,-6,-6,-5,-7,2,-16,-2,-22,-7,-19,-5,-14,-21,1,-36,7,-28,7,-28,3,-3,-29,-14,-19,-16,-7,-23,-15,-3,-6,-20,8,-16,-2,-12,6,0,3,4,3,3,5,2,0,-2,6,2,5,5,11,2,7,2,0,4,3,3,7,3,5,-2,2,1,0,4,2,5,1,-3,-8,-8,-2,5,-6,-2,0,-5,-8,-13,-7,-2,-1,-5,-8,-13,-8,-14,2,-6,2,-10,-3,-13,-21,-14,-18,-16,-22,-10,-17,-11,-7,-8,-12,-14,-8,-8,-6,-12,-2,-13,-3,-12,-3,-15,8,-11,-15,0,-9,-3,-3,-10,-8,-10,-12,-7,-12,-6,-4,-7,-25,-12,-13,-10,-5,-7,1,-10,-4,-26,-16,-24,-9,-7,-1,-15,-18,-25,-6,-16,-4,-22,-1,-7,-15,-26,-24,-16,-14,-17,-31,-14,-5,1,2,1,2,-2,-2,-3,2,-2,6,6,-1,0,-4,1,9,2,2,6,12,2,3,2,0,4,5,6,8,6,4,-1,-2,1,3,5,4,3,2,-4,-1,-1,0,1,2,-2,0,-5,-3,-2,-1,0,-2,-1,1,-5,-3,1,0,2,2,-2,2,0,0,-5,-6,-9,-6,-9,7,-18,-6,7,-3,9,4,5,6,-8,4,11,0,16,0,4,3,5,1,10,2,13,3,12,3,15,3,5,9,3,12,-3,12,-5,14,6,11,2,20,-9,16,-8,14,3,4,1,5,4,12,4,10,5,5,11,3,9,3,13,10,2,1,-21,-5,-23,-5,-13,3,5,3,12,10,5,6,-4,2,7,4,5,13,-1,6,6,4,10,5,11,7,12,5,8,7,6,11,6,13,-1,11,-9,10,12,4,5,18,-6,11,-1,14,1,9,5,7,-2,14,-2,8,12,10,8,9,6,8,12,11,1,-6,-2,-1,-23,3,-20,-7,4,-4,-4,-3,-13,-5,-6,-3,5,-5,-1,5,-7,-3,-7,8,7,0,20,6,-3,2,-1,3,6,3,-5,10,-12,16,-2,16,11,11,8,19,-2,15,-3,16,9,16,4,5,-8,20,-3,15,13,12,19,10,15,7,16,8,-17,-27,-24,-41,-28,-25,-32,-68,-27,-27,-23,-44,-42,-23,-39,-19,3,-44,-18,-24,-29,-20,-16,-21,-4,-27,-8,-21,-4,-26,0,2,-2,-10,-24,12,-26,19,-44,26,12,4,5,18,-48,37,-46,24,9,13,-3,12,-20,36,-34,22,23,9,23,5,24,1,16,14
1,1,2,-1,1,2,-1,2,3,0,-3,2,-4,6,-4,7,-1,4,6,-2,3,-2,-7,-1,-1,-1,-2,5,0,-1,11,-8,-2,-1,14,-6,-17,15,23,-8,-3,1,-24,10,9,-8,-14,6,-30,-21,-5,-5,3,-9,-16,-3,2,1,2,0,0,2,1,-1,0,2,-1,-12,11,-4,2,-4,-2,4,5,4,5,-3,-17,4,11,-2,7,-4,5,7,5,2,8,2,1,2,6,6,6,-7,-4,-9,8,11,-3,8,-8,9,6,-9,6,-13,-15,-5,-21,13,-15,-10,-17,-11,-35,6,23,3,12,6,13,0,-17,5,8,-6,1,-4,-3,12,8,2,-8,-8,-4,0,9,3,3,13,-11,6,-4,1,4,-2,1,-4,-9,-10,11,-11,-5,-10,-6,-5,9,6,12,13,15,1,-15,1,9,2,2,-2,6,11,-11,2,13,-11,-5,-14,6,10,6,4,7,0,5,9,11,-3,9,-4,16,6,2,2,17,6,19,4,12,3,1,8,-14,6,9,-9,3,2,8,-7,-3,-15,6,3,3,9,-1,18,-14,-15,22,-11,3,0,7,11,-19,9,19,13,19,7,-5,11,-20,-2,18,9,15,6,9,10,2,13,12,-6,-2,6,-2,-1,-3,-20,13,-1,3,8,3,7,1,15,10,3,10,2,-13,3,-1,6,6,10,3,25,11,13,-3,-15,7,4,16,15,-4,15,-7,12,10,-4,24,17,-1,17,8,-6,20,-3,29,15,-4,0,-17,22,-6,8,2,25,-7,-24,7,27,0,12,22,8,7,12,-5,6,14,-5,-11,13,2,-2,0,1,-2,-1,2,-2,-14,-22,-11,-26,2,-41,4,-25,-2,0,2,-4,-6,1,-2,-4,-3,-4,2,5,-1,5,-7,-6,-1,-2,4,1,3,3,-3,2,-1,2,-7,2,2,-8,-14,-3,-1,-2,0,-3,-3,2,-7,-1,0,2,0,-2,-1,-1,0,-1,-1,9,5,6,6,-10,-5,-19,-14,-8,0,-1,-6,-16,0,-37,4,-3,-5,-13,-7,-50,3,-8,7,-1,-3,0,-9,-2,0,-1,-8,0,-3,-8,-2,-13,-12,14,3,9,-4,-5,5,-2,-17,9,6,4,-2,-9,-1,-2,-11,-13,11,-3,-10,-2,-4,-7,-2,1,-5,-3,2,-1,10,-11,7,3,1,-20,12,-21,-7,-64,-9,-46,-15,8,-4,-15,0,-10,11,1,8,-18,4,2,-3,-8,-6,-17,-14,2,-6,5,0,7,-8,9,0,12,-7,-3,13,-5,-16,14,-2,-9,1,-5,-5,-1,-11,-8,-8,0,-5,-15,-4,-8,5,-9,-7,-2,3,-2,10,-6,36,-27,-18,-11,-3,1,6,4,1,-10,-13,3,-5,-23,-20,-14,20,-29,20,2,-3,6,-17,-14,-30,-12,-18,-13,2,-21,-11,19,-25,20,5,7,-5,-2,9,9,-45,11,-2,-5,5,-7,4,-1,-16,-9,-3,0,-3,2,5,-1,-7,-1,-22,6,-35,-20,22,-15,31,-17,-30,-65,5,-36,14,-29,-4,-46,-23,21,-20,-43,-7,-26,35,-37,27,-6,-8,6,-26,-73,-14,-31,-35,-17,-11,-33,-3,0,-41,34,-24,13,-35,-32,12,-5,-36,29,2,-25,-9,0,4,-8,-22,-39,-16,-14,-22,-11,-2,-30,-12,-44
1,2,1,2,-2,2,0,1,-3,-34,-4,3,5,3,3,3,-6,-40,-5,6,4,4,1,2,2,-33,0,5,5,5,4,2,-5,-27,0,8,3,4,4,1,3,-12,-3,3,4,0,0,0,-4,-9,-6,2,4,-1,3,-3,-1,-1,1,1,1,-1,1,1,-4,5,-8,5,0,4,4,6,5,2,4,6,7,3,1,5,2,-13,5,-2,8,4,7,3,8,-13,7,-3,7,3,11,6,-7,1,-5,0,7,10,2,5,-9,14,1,9,5,10,7,8,-2,12,1,11,5,11,4,8,-6,4,-2,4,7,4,7,-2,3,11,5,3,1,2,6,2,4,-5,6,0,1,2,3,3,6,-1,-1,2,2,6,7,1,13,-13,-2,9,7,5,10,0,0,7,-1,1,0,5,5,4,2,5,1,1,7,0,2,-6,-2,1,-1,8,4,5,1,7,2,-3,5,2,3,-1,3,4,8,15,15,10,10,12,12,11,11,20,11,9,11,7,6,12,19,13,16,12,11,17,9,12,14,8,10,9,9,15,9,14,13,6,7,-1,8,12,6,7,19,-1,6,1,7,9,5,12,17,0,6,11,5,9,7,12,8,13,8,1,1,15,4,2,17,22,18,12,10,9,11,17,23,33,14,9,12,14,9,10,20,21,19,21,14,20,5,7,73,22,7,13,11,11,12,16,15,34,10,14,16,18,8,16,25,27,-3,9,3,26,4,5,19,41,12,3,6,29,-27,-7,3,-2,28,9,6,10,-1,6,0,1,0,-2,-1,0,2,-1,11,-3,8,-3,-9,-6,-14,-15,20,-58,13,-3,-2,-1,-5,-4,21,-60,12,-5,0,2,-1,-5,16,-68,12,-2,0,2,-4,-3,10,-7,5,-2,-3,2,-4,-4,5,2,1,-2,-3,0,-4,-3,0,-2,-2,1,0,-2,-2,2,-2,-11,-13,-6,-11,-3,-12,-5,-16,-28,-6,-23,-33,-13,-7,-14,-4,-8,-17,-15,-10,-5,-8,-9,-4,-14,-20,-5,-5,-10,-5,-7,-15,-10,-16,-3,-9,-6,-8,-6,-8,-16,-4,-9,-6,-5,-8,-3,-1,-8,-4,-10,-3,-6,-5,-3,-1,-3,-6,-6,-5,-5,-4,-5,-8,-7,-15,-11,-14,6,-7,-2,-7,-18,-7,-10,-7,-9,-6,-9,-8,-29,-17,-8,-10,-3,-9,2,-23,-12,-8,-8,-3,-9,-3,-1,-19,-13,-11,-1,-9,-1,-9,0,-12,-2,-12,-4,-4,-6,-4,0,4,1,-8,-6,-6,0,-6,-7,1,-3,-8,-7,-8,-2,-7,-2,-3,-10,-8,-9,-15,-10,-21,-10,-4,-16,-10,-10,-9,-7,-11,-6,-9,-27,-17,-13,-5,-7,-4,-10,-9,-30,-20,-11,-11,-13,-15,-8,-15,-19,-14,-15,-9,-8,-4,-9,-8,-26,-8,-9,-5,-7,-11,-5,-6,-20,-7,-10,-10,-8,-7,-7,-5,-20,-3,-9,-2,-6,-7,-6,-3,-5,-25,-12,-21,-11,-14,-16,-19,-29,-14,-54,-35,-12,-25,-35,-27,-20,-35,-17,6,-17,-16,-7,-31,-22,-27,-23,-21,-35,-23,-24,-26,-17,-15,-12,-8,-23,-12,-13,-19,-10,-13,-7,-14,-12,-22,-16,-3,-13,-13,-9,-12,-16,-21,-18,-4,-11,-8,-11,-7,-10,-11,-15
1,0,2,2,-2,-2,-2,1,-1,-1,3,-1,2,-1,0,0,-1,-4,3,0,0,-1,-1,-2,-3,-2,-2,27,0,0,-1,0,-1,-6,-3,57,12,-4,-2,3,4,-11,21,54,20,-9,2,4,1,-22,15,-75,15,-4,-3,7,2,-3,1,1,0,1,-2,2,-6,-5,-2,-9,-6,0,-4,-10,-9,2,-6,-1,1,0,-5,4,-3,-4,-3,0,2,-2,1,-1,5,-9,7,-4,-4,-2,-7,0,-7,0,4,-6,6,-4,3,0,1,3,2,-2,1,0,2,-6,-9,6,2,-13,-4,-1,-7,-8,0,-10,7,-9,7,1,-10,0,6,-1,-1,0,-1,2,-5,-1,4,2,-7,3,6,-2,-1,0,3,1,7,-2,4,-4,-1,6,0,4,5,5,-6,3,3,3,7,7,1,3,-1,6,5,-6,0,-1,5,1,2,12,-8,-3,-2,2,1,-23,3,-1,1,4,3,-4,-1,-6,-10,-4,4,1,5,4,8,14,8,4,7,0,-1,7,6,15,9,2,-6,2,2,3,5,13,1,-1,3,-1,10,9,2,12,7,-3,-3,-7,-3,6,3,4,6,2,5,1,1,-16,-3,-48,-6,-6,1,3,-9,-7,5,-12,-6,-4,-8,-2,6,-3,3,-3,2,5,2,4,4,6,26,5,-10,-32,3,-23,14,17,14,-13,0,0,7,-4,12,4,-9,-29,7,8,10,3,-5,-14,-2,5,-4,0,-5,15,8,-12,-13,-16,6,9,-22,3,-5,-15,-19,-11,9,-3,11,-20,-4,-4,9,-8,6,1,-1,3,6,-10,4,2,11,-28,4,16,1,-2,2,1,2,-2,-1,-1,-15,-9,-10,-21,-8,-14,-10,-5,-3,-1,-3,-3,-1,-3,-1,0,2,-1,-1,2,1,-1,0,1,2,1,1,-25,-1,2,1,2,1,4,-3,-84,-15,5,3,1,-1,4,-35,-111,-50,4,2,1,1,-1,0,-2,2,0,-1,-1,-6,2,-7,-5,-2,-4,0,-4,-5,-7,-7,-5,-4,-3,-1,-2,-3,-3,-6,-7,-7,-9,-5,-8,-14,-3,-17,-4,-21,-8,-9,2,-5,-21,-14,-21,-11,-24,-9,-5,-8,-27,-12,-66,-7,-11,-9,-8,-9,-40,0,-27,-2,-44,-16,-13,-11,-31,-20,-21,-19,-18,0,-13,-8,-5,-7,-10,-3,-16,2,-5,-14,-9,-14,5,-11,-7,-11,-21,-41,-15,-3,-7,-2,-9,-17,-18,-26,-53,-12,-1,-9,-23,-20,-16,-10,-30,-39,-13,-23,-29,-23,-13,-11,-16,-21,-80,-15,-12,-6,-4,-3,-11,-10,-79,-21,-11,-5,-12,-10,-21,-22,-7,-19,-36,-13,-4,-12,-13,-10,-27,-10,-13,-13,-14,-5,-13,-4,-41,-10,-5,-2,-6,-11,-13,-14,-44,-14,-11,-8,-9,-10,-12,-10,-55,-14,-9,-11,-8,-19,-19,-17,-44,-17,-16,-13,-10,-19,-21,-7,-44,-6,-22,-26,-16,-15,-22,-7,-45,-8,-20,-18,-15,-16,-16,-11,-39,-17,-19,-18,-16,-27,-38,-32,-59,-80,-24,-26,-40,-53,-28,-29,-40,-38,-36,-20,-35,-34,-46,-49,-38,-33,-53,-28,-34,-29,-52,-20,-55,-67,-31,-41,-39,-41,-38,-28,-56,-34,-55,-28,-55,-19,-36,-32,-63,-18,-50,-62,-33,-34,-38,-6,-59,-19,-41,-31,-22,-40,-39,-39,-48,-64,-64,-52,-28
0,-2,-2,-1,1,1,-2,2,4,-5,-4,6,12,4,-3,-1,-1,-1,-10,-6,-2,-4,-5,-3,1,-1,-4,0,-2,7,12,1,-5,-4,-5,-4,14,-6,-3,-3,-5,-17,-16,10,-16,-3,-13,-9,3,-3,24,-12,-7,-13,-19,4,0,-1,0,2,0,0,-2,-1,-4,12,6,14,1,6,1,-12,6,-6,4,-17,-6,-3,-1,-4,-1,3,-2,-8,-12,-11,8,-2,1,11,9,-3,-11,3,4,-6,1,-6,2,10,-5,-1,-12,0,11,-13,18,-33,-24,0,-8,5,2,8,-20,-16,14,-1,-6,-14,-2,12,9,5,-19,-13,7,-10,1,9,12,-2,-20,4,7,-10,12,8,3,6,10,-1,-2,-10,5,-1,-2,-7,-8,3,-12,-4,-11,5,12,5,4,-6,9,-1,-21,-5,-6,1,0,-17,9,-4,0,-4,-24,4,6,1,5,-7,12,2,-1,-9,-8,6,-21,9,-6,-6,2,14,3,10,11,-4,9,2,-3,13,-1,3,4,-3,6,8,14,11,10,-16,-4,-6,10,20,5,16,13,3,-1,13,5,-8,-10,-9,-1,-3,-12,-1,2,-1,-4,0,-1,-16,-1,1,19,16,9,12,0,-18,4,1,4,26,11,11,7,4,-4,4,17,-3,8,-2,-6,7,-25,-1,5,21,15,9,-5,6,2,-9,21,8,20,19,16,-7,-6,-1,18,11,12,-1,13,12,6,29,2,8,3,19,-2,2,0,23,11,0,-7,5,2,0,1,-3,-27,3,-21,-12,-24,7,-3,9,13,12,9,21,-22,-2,-4,19,20,-8,9,17,21,-2,-18,7,-2,-2,1,-1,-1,1,1,-2,-2,-4,-34,-4,-20,-3,-3,-5,0,-1,-12,8,8,-5,0,4,0,-9,-4,-3,2,-2,-8,-4,5,-5,-2,3,3,4,0,3,3,-1,0,2,-5,5,-1,3,-1,-3,1,1,-2,-3,-2,3,1,2,0,-1,-2,-1,0,-2,2,-20,-3,-18,11,8,1,2,5,5,-13,-17,-12,-17,-6,-21,15,-5,-3,6,11,-5,-25,2,-12,-5,-8,-18,-9,-5,-2,1,3,-9,-7,-5,2,3,-7,11,-4,-1,-9,5,-10,-2,0,-2,-4,-7,-2,-1,3,-11,-4,0,-2,-4,-6,6,-9,-4,0,-12,-10,3,12,2,0,-7,-11,-1,1,17,-9,4,-3,-6,-3,-12,16,-5,10,8,12,-4,7,-3,-8,-9,-18,-23,-8,-20,-8,-17,16,-15,-13,7,5,0,3,16,-2,-5,4,3,-11,-3,3,6,0,-2,8,4,1,-1,1,3,3,6,0,9,-2,-3,-2,6,-2,7,-24,-18,-9,-9,-15,-12,24,1,-24,2,-25,-14,-7,-24,23,1,-4,8,21,5,-29,-14,-20,-16,-52,-25,-19,-35,-21,-17,8,-32,-17,2,1,-4,-21,25,11,-14,-17,-1,-18,2,-21,2,-11,-15,-6,-13,15,-10,-14,-14,-9,0,-6,4,-12,-16,1,-5,-12,-6,10,-32,-28,-55,-60,-12,34,18,-56,3,-6,-28,-28,-25,15,-17,4,25,34,-22,-24,-25,-32,-45,-65,-61,-51,-38,-60,-48,-10,-41,-49,-18,-23,-16,-29,37,-11,-33,-39,-22,-47,-16,-36,-24,-21,-27,-15,-21,5,-25,-42,-8,-75,3,-14,-9,-31,-39,29,-7
0,1,-1,-1,-2,-1,1,1,2,2,3,2,3,5,5,2,2,2,1,3,4,6,3,2,1,-1,0,0,2,2,1,0,0,-4,0,0,1,-2,-2,2,-5,0,-9,-1,-5,-3,-3,-1,2,-12,-4,-11,-4,-4,-8,-8,2,1,-1,2,1,0,1,-1,11,12,9,9,14,8,10,11,9,11,9,9,6,11,9,12,9,9,8,11,10,10,5,12,7,-14,6,10,9,7,7,9,7,7,12,-5,7,0,3,-4,7,-9,8,16,1,-5,4,3,-5,0,-7,10,-1,-5,-19,-6,-9,5,-11,2,8,3,-11,2,1,9,9,7,5,4,5,11,1,6,6,7,5,9,4,6,10,5,10,3,11,4,8,2,6,6,3,5,-3,8,-3,10,11,4,6,-8,4,-14,5,1,4,10,-8,12,-18,6,-1,8,6,-15,9,-36,7,-17,5,-11,-16,8,-4,12,7,10,3,3,14,13,11,13,10,15,14,12,14,17,11,8,16,11,15,12,12,8,11,13,10,13,15,18,12,12,16,2,14,18,17,11,6,17,15,10,9,9,10,13,11,13,18,14,12,11,9,21,8,20,9,3,5,7,8,18,16,16,0,2,6,10,-6,14,28,16,21,19,21,23,24,29,21,19,23,18,22,20,28,29,25,20,25,25,23,23,23,19,17,25,25,27,35,25,31,26,-2,26,11,31,21,27,24,16,30,17,29,17,14,17,4,35,27,4,24,-4,22,38,30,33,11,12,23,22,-16,-5,19,39,1,-1,1,-1,0,0,1,-1,-27,3,-27,-14,-49,9,-77,-27,-4,8,-6,2,1,1,-2,5,-1,0,-1,-2,-3,-4,-11,-2,0,-3,0,0,-2,-2,-6,-1,-1,0,1,-4,0,-4,2,-1,0,0,1,-1,-2,-2,-2,-1,-1,2,0,-2,2,-1,-1,2,-11,-16,-21,-34,8,27,4,3,-16,-6,-34,-60,1,11,5,-96,-10,-26,-17,-11,-85,-6,-81,-11,-12,-14,-14,-9,-12,-6,-11,-8,-16,-12,-10,-10,-12,-12,-11,-12,-10,-10,-12,-11,-13,-10,-12,-12,-13,-15,-9,-12,-12,-10,-10,-10,-9,-11,-13,-9,-10,-9,-10,-8,-18,-7,-28,-7,5,41,2,6,-9,-37,-1,4,-79,16,-91,-27,-7,0,-16,-95,-11,-2,-13,-89,-2,-8,-84,-14,-5,-12,-9,-9,-13,-78,-13,-6,-20,-12,-13,-4,-23,-13,-6,-10,-10,-18,-13,-15,-13,-8,-11,-10,-14,-6,-17,-11,-9,-13,-10,-12,-6,-15,-8,-14,-54,-34,-52,-77,-60,64,-41,-25,-25,-18,-15,-9,1,7,-1,-14,-15,-12,-22,-11,-11,-12,-16,-21,-17,-15,-19,-15,-12,-16,-11,-13,-12,-14,-14,-16,-12,-15,-19,-13,-12,-11,-18,-8,-17,-11,-13,-9,-10,-11,-8,-8,-13,-8,-10,-8,-12,-9,-12,-7,-10,-8,-8,-8,-58,-13,-49,-77,-64,67,-23,5,-29,-46,-23,-19,-46,-66,-50,-24,-33,-38,-36,-72,-40,-28,-41,-27,-27,-22,-34,-29,-26,-23,-29,-17,-24,-28,-27,-27,-30,-25,-28,-25,-27,-20,-30,-25,-28,-28,-26,-30,-19,-22,-23,-22,-27,-26,-22,-27,-27,-21,-23,-24,-21,-30,-24,-51
1,-2,-1,-2,-2,-2,0,-1,-5,-1,5,-1,-3,5,-1,-3,-3,-1,-7,7,7,2,5,-4,-5,15,0,-2,0,2,1,-3,17,0,1,11,3,14,-4,11,-7,-18,2,-17,-3,-5,-7,-7,-3,-1,0,-7,1,-8,-4,-6,1,1,0,-1,-2,2,2,-2,2,-1,7,-8,-3,8,4,-4,0,-2,4,7,-1,4,9,-8,-1,13,21,2,0,0,15,5,15,-2,18,4,-9,22,-7,8,-18,-5,3,18,3,-9,7,3,-15,3,-23,0,3,0,-6,-8,-9,3,15,14,-11,-10,25,-1,18,-30,9,-21,-16,6,-4,2,-4,7,5,-8,-18,7,8,0,-8,-5,0,11,-2,-9,3,0,-4,-5,13,4,6,6,-16,-3,-12,2,7,6,-11,-9,19,-6,13,-6,5,11,-11,4,3,9,1,16,-7,-19,-5,-4,-23,-6,-11,-17,11,-13,3,-2,3,2,-8,-11,-10,14,-19,9,2,-1,7,0,-2,8,13,-2,-2,7,2,6,10,3,11,12,7,3,-1,4,-2,-4,3,4,-3,-5,3,-7,-3,5,15,8,5,-7,-16,14,-24,-1,8,-11,15,-8,12,-41,12,7,13,17,-1,19,-10,-9,-14,-14,-15,-8,4,-14,4,10,-45,-16,4,-18,10,-1,1,-2,14,7,4,8,-6,-3,-10,-17,11,19,7,3,4,1,4,-12,19,5,2,3,-6,-24,13,-8,-22,-5,-14,-4,8,3,-2,16,-2,-8,-16,12,8,-3,9,24,-1,5,10,9,-37,8,1,-14,1,15,14,16,-6,-2,9,-5,-2,-2,-1,-10,-13,-8,-1,2,-2,1,-2,2,1,0,-14,7,11,1,15,14,-53,11,-11,-6,2,-8,-1,1,-11,8,-8,-7,2,-2,2,6,-9,0,3,1,0,-2,-1,-1,1,0,1,3,3,3,2,0,-3,-1,-3,-2,-4,-5,-2,-1,-3,-1,-1,0,0,1,2,0,-1,-2,-11,-9,-29,-7,-10,-4,-2,-3,-6,2,7,-9,3,3,-15,-7,-13,-3,-10,-12,0,-3,-14,-11,-5,-15,-6,-7,4,22,-11,-12,12,-12,9,-10,-8,-5,-8,4,-5,8,0,-8,6,1,4,-5,-5,-1,-10,-5,-5,-4,-4,-8,-13,-6,1,7,-2,-5,-2,2,-8,7,0,3,-18,-15,0,-9,15,-2,-4,6,18,-6,-15,7,-8,-12,-16,-9,8,-15,-6,1,3,-39,0,-3,2,18,-6,-7,-13,-13,12,1,-6,-7,-13,8,-2,20,-2,-9,9,0,7,-8,-2,-4,-11,-2,-5,8,-4,-9,-3,-4,-1,-13,0,-3,-1,1,-21,15,-19,-12,1,12,-23,-23,7,-12,-1,13,22,-20,-6,-21,-21,-23,-21,-4,10,-12,-27,3,-18,-27,-6,-17,25,26,-24,-5,19,-33,11,-1,-23,-4,-31,-3,-9,30,-6,-14,21,0,13,-9,-13,-10,-22,-9,-8,-11,-11,-12,-4,-10,-4,-5,-2,-3,-9,-4,-45,14,-24,-2,-6,22,-51,-30,25,-16,-36,30,43,-36,-54,-33,-9,-42,-39,-4,31,-47,-28,14,-18,-56,-20,-30,39,37,-53,-43,34,-33,-1,17,-53,-23,-50,4,-30,38,-53,-35,34,-8,28,-32,-34,-45,-47,-14,-18,-27,-34,-28,6,-29,-21,-13,-13,-12,-22,-9
0,-1,1,1,-1,2,1,1,1,-1,0,-3,-4,-2,6,-3,0,1,5,-4,1,-5,3,-1,-1,8,3,-1,-1,-5,12,-4,5,-1,7,14,2,-2,-4,-4,-6,2,3,23,20,18,-4,8,-3,2,7,7,10,-10,9,-7,-1,-2,1,1,1,-1,-2,-2,0,1,14,9,11,8,2,10,10,7,9,1,3,-1,6,-4,-1,4,12,8,8,-1,7,0,-6,4,8,9,10,4,-4,4,-2,9,9,17,11,17,10,2,7,0,12,16,3,-14,1,10,10,4,3,-3,18,6,13,-17,-19,6,4,9,-1,-3,7,22,-7,3,10,8,5,1,-2,2,6,5,8,2,1,-12,8,1,-3,13,7,1,6,-2,-3,-1,7,11,16,1,3,-2,23,6,7,-3,9,12,0,13,2,19,1,-8,5,17,13,15,19,11,-1,1,-5,19,4,-9,3,25,-1,10,17,11,-5,3,-1,14,3,3,2,5,15,8,-3,5,11,8,11,12,9,25,1,9,-2,-4,-5,0,16,11,10,3,9,-9,1,-19,13,-10,16,-10,4,15,16,1,18,17,7,14,-2,0,13,2,19,19,17,-8,13,19,12,12,15,31,21,16,7,7,5,7,14,19,9,6,16,17,12,19,12,9,-9,10,32,9,15,14,13,22,16,-1,12,17,2,14,20,16,14,15,24,28,36,-19,24,-7,26,23,14,2,11,37,31,28,16,41,24,1,22,37,18,39,14,45,20,23,3,1,24,40,35,41,7,13,31,6,13,26,27,49,-2,0,2,2,2,0,-1,-2,-13,-17,21,-9,-17,-11,-41,5,-1,-7,7,-7,-4,-14,14,-5,-2,3,0,-3,-1,-12,16,-4,-3,1,-2,-2,4,1,12,0,-3,-2,1,-5,0,-2,2,-1,-1,-2,-2,0,-6,-1,6,-2,1,2,-2,2,0,0,-2,-2,-6,-19,-4,-28,-18,-7,-2,8,-14,-6,2,4,12,-13,-10,-4,-1,-1,-17,-11,0,2,0,0,-4,4,-21,0,-9,-20,-12,-18,-7,9,-5,-10,-13,-2,-13,-1,-5,-12,-1,-14,5,-17,-16,-12,-5,-25,-1,-4,-2,1,8,-8,-11,-3,-9,-3,-23,-13,-6,-12,-3,-1,4,-7,-23,2,-9,-8,-18,12,-2,-8,11,0,-3,-3,0,-5,0,-10,15,-7,-6,5,-12,5,-8,11,-2,-5,-4,-7,11,-7,14,-17,-5,3,-1,-12,-10,3,-8,-12,-5,-4,-6,1,3,-5,0,-1,1,-4,3,-2,-2,-1,2,-3,-7,-11,1,0,-7,-8,-21,-13,-12,-10,-7,-6,7,3,-11,-11,3,-13,-17,-21,-8,-2,-9,-15,-7,5,-13,-5,-1,2,-10,-13,-14,-16,-18,-8,0,-18,1,-26,-24,1,-6,-4,-11,-10,-4,-8,6,-12,-9,-18,-11,-6,-3,-11,8,5,4,-21,-6,-3,-2,-18,-11,-13,-5,-12,-17,-22,-26,-20,-10,-28,-44,-27,20,0,-23,-7,3,-37,-14,-14,-34,-10,-18,-22,-23,1,-20,-3,-13,-2,-48,-42,-20,-31,-19,-10,4,-15,-11,-28,-41,18,2,-3,-9,-6,-12,-8,21,-26,-3,-30,-23,-26,13,-11,26,27,16,-17,-9,-7,1,-15,-19,-30,-12,3
3,-2,2,2,-1,2,2,2,4,-2,1,3,-7,3,-1,-2,1,-1,-3,5,-3,4,1,-2,0,4,-1,-4,-3,-3,2,1,-11,5,4,1,5,-14,4,3,0,-29,1,31,-2,-28,8,0,-4,-19,-1,-50,-1,-3,-3,6,1,-1,0,-1,-1,-2,2,-1,-1,2,-1,-5,1,3,0,-1,-5,3,1,13,-17,-1,1,8,-7,-3,-3,-8,-9,-1,7,-5,-14,-3,5,-8,-17,9,-10,1,10,-20,12,-26,0,9,8,-7,-12,-19,11,-5,1,13,4,-13,-3,18,3,-30,-27,8,-1,-6,-12,-1,6,-8,-8,4,-3,-8,-2,1,4,0,-2,16,1,8,16,4,2,18,4,8,10,-5,6,-16,13,14,5,14,-15,2,-9,13,-8,3,0,-11,-2,-1,8,-8,-13,4,-8,7,0,5,-1,6,-3,1,-4,-12,20,-23,-4,-5,-6,-19,-18,-12,-12,9,-20,-7,-14,-17,2,-16,3,4,9,3,3,4,7,-1,3,10,5,5,-13,2,8,17,8,8,10,-12,-24,5,11,-15,-1,-3,4,-4,-13,3,9,4,-13,-4,2,-12,-6,-7,8,-4,-11,12,-19,-35,-16,-2,-6,-6,-28,5,-5,-11,5,-20,-18,-7,-5,9,-1,-2,-4,-1,6,-22,-7,1,3,6,5,10,3,7,-14,11,2,8,1,12,-2,15,15,-6,13,-10,1,19,14,-11,-13,-1,6,-7,-15,-6,0,9,-10,-1,9,-19,-13,-7,20,6,-22,13,1,8,-3,1,-11,-27,26,-12,3,-54,3,-13,-19,1,3,13,11,-9,-26,-1,4,13,19,7,-1,2,-1,0,1,1,1,2,-1,-19,-14,-9,-8,-2,-3,-6,-4,-3,-21,9,-7,-7,-4,0,2,-3,-4,-1,0,-8,3,1,-1,5,-1,0,1,-7,-3,7,2,0,9,3,5,-5,-8,2,0,1,1,4,9,-6,3,3,0,-2,-1,1,1,2,2,1,1,-8,9,-7,2,-5,2,0,-1,-6,-13,8,8,-13,12,-1,1,1,7,-8,9,-1,-28,9,-4,-11,-17,-2,5,-20,-14,-4,-1,-5,-5,2,2,-10,-4,10,-4,-6,-4,14,1,-5,-10,-8,-11,-4,-4,-4,-4,-10,-14,11,-2,-9,-3,-17,-1,-24,0,7,-17,-2,-19,-12,-27,-5,-4,-23,0,-31,-11,8,-4,-39,4,8,-6,-2,-10,-6,10,-6,-17,4,-19,-14,-18,-21,3,-37,-8,7,5,-29,-13,-12,-19,-16,-24,16,5,-14,-6,-1,-5,-7,-12,-11,-15,-2,-17,-3,3,-8,-13,-13,-2,-26,-4,0,-9,-1,-2,-7,7,2,2,-17,-5,12,-6,-11,-15,-21,-22,6,11,-28,2,3,-12,3,-9,-3,24,-18,-20,-3,-19,-11,-2,-13,18,-34,-8,-5,7,-49,-25,-16,-7,-23,-25,12,-5,-11,4,-1,-9,-13,-13,0,-14,-1,-3,-6,6,-19,-25,18,-6,-4,-11,-2,-4,-14,-5,0,-1,0,-10,-46,17,13,-10,-34,-10,-26,-31,20,39,-44,9,2,-44,1,-26,-23,18,-18,-30,3,-39,-18,-13,-51,23,-57,-34,-22,9,-44,-34,-49,-45,-47,-43,11,-9,-27,-38,-18,-34,-31,-34,-11,-22,-21,-26,-17,-5,-19,-64,-4,-24,-27,-24,-6,-24,-28,-27,-35
-2,-2,-2,0,2,0,-2,-1,0,-3,-1,-2,-1,2,-2,3,-1,0,0,3,-1,4,2,3,1,-7,-4,1,-7,-6,-4,-1,-3,1,17,-1,15,11,2,1,0,3,-26,2,29,-4,-1,-4,10,-4,4,0,-20,-5,-13,6,2,2,-2,-1,-1,-2,0,1,9,4,4,-2,10,3,-1,15,2,5,-1,0,4,14,-1,10,13,4,1,4,16,-4,11,-1,-12,10,6,-3,24,3,-18,-3,9,3,-34,-8,32,-1,4,-3,-2,-13,-8,8,-6,-16,0,12,6,5,-3,-12,-6,8,5,-31,-14,-30,1,-9,1,-8,-4,-9,4,-4,1,5,4,0,-10,7,2,0,-7,3,3,-9,-1,5,2,4,-1,0,3,8,1,6,-6,6,-3,-9,0,15,-3,-7,-3,-3,2,6,4,-14,-1,14,7,-13,-3,-5,14,6,-4,8,-13,3,8,-14,12,11,1,-3,2,6,-30,1,-5,4,21,-1,7,10,19,13,3,15,8,7,16,5,13,17,11,14,4,9,2,9,19,-1,-7,4,7,6,7,10,13,27,7,9,7,8,5,0,12,24,-20,3,12,4,-7,5,29,-5,13,13,17,6,-5,6,21,29,5,6,19,-8,4,-12,0,20,-12,14,2,4,2,11,13,9,2,29,3,11,16,4,8,13,18,14,14,11,-1,16,19,10,11,21,4,14,3,-2,17,17,15,14,-5,14,3,12,15,20,-7,4,12,16,4,-2,-31,28,15,16,19,-15,-1,-1,7,-4,-4,6,25,10,15,14,6,12,9,25,20,1,-1,-2,2,2,0,2,-2,2,-4,-21,15,2,4,3,-11,6,-3,-22,8,13,-9,4,-8,3,-2,-3,10,1,-8,4,-2,1,-4,-2,3,-2,-6,0,2,1,-2,0,1,10,-2,5,-2,-2,-2,2,0,1,-12,3,-3,1,1,-1,-2,-1,2,-2,0,2,-3,-13,-1,-7,9,-6,-14,8,-6,5,-1,-13,-6,-3,-1,-12,-17,-18,-13,-6,-12,-19,-16,-18,-3,-6,3,-18,-13,-5,-2,-3,-11,-3,-6,-4,-11,-10,-24,-5,-2,-1,-5,13,2,-2,1,-3,-5,7,-1,-3,-14,8,-10,4,-21,-2,-1,-1,-4,1,-1,1,-5,-25,8,-10,-12,-2,-1,-11,-16,-16,6,-4,-8,4,-11,-2,-9,-24,-10,-5,-16,-22,-6,-16,-13,-4,1,-8,-21,-10,0,4,-9,2,0,-16,-4,-12,-7,0,-2,-1,-13,25,-5,-7,-4,1,1,-9,7,-4,-9,6,-5,-11,-15,0,-6,-6,-10,-5,-16,-4,-1,-24,-4,-3,-12,-4,-22,11,-7,-19,3,15,-18,7,-13,-24,-24,-23,-2,-8,-22,-7,5,-14,-17,-21,14,-26,-31,-22,9,-31,-22,-4,-16,-23,-25,-22,-18,-13,0,-20,-3,23,-12,-6,2,-7,-8,-10,-6,-3,-24,12,-16,-15,-9,-2,-4,-6,-22,-12,-7,-8,4,-35,-7,-3,-46,-18,-34,-5,-35,-38,6,5,-58,8,-26,-53,-39,-61,-18,-6,-32,-52,-14,-44,-54,-21,30,-56,-37,-38,11,-51,-50,-18,-16,-44,-32,-36,-29,-6,-41,-53,-14,36,-41,-16,7,-27,-24,-53,-57,-9,-31,22,-20,-28,-40,-17,-27,-20,-58,-13,-15,-17
0,1,-2,-3,1,-2,-2,2,6,-1,1,-2,3,1,1,-2,4,2,-1,1,1,7,6,3,1,1,2,4,5,3,-2,0,-1,-2,-3,0,1,-2,-1,-2,-2,-9,5,-9,-7,-6,7,19,32,-4,-11,-16,3,-8,37,54,1,0,0,0,0,-1,1,0,-22,0,-10,9,2,1,-5,8,3,4,3,-2,0,5,6,18,4,7,2,1,5,3,13,13,-3,5,1,4,3,5,7,2,-14,-13,-17,-19,-35,-5,6,11,-2,2,1,14,7,12,13,13,4,3,-18,-11,14,9,10,-6,0,-14,2,13,2,2,9,-26,3,-14,4,10,0,8,11,12,10,6,-4,2,13,6,12,-5,-1,9,6,6,5,10,6,11,9,-5,4,1,1,-6,6,1,1,3,6,3,5,5,-2,17,12,4,11,2,2,10,12,8,5,11,2,14,-21,-4,8,11,15,1,14,10,19,2,21,11,2,-9,-6,-3,-4,-1,-6,1,2,-1,-1,-1,-9,-5,3,0,-5,-12,-8,-5,-12,-4,9,1,-10,-14,-11,-7,-2,1,-4,-2,16,-6,-22,-1,-4,-5,-1,-9,-1,-6,-10,-24,-14,-5,3,-1,-5,-15,-14,-9,-15,7,6,-11,-1,-6,0,-3,-2,5,8,-23,-2,9,-12,1,9,9,8,-19,-21,-9,-10,-23,3,-6,-15,-1,15,5,9,4,11,9,2,-10,-6,12,-8,-20,-5,6,15,-15,0,-1,28,11,4,14,4,20,-7,-10,-13,-9,14,8,-15,3,-24,3,-3,-21,-9,-6,25,21,0,7,6,-27,0,-17,14,-1,-2,0,-1,1,-1,-2,0,2,-23,-52,-23,-5,-20,17,11,11,0,-5,-2,-8,0,5,4,-3,0,-3,-3,4,0,3,3,-4,0,1,-1,1,2,2,1,-8,0,-1,0,0,1,3,3,-12,-2,-3,0,3,0,5,0,-14,1,2,-3,1,2,-1,2,0,-1,-11,-5,-19,-6,-11,-8,-2,-8,-12,-10,-10,-7,-4,-16,-5,-3,-20,-11,-9,-7,-5,-19,-16,-1,-6,-8,-5,-3,-11,-1,-17,-22,0,-15,-5,-7,-4,-20,-7,-10,-12,-4,-9,-3,-9,-28,-24,-12,-8,-27,1,-16,-56,-11,-14,-30,-10,-4,-15,-10,0,-4,-66,9,-2,8,0,2,1,5,7,2,9,4,8,-10,4,-6,5,9,-2,6,-1,8,3,1,3,-6,6,3,10,3,8,3,5,7,-10,7,-1,3,2,15,-6,1,0,-1,2,-2,9,-10,0,8,-4,-5,-6,4,-3,-23,-20,-15,2,4,3,1,3,-36,-40,-3,-17,-5,-9,-8,3,-3,-19,-17,-9,-4,-14,-8,-4,-8,-22,-10,-16,-12,-30,-8,-8,-14,-15,-8,-11,-2,-6,0,-18,1,-10,-2,1,-17,-1,-6,-7,-15,-19,-13,-7,-10,-14,-8,-7,-15,-44,-14,-10,-5,-4,-13,-8,-17,-25,-49,-47,-43,-45,-37,-22,-16,-49,-22,-28,-23,-29,-43,-2,-18,-12,-18,-18,-50,-25,-60,-13,-14,-36,-20,-15,-20,-17,-12,-28,-36,-30,-40,-36,-29,-9,-37,-23,-23,-16,-28,-31,-55,-3,-9,-6,-48,-20,-7,-37,-26,-8,-43,-18,-43,-29,-48,4,-7,-4,-3,-8,-13,-45,-48,-55,-40,-53,-53,-18,-15,-41
0,-2,1,2,-1,0,1,2,-1,-4,0,-1,-4,-3,-8,-5,-5,-3,-1,-3,-3,-1,-5,-7,-2,-3,0,-2,-2,0,-11,-7,-3,-2,-3,2,-2,-8,-18,29,-3,-1,-3,0,2,3,47,43,-2,0,2,-2,2,14,-62,-24,-2,-2,2,0,-1,0,0,2,-10,-4,-2,-8,-5,-6,-10,-2,-1,-4,-8,-9,-4,1,-2,-5,-8,-12,-10,-3,-3,-4,-4,-7,-3,-3,-8,-7,-17,1,-1,-15,-20,-7,-3,-2,-3,-5,-7,-15,-4,-8,-7,-3,-2,-13,-7,-5,-6,-17,-6,0,-2,-1,-37,-27,-12,-7,-5,-13,-14,-11,-32,-10,-3,-10,-7,-5,-2,-6,-3,-11,-6,-10,-10,-2,-9,-9,-7,-10,-4,-7,-8,-5,-8,-8,-8,-12,-4,-9,-7,-5,-16,-9,-11,-18,-3,-7,-8,-11,-13,-8,-9,-3,-1,-3,-6,-5,-13,-28,-15,-23,-4,-6,-8,-9,-21,-4,-27,-25,-3,-6,-10,-1,-4,-7,-17,-27,-5,7,1,-3,-2,1,6,2,-4,-8,0,-2,-8,-3,1,-13,-2,-2,-2,-12,-2,-11,-2,-6,-2,-7,-3,-7,8,-6,-3,-18,3,9,5,5,-19,8,-3,-2,8,-5,-11,-1,-5,2,2,-8,0,-4,-4,-5,-9,-5,-2,-9,-8,-10,-4,-2,-6,-6,-8,-13,10,3,-2,2,1,4,0,6,3,-1,1,9,2,2,0,4,-1,3,8,-3,-2,4,0,-2,10,-3,2,-2,2,1,0,-7,4,-8,-1,-3,-6,5,1,-12,8,2,15,2,-6,5,0,1,1,-2,-3,-9,0,-8,-23,-6,-15,-4,-4,9,-2,-8,-10,-6,0,-1,0,-1,2,0,-2,1,-80,-79,-6,-15,-6,-6,-12,-9,-2,0,1,-1,1,1,2,-2,2,2,1,3,3,4,3,4,2,2,1,4,4,5,6,2,1,2,1,1,2,9,10,-27,3,3,0,0,-1,7,-34,-69,1,1,0,1,1,-1,2,0,2,7,9,7,5,6,3,7,4,0,7,7,2,3,-2,5,4,3,7,0,3,2,0,-8,6,4,1,3,-4,-9,-21,-3,7,0,-2,-13,-9,-22,-24,-17,8,6,-12,-5,-31,-52,-16,-71,8,6,4,-15,-17,-15,-6,-80,8,0,-10,-8,-24,-61,-21,-8,-39,-68,-8,-5,0,1,-4,3,-7,-56,-72,-4,-2,-9,-1,-5,-7,-5,-68,-37,-12,0,-7,-25,-5,-5,-5,-66,-64,-7,-6,0,1,-8,-4,-1,-30,-66,-9,-25,0,0,0,-1,-3,-36,-40,-73,5,-6,-1,-12,-6,4,-75,-78,-3,-5,-20,0,-9,-71,-21,-23,-39,-38,-43,-40,-35,-31,-52,-53,-36,-37,-32,-35,-31,-36,-39,-38,-33,-47,-47,-38,-42,-43,-48,-43,-39,-29,-36,-29,-38,-33,-31,-38,-46,-38,-35,-67,-30,-38,-59,-32,-33,-54,-37,-48,-41,-30,4,-37,-57,-44,-41,-43,-38,-60,-26,-72,-61,-60,-63,-59,-56,-32,-42,-39,-69,-54,-51,-46,-54,-35,-36,-39,-22,-40,-29,-19,-19,-50,-42,-33,-38,-28,-53,-18,-22,-33,-34,-47,-39,-55,-58,-53,-21,-46,-51,-37,-45,-37,-32,-39,-53,-61,-44,-28,-52,-43,-25,-53,-38,-42,-41,-45,-51,-59,-51,-50,-52,-28,-31,-19,-52,-44,-19,-41,-51,-56,-47,-50
-1,1,2,2,1,-1,-2,0,-2,-4,-1,-4,-1,-2,-1,-2,-4,-4,-3,-5,-4,-2,-1,-4,-4,-6,-3,1,-2,-6,-1,-1,-2,-5,-6,-4,-8,6,-2,-3,-31,-4,1,-50,21,-3,7,8,-3,-47,-2,93,2,-34,-18,3,1,-2,1,1,0,0,2,2,0,4,-15,-12,-2,-6,-2,-11,6,-2,-6,4,1,-11,-16,-13,9,0,1,6,-2,-13,-10,-5,-20,-6,-16,-1,2,0,-10,-1,2,3,6,1,-4,-8,2,3,-5,-20,-9,1,-4,-10,8,-8,-12,-9,-3,-13,9,-12,1,1,-2,-16,7,-3,-8,-9,0,-12,-3,5,-5,-2,0,2,4,0,1,-3,8,-9,0,2,-9,-6,-2,5,-10,-1,-9,-1,-11,-8,1,-4,-5,-4,-2,-28,-7,1,4,5,-6,-3,-10,11,3,-5,4,3,-7,2,-11,-1,-1,-9,-3,3,0,8,2,-5,-18,0,2,-5,8,0,-5,0,-4,-6,-1,-8,6,4,3,-4,-11,1,6,8,1,10,6,9,1,4,9,-9,15,5,12,-29,-11,-3,9,-7,11,-1,-2,9,-23,-19,6,-6,11,-6,4,0,-8,-2,9,-21,19,13,-6,-9,7,-8,13,1,9,12,11,7,-15,11,17,12,13,15,2,11,15,-9,-8,21,15,12,14,4,7,8,-5,12,-16,14,12,-21,-18,9,10,1,-1,17,-2,7,21,9,-14,-7,27,9,13,14,-33,3,7,14,13,9,14,0,17,10,20,-3,-17,9,9,17,23,-22,13,11,18,15,-35,1,19,12,15,15,8,1,10,11,7,11,2,-1,-2,1,2,0,1,-1,11,8,12,15,4,6,11,11,-3,0,5,-6,4,-2,7,-3,-2,-2,1,0,4,-1,4,-2,0,-2,-1,-1,1,2,4,-1,0,-1,1,5,1,-2,3,1,1,-2,-3,5,-14,1,0,2,0,-2,2,-1,2,1,-2,-1,-1,11,2,0,-15,-3,-8,-6,2,-20,1,0,1,-2,1,-2,-9,-5,6,-11,-1,-1,-6,4,-5,1,-15,-11,-12,1,-5,-2,-1,-11,6,-15,-6,-7,-3,-29,-18,0,-30,-8,-40,-8,-4,0,3,-88,-11,5,-20,-37,-7,-5,-11,1,-4,-67,-12,11,-3,-1,10,3,-2,-10,3,-2,5,-5,11,-8,-8,7,-5,10,-8,4,-7,-33,-6,-4,3,-2,7,1,-13,-16,-14,-1,-7,4,-11,-37,-55,-19,-8,-5,-5,-5,-53,2,3,-69,-15,-12,9,-33,-2,0,12,-7,-69,9,-71,9,7,-13,-22,4,14,-94,-5,4,3,6,-8,-2,-3,-55,-3,-6,-5,-19,-4,-7,5,-43,-1,-6,-11,-3,-12,-18,-8,-67,-11,-15,-4,-14,-28,-18,-3,-81,-18,-5,-13,-5,-7,-14,-4,-50,-13,-7,-9,-7,-4,-5,-7,-65,-10,-10,-10,-14,-7,-20,-13,-6,-22,-3,-9,-6,-28,-33,1,-68,-6,-22,0,5,-8,3,-33,-34,-15,-35,-9,-19,-17,-26,12,-36,-3,-32,-14,-15,-24,-37,-29,-79,-24,-30,-28,-17,-23,-43,-31,-62,-33,-19,-15,-38,-55,-17,-19,-57,-22,-15,-40,-13,1,-36,-28,-34,-18,-35,-6,-28,6,-32,-25,-24,-42,-11,4,0,-17,-15,19,-60,-2,-38,-38,-24
2,-2,1,-1,0,2,-2,-2,0,-2,0,1,-4,-2,0,1,1,-2,2,-1,1,-1,-2,-1,2,1,2,3,2,-1,-4,0,-2,35,2,2,1,3,0,1,19,64,10,-4,2,0,2,0,14,53,14,-6,1,8,-5,5,-1,-2,0,0,-2,1,-3,2,2,-2,-2,-8,-1,0,-2,4,-2,1,-1,2,-4,4,-4,-2,0,4,-2,0,0,0,0,-4,0,5,6,1,4,-2,-8,-2,8,-26,9,3,6,-2,-6,-18,10,-8,8,8,-1,4,0,-4,2,2,2,7,2,6,1,-5,2,9,12,6,8,4,5,-3,1,4,-1,1,0,1,7,4,-5,0,4,3,1,5,6,6,5,-2,1,2,1,2,10,4,4,4,4,3,8,7,-2,4,3,4,2,10,10,-2,4,1,3,1,3,10,-1,6,-16,-2,10,-2,9,-1,3,2,4,0,2,5,15,9,9,10,2,-2,7,12,7,3,3,0,2,-1,4,14,2,1,0,3,-2,3,6,13,3,0,-1,-1,-1,1,5,13,11,5,-2,1,-2,-5,14,10,8,7,3,-1,-2,2,1,0,-2,3,3,0,-6,4,6,-27,7,-2,-4,3,2,11,12,4,7,7,6,9,0,10,8,9,6,3,-18,9,9,-9,6,13,-2,9,-7,-26,2,0,0,16,5,7,-4,-13,13,-3,12,-14,-7,-6,5,3,-30,-18,-10,-14,-9,-7,7,1,-24,10,0,10,-6,4,-14,20,-9,-9,-3,-23,3,6,2,-10,3,6,8,-9,6,8,12,-9,2,6,-2,2,-1,2,2,2,0,0,-9,-19,-16,-9,-10,-19,-2,8,-2,-2,-2,-4,-4,-6,-2,1,-1,4,-1,1,1,-2,-1,0,1,-1,2,3,2,1,0,2,2,-41,4,4,1,1,1,2,-15,-94,-18,1,2,2,1,0,2,0,1,1,1,-1,1,-2,-6,1,-5,0,2,-9,-1,-1,-12,1,-1,-2,-5,-3,-2,0,-3,-13,2,-4,1,-4,0,-1,-15,-2,-13,-1,-4,2,-5,3,-62,-8,-25,-10,-3,-6,1,0,-24,-40,-6,-15,-9,-2,-3,-3,3,-87,-2,-23,-1,-6,1,-4,-10,-96,-5,-25,0,-3,3,6,-8,1,-6,-2,-7,-3,-23,-8,-3,-6,-3,-2,-10,-15,-19,-76,-3,-4,1,-6,-26,-5,-14,1,-9,-3,-10,-13,-16,-16,-4,-4,-22,-3,-18,-21,-20,-3,-4,-5,-40,-40,-24,-14,-4,-2,-2,-3,-32,-68,-11,-7,-5,-4,-1,0,-28,-93,-14,-11,3,0,-3,-1,-2,-38,-8,-2,-3,-7,-5,1,-9,-21,-4,-4,-6,-13,-6,-3,-4,-27,-4,-9,-7,0,-4,-3,-4,-30,-2,-5,-4,-7,-6,-5,-11,-37,-3,-7,-2,-2,-2,-4,1,-32,-6,-9,-3,-8,-9,-7,0,-85,-4,-12,-11,-14,-9,-7,-8,-29,-1,-10,-9,-13,-14,-12,-18,-36,-45,-32,-25,-18,-32,-16,-31,-23,-54,-18,-22,-16,-23,-12,-37,-46,-26,-21,-32,-17,-27,-32,-29,-35,-26,-20,-28,-50,-31,-17,-53,-38,-27,-30,-13,-20,-17,-24,-5,-59,-20,-25,-22,-12,-22,-11,-8,-76,-8,-29,-14,-28,-21,-19,-23,-46,-10,-20,-23,-30,-30,-38
0,-2,3,-2,-1,1,1,2,-1,-1,-1,-2,1,-2,2,-2,-1,1,1,0,-1,1,-3,-2,-3,-2,1,2,1,1,-3,-2,-2,-4,-2,2,0,-2,-2,-2,7,4,0,-4,3,-78,-1,-2,8,8,-17,-41,-2,89,3,-79,1,1,-1,-1,2,0,-1,1,0,1,7,-4,8,-8,1,-12,-15,5,-2,1,-4,-4,-4,3,1,-16,5,-8,6,-2,-1,-4,-6,-5,-5,6,-7,4,-2,1,-11,-11,-7,-7,1,-6,-2,-9,-8,0,-13,-23,-8,-50,0,-2,-10,-15,-4,-13,-29,-27,-12,-8,-3,-7,-13,-15,-13,-16,-17,-7,2,-9,4,-1,-10,-3,-5,-9,-1,-7,-5,5,-1,8,0,-4,1,-22,-17,-5,5,0,0,-2,-16,-2,-2,-6,-6,-1,-8,4,-2,-6,-5,-2,-15,-8,1,-7,-14,8,-8,1,-13,3,-5,3,9,-10,8,-15,5,-15,-17,-31,-6,3,-9,1,-7,-26,-17,3,4,1,1,4,5,3,6,5,6,11,-14,-12,-3,0,-2,8,6,-6,3,-2,6,2,14,5,1,4,-7,-6,5,-6,12,6,4,6,1,-13,3,1,7,-12,2,6,-10,-8,5,0,11,0,4,4,-17,-4,0,0,10,-7,22,13,6,18,17,21,21,23,2,10,8,13,17,22,3,9,-17,12,5,6,7,6,24,19,-8,19,-8,-6,18,17,-20,-51,9,18,19,3,20,18,13,16,3,20,-1,21,2,3,-2,3,24,11,2,-4,10,-9,20,14,-22,6,3,-1,1,-16,2,21,19,21,1,6,18,14,15,21,-1,-1,0,0,2,-2,1,1,12,1,-2,2,20,4,17,-2,0,0,-1,1,5,-6,3,2,-3,-1,-2,-1,1,-3,0,-5,0,-1,-2,-2,-1,-5,-3,-2,1,-2,-2,-3,-2,-8,-4,-3,-1,-4,-2,-1,-5,-7,-3,-3,2,0,-2,-2,-2,-1,0,0,-1,-18,-7,2,-2,4,5,-11,-8,5,-13,5,6,4,2,-9,-4,-6,-9,-15,-1,-29,-9,-10,-8,-6,-27,-7,-6,-2,-2,-6,-6,-8,-7,-4,-4,-4,-2,-5,-12,-9,-11,-19,-37,-6,-50,-6,-34,1,-10,-41,-11,-2,-17,-46,-16,0,-15,-2,-12,-57,9,3,-5,-7,-1,1,-13,-4,-2,-3,-9,-5,-20,6,-5,-9,2,-11,-69,-3,-6,-12,-16,-16,-6,-21,-5,-40,-13,-10,-7,-1,-8,-1,-1,-10,-46,-8,-2,-10,-10,-8,-9,-7,-9,-48,-16,-5,-7,-39,-8,-9,-7,-6,-47,-32,-47,1,-14,0,-2,-2,-6,-56,1,3,-8,-7,-6,-4,-11,-53,-5,-8,-7,-8,-6,-4,-1,-53,-6,-8,-7,-9,-10,-12,-14,-69,-5,-6,-5,-4,-14,-15,-11,-59,-13,-10,-9,-9,-4,-17,-12,-60,-14,-1,-14,-14,-10,-14,-28,-76,-11,-6,-12,-4,-10,-7,-19,-27,-20,-5,6,3,-1,-37,2,-58,8,-51,-17,-7,-20,-6,-18,-62,6,-7,-7,-11,-14,-14,-12,-45,-22,-4,-59,-12,-17,-16,-47,-77,-36,-23,-14,-41,-27,-40,-25,-48,-26,-13,-10,-25,-38,-27,-34,-70,-17,-16,-38,-21,-11,-43,-23,-44,-38,-40,4,-3,-16,-18,-38,-25,-43,-56,10,2,-14,-8,-1,-61,12,-42
