-2,2,2,-2,-2,-2,1,-1,9,2,9,-4,-4,1,0,4,11,-1,9,-4,-7,-1,8,6,6,-12,-9,-3,1,5,9,1,8,14,7,13,-1,-4,5,12,4,-1,-9,-8,4,8,-4,2,-10,2,-19,-7,-6,-15,1,-9,-2,0,-1,-2,2,2,-3,0,-17,4,1,10,0,4,0,-5,6,-8,-6,16,7,-8,19,5,2,-10,7,20,19,9,1,-7,28,-3,18,16,-12,2,-3,25,16,-9,-18,8,20,9,-19,0,-27,0,-1,-5,-14,-18,14,23,22,-4,-22,0,32,22,3,5,11,30,10,-20,1,-6,-1,13,4,18,3,3,13,10,6,2,24,-2,30,6,6,20,-2,9,13,7,15,15,1,7,9,21,9,-11,-11,16,11,3,-1,11,14,3,9,-4,-2,5,13,4,2,-3,-22,-3,16,9,2,5,9,13,-4,11,-9,-1,3,13,11,5,9,15,-1,5,6,8,-2,20,-3,1,2,10,7,10,-2,17,1,-1,-13,0,11,-8,3,18,2,-5,-7,4,7,2,5,29,13,-5,-6,15,22,-5,-5,29,-4,-9,-16,-3,37,1,3,15,3,5,-3,22,12,14,-20,8,1,-18,-19,-6,-1,-3,-38,1,-6,-4,-24,-4,7,1,17,30,8,13,20,25,14,21,26,17,22,2,7,32,0,6,12,24,19,4,-6,6,20,29,3,19,4,16,9,16,26,18,7,27,14,0,2,-11,21,17,4,22,-16,-64,28,29,18,-1,17,-1,1,-5,18,5,29,2,10,7,-2,-7,-16,21,-5,2,-2,1,-1,-1,2,-2,2,-1,-36,29,-42,-10,-27,13,4,-15,-1,-1,-1,-1,-6,2,16,-9,-2,3,-7,2,-4,-1,11,4,3,-2,-4,4,-1,0,0,1,1,-1,4,2,-4,-4,1,1,1,-2,0,4,-2,-1,1,-1,-1,2,-2,0,0,1,2,0,-8,1,-5,-18,7,5,14,-5,2,5,3,-45,1,-20,3,-19,-11,38,-25,-8,-23,-17,-5,-12,-4,12,-12,-13,-30,-7,-2,6,-6,-10,-20,-9,8,4,-12,-9,-6,9,19,-2,-17,-5,-4,-3,1,-2,-1,-5,-6,-10,0,-5,7,-3,-1,-1,-8,-3,-9,3,-12,10,-6,3,-6,12,-6,-3,-13,20,-13,-9,-14,-14,-12,0,-14,18,-1,-19,-17,-12,19,-15,6,15,-9,-13,-30,-1,-4,12,-14,-14,-25,-17,12,1,-15,2,-17,3,22,-7,-20,-7,3,-8,-10,-4,-7,-2,-9,-2,-8,-16,-4,-18,-1,-10,-9,-5,-3,-7,-33,29,-26,2,-5,3,13,-29,-5,3,-30,-20,-19,-27,6,-21,-22,30,-16,-13,-22,-23,20,-17,-7,15,-11,-38,-38,-42,26,28,-22,-24,-27,-21,26,28,-20,-4,-17,16,26,-5,-25,-12,11,-1,-9,-15,-17,-7,-7,-17,7,-13,-11,-19,-3,-4,-18,-9,-12,-3,-34,41,-58,-20,-24,21,36,-38,-48,24,-46,-70,-30,-37,17,-12,-48,43,-30,-61,-77,-56,32,-44,-21,34,-14,-44,-64,-69,34,29,-30,-33,-51,-64,13,35,-63,-26,-37,22,37,-26,-61,-45,25,-32,-42,-23,-42,-31,-33,-38,-12,-48,-28,-43,-17,-20,-56,-34,-25,-28
1,-1,1,-2,-1,1,0,0,1,5,6,5,7,7,6,2,5,7,6,5,5,6,7,5,6,7,8,7,8,7,7,6,5,7,7,5,5,5,6,5,2,5,3,4,1,3,4,3,1,-1,3,-4,0,-1,5,3,2,-2,2,1,-1,-2,0,2,-3,0,-3,-4,-6,-3,-3,-3,-4,-4,-3,-7,-6,-3,-2,-3,-1,-4,-5,-3,-5,-2,-3,-1,-2,-2,-3,-5,-3,-2,-2,-2,-1,-2,0,-3,-3,-5,-2,-2,-3,0,-2,-1,-4,-1,-4,-3,0,0,-1,-2,-2,-2,0,-3,0,4,0,6,4,2,3,-1,3,1,3,2,3,3,3,5,3,3,5,2,4,1,4,3,4,2,5,5,2,3,1,4,4,3,4,2,6,2,3,2,2,1,4,3,4,3,1,2,3,0,3,2,2,1,2,-2,3,3,1,5,3,3,3,5,4,3,4,1,3,1,4,3,3,4,5,4,4,5,5,4,4,8,6,9,10,10,9,8,12,11,10,11,8,9,8,9,9,10,10,10,11,11,10,10,8,8,8,9,9,7,9,9,9,9,9,9,9,10,9,9,6,8,7,7,9,7,7,6,8,6,5,7,8,6,5,7,-1,-3,-6,-11,5,-5,0,-1,16,16,0,17,9,18,8,19,19,27,12,24,25,27,24,24,22,24,24,21,23,28,28,24,16,27,26,27,26,27,25,24,21,24,21,24,25,26,23,20,25,16,20,19,29,21,17,27,22,23,21,23,22,20,23,21,-1,1,1,2,1,1,1,0,-1,-2,-1,-5,-6,-9,-6,-3,-6,-9,-11,-10,-10,-14,-12,-11,-10,-12,-12,-10,-9,-12,-12,-13,-11,-11,-12,-11,-11,-12,-13,-12,-12,-12,-14,-14,-15,-15,-14,-11,-15,-16,-16,-15,-17,-16,-16,-14,0,-1,2,0,-2,1,2,-1,-37,-49,-46,-49,-43,-45,-42,-33,-45,-39,-43,-41,-44,-44,-42,-42,-42,-46,-45,-44,-42,-42,-43,-42,-43,-47,-43,-42,-40,-41,-41,-43,-46,-41,-45,-41,-42,-43,-40,-41,-43,-41,-41,-43,-43,-39,-41,-41,-44,-43,-40,-38,-41,-40,-46,-38,-35,-43,-38,-41,-40,-40,-40,-34,-40,-39,-40,-43,-41,-42,-40,-43,-40,-38,-42,-40,-39,-38,-38,-39,-39,-43,-38,-40,-41,-40,-41,-41,-40,-43,-39,-37,-37,-39,-39,-41,-41,-39,-41,-38,-37,-36,-40,-41,-40,-41,-39,-41,-40,-39,-38,-41,-38,-38,-39,-41,-43,-39,-40,-39,-37,-39,-40,-39,-40,-38,-36,-38,-46,-46,-47,-43,-46,-46,-43,-46,-44,-47,-44,-43,-46,-44,-46,-47,-45,-47,-49,-47,-49,-45,-48,-44,-44,-47,-48,-48,-47,-47,-47,-47,-45,-50,-45,-44,-49,-46,-47,-44,-46,-47,-47,-45,-47,-44,-45,-45,-45,-47,-44,-48,-45,-41,-45,-42,-45,-46,-45,-46,-46,-43,-42,-43,-75,-72,-87,-72,-88,-72,-75,-93,-70,-68,-91,-85,-70,-71,-68,-75,-90,-78,-74,-68,-76,-66,-70,-78,-92,-73,-75,-75,-77,-72,-69,-92,-77,-72,-68,-68,-84,-67,-88,-70,-67,-71,-77,-90,-70,-80,-93,-81,-82,-75,-69,-71,-71,-71,-70,-90,-94,-69,-74,-83,-79,-66,-92,-77
-1,2,-1,-2,1,0,1,0,-3,-1,-2,1,-99,-3,-2,-6,-4,-2,-1,0,-1,-76,0,-7,-2,-1,-1,-3,-1,-1,-66,-6,-6,-5,-4,-7,-1,5,-4,-80,-7,-18,6,-11,6,-8,-58,0,-6,-55,-46,21,-49,-29,67,27,0,-1,1,2,-2,1,0,2,7,-5,-47,-7,-23,-35,-3,-3,-3,-18,-5,-3,-63,-7,-12,-6,-4,-7,-4,-8,-4,-87,-3,-5,-6,-6,-4,-4,-3,1,-35,-1,-5,-8,-6,-7,38,-9,-6,-57,0,5,14,17,20,21,-50,10,-26,-9,13,14,-18,-38,-1,15,-25,-27,-13,6,28,-3,29,-1,-25,-37,-1,34,-12,-6,-12,5,-10,-1,-5,-4,-7,1,-7,-8,-2,-6,4,-5,-2,-4,-5,-8,-14,-11,-3,-10,3,-2,-5,-10,-8,-8,-35,-12,-10,11,0,-16,-4,-23,-10,-13,-17,1,-49,8,-15,-18,-1,22,-39,-16,-25,22,-16,-3,-17,10,36,-18,-4,-15,-9,-9,-8,-49,-5,-15,-13,-13,-10,-10,-42,-14,-20,-1,-10,-14,-10,-6,-19,-11,-13,-56,0,-14,-10,-16,-40,-28,-10,-29,-20,-29,-8,-11,-34,-18,-11,6,-22,-33,-36,-15,-43,18,12,23,-1,23,7,-50,1,3,-30,-2,-14,-9,-37,-31,10,12,21,-27,-38,13,-21,4,-26,54,-4,-33,-28,0,-11,-5,-39,-34,54,-22,-3,-24,-34,-19,-26,-27,-33,51,-38,36,-27,-23,-7,-28,19,1,50,55,-2,-19,-9,-17,-20,35,47,-18,3,-28,-15,1,-11,43,-7,-21,-34,21,23,-13,10,-19,-17,-20,-9,37,20,22,10,32,3,-11,1,2,-2,2,1,-2,1,0,-13,-41,-11,-10,-28,-54,9,-31,-3,-1,-6,-9,-4,-56,3,-5,-4,-1,-3,-7,-2,0,-91,-16,-3,-2,-3,-3,-8,-1,1,-55,-4,-2,-1,-6,-10,0,-92,28,-3,-2,0,38,35,-70,-23,1,-1,1,0,-2,1,2,1,2,-12,-4,-2,-32,-23,-9,-7,-6,-11,-9,-41,-47,-13,1,9,-3,-5,-1,0,-19,-7,-1,-23,-3,3,-1,-7,0,2,-37,-56,-21,3,-8,4,2,-51,2,-50,14,1,1,3,-40,-6,-91,-51,-37,-4,1,2,44,9,-55,-53,3,-26,1,-9,-7,-35,-7,3,-33,-71,-2,9,3,4,-8,-17,-8,-61,-49,-21,8,-29,-31,-8,5,-12,-49,-59,-9,-24,-12,10,-5,-5,-24,-73,-48,-20,-29,14,-17,-32,-4,-14,-48,-58,-24,-38,3,0,-18,1,-1,-72,-32,-61,-25,-13,0,13,42,6,-56,-54,-49,-5,7,2,-27,-5,10,-65,-23,-25,-35,-30,16,-9,3,-40,-51,3,-29,-13,11,12,2,-55,-20,-40,-46,-37,-2,-12,13,-68,-39,-13,-4,-10,-3,-34,-24,-52,-70,-7,-18,-8,-1,-17,-9,-58,35,-13,-11,-28,-13,-17,-45,-70,-47,-4,-14,-51,10,-13,-73,-44,-68,-3,-2,-7,5,16,-45,-52,-12,-22,-40,-55,38,-47,-43,-36,-38,-42,-50,0,12,14,-36,-42,-33,-33,-32,-36,-21,10,-22,-41,-22,-29,-48,-45,-37,-48,-55,-22,-40,-31,-25,-50,-34,-34,-36,-25,55,-52,-28,-26,-45,-47,-36,-53,-49,-13,-31,-22,8,-5,-50,-40,-39,-37,-25,-25,24,3,17,-33,-28
1,1,-2,0,2,1,-1,2,-2,-5,-1,-3,-3,-3,-5,-3,-2,-5,-3,-4,-3,-4,-5,-2,-1,-3,-5,-5,-5,-6,-5,-4,0,-3,-2,-3,-6,-3,-3,-3,-4,-2,3,1,3,2,0,-3,9,16,1,6,1,2,9,4,-1,2,2,-2,-2,2,-2,0,-5,-12,-10,-10,-9,-10,-13,-8,-12,-10,-11,-10,-12,-8,-9,-9,-7,-11,-8,-13,-10,-10,-10,-9,-10,-2,-9,-9,-6,-8,-8,-9,-9,-8,-7,-7,-7,-7,-7,-6,-10,-2,-1,-9,-6,-4,-8,-8,-5,-3,-5,-2,-9,-9,-7,-9,-4,4,-1,-8,8,-3,-19,-16,-7,-8,-14,-6,-10,-12,-9,-12,-9,-13,-10,-11,-11,-6,-14,-5,-9,-10,-12,-11,-11,-12,-10,-10,-3,-5,-11,-13,-12,-11,-10,-5,-2,-9,-12,-13,-9,-8,-6,-7,-7,-2,-12,-4,-6,-7,-8,-6,-2,-9,-10,-9,-8,-6,-7,-7,-8,-2,-1,-7,-2,-1,-16,-11,-30,-30,-29,-26,-25,-27,-27,-31,-31,-31,-33,-31,-23,-27,-29,-27,-32,-33,-26,-25,-25,-27,-27,-24,-33,-29,-22,-23,-20,-32,-23,-26,-22,-28,-26,-25,-28,-20,-31,-26,-22,-18,-21,-20,-18,-26,-28,-28,-25,-31,-34,-31,-19,-32,-27,-21,-12,-5,1,6,8,8,-42,-14,45,48,49,50,50,50,45,39,47,50,50,43,47,46,48,44,49,51,42,49,48,47,47,45,50,51,55,49,48,51,48,50,51,55,48,46,50,50,52,51,50,54,43,48,54,44,57,51,50,54,49,52,46,40,46,45,48,48,47,49,43,38,48,52,0,1,-2,1,-2,2,1,-1,7,2,6,7,-6,-3,1,-10,6,6,5,4,2,4,4,5,5,5,3,2,0,4,3,6,4,4,2,2,0,1,2,5,6,4,3,1,1,-1,2,5,6,4,2,0,0,-1,1,6,0,0,1,-1,0,1,2,2,8,1,10,12,5,3,8,8,12,10,13,11,8,10,8,6,8,14,8,7,3,4,6,10,12,8,10,1,6,2,8,10,13,5,3,2,6,5,4,11,13,9,7,4,7,5,7,10,13,12,8,8,7,6,3,12,11,13,13,9,9,10,11,11,13,10,12,13,13,6,3,10,10,16,13,8,7,13,15,12,7,7,6,11,10,8,8,3,10,12,7,8,5,6,9,13,12,7,8,6,6,5,8,14,15,12,10,9,11,8,7,14,13,12,12,12,12,10,11,15,15,13,16,13,15,15,16,16,22,21,25,19,23,18,22,29,16,17,21,17,17,21,11,14,17,20,22,13,9,15,15,15,24,19,16,14,11,9,14,18,22,14,14,12,10,7,15,18,22,20,15,14,12,10,15,22,24,20,16,17,11,14,19,25,28,28,25,19,21,21,23,25,-32,-9,1,13,-4,15,-39,-16,-12,-33,20,15,16,2,-3,-44,-16,7,-10,-5,-3,5,-11,-15,-12,-25,-14,-17,-19,-21,-23,-20,-18,-14,-23,-22,-22,-29,-17,-17,-13,-24,-23,-28,-28,-29,-32,-27,-15,-31,-29,-26,-28,-28,-36,-25,-10,-16,-15,-26,-21,-29,-24,-28
2,-1,-2,0,1,2,1,2,-1,2,2,5,8,1,-43,-3,-1,1,1,1,2,-10,-35,-2,0,0,1,6,4,4,-30,1,-3,0,-4,-8,9,0,-27,7,10,8,1,0,-12,4,20,2,5,22,-2,4,7,7,22,6,0,0,-1,1,-2,-2,0,-1,-4,-2,-5,2,3,2,1,10,1,12,-4,11,2,11,-9,3,-2,4,3,10,1,-5,14,4,9,-2,19,0,6,-3,-1,-2,7,0,4,3,-5,5,2,16,-8,13,-3,16,6,9,3,7,12,6,4,16,12,17,4,-1,5,-4,13,12,19,2,1,-9,9,6,-4,1,3,9,7,16,17,13,14,3,8,8,-12,3,4,6,12,8,6,-1,2,23,3,0,0,21,9,3,-6,16,7,3,2,6,6,13,-2,2,6,9,3,-6,1,4,11,-4,-4,17,2,-7,8,3,11,10,3,1,-1,0,-5,8,-3,9,18,13,11,13,11,16,41,8,5,4,10,-1,4,15,10,33,5,15,1,10,16,10,28,20,3,5,12,4,12,19,-3,22,4,17,11,3,13,9,8,20,18,8,11,-3,8,6,2,17,9,1,14,-1,10,20,0,17,12,18,18,3,19,20,5,17,15,2,1,5,9,19,43,35,-1,-2,15,4,13,20,0,31,10,10,-5,15,17,7,11,21,11,6,9,6,19,7,-7,24,8,22,-18,18,11,15,12,7,29,18,21,-25,-7,20,13,4,12,17,-4,6,26,-7,-4,0,12,12,-9,-16,6,-12,0,3,2,2,0,-2,-2,2,-1,2,-1,-1,-6,-10,4,-3,-17,30,-4,-4,-6,-10,1,12,-36,25,0,0,0,-3,-2,5,-31,17,2,-4,1,-7,0,10,-24,15,2,-2,0,-3,3,12,-17,15,0,-2,2,0,0,7,-4,13,1,-2,-1,-1,2,0,-2,-2,-3,0,-2,-4,-8,-17,-21,21,-12,1,-12,-11,-14,-7,-23,-11,0,-14,4,4,3,-56,-7,-9,-6,-14,-5,-6,-3,-1,-26,-4,-7,-4,-4,-10,12,-6,-7,-12,-4,-6,-5,-7,-2,2,-7,-7,-2,1,-4,-3,-9,-1,-8,0,-3,-4,-1,-1,-8,-3,-4,4,0,7,4,-1,6,-3,-11,-3,-6,-14,-10,-4,-4,-16,-20,-14,-12,-1,-2,-6,-6,-24,-10,-4,-9,0,-5,-4,-10,-17,-10,-19,2,-9,-3,-7,9,-9,-7,-15,-5,-6,-14,1,-5,2,-4,-10,-3,-9,1,-12,-3,-6,10,-9,-11,-11,1,1,-7,-2,-5,6,-25,1,-16,-19,-16,-3,-32,6,-14,1,-30,-11,-10,6,-27,-31,-19,-11,-10,-10,0,-24,-21,-29,-12,-21,-15,-10,-5,-28,-8,-32,-7,-20,-3,-11,9,-8,-4,-22,-10,-15,-11,-9,-11,2,-14,-9,-5,0,-6,-17,-10,4,-14,18,-3,-13,5,-7,-4,-2,-9,4,-28,36,5,-33,7,13,-51,10,-27,-14,-53,-41,-25,-31,-16,-39,-47,-37,-22,-44,1,-39,-11,-42,-5,-23,-24,-14,5,-46,8,-36,-8,-43,-2,-27,9,-21,-25,-38,-29,-19,-27,-17,-34,-7,-14,-36,-14,-3,-26,-23,-23,-22,-14,2,-12,-22,-7,-16,-11,-22,-13,9
-1,-2,0,2,-1,-1,-2,1,1,-2,2,2,-3,-2,-1,-1,2,2,1,-1,-1,0,-2,-1,0,25,8,-1,-1,-3,-3,-1,15,58,3,-2,-3,1,-2,-1,18,82,11,-8,-4,2,-3,-1,13,-98,12,-18,2,4,-2,1,-2,1,2,0,-2,-2,2,1,7,1,-1,-5,-1,-2,-3,3,1,1,-2,1,-1,1,-4,-10,4,4,-2,-2,-1,-6,1,-7,2,-1,4,1,1,-1,-9,0,3,-42,0,1,4,1,-4,-7,0,3,5,2,-8,2,-1,-10,2,-4,4,3,-7,-1,9,-21,-2,-5,-2,-7,3,-1,1,7,2,5,0,-2,1,5,0,5,4,3,0,1,-1,2,6,2,2,8,3,-2,0,2,6,2,1,4,7,3,7,3,-3,-5,-2,2,3,7,6,6,1,1,4,5,6,5,6,2,-9,-2,5,0,7,-4,4,-3,-1,3,5,-1,1,-1,1,3,2,2,12,12,6,2,2,2,0,2,9,10,4,2,0,0,1,2,7,8,5,0,5,-1,3,1,8,5,1,2,-5,-1,-9,-1,3,-4,2,-1,1,-2,-3,-2,-7,-24,-9,0,-12,-12,-8,1,-4,-21,-2,-2,-9,-5,-2,2,3,-2,0,1,0,3,3,2,-10,2,15,18,-22,11,8,-12,14,-2,23,-1,-6,5,13,5,20,16,5,7,-2,8,25,-3,11,-30,4,1,10,3,-24,-7,-31,2,-16,-15,2,12,-7,-3,-6,-9,-11,-4,-24,21,-1,-25,-11,-45,3,-1,7,-12,-17,-20,-3,-9,-13,1,0,-25,-5,-5,0,2,2,0,2,-1,-1,2,-9,-13,-25,-25,-17,-16,-4,-15,-2,-4,-4,-6,-7,-3,-2,0,3,1,0,3,-2,-2,1,1,4,-23,-3,1,1,0,1,2,-11,-82,-7,4,4,3,2,1,-36,-127,-43,4,4,4,4,2,-1,-2,1,-2,1,2,-2,-1,4,5,2,2,5,2,4,2,0,0,0,-3,4,5,4,3,-5,-13,-10,-2,2,2,4,3,-35,-21,-26,-12,-4,4,2,7,-70,-22,-30,-20,-11,-1,1,5,-19,-71,-14,-29,-11,-7,2,5,-15,-126,-13,-42,-9,-1,2,3,-32,-34,-17,-36,-7,-14,3,7,-1,-2,-11,-9,-3,-15,-44,-27,-8,-15,-7,-10,-15,-32,-32,-18,-15,-7,-10,-14,-34,-29,-18,-4,-6,-18,-12,-39,-30,-20,-7,-7,-39,-14,-42,-38,-19,-6,-1,0,-39,-90,-34,-26,-8,-6,-3,-2,-48,-110,-24,-9,-17,-7,-6,1,-60,-26,-30,-36,-9,-9,-3,-1,-11,-33,-11,-10,-10,-10,-8,-6,-8,-39,-9,-4,-8,-6,-3,-8,-6,-43,-9,-13,-12,-6,-8,-7,-8,-45,-11,-14,-11,-10,-12,-9,-12,-67,-15,-21,-10,-6,-9,-10,-5,-33,-11,-19,-16,-11,-8,-11,3,-49,-5,-18,-15,-13,-15,-9,-13,-38,-11,-18,-15,-18,-20,-19,-52,-53,-47,-51,-58,-32,-45,-22,-32,-36,-37,-35,-33,-20,-37,-27,-47,-58,-49,-37,-43,-26,-41,-20,-31,-51,-95,-52,-40,-32,-24,-33,-61,-82,-43,-60,-39,-26,-22,-27,-4,-71,-56,-56,-41,-22,-36,-24,-14,-96,-15,-46,-49,-44,-69,-42,-46,-43,-32,-38,-40,-47,-43,-39
0,0,1,1,-1,2,1,1,-2,-1,1,1,-4,1,-3,-2,-1,-3,-2,1,-1,0,-4,-1,-1,-2,1,-1,14,-5,-4,-3,0,2,2,6,24,22,-8,-6,0,8,5,22,40,81,7,-2,-2,8,0,-6,1,-42,6,4,0,-2,-1,0,-1,-2,1,1,-2,-4,-1,-3,1,-8,2,1,-2,-2,0,0,0,2,-4,0,-5,-1,-6,-1,-6,-1,-4,-1,1,1,-6,-2,1,-2,-1,11,-1,-2,-4,0,3,-6,2,-7,-1,-2,0,1,-2,1,0,-9,6,-13,1,3,-4,-33,5,11,4,-3,-11,4,-6,-3,3,6,2,1,1,-2,-4,-3,2,1,-7,-4,1,1,-4,3,1,-1,-1,-1,-3,-1,-2,-2,-1,2,1,0,-3,-1,-2,-1,0,2,-1,-5,-6,-11,0,-1,5,-9,-5,0,0,-5,-8,-10,-6,3,-3,-1,-5,-2,-6,-34,-2,-1,-8,-5,3,-7,-14,-35,-2,-3,1,-2,-2,-1,2,6,1,0,1,4,-8,0,1,7,1,3,2,-14,-9,-4,2,11,-2,5,6,-15,-8,-1,-3,6,1,2,2,-22,-10,-2,-6,7,-1,6,2,-7,-4,-7,-13,-5,1,7,-2,-43,-5,-9,-8,-43,-4,-13,-3,-1,-3,-2,-5,-32,1,0,1,13,2,6,-4,21,14,2,4,2,9,-2,-7,26,-2,1,-7,3,10,1,12,6,4,2,-23,7,-10,5,8,0,-28,8,-5,-5,-2,-2,0,-19,-32,-8,-14,-6,-5,-4,3,-4,-7,5,0,-1,2,-3,3,-24,0,0,-22,-6,-14,-7,-10,-16,-1,-8,2,1,-2,-2,-1,-1,2,-2,-4,-2,-6,-11,-21,-7,-3,-7,1,4,2,-2,-4,5,2,0,3,4,1,3,-1,4,4,3,1,3,2,1,-10,5,5,3,0,2,1,-4,-26,-23,7,4,0,-1,0,-15,-67,-88,-11,5,2,2,1,1,2,2,-1,0,8,3,3,5,3,5,3,5,7,1,2,-2,-6,3,-1,5,6,0,2,2,1,0,-1,0,-2,-10,-10,-57,-7,-62,-12,-54,1,-15,-61,-25,-77,-10,-95,-13,-9,-32,-15,-75,-93,-77,-90,-72,3,-7,-61,-107,-48,-95,-30,-101,-4,-45,-8,-79,-6,-80,-10,-88,-13,3,-42,1,-30,-1,-1,-7,-99,-30,1,-43,0,-19,3,-43,-78,-98,-27,3,-26,1,-26,-1,-10,-73,-95,-20,0,-28,-12,-46,-19,-5,-72,-97,-26,-6,-81,-69,-2,-13,-11,-72,-96,-66,-69,-76,-21,-5,-24,-1,-60,-107,-16,5,-4,-17,-18,-58,-80,-65,-97,-26,-35,-22,-47,-28,-25,-72,-12,-35,-17,-27,-11,-25,-21,-54,-17,-30,-24,-19,-21,-24,-30,-36,-17,-25,-18,-38,-32,-39,-39,-41,-21,-21,-34,-32,-50,-50,-30,-53,-28,-44,-42,-50,-45,-49,-33,-21,-30,-54,-62,-55,-69,-68,-24,-87,-15,-66,-80,-83,-91,-76,-51,-86,-54,-71,-116,-39,-103,-41,-58,-58,-92,-43,-61,-64,-33,-25,-76,-62,-51,-42,-59,-38,-58,-35,-51,-65,-53,-48,-50,-71,-79,-77,-97,-49,-28,-72,-29,-78,-49,-101,-53,-68,-107,-88,-73,-81,-62,-70,-69,-27,-61,-60,-36,-93,-78,-88,-24,-75,-27,-85,-93,-42,-86,-85,-61,-46,-75,-68
-2,2,1,2,2,-1,0,-1,4,1,4,-5,-2,0,5,5,-1,1,-1,-1,-2,0,-1,11,1,-2,-1,-3,-1,-2,0,3,7,1,-1,-4,-4,1,-5,4,18,-16,13,-10,10,-18,16,-15,-16,-36,-16,-17,-14,-20,-15,-17,0,2,1,0,-1,1,2,-2,-11,-16,-12,-15,-10,-15,-9,-16,-9,-8,-10,-12,-12,-14,-13,-14,-14,-12,-13,-14,-15,-15,-16,-17,-14,-12,-12,-10,-15,-15,-15,-17,-15,-15,-13,-14,-15,-13,-12,-16,-18,-18,-16,-16,-14,-17,-18,-17,-20,-16,-20,-15,-16,-16,-14,-17,-11,-17,-13,-16,-17,-16,-18,-11,-1,-35,-2,-45,-1,-40,-1,-49,-42,0,-45,-2,-60,1,-69,2,2,-41,0,-44,-1,-46,0,-70,-40,-3,-47,3,-47,-3,-40,0,2,-44,-1,-73,-1,-42,-3,-39,-31,2,-68,0,-62,-2,-56,0,-4,-53,-5,-71,-6,-48,-7,-50,-52,-1,-67,-3,-56,-2,-66,0,1,-1,1,0,0,0,2,4,-12,-3,-3,0,2,1,4,-7,-9,-1,3,7,5,0,3,-4,-15,-2,1,2,8,1,2,-2,1,2,2,8,-3,5,7,1,-5,1,2,-1,1,4,7,-4,-1,3,1,0,0,0,3,-1,-6,-7,-6,-9,-5,-7,-9,-9,-17,-14,-7,28,-2,-2,-7,-12,-11,-3,-11,-14,1,-11,-10,-16,-17,5,-16,-5,10,-10,-4,-7,-16,-35,-14,-20,-10,6,-23,-19,-20,1,-45,-24,-21,-2,4,12,-20,1,-7,-33,0,-46,-24,-15,-18,-23,-32,-30,-33,-13,-27,-21,-26,-34,-15,-26,-21,-21,-22,-20,-2,1,1,-1,0,0,2,0,2,-33,-10,-34,-15,-39,-2,-29,-7,-9,-6,-1,-3,-2,-4,0,-1,-2,-4,1,-5,0,-1,-1,2,-2,1,-3,1,-1,-1,-2,-3,0,-3,-1,-4,2,-4,-1,-1,-1,-5,-1,-4,2,-6,-2,-1,2,0,2,1,-2,-2,2,1,1,-4,0,-7,-2,-9,-2,0,-4,-8,-10,-11,-2,-8,0,-2,-9,-9,-11,-12,-11,0,-3,-6,-11,-27,-7,-14,-7,-9,-1,-9,-24,-10,-25,-4,-12,-5,-4,-8,-10,-19,-12,-20,-10,-5,-3,-9,-2,-15,-20,-10,-5,-1,-3,-10,-8,-23,-6,-18,-9,-26,2,5,-55,3,-61,-1,-56,-2,-58,-53,-1,-63,-1,-58,0,-57,-2,-1,-50,1,-53,-1,-50,3,-48,-47,0,-49,-1,-45,-1,-61,1,4,-48,1,-53,3,-68,1,-33,-27,5,-52,2,-47,2,-52,6,4,-31,4,-49,3,-57,2,-45,-41,-2,-61,0,-45,-1,-53,3,-50,-45,-64,-58,-62,-71,-73,-68,-58,-51,-65,-70,-49,-43,-48,-45,-42,-48,-58,-54,-74,-58,-47,-54,-75,-45,-57,-64,-60,-52,-45,-62,-69,-60,-51,-64,-68,-63,-68,-54,-43,-67,-60,-60,-58,-47,-62,-59,-42,-34,-54,-59,-56,-69,-72,-53,-79,-74,-71,-63,-64,-73,-67,-70,-46,-67,-47,-53,-46,-55,-71,-55,-54,-39,-36,-39,-37,-43,-60,-55,-46,-56,-60,-55,-58,-64,-61,-64,-48,-54,-47,-65,-49,-42,-31,-48,-46,-66,-73,-51,-63,-60,-56,-45,-43,-50,-59,-61,-48,-62,-53,-58,-69,-61,-41,-29,-64,-41,-59,-59,-48,-52,-52,-55,-55,-60,-58,-53
-2,0,-2,2,1,-1,-2,1,15,9,8,8,4,4,7,8,15,7,3,2,2,4,5,8,15,-1,3,2,1,3,3,4,17,13,4,3,2,3,4,5,20,13,5,1,5,5,6,3,40,30,19,8,17,7,6,4,2,-1,-1,1,2,0,2,-2,12,14,14,12,10,16,9,12,12,9,10,12,7,7,9,16,11,13,7,12,11,10,14,10,13,13,10,9,7,10,10,13,18,11,5,13,12,9,9,9,16,16,15,8,16,9,5,15,22,15,17,15,16,4,11,11,19,18,19,14,9,13,12,13,7,13,2,11,8,14,3,9,18,0,8,5,14,5,11,7,3,6,4,11,4,7,8,14,1,5,9,4,4,6,13,10,3,9,0,8,5,10,6,18,14,6,8,6,5,4,10,10,5,7,7,8,5,12,6,13,10,8,18,7,10,5,7,10,12,17,11,13,10,11,7,8,16,17,11,10,4,13,9,9,16,14,7,13,8,12,11,9,17,14,16,8,3,12,8,13,13,14,10,15,8,13,14,12,13,15,13,13,13,16,13,16,12,15,15,14,11,15,13,16,10,11,10,10,10,13,16,14,29,40,4,-47,1,24,9,18,32,10,-1,9,1,-12,6,23,27,28,17,18,-6,-36,15,21,40,16,-5,-24,-29,15,26,35,32,-21,-36,32,16,13,-22,17,29,14,9,28,14,21,14,13,67,24,12,23,36,32,31,17,20,32,-21,35,39,33,-9,18,-2,-2,1,1,1,3,-2,2,-41,-43,-38,-29,-43,14,-45,-39,-23,-10,-9,-5,-11,-1,-1,-5,-26,-6,-6,-4,-8,-2,-4,-1,-22,-13,-5,-8,-7,-3,-5,-1,-20,-19,-3,-6,-3,-2,-4,-1,-21,-15,-8,-4,-4,-3,-5,-1,1,0,1,-1,-1,2,1,2,-11,-8,-11,-10,-12,-7,-13,-6,-8,-11,-1,-9,-8,-11,-7,-7,-13,-7,-6,-9,-9,-8,-6,-4,-14,-12,-11,-8,-8,-9,-8,-11,-14,-9,-14,-8,-8,-8,-6,-11,-11,-11,-10,-11,-7,-8,-7,-7,-9,-16,-10,-11,-12,-9,-7,-13,-20,-21,-11,-11,-12,-10,-10,-9,-3,-11,-6,-15,-10,-16,-4,-17,-11,-2,-9,-7,-14,-2,-13,-5,-11,-8,-7,-13,-4,-10,-2,-14,-16,-11,-16,-2,-10,-7,-17,-8,-13,-17,-5,-12,-4,-11,-8,-11,-17,-3,-13,-12,-13,-8,-13,-11,-6,-17,-17,-17,-11,-10,-12,-12,-15,-6,-17,-14,-12,-9,-13,-8,-25,-34,-19,-31,-32,-17,-45,-46,-37,-31,-32,-35,-32,-35,-36,-35,-52,-35,-38,-37,-34,-31,-41,-41,-56,-45,-56,-40,-40,-34,-38,-33,-74,-33,-46,-42,-36,-42,-36,-43,-85,-46,-46,-42,-34,-44,-37,-41,-48,-37,-32,-33,-54,-47,-37,-44,-47,-33,-39,-37,-40,-43,-43,-53,-66,-73,-71,-66,-66,-42,-78,-53,-53,-59,-80,-50,-78,-71,-70,-66,-53,-35,-68,-70,-52,-58,-60,-42,-53,-77,-48,-73,-66,-45,-58,-49,-69,-45,-67,-64,-65,-48,-63,-54,-61,-65,-77,-44,-51,-65,-49,-65,-77,-78,-69,-64,-73,-58,-48,-55,-68,-56,-50,-54,-73,-67,-79,-76
-2,1,-1,0,2,2,1,1,-15,-6,-11,-3,-9,-10,-8,26,-19,-11,-12,-51,-6,-13,-12,24,-18,-9,-10,-8,-70,-14,-14,23,-18,-14,-6,-15,-8,-89,-26,13,1,2,-15,-4,-25,-10,-82,15,-22,-12,-14,-20,3,-20,-1,10,0,-1,2,-2,0,2,1,2,-28,-2,-61,-28,-69,-41,-4,-63,-22,-37,-17,-17,-11,-17,-22,-19,-8,-21,-9,-41,-36,-9,-15,-7,-13,-26,-22,-13,-47,-17,-35,-16,-28,-20,-27,-23,-29,-73,-9,-21,-38,-47,-22,-48,-48,-45,-41,-17,-22,-43,-28,-24,-31,-31,-44,-16,-35,-28,-29,-17,-21,-53,-53,-21,-18,31,-7,32,-22,7,-19,25,29,-9,35,-13,27,-19,19,-15,-10,24,-32,55,-7,26,-18,21,29,-19,17,-34,28,-11,29,-11,-32,22,-16,24,-26,32,-14,32,24,-10,26,-28,27,-58,29,-15,-10,26,-65,27,-26,29,-36,33,25,-15,31,-40,31,-20,25,-28,2,1,-27,-18,-16,-28,-22,-13,-8,-7,-3,-30,-38,-7,-24,-18,-2,-2,-19,-24,-14,-4,-21,-20,-31,-2,-23,3,-16,-10,-15,-15,-33,-2,-11,1,-26,-31,-11,-9,-16,-25,-38,-21,-3,-6,-18,-5,-28,-35,-5,12,15,11,-36,-30,-11,-28,-7,-15,-23,16,3,-7,-44,-2,-35,-28,-29,-46,-25,-11,-19,-29,40,-32,-33,-29,-24,-23,-31,-41,-35,42,-19,-29,15,-8,-38,-25,-31,-28,30,-35,29,-30,-11,-2,19,-17,6,29,30,70,-12,-17,-34,-42,1,68,56,57,-17,-16,11,29,16,73,16,34,-37,15,32,-22,32,-10,11,-11,1,2,-1,2,1,-2,2,-2,-23,8,-10,2,-13,-4,-19,-1,-7,-6,-8,-10,-7,-8,-1,4,-10,-5,-12,-10,-22,-5,-3,4,-6,-6,-9,-15,-16,-50,-4,0,-4,-5,-4,-20,-27,-4,-10,-4,-5,-2,-6,25,24,-124,-5,-125,-2,0,1,-2,2,1,-1,0,-22,-56,-11,-22,-44,-26,-7,-49,-24,-34,-23,-19,-29,-56,-61,-15,-42,-21,-10,-14,-16,-23,-26,-14,-45,-5,-10,-16,-53,-32,-2,-44,-9,-3,-13,-10,-82,-50,-27,0,-6,-15,-4,-70,-15,-1,6,-85,-20,-9,-3,21,-50,-126,-50,4,-28,-6,-33,-28,-26,-16,2,-50,-15,-49,-13,-5,-20,-25,-7,-4,-43,-11,-43,-19,-66,-3,0,-4,-13,-8,-36,-29,-13,-25,-18,-28,-38,-22,-26,-16,-56,-12,-4,-26,-14,-4,-19,-61,-30,-68,-19,-54,-2,-11,-9,-18,-63,-23,-8,-70,-7,-1,-5,21,-11,-103,-59,-53,-47,-17,2,-6,-9,19,-46,-49,-37,-39,-21,-43,-15,-25,-23,-4,-35,-11,-75,-14,-39,-21,-41,-14,-19,-22,-47,-21,-24,-12,-37,2,-34,-19,-24,-25,-22,-26,-35,-13,-19,-16,-26,-14,-18,-49,-70,-10,-18,-32,-30,-51,-34,-60,-3,-63,-2,-7,-30,-24,-13,-110,-83,-10,-2,-2,-6,-11,-12,-26,-62,4,-22,-44,-19,4,-21,-4,-26,-12,-30,-47,-25,-29,-26,-16,-15,-10,-5,-7,-35,-17,-28,-22,-9,-16,-47,-16,-9,-52,-39,-65,-48,-16,-34,-1,-30,-41,-39,-43,-25,-52,-18,-19,-49,-39,-49,-28,38,9,-7,-22,-34,-28,-28,-26,-57,-63,-30,-40,-28,50,24,-40,-37,-47
1,1,2,2,-1,-1,0,2,0,0,0,1,-1,4,-29,5,0,0,0,0,-2,-4,98,1,0,-1,0,0,-1,3,-6,5,0,0,1,-1,2,-3,-2,1,-1,2,0,-2,-3,-1,-2,2,0,-5,-3,-4,0,-7,4,0,2,1,-2,2,-2,2,-2,-1,3,4,4,6,6,1,4,0,5,4,4,2,0,6,-4,7,4,3,2,2,6,0,13,1,4,5,5,2,3,5,2,10,4,5,2,3,4,5,5,1,5,4,9,5,1,4,-1,6,6,6,4,6,5,9,2,3,4,4,5,4,6,6,7,5,7,5,3,5,-2,8,5,9,6,7,2,3,7,-1,10,-33,5,3,6,4,5,6,70,11,4,2,3,6,5,5,4,-1,6,3,5,2,0,5,-3,5,4,6,5,2,3,2,2,3,2,4,1,2,-2,-1,7,9,5,5,5,-3,5,5,2,6,6,6,5,4,4,4,2,4,5,2,7,4,4,5,-7,8,3,2,3,5,4,-2,23,-13,4,3,2,-1,-4,4,-8,9,6,5,4,3,2,4,2,3,6,6,7,8,7,1,5,7,5,5,8,11,1,5,1,4,4,5,7,6,9,8,6,3,13,13,13,15,10,11,0,19,14,11,15,12,15,6,-3,-2,10,13,10,12,11,9,-32,-5,12,8,11,5,8,9,0,-1,8,8,11,9,5,10,7,13,10,10,8,2,7,0,13,8,12,9,8,5,7,13,8,8,9,1,0,19,8,9,9,18,-1,2,-2,-2,-2,0,-1,-2,-2,-7,-4,-7,-5,-8,3,-15,-3,-5,-4,-3,-1,-8,-25,-10,-2,-4,-3,-3,-3,1,2,-13,-1,-3,-2,-2,-1,-2,-3,-4,-1,0,-2,-1,-2,-3,-5,-2,-1,-1,-1,-2,-3,-1,-5,-2,2,1,2,-2,0,0,-1,0,-5,-4,-6,-2,-4,-13,-9,-8,-2,-5,-7,-5,-2,-6,24,-12,-4,-8,-8,-2,-6,-13,1,-2,-3,-6,-7,-5,-10,42,-10,41,-6,-6,-5,-3,-3,-3,-7,2,-4,-7,-5,-6,-2,-6,3,-4,-5,-3,-4,-4,-5,-6,-4,-6,-2,-5,-3,-3,-5,-4,-5,-5,-3,-2,2,-6,-8,-4,-10,-7,-6,-5,-6,-4,-9,-8,13,22,-8,-8,-5,-9,0,-19,17,-15,-4,-6,-7,-2,-14,44,-13,46,-6,-8,-4,-11,3,-9,1,-4,-6,-5,-11,1,-9,-2,-8,0,-3,-10,-1,-8,-2,-6,-5,-7,-9,-1,-6,0,-5,-2,-10,-4,-7,-4,-8,-4,-6,0,-11,10,-7,-9,-7,-7,-7,-5,10,-17,-10,-11,-8,-7,-11,-14,-28,-1,-6,-8,-7,-4,-4,54,4,56,-10,-12,-9,-6,-3,-4,-2,-3,-9,-12,-11,-8,-9,-7,-5,-5,-8,-8,-9,-8,-9,-5,-6,-4,-7,-8,-7,-7,-7,-5,-3,-4,-13,-10,-6,-1,-7,-11,-31,-8,-12,-20,-8,-8,-23,-32,12,-27,-30,-13,-13,-14,-6,-24,31,-24,-20,-22,-22,-16,-22,64,-11,63,-15,-23,-19,-22,-8,-15,-8,-13,-15,-18,-22,-9,-18,-12,-15,-7,-11,-22,-13,-12,-12,-15,-16,-16,-18,-10,-9,-9,-12,-12,-12,-11
-2,-1,0,-1,0,1,2,-1,-4,3,5,6,1,-2,-5,2,-4,0,0,-2,-3,-14,-5,-2,-1,7,1,-4,0,22,17,6,-2,-1,-8,0,-2,-8,19,0,6,-3,14,-4,17,-5,-13,-3,-12,3,-12,-1,-13,-2,11,10,0,1,-1,-1,-2,-1,1,0,0,-3,2,-1,8,-11,1,-17,0,-8,0,-4,19,-4,-10,3,-1,16,-7,-15,-13,9,15,5,-4,-9,7,-20,-8,14,-6,-14,-8,6,30,-13,6,-8,2,-10,-12,9,3,0,-1,15,-7,3,-28,4,-4,-4,-42,9,3,18,3,14,-5,3,2,6,7,-9,18,-2,-1,0,7,6,5,-15,5,20,15,18,14,-2,-10,4,-4,-6,19,11,2,7,-18,-14,6,5,-2,15,-9,3,6,-23,-1,6,-2,3,12,0,3,0,11,6,0,-21,15,19,7,5,12,6,-6,-14,-6,-2,37,-1,-1,-2,15,5,8,-1,4,10,12,8,11,7,12,3,1,5,-1,-11,-3,9,-3,-9,-2,0,2,7,-11,4,4,-4,-1,5,11,15,4,-1,-5,-9,-24,-4,12,11,11,17,-4,13,11,3,11,7,-17,4,-11,0,-1,-10,15,13,8,5,27,-4,20,3,6,-1,-15,16,-3,-5,-9,-1,25,9,8,8,15,9,6,21,-1,10,17,25,6,6,-8,-15,-6,-8,12,6,11,-3,-16,-3,0,3,-11,4,8,1,-15,-4,9,3,-13,7,1,-7,2,-3,19,18,-17,13,-11,5,-13,10,21,20,-1,1,6,-10,23,-13,3,12,10,-28,-1,-14,-3,-9,-1,-1,2,0,0,0,-1,-2,-6,-24,4,-45,-8,-14,10,-47,3,-3,1,-3,-3,-12,-1,2,3,-3,-2,0,-7,-8,-4,-3,1,-4,-3,3,-1,7,12,6,2,-4,-6,-2,-3,2,8,2,-2,-2,-6,2,-3,2,2,1,-2,-2,0,1,-1,0,1,-2,6,2,3,16,-11,-11,6,-12,-7,5,-22,-21,-17,-6,1,-22,-25,-39,1,-6,-18,-32,-16,5,-3,-18,-19,6,-22,-13,1,-7,12,-9,-12,-6,20,-7,20,6,6,-2,-15,-5,-2,-5,-12,-3,-7,10,-8,4,-1,-4,-8,-4,-10,-2,-4,-2,-6,2,0,-5,7,18,8,12,8,10,1,-12,5,-16,-1,-32,-4,-10,-7,-32,-22,-4,6,2,-16,-37,-8,-12,5,-14,-12,14,-16,-19,-6,-7,18,-8,-19,-1,13,-2,29,19,4,-8,-17,-17,2,0,0,-1,-6,-2,-9,10,-8,9,-11,5,-8,-13,-4,-14,4,1,6,-7,6,17,12,10,-2,-2,7,-25,-27,-21,-22,-19,7,-18,-9,-22,-23,-24,25,27,-15,-30,-21,-12,-1,-26,-31,25,-30,-73,-21,-24,28,-16,-22,-12,26,-11,42,32,4,-14,-29,-19,-8,-7,-17,5,-8,9,-12,22,-11,2,-7,-16,-3,-7,-15,-11,-11,5,-2,2,29,23,38,16,8,-2,16,-32,-58,-67,-20,-84,8,-70,-38,-28,-56,-74,33,34,-56,-67,-49,-84,-18,-45,-55,39,-34,-84,-63,-97,21,-54,-72,-74,20,-33,42,56,7,-49,-71,-45,-39,-29,-60,12,2,9,-41,21,-37,10,-25,-3,-6,-29,-29,-24,-21,-17,-24,13
2,-1,2,1,-1,-2,1,-2,4,4,4,5,3,8,9,5,5,4,5,2,4,4,8,4,5,5,4,5,2,5,4,5,4,5,4,7,4,7,5,5,5,6,5,6,8,5,4,4,14,15,18,14,2,1,2,9,1,-1,-1,-2,-1,0,-2,-2,3,3,4,5,7,7,5,8,3,6,5,9,7,10,9,7,3,7,6,10,5,10,9,8,4,-1,9,1,13,6,11,3,-3,8,2,11,1,11,1,11,8,1,9,-3,15,-2,6,-4,-5,13,5,11,-10,1,-4,8,7,1,12,-6,8,-10,0,-11,3,11,2,13,2,11,2,8,11,4,15,4,13,7,14,1,3,16,4,14,4,14,2,10,13,0,13,2,14,2,13,-1,-1,13,-1,15,0,12,-1,16,9,-2,15,-3,10,-5,14,-1,-2,13,0,15,-11,7,-8,9,11,1,15,-9,12,-9,7,1,13,13,11,11,13,12,9,8,8,9,11,8,11,11,13,8,8,10,10,10,11,10,12,10,12,13,12,11,15,10,11,12,12,9,16,11,13,7,10,12,12,12,10,14,10,8,3,12,15,14,20,5,9,3,8,10,13,16,14,15,-1,4,-2,1,24,27,24,24,23,28,23,26,24,25,25,18,28,24,27,21,14,24,21,28,20,25,25,31,21,17,22,16,27,22,23,24,21,22,17,23,30,26,15,22,15,19,17,10,23,17,16,21,14,20,21,18,12,32,21,29,27,16,14,24,24,27,13,20,1,2,0,0,0,0,2,0,-17,-16,-11,-21,-8,-14,-5,-11,-11,-9,-12,-11,-13,-14,-9,-12,-7,-6,-6,-5,-7,-8,-7,-5,-4,-5,-3,-6,-4,-6,-3,-5,-5,-3,-2,-3,-4,-7,-3,-3,-4,-3,-1,-4,-5,-7,-4,-2,-2,1,-1,3,0,-1,1,-2,-11,-10,-17,-10,-19,-9,-10,-13,-8,-9,-13,-9,-20,-12,-15,-8,-9,-11,-4,-14,-14,-23,-13,-16,-8,-8,-11,-12,-15,-18,-14,-17,-6,-7,-8,-11,-10,-14,-12,-12,-7,-7,-7,-8,-8,-9,-9,-8,-7,-6,-4,-6,-8,-9,-7,-7,-5,-5,-1,-5,-5,-7,-8,-9,-8,-9,-14,-7,-15,-9,-8,-6,-7,-6,-10,-10,-9,-16,-10,-9,-6,-8,-7,-9,-15,-14,-11,-15,-7,-9,-11,-13,-10,-13,-9,-10,-12,-11,-11,-12,-10,-10,-11,-10,-12,-11,-10,-11,-7,-11,-6,-11,-10,-11,-8,-8,-12,-10,-12,-8,-12,-11,-9,-7,-5,-11,-10,-10,-17,-15,-22,-17,-20,-15,-18,-13,-20,-20,-24,-21,-26,-24,-20,-19,-15,-14,-13,-14,-13,-16,-19,-13,-13,-14,-14,-10,-12,-16,-17,-15,-15,-12,-13,-11,-15,-12,-19,-12,-15,-12,-12,-11,-11,-12,-13,-11,-15,-13,-10,-11,-15,-12,-11,-11,-17,-16,-14,-11,-13,-8,-12,-11,-24,-22,-32,-32,-33,-32,-31,-28,-27,-29,-22,-24,-33,-45,-26,-31,-12,-16,-20,-18,-32,-31,-26,-20,-19,-26,-25,-25,-28,-28,-25,-26,-24,-24,-28,-23,-30,-18,-32,-24,-20,-24,-18,-24,-15,-24,-16,-21,-28,-19,-27,-18,-22,-15,-23,-17,-25,-25,-21,-25,-11,-9,-15,-19
-2,-1,2,0,-2,-2,-1,-2,-2,2,0,4,14,8,8,3,-4,4,-1,3,3,2,3,-3,3,10,11,3,4,3,2,1,11,9,4,3,2,-5,0,22,0,-5,10,-6,2,0,5,-7,8,-2,-25,-28,-1,-21,-7,-16,-1,-2,-1,0,-1,-1,2,0,-1,6,-1,3,8,12,4,-7,-4,10,18,7,4,-15,16,6,20,3,-9,-11,0,28,-2,-14,2,-3,33,11,-8,-15,8,18,18,12,-19,-4,36,26,5,-11,-6,13,15,25,-13,-23,-5,12,15,-8,2,-18,-7,1,-9,-25,8,-7,-12,16,-10,4,4,4,2,-4,4,11,8,-11,19,-3,-2,7,-16,9,16,23,-5,-5,-12,0,12,-13,5,8,4,-20,2,5,6,0,26,3,-2,3,6,-6,-5,23,-16,-20,12,25,12,-8,8,-12,-11,2,-3,1,4,-3,-14,-30,-8,6,4,-13,10,-11,-20,0,9,-13,4,-4,7,2,-2,6,2,6,7,-3,4,-2,1,-4,3,-3,-3,2,10,10,12,19,0,7,-1,11,5,2,1,7,17,13,16,1,6,-4,12,-3,-16,5,-1,9,18,12,5,-3,3,9,2,-1,13,0,17,17,3,10,7,21,0,5,11,-17,-2,2,1,-1,6,4,5,10,9,3,8,1,2,2,-4,18,29,25,2,1,10,5,24,15,11,6,10,24,9,5,21,-7,36,15,15,11,8,17,2,24,2,-5,15,14,14,13,-2,-2,5,11,12,18,20,22,14,23,11,0,39,6,-33,-13,-6,4,15,7,17,28,1,-1,-2,-2,-2,1,0,2,-5,-20,-8,0,7,-11,-6,-33,3,-5,-1,-9,-4,14,0,-15,1,-12,8,-5,-1,0,-4,-1,-1,-1,-1,-4,-1,-2,-2,-3,-2,2,0,4,-6,0,1,2,-2,1,-5,2,-4,-1,-2,0,-1,-1,1,2,-2,0,0,-1,5,-2,-1,0,2,-6,-9,2,8,-18,-8,-7,-4,-4,-18,-5,7,-16,-17,-2,12,37,-21,-9,-17,-10,25,3,-13,-26,-1,20,0,15,-3,4,1,-5,-13,6,-2,0,5,-10,-15,-5,6,-2,-1,7,-6,-3,-5,2,-1,-8,-9,-4,-10,-5,-7,-5,-4,1,-6,-8,-11,-6,6,-7,7,8,-9,-15,-2,2,-31,-11,-6,-4,7,-20,-21,-2,18,46,-8,-32,-18,-23,21,9,-17,-17,-4,16,-1,23,-9,-10,5,-8,-10,-10,-8,11,14,3,-19,-18,6,-3,1,6,-5,-3,-9,5,-6,-1,2,-11,-5,-8,-10,-5,-3,-6,-3,-21,-11,-10,31,-50,-7,-11,-6,-12,-4,11,-15,-12,-11,-9,14,-28,-13,-3,33,78,23,-70,-34,-18,36,21,-37,-86,2,38,12,31,-18,-15,4,-27,-14,5,-7,7,26,-2,-25,-13,17,3,-2,15,-18,-9,-22,15,0,-2,0,-5,-5,-4,-19,-9,-6,-5,-50,-34,-54,-7,42,-14,-32,-6,-15,-40,-16,18,-50,-42,-44,-12,16,-70,-31,2,38,68,21,-85,-42,-44,38,27,-52,-95,-14,39,21,19,-54,-46,19,-66,-36,-7,-30,1,36,-19,-56,-68,15,25,-12,14,-39,-25,-35,33,-20,-25,14,-21,-14,-19,-32,-42,-31,-13
0,2,-1,0,1,2,1,-1,11,11,11,2,-4,-2,-2,1,12,9,6,1,-4,0,0,0,8,7,7,5,-1,2,0,0,10,4,3,-2,-3,3,-1,1,4,6,0,-2,-6,9,4,12,17,23,2,-4,-8,2,9,26,1,0,-1,-2,0,0,1,-1,8,10,11,10,7,0,2,11,9,14,5,7,0,1,-1,5,12,4,8,2,4,0,3,-3,15,10,8,10,6,10,11,5,10,7,2,0,-1,6,6,11,16,10,-3,0,0,3,8,13,16,8,6,11,6,-5,9,15,16,16,14,0,9,3,16,11,-4,-9,6,16,11,7,10,4,8,7,4,10,4,9,4,13,13,2,12,6,2,9,2,6,13,11,8,8,4,1,11,16,11,7,6,-1,8,-4,5,7,8,10,4,19,4,9,4,18,15,8,7,6,11,3,14,10,8,17,9,15,4,21,10,8,13,17,26,20,21,17,13,12,17,20,23,15,20,17,16,19,16,14,25,5,19,20,20,13,16,15,11,7,10,17,21,17,21,20,17,7,15,12,19,17,24,21,26,13,16,14,24,20,29,25,19,15,7,13,25,16,18,18,16,8,6,10,14,17,17,32,34,36,29,24,22,21,25,31,36,31,29,21,25,17,31,28,33,25,29,33,27,27,33,35,25,18,24,16,40,22,36,23,22,24,35,27,22,22,25,28,27,39,39,26,13,28,16,34,32,22,6,22,23,29,39,25,26,31,6,30,12,24,-1,0,0,-1,-2,-1,-2,0,28,41,31,14,0,16,7,-11,-8,-5,11,11,15,12,11,4,-8,-9,-3,-3,1,10,3,3,-7,-5,-9,-12,-9,-1,-1,-1,-4,-5,-5,-17,-14,-3,-4,-5,-4,-2,-4,-15,-14,-4,-3,-8,-2,-1,2,0,0,2,2,1,6,10,-3,-9,-5,8,24,14,7,31,-6,-12,-23,26,13,-1,-6,-9,21,-12,11,24,-1,6,-10,-16,0,0,9,13,7,7,-13,-9,-10,-10,-6,1,-1,-3,-12,-8,-11,-16,-13,-4,-5,-2,-14,-11,-13,-14,-12,-9,-13,-7,-3,-8,-7,-14,-13,-9,-6,-7,-7,-6,8,-1,5,5,22,-2,3,-1,5,5,-1,16,-14,6,-4,6,4,-26,6,25,11,-2,7,3,-4,-9,-5,19,20,12,6,-1,-5,-11,-7,-8,8,8,-10,0,-1,-5,-12,-3,-8,2,7,-2,-2,-7,-5,-6,-9,-7,4,6,-2,-2,-7,0,-4,-8,0,8,17,27,11,3,13,9,-1,3,2,21,5,-1,12,4,-15,-20,-14,1,3,-11,-5,4,-19,-22,-8,12,4,-3,-4,-1,-16,-15,-9,7,6,-7,-7,-6,-11,-8,-7,3,2,-4,-7,-1,-15,-13,-7,13,3,-5,-3,-1,-15,-16,-12,13,8,-7,-5,-4,-24,7,11,24,27,-13,19,9,2,5,-17,27,7,5,4,11,-10,-14,0,-6,22,5,-2,5,10,4,0,4,10,14,24,9,-6,-1,-14,5,5,1,16,16,-2,-2,-1,2,6,-1,0,4,-1,-6,-2,2,3,-1,-13,-9,-6,-1,-3,0,5,-5,-6,1
-1,2,-2,0,-2,-1,-1,1,0,1,1,0,-2,0,-13,0,0,0,0,-1,-1,0,-18,5,-1,0,1,0,-2,2,111,6,-2,-1,0,-1,-1,10,-13,6,0,-2,-1,0,-2,-3,-14,6,-2,0,-9,-5,-8,0,-4,1,0,2,0,1,0,2,1,0,2,2,1,2,3,-3,4,0,2,4,3,2,1,5,3,3,2,-1,3,1,1,3,-1,7,2,-1,1,1,3,1,-21,1,0,3,2,1,2,10,2,6,0,4,-1,-1,2,-1,9,1,4,-3,3,5,3,6,-3,3,-2,-1,1,4,0,5,3,4,4,4,4,-1,1,3,3,3,5,4,0,4,2,3,3,3,2,2,3,0,3,-2,4,-2,1,0,1,3,1,3,82,2,2,1,0,2,2,8,1,-2,-1,-1,2,3,-3,4,-4,3,-2,2,0,0,3,-3,4,4,2,3,0,-1,-3,5,2,6,3,2,3,4,3,3,5,1,0,2,2,2,4,4,-2,5,3,2,4,1,3,2,-2,6,2,1,3,0,3,-1,-36,-4,1,-1,3,-2,2,9,-6,7,5,5,8,4,6,4,0,8,4,0,4,2,2,8,-4,7,3,3,5,3,5,7,2,1,5,11,11,12,7,9,8,15,7,9,13,11,13,12,3,13,8,11,7,12,7,11,6,11,9,0,8,5,11,7,57,5,1,0,7,8,4,17,8,8,3,-4,12,-1,11,11,7,5,1,3,10,-2,1,11,5,10,9,4,0,4,10,5,9,13,0,2,0,-2,0,2,1,1,-6,-11,-4,-8,-3,-6,-4,1,-3,-5,-4,-6,-7,-4,-8,1,-2,-3,-2,-3,-4,-3,-69,0,-1,-2,-1,-2,-2,1,-6,-12,0,0,-1,0,0,-5,-5,-7,0,0,0,1,-1,-2,-6,-5,1,0,1,0,2,2,2,-2,-1,-2,-2,-5,-5,0,-10,1,-1,-3,0,-8,-3,-11,1,-12,-3,-4,-6,-5,-6,-13,3,-7,-5,-1,-6,-1,-4,-7,-32,-5,-3,-4,-3,-4,-7,47,-10,42,-1,-3,-4,-1,-3,2,-7,4,-2,-3,-3,-1,-3,-7,2,-5,0,-1,-1,-2,0,-4,-1,-8,-3,-4,-7,-11,-1,-7,-2,-6,-5,-7,-2,-4,-13,1,4,-7,-6,-5,-4,-11,-7,-11,-6,6,-5,-4,-7,-4,-6,-7,-20,-6,-5,-6,-4,-7,-1,46,-9,40,-4,-5,-7,-2,-3,-2,-6,4,-1,-7,-2,-4,-3,-4,-5,-7,-7,-5,-2,-3,-4,-2,-6,-1,-6,-8,-6,-9,-9,0,-7,-2,-6,-6,-6,-5,-11,-8,0,-14,-8,-8,-11,-9,-13,-10,-21,-10,-9,-8,-10,-9,-11,-14,-45,-4,-7,-8,-5,-6,-3,63,-5,58,-5,-8,-7,-5,-4,-3,-6,-1,-6,-8,-7,-5,-10,-6,-8,-3,-5,-6,-4,-6,-9,-6,-5,-4,-18,-11,-18,-15,-24,-7,-25,-15,-13,-27,-15,-6,-25,-19,4,-26,-27,-14,-19,-25,-30,-28,-22,-27,-26,-22,-16,-18,-22,-20,-27,-14,-17,-21,-17,-20,-11,73,-12,76,-14,-17,-19,-13,-10,-13,-14,-8,-16,-20,-13,-12,-13,-18,-17,-13,-12,-12,-10,-11,-13,-9,-20,-14
0,-2,-1,2,-1,-2,1,-2,0,4,0,-1,-4,-2,-7,-9,1,4,2,-2,-3,-6,-9,-10,-1,5,3,1,-7,-7,-14,-11,3,2,3,2,-5,-21,-17,-10,3,5,0,-4,-9,-3,-33,4,10,1,-10,-6,-9,9,-11,12,-2,-2,-1,2,2,-1,-1,-2,-3,-2,4,-4,8,7,0,6,-1,-11,-5,1,4,-2,8,-4,-3,-2,-3,3,0,7,-3,6,-4,-7,1,1,-10,27,-3,39,-12,-3,0,-1,19,-13,0,-3,3,1,-9,-15,6,-6,34,2,-12,-7,-2,-7,8,0,17,15,4,-3,-10,-11,-13,26,15,39,-11,16,-2,9,-13,0,-12,6,6,-3,12,-3,11,-6,2,1,2,6,-6,18,-3,7,-3,4,9,3,1,-8,12,-7,14,-7,-8,3,-12,3,-3,30,-10,25,5,-14,0,5,17,-5,34,-12,-6,-1,-8,2,-10,18,-4,18,-2,-8,13,-7,7,-11,13,-2,1,3,1,4,8,8,12,9,0,0,2,9,9,15,9,7,8,3,6,10,14,13,17,12,-1,11,5,12,11,6,16,11,3,8,6,12,11,8,7,5,5,5,1,7,13,13,23,25,15,9,13,10,15,16,28,34,6,13,16,5,14,17,19,16,8,30,11,16,10,15,36,26,28,20,34,13,16,22,38,26,12,16,17,38,18,18,44,27,10,7,20,6,40,19,48,24,0,21,8,27,15,51,47,52,38,11,41,36,43,59,76,58,10,9,12,36,43,65,52,46,20,9,30,20,37,25,60,37,-1,2,0,1,2,-2,1,2,-23,-11,-5,-23,-10,-4,-23,-4,-8,-1,-6,-9,-6,-8,-1,-7,-5,-2,-1,-3,-11,-9,-11,-5,0,3,1,0,-6,-12,-18,-6,2,3,3,0,-1,-4,5,7,1,4,3,4,5,-94,5,-62,1,-1,-2,0,0,0,-2,1,3,0,1,0,2,6,-5,-1,7,5,5,-3,-25,-3,-9,-3,10,2,0,-5,8,-3,-6,-20,7,5,5,0,-10,-18,-12,-17,9,4,6,0,-20,-8,-25,-8,5,12,1,-6,4,-6,16,-8,12,10,7,9,-32,-22,-2,-4,10,7,3,-3,0,-71,-4,-28,-1,-11,-7,-8,2,0,-7,-2,-10,2,-8,-4,-5,-6,-7,-10,-2,-1,1,-5,-1,-10,-4,-15,-3,0,-6,-2,-20,-1,-12,-8,6,-3,-2,-10,-3,-29,-14,-38,-2,-2,-2,-2,-12,-5,-4,-5,1,-2,1,-1,2,-52,-3,-37,-2,4,1,3,-45,3,-17,4,-5,-5,-5,16,-5,-10,-7,-9,0,3,5,13,3,-10,-16,-2,2,-1,10,-1,2,-35,-15,-4,0,3,6,4,-8,-17,-24,-4,6,-4,1,-6,-15,-18,-22,-5,-1,-2,-5,4,0,-43,14,-42,8,8,6,9,-19,-61,-47,-5,9,11,14,10,2,-27,-27,-10,-1,-12,-40,5,-24,-27,-10,-20,-23,-3,-23,-10,-25,-49,-24,-23,-17,-3,-1,-24,-20,-32,-51,-20,-1,1,-7,-6,-10,-23,-39,-14,2,-2,-1,-8,-11,-28,-36,-48,0,0,-6,-13,-24,-41,-10,-50,-5,0,1,-10,-11,-76,-37,-37,4,1,0,1,-33,-10,-75,-18
-2,-1,-2,1,-1,2,1,2,-3,-7,7,5,4,-4,-5,-4,-3,-3,0,-3,1,5,-4,3,-2,-1,-4,-3,1,-6,2,2,3,-9,2,-1,1,-3,5,0,1,5,-3,-2,0,13,6,8,-10,-14,-15,4,-11,0,3,11,2,-1,-2,1,-2,0,1,-2,9,-6,10,11,0,18,-4,21,12,-1,12,-16,-1,15,-5,7,-10,13,-7,-13,16,34,19,4,-7,16,-8,-5,13,-12,26,-6,10,-7,-5,12,-24,22,-15,9,5,-7,-19,21,-22,31,-9,23,13,-15,-51,-12,24,6,23,6,-1,-3,-3,-5,5,5,0,-2,6,-1,19,12,-4,4,2,-2,0,10,4,6,13,-4,-4,-1,-5,12,6,4,9,9,-17,29,9,-8,11,1,2,1,27,-2,6,8,-5,2,-1,14,12,1,23,-3,0,-10,23,32,-2,33,-3,-3,-15,19,3,18,14,10,9,-3,16,-13,1,15,12,7,14,-2,3,17,11,12,7,16,1,-3,4,3,4,-4,11,4,7,-1,14,12,-3,4,15,1,-2,-10,10,-1,3,2,13,13,-3,2,16,11,-10,7,18,13,2,-11,11,13,-8,-3,17,-12,-5,-1,15,2,-3,11,6,9,3,7,1,9,-5,-17,-6,-2,11,7,25,13,21,11,-16,18,10,13,8,13,12,3,11,27,-1,5,1,2,9,11,-1,28,6,-23,13,-3,-11,14,15,13,10,-3,15,1,-5,17,11,19,-5,-16,7,-2,12,7,14,19,-7,-21,-25,22,-17,17,16,31,5,1,-10,20,-31,2,10,8,1,-1,1,0,-2,0,-2,-1,15,-32,6,13,-17,8,-38,17,-2,-11,8,8,2,-3,-8,4,-5,5,2,-1,-3,-6,-5,6,-4,5,5,-8,9,-5,8,3,-3,5,3,-4,-1,1,1,3,-3,2,10,-8,-1,2,-2,6,-2,1,0,2,-1,-1,0,-2,4,-11,1,14,-11,10,-11,2,-1,-22,-18,1,-15,-29,-13,13,-11,-18,-6,0,-5,-8,-14,-6,-18,-1,1,-1,-15,-28,-1,-6,-11,-7,-8,-7,-16,0,-10,-13,-8,-8,-2,-13,-13,0,-7,0,-2,-9,-4,-2,-5,-11,-2,-6,-10,-10,-6,-6,-7,0,-4,-10,1,-15,9,-2,-4,-8,15,11,-1,-12,-22,-2,-35,8,-21,13,3,-16,-11,-6,10,-35,-4,-16,-21,-3,-12,13,-19,-21,-15,4,-1,-16,-2,-18,-12,-1,6,-14,-5,6,-13,-5,-20,7,-14,7,8,-12,13,-12,0,-16,4,-14,-31,1,-7,2,-9,-3,-7,3,-3,-41,-1,-1,1,5,13,-3,10,-20,-16,18,-8,-21,-20,-5,-12,-6,-7,-2,-12,-29,-33,-14,-24,-14,-19,6,-7,-37,15,1,-17,-23,-15,-6,-22,11,1,-10,-20,-6,-22,-22,-9,-6,-30,4,-15,9,-6,0,0,-18,9,-6,-19,-6,22,-13,1,-10,1,-4,3,-56,17,26,-18,-2,26,-14,-12,-28,-44,25,-70,-19,-57,11,-12,-29,-29,1,8,-75,-58,-48,-72,-44,-73,6,-45,-71,28,3,-47,-103,-75,-42,-36,17,30,7,-40,-31,-66,-46,-38,-11,-42,15,-62,-19,-25,-27,-15,-62,16,-17,-62,-36,16,-30,-16,-37,9,-10
-1,-2,0,0,-1,2,-2,-2,3,3,4,9,-2,9,9,2,0,-2,1,-3,-2,-1,-3,4,3,16,19,6,1,-6,6,0,-9,3,-7,3,4,1,9,-2,-1,-21,9,-2,24,2,-15,-7,-10,-16,19,-8,29,6,36,17,2,2,-1,2,-1,0,0,-1,-3,0,8,-1,13,24,5,-1,-6,8,-8,9,-3,-1,-4,10,9,18,20,4,12,-1,6,-10,-1,-11,17,11,28,-13,30,21,-8,5,4,-6,13,13,-12,16,-12,6,19,-7,12,9,12,29,-5,45,-13,23,25,50,-6,15,-15,-1,10,-8,27,7,24,6,-10,-10,6,4,0,11,13,4,8,3,15,19,-3,11,13,7,16,-8,4,4,7,-14,8,16,13,28,2,-4,1,7,3,12,-10,-3,4,-17,-4,0,7,-15,-4,11,2,1,21,-7,-14,0,-3,-23,22,-4,26,-23,17,6,5,5,0,-6,-6,30,-5,4,6,2,2,8,1,2,-1,7,-7,-1,-11,4,1,20,5,3,8,-1,7,15,-4,15,13,14,-3,-14,-6,-2,-13,-1,-15,4,15,10,18,37,13,7,7,0,17,-5,7,-3,8,-1,8,-2,-8,-7,3,12,-10,8,-19,-2,6,-6,1,23,4,8,-17,2,3,6,8,15,20,9,21,26,-3,8,4,24,15,16,12,22,12,-4,13,17,12,8,15,17,15,16,3,-13,-2,16,-21,25,23,7,2,0,3,-13,4,-3,9,5,1,-33,5,-6,-14,-12,12,-33,-1,8,9,-16,1,1,3,-4,-1,-8,-4,-5,-16,3,0,0,-2,-1,0,2,-2,-2,-14,-18,8,-16,8,-8,-11,-5,-3,9,-16,9,-9,-7,4,-8,2,-7,-7,2,-5,-7,0,-5,6,0,4,2,-2,-1,2,-4,-3,-5,-5,3,-4,2,0,1,0,0,-5,3,-3,1,-4,-2,1,2,0,-1,1,1,0,2,-10,-6,8,-2,6,-4,-10,-4,-6,-10,-7,-3,-2,-19,-15,11,-3,0,-25,-4,12,-12,-9,2,-6,-16,-20,1,-6,-18,-6,-11,7,12,6,9,-10,8,-17,-14,-5,-21,-1,6,-13,3,0,-4,-8,-12,-11,2,-4,-2,-8,-8,-8,-7,-10,1,-9,2,-7,-4,-12,9,15,-1,-2,-6,-9,-14,5,-15,-3,-6,-8,-11,9,14,0,4,-19,2,12,10,-9,7,12,-42,-9,-9,-4,-23,-12,-31,-4,12,9,14,-11,9,-19,-11,-11,-27,-5,6,-13,3,1,-3,-16,-11,-16,-1,-7,-1,-8,-19,-10,-2,-9,1,-9,1,3,-3,-11,17,24,-37,20,-7,-33,-20,-34,-12,-3,-5,-26,-14,8,28,8,7,-24,-21,26,14,11,13,-5,-23,-24,-8,-18,-20,-7,-15,18,29,28,17,-24,11,-16,-27,-16,-34,-3,14,-31,5,-14,-1,-9,-18,-26,18,-16,-2,-9,-21,-10,-8,-15,8,-23,6,-1,2,-58,9,26,-70,39,-9,-48,-48,-3,-48,-19,-6,-25,-44,-5,25,-18,-4,-42,-26,33,26,15,23,2,-43,-79,-49,-45,-73,-19,-66,23,36,30,14,-55,25,-44,-81,-38,-58,-16,14,-82,13,-31,13,-21,-46,-55,23,-21,-17,-27,-51,-40,-20,-28,1,-42,-2,0,11
-2,1,2,-2,-2,1,2,-2,0,1,3,-9,5,1,0,1,0,-2,3,-9,4,-1,0,2,-1,-3,29,-9,18,-4,-1,0,-2,-4,0,-74,1,-2,-1,0,-7,-6,-4,-11,-4,-7,-1,-2,9,-4,1,-5,-4,-4,6,6,1,2,-2,2,-1,0,1,-2,1,3,-9,2,-3,2,-1,-4,5,-3,5,-3,1,4,5,-1,0,-2,22,-1,25,-1,1,0,4,27,-5,-11,0,15,4,-3,-8,-5,-18,78,-8,-1,-3,1,2,30,-6,-10,-12,32,4,-4,-4,-12,15,3,38,-3,-13,0,-5,-1,0,-11,2,-5,11,-4,0,-7,0,-10,-3,0,2,14,18,4,0,0,3,3,16,2,-3,20,-5,1,-4,18,4,-2,-1,-7,13,-6,9,-3,-1,-2,-6,0,2,69,-3,-3,-3,1,0,-7,32,-5,20,-6,3,-2,5,23,-9,-16,-18,25,-1,2,29,-10,-7,-9,-15,-5,28,-5,3,2,3,9,2,3,2,1,-4,-3,5,12,2,4,2,-2,-3,2,5,15,-6,-3,3,-3,3,-8,-6,12,-7,-5,0,-1,5,12,17,-26,20,4,8,7,-5,-10,-3,16,-1,1,-2,3,-1,-13,-4,18,-7,-7,-2,-8,2,-11,4,23,-10,-3,-3,0,8,8,6,11,10,3,-1,9,17,7,13,11,10,10,15,-12,5,21,1,15,1,18,5,8,7,1,16,9,19,2,9,4,0,11,18,67,16,9,18,16,-6,-15,21,25,37,-1,4,4,0,1,-11,19,11,20,-2,13,18,1,7,20,0,-17,11,9,2,0,-1,-1,2,-1,2,0,-17,-4,-7,-9,-4,-4,-14,-2,-5,-5,-6,-4,-3,-2,-4,-6,-2,-6,-2,-10,-1,-3,0,-1,-1,-7,2,57,1,-4,-1,-1,-1,0,-31,2,-24,1,1,-1,0,-2,-3,2,-2,-3,-1,1,0,0,0,2,2,2,-1,1,-4,-11,-6,6,-4,-12,-6,-5,-12,-7,-9,-2,-7,-13,-2,-4,-3,-14,-30,-6,-24,-4,-8,-8,-5,-20,-5,-9,-8,-17,-3,-11,-3,-20,-3,82,-5,-6,-6,-4,-3,-24,-2,0,0,-20,-3,-3,-1,-1,-23,1,-22,0,0,-1,0,3,-4,2,-3,0,-3,1,-5,-3,-3,2,-14,-4,-1,-12,-16,-4,-12,4,-5,-7,-26,-4,-3,-19,-3,-9,-1,-19,-1,-13,-9,-3,-13,-6,-17,3,-8,-4,-1,-15,-4,83,-5,-7,-8,-9,-12,-4,-17,0,-18,2,-12,-1,-8,-21,-2,-1,-2,-26,-6,-11,-15,1,-4,-3,-4,1,-18,-1,-11,0,-7,-3,-3,-4,-7,6,-10,-12,0,-10,-17,-12,-5,-6,-17,-15,-2,-12,-1,-9,-12,-9,-6,-1,-3,-23,2,2,-1,-10,-11,-34,-16,82,-21,-8,-14,-7,-3,0,-1,-10,-5,-1,-7,-2,-2,-2,-5,-12,-6,-7,-6,0,3,0,-1,-12,-2,-5,3,-1,-1,-9,-24,-18,-43,-21,-18,-9,-11,-38,-20,-12,-26,-11,-30,-27,-17,-66,-16,-20,-2,-33,-24,-63,-18,-7,-21,-26,-14,-10,-14,-16,-14,-56,-24,88,-21,-20,-16,-32,-18,-8,-17,-23,-30,-9,-21,-15,-13,-20,-9,-21,-6,-28,-19,-4,7,-8,-8,-17,-10,-11,4,-6
-1,0,0,-1,-1,-1,1,2,11,0,4,-1,1,-1,-1,1,6,-1,2,-4,4,-3,4,1,10,-6,-5,-1,5,0,4,-1,9,-10,-4,-11,5,6,4,-5,28,-9,13,7,-4,8,-15,-2,-6,-8,13,-12,-18,-19,3,-4,0,-2,2,0,-2,0,2,2,9,11,19,0,1,3,4,15,-1,4,-10,7,-8,23,4,-2,12,-7,23,-13,-17,6,9,-2,13,-19,2,9,-16,-15,3,-10,5,-18,22,24,-14,12,-9,12,-3,-9,0,1,-32,-31,28,-25,-8,-18,-5,22,-38,-31,-9,-1,5,-13,18,-3,-13,-12,7,-3,-9,-6,2,7,10,4,2,-3,3,-8,12,0,0,12,10,0,-7,6,-6,-5,7,6,10,-9,10,0,-4,0,0,-9,-4,5,2,-4,11,2,0,-12,13,-17,20,-7,11,15,-21,14,-12,-7,14,-4,14,3,14,-15,8,-5,-8,-7,4,16,-3,0,-22,6,13,9,3,13,0,10,17,4,11,27,-1,3,12,-10,-11,13,25,22,6,14,-2,8,11,16,4,35,-1,1,1,-3,11,9,15,8,-18,2,5,-9,-6,12,2,32,-14,-2,3,-9,-7,5,15,31,12,9,2,14,4,16,6,29,1,3,9,9,5,15,7,13,8,16,13,12,13,-2,17,23,20,3,7,-2,16,19,18,25,5,13,11,15,13,19,19,29,19,8,6,-5,18,14,29,14,14,-4,15,5,20,29,21,40,6,30,19,11,-11,19,22,36,28,-6,19,8,-10,36,32,18,20,8,16,14,17,12,0,0,-2,1,0,-2,2,0,-29,-34,-41,7,-11,1,-10,-20,1,-14,-3,18,-12,-2,-6,-6,-2,-5,-10,-3,0,-3,-8,-6,-1,-2,-1,1,3,2,1,-1,-1,5,2,-1,4,3,-3,0,-4,8,-4,0,0,2,0,0,1,1,2,2,-1,2,-2,-1,-2,4,10,13,-16,-1,1,14,17,-22,-30,14,-13,-13,-3,-31,0,20,-14,2,-22,-36,-10,10,16,-6,-37,-8,-5,1,-5,-3,-20,3,-11,-21,2,-16,-9,-6,-7,7,-18,-18,-11,-7,-9,-10,-7,8,-8,-9,-4,-14,-3,-12,-8,-5,-13,-9,-13,-4,-6,-1,-2,12,-16,12,-12,-7,-6,2,11,-27,-9,11,-12,-14,-22,-22,6,20,-18,3,-8,-36,-1,11,4,-6,-27,-12,-3,-4,-14,1,-9,8,-20,-20,-3,0,-5,-7,-10,2,-27,-16,-10,-3,-5,0,-18,13,-18,-8,-3,-10,-6,-5,-2,-2,-9,-10,-12,-6,-1,-4,-15,11,-22,14,-30,-20,-19,32,22,-30,12,15,-33,-10,-31,-31,17,39,-18,-16,-17,-72,-26,19,35,-13,-29,-24,-10,-14,-15,12,-18,32,-39,-45,-27,-23,-25,-3,-1,24,-39,-31,-19,3,-19,-14,-9,27,-21,-27,16,-20,-13,-17,-5,4,-16,-10,-15,-3,-9,-6,-36,9,-45,1,-69,-36,-70,26,33,-53,-23,8,-54,-60,-50,-68,7,37,-53,-33,-42,-55,-51,-17,34,-44,-55,-58,-39,-51,-45,17,-49,27,-61,-55,-42,-50,-55,-28,-30,1,-55,-60,-57,-12,-44,-10,-35,34,-36,-47,12,-62,-26,-39,-18,-5,-36,-26,-34,-24,-14,-9
2,0,-2,1,1,-2,2,0,-2,5,2,-13,4,-4,-1,11,1,2,-2,-3,-10,5,2,6,-2,4,1,-1,-1,-8,2,4,1,-1,3,-5,0,-3,-2,6,3,22,-7,16,2,12,-9,-16,-9,-21,1,1,-6,11,42,-5,2,2,1,0,2,-1,-1,0,4,7,7,9,1,8,3,3,4,10,3,9,9,16,3,8,6,9,10,0,10,8,1,0,0,-2,11,1,19,-11,20,-1,-3,14,1,15,-1,-4,0,2,6,-7,2,2,-4,11,4,15,0,3,0,6,1,20,8,18,3,2,15,3,8,-19,21,2,14,-6,16,0,22,9,15,2,5,11,0,14,10,18,3,21,10,8,11,1,20,8,21,4,1,16,18,11,-5,20,7,26,22,5,23,1,19,-9,23,-8,9,16,-4,32,-3,33,-4,24,19,-4,19,3,26,4,29,-5,2,19,6,14,-1,20,0,-4,9,0,2,1,9,1,7,-7,-2,10,3,11,-6,22,1,12,8,4,5,-3,15,18,6,12,-4,2,-3,3,15,18,16,17,4,0,-2,-10,3,7,7,13,-11,1,-1,5,3,11,13,16,7,4,2,1,-2,14,-11,18,18,5,13,13,12,16,17,26,30,7,31,12,23,16,29,-27,8,27,16,27,18,37,13,50,40,16,28,9,32,23,26,19,12,21,15,40,10,40,23,31,-3,17,35,18,35,16,35,13,-14,26,11,17,20,45,6,30,25,16,5,24,10,34,50,22,13,28,7,10,35,36,12,33,-1,-1,0,-1,1,2,-2,-1,-32,-25,1,-14,10,-22,2,-28,-7,3,-3,0,-16,-3,-2,11,-5,0,8,-10,3,-11,1,0,-2,-2,8,-7,-3,-10,-1,-3,2,-4,4,-2,1,-5,10,-5,5,4,7,7,-24,2,-14,-4,-1,-2,-2,0,0,2,1,-1,-9,1,4,-11,-7,-15,-18,-5,-9,-7,-48,-9,-21,11,-14,-10,-11,-25,6,-27,-15,-46,18,-21,-6,-2,-1,-15,-22,-3,-20,1,1,3,1,-12,-10,-12,-7,-10,4,-8,-14,-4,-18,-1,-16,-1,-3,-19,-3,-18,-1,-15,-8,-17,2,-1,1,-4,-16,-6,-7,4,-28,22,-29,14,-19,16,-26,6,16,-20,23,-10,17,-47,26,-24,-16,9,-19,25,-47,26,-37,12,9,-13,20,-23,24,-25,14,-30,-8,23,-24,15,-23,16,-23,20,14,-14,6,-11,1,-16,15,-28,-17,11,-13,11,-22,10,-36,11,9,-16,9,-22,13,-22,14,-17,-20,0,1,-5,-7,-19,-3,-5,-1,-1,-5,-1,-13,-12,-14,4,-11,-5,-7,-9,-21,-4,-1,-5,-10,-3,-8,-10,-20,-10,0,0,-8,1,-6,-12,-9,-22,-3,-15,-4,-8,-17,-10,-12,-9,-10,11,17,-11,7,-13,-12,-23,-9,-25,-3,3,0,-3,-17,-7,-1,2,-22,-1,-14,-87,-20,-44,-27,-17,-4,-18,-9,-14,-26,-69,2,-10,-10,-17,-16,-13,-45,-16,14,-20,-20,-11,-9,-25,-14,-21,-3,-13,-3,-8,-32,-12,-24,-12,-14,-21,-3,-9,-19,-14,-7,-27,-32,-25,8,-10,-11,-19,-25,-26,-43,-28,-18,-1,-9,-19,-11,-8,2,-11
2,0,-2,0,2,1,1,1,2,3,4,1,-26,2,0,0,1,0,3,5,-25,4,-2,1,3,-1,-13,8,81,7,-4,1,2,0,-2,7,-10,15,-1,0,3,-3,4,8,-4,6,-4,-3,-4,-7,-5,-3,-2,0,-7,-1,-2,0,0,1,0,1,-2,0,-2,5,8,6,5,2,6,0,5,8,7,10,5,9,8,7,5,3,4,7,10,5,3,4,4,7,12,3,-12,9,11,6,10,4,6,8,1,18,7,7,5,6,7,6,5,16,4,14,2,7,10,4,9,3,9,8,9,3,9,5,14,7,6,8,7,-11,11,3,9,3,2,2,5,9,-4,9,3,2,2,9,7,2,11,-6,19,-1,11,1,6,6,3,3,-15,11,8,8,8,1,5,0,3,7,8,3,-5,11,5,10,-5,11,-3,8,8,2,5,-7,6,3,8,-5,-10,11,-5,6,4,3,0,4,4,5,5,6,-10,5,4,8,3,5,6,6,-14,7,8,6,4,7,6,5,-16,0,4,3,0,-1,2,-2,-11,-7,-2,1,5,5,4,11,-8,12,2,9,3,8,6,8,-2,6,6,4,3,11,8,9,-5,8,12,7,4,-2,5,6,-2,7,7,5,12,7,14,17,14,14,10,-1,16,14,12,14,6,14,9,13,11,13,15,10,6,4,20,15,11,13,5,5,-13,8,8,5,18,8,13,7,7,14,13,15,10,0,0,12,-1,22,3,15,14,-8,14,24,-7,12,8,6,0,10,0,5,18,7,14,15,-1,-1,-1,2,1,1,1,0,-15,-12,-3,-5,-8,-5,-9,-8,-6,-6,-6,-11,-2,-12,-5,0,-1,-2,-4,-4,34,-3,-4,-1,0,-2,-3,-8,-10,-4,-5,-1,1,0,0,-5,-12,-6,-2,-1,0,1,-2,0,-9,-2,-2,0,2,-1,2,-2,1,0,-1,1,-10,-12,-6,3,-13,4,-12,-6,-7,-10,-5,-15,-2,-16,-8,-1,-5,-7,-9,-20,5,-20,-5,-7,-5,-6,-11,-14,-2,-15,-7,2,-1,-3,-20,-4,-16,2,-16,-2,-3,1,-7,4,-14,5,-7,6,-3,-9,-1,-8,6,-10,2,-5,-4,-4,0,-10,0,-7,1,-11,-9,0,-5,-7,0,-14,-1,6,-6,-8,-6,-7,-8,1,-6,-7,-5,-8,-11,-20,2,-14,-5,-1,-9,-7,-8,-9,3,-16,-12,-4,-5,-11,-12,7,-15,7,-8,-5,-8,-10,6,2,-8,6,3,-8,-10,6,-6,-4,-3,-2,-2,6,7,-7,-4,-5,-5,-2,-6,1,-12,-7,-5,-5,-7,-3,-7,-4,-10,-7,-14,-12,-3,-14,-8,-3,-8,-6,-16,-18,-12,-12,-13,-8,-4,-5,-9,-9,6,-13,-11,0,-3,-4,-10,-11,15,3,-2,7,-2,-6,-6,-3,5,-2,-5,-2,-5,-6,-8,-3,3,-9,-8,-4,-5,-3,-7,-7,5,-5,-4,-5,-25,-17,-25,-13,-22,-11,-21,-16,-21,-21,-23,-16,-22,-22,-31,-18,-24,-23,-30,-51,-10,-20,-23,-23,-24,-19,-22,-26,-22,-27,-24,-16,-20,-25,-31,8,-10,-1,-12,-6,-22,-21,-5,-11,-10,-10,-15,-16,-22,-11,-14,-11,-14,-24,-19,-7,-4,-15,-13,-15,-15,-16,-17,-22
0,-2,-1,2,-2,-2,0,2,0,0,2,-2,1,1,1,0,1,-1,4,0,2,0,1,0,1,-5,6,-55,4,-127,3,-2,2,2,3,2,5,2,0,-1,-4,12,-7,13,-8,13,-7,3,-6,11,-10,10,-9,13,-11,0,2,1,-1,0,-2,-1,-2,-2,-2,-1,1,5,-5,3,-3,3,1,-3,3,-2,1,2,2,-1,1,-9,4,-40,5,-106,5,-7,-4,-2,-34,-4,-14,2,-61,0,-3,6,-7,11,-5,9,-7,5,-8,5,-39,2,-13,4,-47,-4,-1,-7,3,-74,6,-108,2,-11,3,-9,0,-6,5,-5,3,-3,-3,6,-1,3,-1,4,-7,4,1,-2,5,-2,1,-3,5,-27,-4,6,-13,7,-8,4,-20,3,2,-4,4,-17,4,-17,4,-4,0,-1,1,2,-3,3,-1,3,1,-5,5,-56,6,-109,6,-2,-6,8,-13,6,-13,9,-6,6,7,2,1,1,4,3,4,-1,0,-1,1,-2,0,0,2,-2,-1,-1,3,0,0,0,-1,1,-1,1,0,-1,1,0,-2,-3,-2,-1,-4,1,-20,2,-7,-1,-4,-14,-3,-41,-5,-34,-10,-16,2,1,1,1,-3,-1,-1,1,1,3,-2,5,-4,6,3,3,-1,-6,-7,-5,-8,3,-7,-5,0,1,4,2,3,3,1,-1,3,1,3,1,4,-3,-1,3,-4,5,-5,7,-15,4,-5,2,0,-4,1,-5,-12,-4,-3,-1,-1,-6,-8,1,-10,-18,-13,-5,1,0,1,-20,3,1,-1,-1,2,8,-1,6,3,5,-1,-8,1,4,3,-4,0,-9,4,-5,-1,-2,-2,0,2,-2,-2,-1,4,-2,-3,-9,6,-9,5,-4,0,-1,-2,0,-3,0,0,-1,0,0,1,1,2,-1,-1,1,1,-1,0,0,0,-2,1,-1,0,0,0,-1,0,-2,1,-1,0,0,-1,0,-1,-1,0,0,-1,0,2,1,0,2,0,-2,0,1,2,-1,-4,-1,1,2,-1,-2,-2,1,-10,-1,-4,1,-1,2,-4,1,-2,4,-4,2,3,2,2,-2,-2,-4,5,0,4,-5,11,-5,57,-5,10,-2,2,0,0,1,0,0,2,-1,-3,3,-6,7,-5,5,-3,0,-4,1,-5,2,-5,3,-1,3,0,-4,2,1,-2,-5,3,-3,-1,1,0,3,-3,-1,-3,8,1,-4,-2,-2,3,0,2,0,-1,2,0,1,-2,-4,-2,1,4,-5,16,-6,64,-3,24,0,-2,2,3,2,-1,0,0,-1,0,-3,-5,-1,-5,-1,-3,-1,-1,3,-2,2,-2,1,-2,4,1,0,2,-1,2,0,5,-2,1,4,-2,6,-3,4,3,6,2,2,-4,-1,-2,5,-2,0,4,-1,-5,-5,-4,-5,1,2,5,-3,17,-9,79,1,37,-1,0,-1,0,1,2,3,0,2,-3,1,-9,4,-8,6,-4,1,-1,2,-2,1,0,2,0,3,-4,-23,-3,-7,3,-6,10,-13,-11,-8,-16,26,-5,-18,-13,9,-5,-3,-13,-17,-13,9,-36,-20,-2,-25,-8,-29,-26,-14,-23,-4,1,-10,26,-19,113,-14,126,-13,-4,-4,-9,-6,-10,-5,-14,0,-9,-12,-9,-3,-12,-4,-10,-3,-5,4,-5,-1,-5,2,-6,0
-1,-1,-1,-2,2,2,2,-1,2,0,5,1,-3,3,-2,-4,5,6,5,1,-4,1,-2,-7,0,-5,-5,-2,-1,1,-7,-4,4,4,6,5,3,-7,3,-1,29,4,24,13,6,9,1,6,-37,-11,8,9,10,21,10,6,1,-2,-1,-2,0,2,1,-2,3,2,-13,4,5,-7,-1,3,3,-7,6,-1,-7,8,-10,3,4,-5,1,4,3,-5,4,-3,2,8,-3,13,-2,0,15,-8,19,1,24,4,18,13,18,12,-1,3,3,32,7,12,2,15,2,-2,-5,32,25,7,26,12,-11,13,13,36,9,26,10,0,5,5,0,4,4,5,7,6,10,2,6,11,3,6,7,11,17,13,8,8,4,8,10,23,19,5,7,5,12,3,22,1,17,18,16,24,0,25,2,5,16,6,24,21,29,7,9,12,11,4,-11,19,12,6,9,1,13,-13,25,-3,18,13,10,1,3,8,5,12,24,14,15,9,0,13,4,8,16,17,1,11,-4,7,15,-6,8,5,7,10,3,23,27,5,14,18,1,7,10,13,16,1,27,20,8,-1,15,19,-2,16,28,25,14,10,42,36,45,28,43,49,35,24,11,29,19,15,9,22,19,-1,8,12,5,13,17,20,17,16,2,8,16,15,15,21,16,15,20,22,18,9,5,9,16,24,26,35,19,10,32,9,20,10,21,34,7,19,9,30,12,14,56,30,-12,15,39,5,-11,9,19,17,30,29,3,38,20,0,22,23,29,6,34,26,14,3,-2,-1,0,0,0,2,0,-1,-6,-6,-16,-23,-9,-9,-14,-16,-3,-3,-8,-8,-11,5,-1,-9,3,-1,1,0,-2,0,3,-13,-4,-4,1,7,-10,-7,7,-12,-4,-8,3,3,-16,4,2,-8,-2,8,1,-20,-10,-5,2,-6,1,2,-1,1,2,-1,-2,0,-4,-23,-18,-9,3,-7,-2,2,-8,-13,1,-7,-1,-4,-13,-6,-10,-8,-14,-9,-13,-22,-6,-5,-1,1,-23,-12,-10,-3,-2,-10,-5,-11,-2,-11,-9,-3,-9,-3,-4,-7,-4,-11,-2,-3,-2,-8,-5,11,-2,-9,-2,1,4,3,4,-4,1,-14,6,-2,0,-2,-5,-9,-7,6,-4,2,7,15,-9,-11,-7,-9,-15,0,-10,-3,-4,-9,-12,-13,1,-11,-5,-30,-1,-6,-5,-7,-5,-2,-11,-12,-11,-15,-2,-7,-5,-19,-5,-11,-6,-2,9,-12,-12,-4,-17,4,12,26,-3,-23,2,-2,3,-7,7,0,-28,2,-6,1,-4,1,-21,-15,-24,-10,-16,-4,-12,1,-11,-13,5,-15,-16,-6,-6,-10,-22,-30,-26,-13,-2,-21,-15,-24,1,-3,-8,-11,-3,-19,3,-19,-19,-28,-17,-26,-17,-12,-32,-20,-21,-18,13,-11,-3,-12,-12,-5,3,17,-3,8,-23,3,0,-15,-11,-5,10,-12,-7,-3,4,-7,-29,-34,-63,-33,-18,6,-12,26,-31,-20,4,-29,-40,-14,0,-24,-26,-23,-36,-26,-10,-46,-28,-41,-1,24,-26,-35,-9,-33,-4,-24,-18,-36,-22,-31,-27,-3,-49,-35,-32,-13,34,-21,1,-4,-25,-13,-15,28,-8,18,3,20,16,4,-11,6,-5,-3,5,12,3,-3
1,-2,2,-1,2,-1,2,-1,2,4,0,-4,1,6,-3,4,13,22,16,16,17,18,4,4,2,-3,-8,-1,0,-2,3,0,-2,5,-6,1,6,-7,0,-2,1,0,-5,-7,-4,-13,2,-2,-9,5,2,-14,2,-2,8,-5,1,-1,1,1,1,0,-3,0,-10,0,0,-12,5,2,0,6,11,9,22,17,31,13,10,-1,7,-6,11,27,3,7,10,6,-5,-8,-19,-25,-8,-13,-4,-17,6,12,28,9,7,0,10,14,15,26,-6,6,31,39,-2,-8,-10,3,1,-1,-14,-11,-8,4,6,1,-4,-11,-7,1,10,-6,-6,-5,4,-6,9,1,8,11,-12,0,6,9,7,7,4,-1,7,14,15,7,9,11,-3,-3,-9,-4,-2,-8,-6,-6,-8,-1,8,19,6,8,11,1,-2,-9,-5,-17,-6,-6,-4,-16,-1,-5,-4,-1,-11,-17,-7,-10,-8,2,-8,-3,8,-24,-7,-6,5,-3,4,3,4,4,3,3,4,3,-4,-3,-6,-12,2,-1,2,2,9,1,15,-13,9,11,-4,7,18,28,29,38,30,24,19,19,-1,-10,-4,-13,1,-1,-8,-4,-12,-7,7,-5,1,-2,-2,-12,3,-5,4,-5,9,-12,-8,-5,7,0,7,5,6,2,2,-2,-2,7,18,16,17,0,5,10,6,6,12,19,10,7,7,12,6,13,17,6,19,14,-1,5,6,13,18,21,21,9,12,12,25,7,19,17,20,12,10,4,-7,12,3,5,32,-10,7,10,18,-3,2,6,22,9,-3,0,5,-7,-4,4,18,2,0,13,0,-2,-1,1,-2,2,-2,2,-20,-7,13,-17,24,-26,2,2,-1,9,4,-2,4,-7,10,-6,3,2,7,5,0,7,1,-1,-2,-3,-1,-6,-3,-2,-2,0,3,2,0,2,0,0,-2,1,-2,1,0,1,0,-1,-1,2,1,-1,0,1,-2,-1,-2,1,-9,0,8,-19,10,-8,0,2,-9,-22,-23,-16,-24,-28,-7,1,1,-5,-13,-24,-15,-36,9,-4,9,21,23,6,30,13,3,-20,-13,-12,-13,-12,-7,-6,-13,-5,-6,-12,-11,-8,-6,-8,-8,-5,-4,-7,-8,-4,-5,-3,-3,-3,-6,-4,-2,-7,-5,-5,-5,-9,2,-18,5,-16,20,-12,14,-4,-14,-10,-4,-22,-27,-23,-12,8,5,7,-6,-6,-4,-29,14,-6,20,6,28,23,32,34,-3,-26,-38,-17,-16,-10,-1,-12,-18,-4,2,-9,-16,-8,-12,1,-12,-5,0,-13,2,-7,-11,-8,-8,-3,-1,3,-4,1,-9,-3,-2,1,-33,-5,-20,-43,58,-50,-29,5,-18,-8,-20,-19,-51,-27,-22,-21,-1,-11,1,-13,-25,-29,24,-18,47,51,58,41,58,43,12,-32,-31,-30,-18,-13,-20,-18,-23,1,4,-12,-22,-14,-19,-8,-26,-10,-15,-15,-10,-3,-32,-8,-16,-3,-6,-9,-7,-5,-13,-7,-6,-8,-67,-65,33,-67,64,-50,-21,-39,-48,-37,-38,-38,-90,-76,-42,-33,-25,-24,-36,-36,-34,-70,31,-51,55,56,58,47,60,55,46,-51,-75,-58,-44,-45,-34,-59,-69,-10,15,-40,-50,-34,-57,-36,-50,-29,-53,-35,-26,-10,-42,-36,-26,-1,-14,-42,-22,-14,-17,-12,-2,-30
-2,-1,-1,1,2,0,2,0,-1,-1,0,0,1,0,4,-2,-2,-3,-4,0,9,-1,5,-1,1,-7,-6,1,1,-2,-1,0,19,4,54,-2,-1,-6,1,-4,-10,10,50,6,27,-15,-12,2,3,-8,-9,11,-18,-10,-8,6,-2,-1,0,-2,2,2,1,-2,-3,2,1,-2,-5,1,3,3,2,3,-2,2,12,2,13,1,2,-1,0,13,-2,-4,9,10,18,2,66,-6,-10,-7,-4,-2,4,-13,17,24,11,-21,-10,14,-10,24,-17,-10,-4,25,15,-20,-1,-14,2,12,-17,9,-1,-8,19,1,25,-8,0,11,-19,-11,-6,8,3,-5,-1,1,3,2,-6,1,0,2,4,-10,6,20,3,-7,-1,3,7,-4,11,9,13,-20,-2,5,-3,1,11,-6,21,19,25,-15,17,15,6,-13,5,-3,34,-1,20,-5,-4,11,3,-9,27,8,-11,2,-2,-7,0,3,21,8,1,-6,3,-1,7,4,-2,12,3,7,3,4,5,2,-2,3,-3,8,-2,6,3,3,-13,8,0,15,-3,1,10,1,-8,11,14,4,7,14,5,5,-12,15,-4,6,10,6,15,-11,4,20,-10,6,-1,4,4,14,0,-2,12,8,-4,6,-2,3,-16,10,-1,-11,3,8,3,6,11,11,10,12,8,7,7,16,9,15,10,10,6,11,11,9,-1,9,23,18,10,1,10,16,-2,16,8,8,17,16,6,25,-10,-8,21,10,20,-2,1,4,14,2,-2,35,10,25,5,15,9,12,2,18,11,16,-10,-5,7,9,12,5,9,28,2,-2,1,-1,1,1,1,-2,12,-4,1,-6,-2,6,-3,-5,4,-2,-5,-4,-2,-4,-3,-1,1,0,-4,0,0,1,-3,-3,1,-4,-5,-4,-2,-1,-5,0,1,3,-4,4,1,-5,-1,-2,-1,-2,-4,-2,-1,-2,-2,-2,0,0,-1,-1,-1,1,-1,0,-1,0,-1,-1,-4,-2,-2,-1,2,-9,-9,-1,5,-5,-3,-9,-18,-12,-11,-13,-13,-8,-6,-3,-5,-9,-9,-16,-8,14,-8,-9,-1,-13,-12,-9,-1,-3,-9,-8,-3,21,-10,15,-9,-7,-10,-4,-9,-8,-5,5,-7,-10,-4,-5,-8,-6,-8,-4,-2,-1,-3,2,-5,1,-5,-6,-6,-9,-6,6,-9,-1,-6,3,-4,-4,-1,-13,7,-11,-9,-15,-7,-10,-3,-4,-17,-4,-12,-18,-5,18,-4,-5,3,-13,-22,-11,2,0,-7,-5,-6,33,-3,17,-7,-13,-9,-6,3,4,-2,20,-8,-10,-7,-5,5,-8,-4,-4,-5,-6,-2,-7,-6,-20,-9,-8,-4,-10,-13,-3,-9,-5,-27,4,-9,-6,-13,-15,4,-25,-29,-12,-7,-8,-22,-5,-19,-24,-16,-66,-20,50,-11,-16,1,-13,-72,-15,6,2,-22,-14,-1,48,-9,26,-17,-13,-14,-7,-4,8,-5,49,-11,-18,-8,-9,-6,-5,-7,-5,-1,-7,-5,-5,-22,-81,-34,-37,-90,-26,-11,-14,-37,11,-39,14,-27,-37,-50,-62,-2,-66,-87,-95,-24,-40,-37,-28,-39,-32,-42,-49,-53,69,-35,-45,13,-63,-99,-65,22,-5,-55,-27,-4,67,-26,33,-55,-37,-31,-41,-39,-8,-16,66,-26,-43,-26,-36,-21,-16,-15,-15,-9,-16,-36,-15
1,-2,1,-2,-1,-1,0,0,4,7,-9,5,2,-2,-3,2,16,5,2,-5,3,-8,-5,-1,6,-7,24,12,2,6,-2,2,-5,-3,-11,-10,6,-15,8,-3,-11,16,-5,-1,-6,18,-9,8,15,-3,8,18,-3,10,-29,-6,-2,1,1,-1,2,1,1,1,17,-1,10,-1,17,-7,8,0,4,6,0,-4,4,6,0,2,13,-17,8,10,5,1,7,-2,-5,21,2,35,-17,11,13,8,6,9,-16,3,0,-1,-6,3,15,8,31,-1,-26,-4,-8,-1,31,-6,-3,-1,11,-6,9,-21,-3,24,9,9,-4,-5,8,-11,-1,-1,-4,20,-1,6,4,18,-12,7,-10,5,0,-6,14,-8,0,4,3,-3,-3,18,-6,11,31,-8,3,11,17,4,8,-10,6,26,11,-11,-3,3,5,-5,-5,-3,19,-11,-9,-1,-10,14,-6,7,4,26,-4,-2,-6,0,19,14,-7,-12,12,1,-10,0,6,-3,28,4,10,7,14,6,-7,19,-6,18,12,11,4,14,-4,7,9,-1,15,-7,-12,5,4,9,13,7,7,-9,-14,-2,12,9,28,10,19,-21,14,-2,3,8,7,20,23,-8,9,5,-6,3,20,1,15,-3,17,16,-10,1,2,9,17,-13,10,-2,-2,16,16,15,0,7,14,10,-3,23,2,18,13,-1,24,38,-5,15,7,-3,3,11,5,25,12,-1,4,19,7,-18,8,12,13,19,22,10,10,-12,9,-3,-1,5,14,-13,3,17,1,-6,0,7,-1,36,1,5,7,-7,0,21,18,16,11,2,4,9,1,-1,2,1,-2,2,-2,0,-24,-21,17,-24,1,-16,12,11,-11,14,-11,-11,8,-15,-1,2,0,11,-4,-5,-1,-1,-9,0,-2,7,-6,2,8,-1,1,0,1,-1,-3,-2,4,4,3,1,5,-4,3,-4,6,-8,3,0,0,1,1,-2,0,2,0,-2,-7,5,-4,6,2,-8,-7,1,-6,-10,14,-20,-18,-16,11,-5,-1,-34,0,-33,-5,-18,-12,-4,-8,34,-2,-15,-12,-21,1,-20,-14,21,-21,21,23,-1,-10,-6,-12,-5,-6,-5,-23,0,-6,-5,-1,-6,-2,3,-4,-13,-2,0,-19,-6,3,-12,3,-9,1,6,-10,7,7,7,1,-8,-6,-1,-17,-35,15,-4,17,-1,-6,-6,-16,1,-6,-10,-21,-19,3,-5,0,27,-8,-11,-21,-1,-8,13,-5,26,-24,6,32,6,-5,-12,-10,-13,-5,-6,-16,3,-7,-2,5,-21,-2,-6,5,-12,10,2,-18,3,-2,5,-7,-8,0,8,-8,-13,7,-21,-19,-11,3,27,-27,-33,17,-36,36,-10,23,-11,4,-11,-4,-25,-25,-7,-10,0,20,40,-20,-28,-31,-31,-12,-24,-10,34,-15,21,33,1,-22,-8,-12,-17,17,-18,-12,6,-20,2,7,-20,-20,3,2,-18,2,-12,-6,-7,0,-7,9,-17,-11,-12,-19,-9,10,-2,-46,-34,-11,44,-58,-76,38,-61,32,-37,34,-38,-26,-58,-10,-65,-45,-20,-16,-28,-1,25,-56,-43,-68,-24,-55,-39,-55,37,-68,32,41,-14,-47,-41,-35,-28,25,-30,-53,-19,-52,-13,15,-49,-23,-6,-12,-46,-18,-28,-27,-16,-12,-14,-7,-43,-25,-43
-2,-1,-1,3,-2,1,2,-2,1,-7,-13,6,1,10,7,2,0,-11,-7,2,8,6,5,6,0,15,-1,7,6,5,1,1,-5,-17,4,-5,5,4,2,3,-7,-3,-4,11,5,-5,3,2,-9,38,-13,-15,-6,-7,-19,-3,0,-1,-1,1,-1,-1,1,-1,17,13,1,-1,5,12,1,-21,-3,5,13,14,5,-6,13,1,9,22,6,-7,9,10,-4,5,-1,0,16,1,1,6,7,8,9,8,17,7,9,7,11,7,-4,20,9,17,7,11,5,-1,6,21,-11,-17,10,-4,-2,5,-17,7,4,4,-3,9,10,7,4,17,1,0,-1,1,6,-14,8,0,-1,2,2,11,5,12,-6,-4,-2,-1,10,-1,1,1,13,4,7,10,8,2,-5,2,-6,-1,13,-6,5,15,9,-12,15,6,-3,0,16,5,2,-3,6,30,-10,-4,1,-1,-2,3,4,-4,-6,9,2,1,13,9,4,13,19,7,3,4,-2,1,20,10,-2,2,11,2,-1,-1,15,3,10,10,3,3,-2,0,15,-4,1,-3,10,-2,-11,6,20,-15,7,3,10,4,5,0,11,-13,-1,2,-4,5,2,0,16,-31,16,13,6,5,1,-4,0,3,-4,4,6,7,-2,-14,8,39,32,23,12,8,10,12,33,29,22,20,19,18,13,5,26,25,17,18,19,20,11,11,43,25,19,16,19,11,8,11,26,30,35,5,19,27,18,26,50,44,18,16,17,6,29,5,9,51,12,17,45,18,-5,15,38,4,6,19,51,0,25,0,1,2,1,2,0,1,-2,0,3,12,-26,-13,-24,12,7,-38,0,-16,-10,-3,4,1,4,-1,-6,-16,1,0,4,6,0,4,-10,-24,11,-2,4,1,-3,5,-8,-29,8,-6,3,2,-3,2,-3,-30,13,-3,6,1,1,2,-2,0,2,2,-1,0,2,2,6,-7,-18,-11,-25,-16,-6,-14,-9,-21,-9,-26,-16,-12,-5,-11,-7,-14,-14,-24,16,-19,-7,-10,-10,-20,-8,0,-7,-5,-8,-9,-3,-18,5,-3,2,-9,-7,-6,-2,-14,-5,-7,-11,2,-10,-6,-9,-16,-6,-7,-2,-9,-9,-7,0,-10,7,-12,-4,-9,-3,-11,11,-1,-3,-5,9,-17,1,-8,-5,1,-10,7,-22,1,-4,7,9,-9,4,-34,26,-12,4,-10,-14,-9,-12,13,-9,3,-11,9,14,-20,10,-9,10,-13,2,0,-11,-9,-6,1,-11,5,-7,0,1,-5,5,-7,3,-8,-1,-8,-3,0,-4,5,-11,2,-4,1,17,16,-57,-19,-15,-3,-10,-18,-17,-65,0,-7,-21,-8,-4,-10,-4,-25,-27,-14,26,-10,-18,-10,-17,-35,-5,8,-9,-3,-8,-5,-5,-35,-1,-5,-9,-9,-7,-11,-32,-48,-9,-17,-13,-5,-5,-10,-15,-30,-10,-9,7,-4,-11,2,-11,-59,14,-6,-13,-10,-12,-12,19,-33,-68,-61,-33,-32,-22,-37,-36,-72,-18,-2,-89,-19,-39,-17,6,-46,-40,-65,43,-58,-30,-43,-59,-45,-39,4,-36,-20,-15,-5,-3,-59,-9,-13,-11,-33,-20,-20,-42,-19,-26,-17,-19,-15,-2,-14,-13,-28,-17,-13,-5,-14,-28,0,-23,-40,0,-9,-20,-23,-12,-11
1,-2,1,-2,0,1,0,1,3,6,4,2,-7,-23,-32,-30,1,3,1,-1,-10,-22,-28,-26,-2,-1,-3,-6,-10,-22,-28,-24,-4,-3,-6,-8,-9,-14,-20,-20,-3,-3,-6,-6,-11,-9,-9,-13,-1,-3,-6,-2,-5,-4,-8,-14,1,1,-1,1,0,0,0,0,13,10,7,6,5,4,1,-10,10,7,10,4,1,0,0,2,9,4,3,3,4,0,-2,-1,7,5,8,7,3,0,-2,-1,9,5,6,2,5,1,2,-3,12,6,5,9,4,3,-5,0,9,10,9,4,2,5,-3,-6,2,9,5,9,7,-2,-5,-9,1,-1,-4,1,2,2,1,-1,8,4,3,-2,-3,0,-1,1,3,5,1,-4,-3,-6,0,5,5,4,4,0,-3,-5,-4,-2,2,3,3,1,4,-5,-6,-3,7,6,4,2,1,3,-6,-3,0,4,-1,-2,7,6,1,-2,0,2,-1,-2,-1,1,5,1,4,4,5,5,5,1,-2,-3,0,11,8,7,3,-1,1,-8,2,5,8,10,1,-2,-4,-6,5,6,5,6,1,-4,-4,-1,6,11,7,6,0,-4,-4,6,5,7,7,9,3,-1,-2,1,3,6,9,6,5,5,5,9,8,9,12,9,7,3,1,9,-21,-21,0,1,-59,-35,-2,-34,-1,-6,-7,-8,-17,14,-9,2,1,16,-5,-17,-3,7,13,5,2,10,0,10,3,18,-6,3,-9,2,17,28,33,28,9,-13,13,24,-9,21,3,7,-6,-1,10,8,34,2,11,-2,-5,1,6,7,12,5,-4,11,-9,6,2,-2,-1,1,0,-2,-2,0,-7,-5,-13,-20,-15,-22,-19,-32,-5,-7,-8,-12,-18,-33,-31,-39,-3,-5,-7,-13,-22,-40,-45,-47,-1,-3,-6,-11,-23,-41,-49,-53,0,-2,-5,-9,-20,-31,-48,-50,-3,-4,-6,-9,-18,-31,-47,-52,1,-1,0,3,1,2,0,-1,-3,-1,3,5,4,7,12,8,1,-1,-2,4,4,6,10,11,-1,3,3,-1,1,5,8,7,-12,-6,-1,0,6,7,7,8,-7,-6,-1,0,3,6,7,9,-3,-3,-4,2,1,6,5,5,-6,-7,-3,2,3,2,3,1,-10,-8,-5,0,2,4,7,-7,0,4,-2,5,-3,0,4,4,2,-4,2,-8,4,-1,3,1,-2,-1,-7,0,-1,1,4,-2,-1,-8,-1,0,2,2,4,-6,-4,-1,1,-3,-1,2,-2,-1,1,0,-2,-2,0,-3,2,-2,0,2,0,0,-2,0,-1,1,-1,2,2,-5,-2,-5,-3,-3,-3,-2,-7,-4,-4,0,0,-1,-3,-7,-7,-3,2,-1,-3,3,-5,-8,-9,-9,-6,-7,-6,-4,-7,-5,-8,-9,-7,-8,-6,-3,-9,-10,-7,-9,-5,-7,-8,-7,-6,-8,-9,-6,-5,-7,-10,-1,-7,-9,-7,-8,-7,-4,-3,-2,-7,-7,-7,-4,0,-1,-1,1,-19,-23,-25,-17,-20,-15,-14,-16,-29,-38,-34,-11,-13,-10,-19,-14,-34,-28,-29,-24,-26,-15,-28,-29,-31,-40,-16,-31,-32,-30,-15,-15,-24,-34,-22,-30,-19,-26,-21,-25,-22,-26,-28,-15,-27,-13,-34,-23,-14,-19,-17,-14,-10,-29,-14,-16,-24,-29,-2,-10,-14,-12,-15,-26
2,-1,-1,-1,-1,-1,-2,1,-1,1,0,-1,-1,-1,-2,1,-2,-2,0,-2,-1,-2,-2,1,-2,0,-1,0,0,-1,0,1,-4,-2,0,-4,0,-2,-18,0,-6,-2,-1,-10,-5,-67,0,1,-10,-38,29,-12,46,-8,-14,-16,2,-2,-1,-2,-2,-1,-1,-2,-1,-3,-6,1,-4,2,-1,-4,-4,-1,-4,-3,-3,-2,-5,-4,-2,-4,-2,1,-6,-2,-6,-3,-5,-4,-1,-6,-3,-5,-3,-5,-1,-1,-11,-1,-6,0,-8,-1,1,-9,25,-9,19,-51,-5,-5,-1,35,1,-8,-71,21,-3,-6,-1,-24,-9,-9,-2,-8,-15,-8,-2,6,-3,-14,-2,-2,-15,-7,-20,-5,-6,-1,-1,-15,-1,-19,-5,0,-1,-1,-3,-2,0,1,-1,0,1,-6,-8,-3,-1,67,8,-2,6,2,0,-1,81,-6,-3,22,-5,-36,-10,78,-4,-3,-6,1,35,-7,76,-11,-3,2,-2,-23,-7,-12,-10,-12,-6,-13,-2,-4,-5,-1,-5,-5,-5,-5,-1,-7,-11,0,-6,-11,-6,-4,-4,-7,-1,3,-8,-2,-4,-6,-1,-6,-7,8,-13,-8,-6,-2,-5,5,-15,15,-1,-5,-4,-6,-5,-15,2,0,-18,-57,-4,-16,-5,-5,-7,24,-13,-5,-14,-7,-2,14,20,-7,13,10,11,4,-3,-4,-3,-2,-2,1,-2,-3,-1,-5,-2,-2,-4,-6,-1,4,-5,-4,-2,-5,-11,-2,-9,-9,-4,-16,-3,-9,-15,-5,2,16,5,-12,-5,-13,-8,-5,20,0,-4,-30,-2,-36,11,21,1,-3,-14,-1,-1,38,19,1,-5,-8,-4,-1,7,-16,20,19,-21,-8,0,-2,-2,0,1,-1,-1,-2,8,-5,-47,5,-7,2,-4,-9,-2,0,-1,-3,-4,1,0,0,1,0,-2,-3,-2,-2,-1,1,-2,0,0,-3,1,0,-3,-1,-1,-2,-3,-2,-1,-83,-1,-2,-1,-1,-3,-2,-90,0,-2,0,1,0,2,-2,1,1,1,2,0,-10,1,1,-10,-5,-17,-6,-5,-9,-8,-7,-7,-18,-3,-5,0,-14,-1,-11,-13,-50,0,-10,-1,-3,-6,-5,-5,-8,0,1,0,-6,-1,-3,-4,0,-7,0,0,1,-4,0,-3,-70,-2,0,-3,-3,-9,-1,-77,-1,-1,-1,-2,-1,-8,22,2,1,-2,-1,1,-2,0,-1,-3,0,-15,-2,1,-8,-2,-52,-3,-16,-9,-2,3,-11,-1,-4,-6,-1,-5,0,0,1,-3,1,-6,-2,0,-3,-9,1,1,-2,-2,0,-46,2,-1,0,-1,0,-2,-84,-8,-3,-2,0,-5,-3,-95,-8,0,-21,-1,-4,1,15,-23,0,-3,-2,-17,-18,-66,-24,-2,-28,-4,1,-12,-6,-7,-36,-11,-4,-4,-18,0,-5,-20,-15,-14,-3,0,-11,-8,-8,-26,-22,-13,-7,1,-6,-3,-4,-7,-13,-2,-8,-1,1,0,-2,-2,-10,-1,-87,-3,-1,-2,-1,-10,-12,9,-1,-3,3,-2,-4,-8,42,-10,-4,-3,0,-13,-19,13,-23,-6,-19,-31,-31,-11,-17,-29,-12,-69,-39,-12,-63,-42,-9,-11,-37,-22,-11,-9,-8,-20,-19,-9,-37,-19,-36,-20,47,-18,-3,-2,-50,-14,-20,45,-24,-5,-22,-17,-34,-14,47,-21,3,-20,-8,-11,-12,57,-20,-17,-55,-26,-27,-19,93,-30,-9,-31,-13
0,2,-1,-1,0,2,-2,-1,1,11,6,5,-7,7,11,-1,0,-9,-4,-1,3,3,13,10,0,6,0,3,-3,7,-8,3,4,0,-7,-9,0,-7,1,-13,3,-12,-16,-4,-16,5,-12,11,-25,-4,-21,-6,-16,18,11,11,-2,0,1,1,1,-2,1,-1,11,0,3,-2,1,2,13,-2,-5,8,13,-11,2,14,20,3,0,5,-16,0,1,8,-26,15,-4,-18,6,-9,-17,2,-4,7,-6,-18,-15,-12,-16,18,-6,-5,-14,-8,-35,-5,0,2,24,1,-21,-9,17,-13,-56,16,-7,-6,0,-11,12,-5,-2,1,0,-9,7,-12,-5,-4,-15,10,-16,-9,1,16,-3,5,-9,-1,3,1,-11,-16,1,-1,-11,-5,9,11,-2,-1,-5,-6,-13,-2,3,-6,-17,-10,-19,-16,5,-3,6,-5,-11,-19,-10,-6,-19,15,-7,1,-10,-1,-3,8,-11,9,6,-9,-1,3,1,-7,-18,2,-6,-2,-1,5,3,-6,16,-6,11,-2,-1,-12,-16,-2,3,-1,-17,2,4,8,7,-3,6,3,22,2,12,-17,-3,-5,26,7,26,19,15,-14,16,-1,20,3,5,11,10,0,-11,-23,23,0,11,10,17,-7,-17,-12,10,-18,-1,7,25,11,21,10,25,8,6,11,5,4,7,4,5,3,-10,-7,0,15,-1,17,1,15,-5,15,9,3,8,2,9,7,26,3,22,14,-15,9,24,15,23,7,23,6,10,11,14,7,17,3,-17,-14,29,-12,-5,31,-15,22,9,13,17,25,31,3,26,0,34,15,31,29,31,29,-5,18,-1,1,0,-2,1,-1,1,0,-20,-25,-1,-18,-11,-38,-19,-38,-12,7,0,-4,-4,6,1,-1,-3,-4,-5,1,-6,5,5,4,3,-5,0,-3,0,-5,0,-4,5,0,-1,-2,-1,-2,3,-3,1,-1,-7,-1,1,-6,-1,-6,2,-2,1,-2,-1,1,-2,0,9,4,3,7,-1,4,-2,-5,-15,-26,10,-26,-1,-2,-23,-1,-3,-5,-8,-18,9,-19,-1,26,-13,-6,-17,-3,-13,10,1,7,6,0,-6,-8,15,-3,13,-6,2,-1,-9,-2,-9,-1,-10,0,6,-6,-7,-5,-2,-8,8,3,0,2,1,-4,-1,-3,4,0,15,-14,-13,-3,-7,-9,-4,-8,-23,-20,-11,-26,1,-17,8,-12,-3,-7,-10,-5,3,-9,-9,29,-18,-9,-11,-2,-15,13,-2,1,13,1,-3,-13,21,-13,12,-2,3,2,-18,0,-12,-7,-10,0,-10,-9,-10,-13,0,-14,8,0,4,-5,-6,-3,-3,-2,4,8,26,-61,-2,-9,1,-22,-10,-14,-33,-22,-23,-30,-22,-21,25,-14,5,-23,-10,-19,10,-20,-10,29,-23,-29,-45,-22,-45,28,10,31,5,-12,-21,-37,14,-15,22,-17,7,-9,-23,-8,-14,-28,-18,5,-17,-16,-12,-36,-15,-33,1,-15,-2,-13,-14,-16,3,-10,1,5,40,-60,-27,-27,2,-45,-25,-34,-89,-52,-39,-68,-16,-57,25,-51,36,-46,7,-45,0,-39,-44,50,-56,-45,-73,-42,-68,24,64,26,-4,-50,-61,-70,30,-51,11,-48,-7,-46,-55,-41,-44,-51,-60,17,-55,-31,-48,-53,-20,-65,21,-31,8,-30,-22,-23,17,-23,8,23
0,-2,-2,-2,-1,2,1,1,10,9,10,11,10,8,8,8,8,10,8,8,7,7,8,8,9,11,11,9,8,7,9,8,9,13,11,8,6,9,8,8,11,9,10,10,6,7,5,5,13,9,10,7,1,7,8,8,2,-2,0,2,-2,1,1,-1,20,22,21,21,20,18,20,14,21,22,20,20,20,19,19,17,22,22,22,22,21,19,18,20,24,21,24,21,23,21,21,20,23,26,24,22,22,21,22,20,26,21,22,21,20,21,21,19,23,25,20,23,22,22,19,22,22,23,26,23,28,24,19,18,25,23,22,25,24,24,23,21,20,23,25,24,23,22,20,24,22,24,25,26,23,23,24,21,25,26,24,24,24,24,23,23,25,26,24,24,25,23,24,24,26,25,24,26,24,24,25,20,26,24,23,24,22,23,25,23,25,25,24,24,27,27,23,23,38,38,37,33,34,35,36,35,41,37,36,34,35,32,34,37,38,36,34,34,32,33,33,35,37,38,36,34,35,35,38,35,39,37,36,36,34,36,35,35,37,39,39,37,37,39,37,34,38,38,35,37,35,39,38,35,37,33,36,34,35,34,35,34,-65,-71,-60,-33,-41,-67,-65,-67,-60,-59,-54,-49,-53,-55,-58,-58,-59,-36,-56,-48,-50,-39,-52,-45,-47,-51,-36,-35,-42,-54,-48,-52,-55,-42,-36,-48,-37,-41,-34,-47,-62,-40,-24,-36,-33,-42,-40,-64,-65,-47,-42,-32,-15,-35,-36,-28,-49,-51,-35,-40,-31,-37,-36,-46,1,2,0,1,-1,0,2,2,0,-4,5,-4,-5,-8,-4,-62,-7,-4,-4,-5,-2,-5,-4,-6,-5,-6,-4,-4,-4,-4,-3,-6,-6,-5,-6,-4,-5,-6,-4,-5,-5,-6,-7,-7,-6,-6,-4,-4,-6,-6,-6,-6,-4,-5,-4,-4,-1,-1,1,-2,2,-1,2,-2,-19,-22,-27,-29,-28,-29,-27,-19,-27,-26,-26,-30,-26,-22,-27,-26,-28,-27,-22,-23,-23,-27,-25,-26,-24,-24,-23,-24,-23,-23,-18,-21,-23,-24,-23,-21,-20,-20,-22,-19,-21,-23,-19,-20,-20,-19,-18,-21,-20,-22,-18,-20,-19,-19,-22,-20,-20,-20,-22,-18,-19,-18,-20,-20,-24,-23,-36,-29,-28,-30,-25,-20,-25,-28,-24,-33,-29,-27,-25,-26,-25,-26,-28,-26,-27,-27,-26,-24,-22,-24,-24,-26,-23,-25,-18,-22,-24,-23,-23,-21,-24,-20,-23,-19,-20,-22,-20,-21,-22,-22,-18,-21,-20,-19,-19,-21,-21,-21,-21,-20,-21,-22,-22,-22,-21,-23,-19,-22,-40,-42,-47,-50,-42,-44,-41,-42,-41,-39,-41,-43,-41,-40,-42,-40,-42,-38,-39,-41,-40,-44,-40,-41,-39,-41,-42,-42,-41,-40,-38,-37,-39,-39,-37,-39,-38,-37,-36,-38,-39,-37,-35,-36,-35,-38,-32,-35,-37,-37,-34,-36,-34,-34,-36,-36,-35,-35,-35,-33,-32,-31,-34,-33,-109,-122,-124,-123,-107,-127,-104,-120,-122,-126,-126,-127,-118,-127,-127,-124,-94,-126,-126,-127,-127,-126,-110,-115,-114,-126,-126,-126,-127,-126,-125,-127,-126,-126,-126,-126,-126,-126,-127,-127,-127,-127,-127,-127,-127,-127,-127,-126,-126,-127,-126,-127,-126,-126,-127,-127,-127,-127,-127,-126,-126,-126,-127,-126
-2,-2,-1,-1,2,-1,1,2,9,6,-14,4,18,3,-6,2,8,-4,-5,1,4,-1,-2,1,3,-3,-5,-4,5,4,2,0,-1,-4,0,1,3,-2,-2,-2,-4,-13,-8,3,-7,-2,5,0,-17,-18,0,4,16,13,10,11,0,2,2,-1,-1,-1,1,0,-12,3,5,6,5,15,1,13,-7,16,-4,-1,-1,19,2,7,7,-5,1,11,16,3,9,-4,7,3,13,-9,9,19,14,-2,-11,-12,-3,-1,4,6,7,4,-13,-14,-14,-29,-2,19,0,13,-18,29,-14,-4,5,36,8,4,-3,-11,-9,-12,12,7,10,10,2,1,-2,23,22,5,-3,1,-5,8,-1,9,18,7,-1,4,10,8,8,7,12,8,11,3,6,26,7,-4,4,13,18,10,30,7,11,0,9,8,5,13,3,11,-4,17,6,14,2,9,2,3,14,5,33,18,8,10,9,11,0,23,14,12,10,3,9,1,25,10,-1,9,9,7,0,23,14,19,1,11,15,10,13,4,7,14,16,0,4,5,15,9,8,31,14,6,23,17,16,14,22,27,4,17,20,19,27,3,31,31,9,8,15,20,5,-1,-19,9,-4,2,11,6,14,16,15,11,18,10,6,18,5,25,22,9,7,19,21,25,12,33,13,6,-5,16,20,22,13,24,18,21,28,-9,20,6,9,35,30,19,21,34,10,17,30,13,35,20,35,50,13,11,24,32,3,37,22,17,39,14,10,16,22,19,18,25,41,44,13,34,23,32,7,21,17,28,0,1,2,-1,0,2,-2,0,-61,-53,-37,-3,-1,3,-50,-3,-3,-14,-23,4,-1,1,-9,-1,-1,-14,-16,-1,-2,-3,4,0,-6,-15,-11,-1,-5,-2,1,0,-9,-17,-15,-5,-9,-3,0,3,-14,-18,-15,-4,-5,-3,-2,1,0,0,-2,2,1,0,-2,-2,-4,7,-4,-3,6,4,-9,-3,13,-13,-4,6,14,-2,-9,2,2,-11,2,-5,-33,-11,-1,7,0,2,-18,6,-7,-6,-6,-2,7,0,-3,-3,-2,-7,1,2,0,-4,-4,1,-2,-8,-2,-1,-4,-6,4,-9,-5,-11,-17,5,5,3,-8,-1,-4,-3,3,-5,-16,-11,-13,9,-3,6,-4,-8,-9,-18,0,-10,-4,-7,-7,-3,-9,-30,-7,10,-18,-7,-9,-15,-14,-9,1,-8,-13,-11,23,-7,-3,-18,-7,-4,-7,-7,-5,5,-14,-12,-5,-4,-2,-6,-1,-3,-11,-14,-7,-6,-7,-7,-8,0,-6,-12,-8,-8,-4,-2,2,-2,-7,-9,-18,-5,4,-3,-20,-1,3,-13,7,4,-8,-1,-8,-1,-8,-24,-12,-5,-26,-22,7,-12,0,-10,-8,-13,-17,-17,11,-5,12,-33,-17,-1,-7,-20,1,4,-14,-12,-14,3,-4,-6,0,-1,-29,-35,-8,-11,-14,-20,-15,6,-13,-22,-20,2,-11,-3,8,3,-35,-35,-51,-36,-7,-58,-34,-3,-17,-43,3,-81,-43,-10,-7,-13,-22,-65,-13,-14,-55,-30,-4,-18,-27,-25,-6,-12,-32,-35,9,-17,-21,-53,-22,-12,-13,-29,0,17,-24,-15,-22,8,-5,-17,-9,0,-67,-52,-8,-26,-21,-29,-29,2,-44,-63,-21,-7,-24,-8,15,1
-2,-1,0,0,-2,-1,-2,1,7,2,13,-1,5,0,-4,6,1,0,6,-5,9,1,2,4,1,2,1,-4,1,-2,-4,1,-5,2,-9,-4,-3,9,9,15,2,-5,40,-17,-3,-1,-6,-7,32,20,-17,0,-7,-17,-1,-18,2,-1,-2,0,2,2,0,2,15,5,5,13,3,10,0,9,-2,15,0,5,12,10,0,2,-15,9,-5,-3,1,2,-10,5,-5,13,-16,6,21,8,26,11,32,12,18,0,14,-1,-9,19,-10,-8,-26,-23,5,-20,9,12,-8,-5,-1,10,13,-16,-9,10,7,16,1,-3,9,19,2,11,25,2,-7,14,10,5,10,7,-7,26,21,0,4,-9,0,26,-12,1,23,2,3,10,36,5,6,-1,-4,14,19,28,1,3,8,5,-12,-5,48,5,4,14,1,-9,21,4,-13,12,-4,0,11,14,-6,-3,-6,3,32,13,10,27,8,-2,16,-28,-13,23,9,11,-1,9,-2,1,-1,10,8,11,-10,17,2,15,21,9,14,9,5,16,9,20,-4,15,-4,15,9,14,-8,10,6,17,0,4,-5,21,-32,4,6,8,15,19,-1,32,16,20,15,22,19,9,-5,30,-13,19,8,4,-3,7,-3,23,-14,-3,-7,-5,-7,13,-6,9,3,-4,27,18,17,13,5,4,8,-3,9,23,7,9,-11,-2,12,22,24,19,-5,-1,8,-22,12,14,10,6,5,2,3,12,13,19,12,13,-4,1,22,37,17,-20,3,-33,11,24,34,5,1,6,-20,-11,16,36,1,8,2,9,-7,-15,0,1,-1,-2,1,-2,3,2,14,-11,-39,31,-4,-9,0,20,-8,4,5,3,-2,-1,-2,2,-8,2,-2,-6,-3,1,-3,-2,-4,4,-3,0,-9,-5,-1,-3,1,-2,0,-9,-3,0,3,2,0,3,-5,-3,0,-2,2,0,-2,1,0,1,-2,-1,-2,-1,6,-5,-15,-2,-3,-13,-12,6,3,-5,-2,-24,8,-8,0,27,-11,25,-3,18,-31,-5,13,-4,-11,1,-26,-2,-11,3,-6,-23,-7,-13,-5,-9,-8,0,-7,1,-9,-15,-1,-13,-17,4,16,-3,-4,6,-5,4,-7,-12,0,-6,-5,1,-5,-10,-1,-3,-2,2,6,-8,-43,-4,2,-14,-4,-6,4,-14,-13,10,-6,14,-3,23,-3,28,6,19,-23,-14,-11,-8,-12,2,-12,6,-7,6,-17,-12,-4,-14,-7,-14,-18,-3,-3,-18,-1,-19,-2,-14,-20,2,18,1,-3,5,-9,7,-1,-14,1,-6,-14,-13,-5,-4,-5,2,-2,-1,30,-36,-27,16,-37,-16,-38,-18,-20,-2,0,-8,-15,9,-16,30,-30,39,34,28,-42,-7,29,-18,-17,-15,-25,23,-24,33,-6,-43,-15,-23,-18,-11,0,-10,-27,-9,-12,-26,11,-2,-37,14,41,-5,-9,9,-7,6,-20,-26,2,-11,-4,0,-14,-12,-16,-4,-10,-4,37,-57,-28,5,-40,-38,-40,-37,-21,-54,-32,-38,-80,-8,-39,48,-49,45,23,40,-41,-39,44,-53,-31,-64,-53,27,-40,31,-12,-55,-45,-73,-41,-28,-15,-26,-24,-37,-34,-59,5,-6,-43,31,45,-4,-18,18,-16,6,-40,-60,-3,-38,-13,-18,-32,-28,-30,-26,-31,-12
0,1,2,0,-2,1,2,2,-1,0,-2,2,2,-4,-9,-6,1,2,-2,-3,3,-4,19,-4,0,-1,-2,-1,0,-3,20,-5,-2,-2,0,-3,-1,-6,-14,-3,6,-6,0,3,-9,5,41,10,-7,-7,-24,-19,-9,-4,-30,15,1,-1,3,2,0,-2,1,-1,1,3,9,1,-5,14,0,-9,3,-1,2,3,-1,-11,19,-10,-5,-4,0,12,2,14,0,4,-8,-27,-6,14,-18,-13,9,23,-6,-7,10,-11,-10,6,9,4,1,-20,-38,35,-6,5,-2,16,-13,-12,-3,-70,4,-18,19,-12,-4,-11,3,13,12,-7,-6,-4,1,6,4,-2,12,-1,9,-5,0,6,9,8,2,8,-11,6,-1,3,-8,14,3,-11,27,1,2,3,8,-19,6,7,4,-3,3,-8,-7,11,7,7,17,-1,14,-17,-3,3,9,-10,36,6,-14,3,4,2,1,10,-9,6,6,-16,6,2,8,0,20,-2,3,3,4,3,-3,8,-9,14,1,3,-2,1,8,7,20,18,-1,8,-6,-9,3,17,-26,19,5,0,-10,2,0,20,16,8,3,7,-1,3,14,7,3,16,-8,2,-8,-7,3,25,-15,3,10,13,13,16,24,15,25,11,0,13,-6,-10,2,13,-12,12,9,16,7,12,22,9,23,18,15,13,10,11,12,11,6,13,6,13,3,0,6,6,41,29,13,13,9,18,3,26,12,24,7,27,12,7,31,-11,9,12,27,-4,-5,-5,13,17,6,19,15,7,-4,33,31,20,12,11,5,18,16,-15,28,17,22,10,1,1,-2,0,0,0,2,0,-10,0,-4,-1,11,-7,4,16,-2,-1,-9,-1,1,-6,-76,4,-2,0,-2,-5,3,-1,-10,-2,-1,-1,1,-4,-4,0,-12,4,0,-1,2,2,1,-1,-5,5,-2,2,1,-3,0,-2,-4,5,1,2,2,1,2,-2,2,0,-6,-1,-4,0,6,-33,0,-9,-6,-10,-24,0,-11,-9,-8,33,-2,-4,-15,-8,-8,-60,-12,-7,0,1,-6,-7,-12,2,-19,11,-3,0,-7,-11,-2,6,-10,-13,-1,-5,-3,0,-7,-7,-10,-7,-3,-4,-5,-10,-1,10,-1,8,-9,-1,3,-4,-5,0,-3,5,-8,-7,-2,-9,-3,-3,-24,-19,-7,-16,-13,-3,-12,-2,-9,20,3,-7,-13,-7,-10,-21,-23,-25,-7,-3,-7,-20,-8,-5,-12,17,2,1,-3,-8,-14,23,-17,-23,-4,0,-10,-2,-6,-15,-12,-9,-11,4,-10,-15,0,5,-5,1,-9,-21,-9,-3,-8,-1,-8,-8,-7,-12,8,-17,-9,-18,-36,-38,-16,-21,-94,-11,-98,3,-26,87,-10,-18,-25,-31,-33,-27,-25,-32,-5,-20,-14,-33,-15,20,-32,27,-15,-9,-17,-29,-4,33,-35,-37,-3,-13,-13,-12,-15,-11,-30,-4,-13,6,-7,-23,-13,14,-9,14,-6,-8,-6,-14,-3,-13,-8,-12,-36,-38,-54,-61,-49,-52,-63,-38,-45,-41,-71,-21,-92,15,-53,76,-49,-26,-38,-29,-37,-65,-33,-76,-20,-28,-24,-39,-26,19,-55,54,-27,-11,-33,-40,-52,49,-45,-25,-33,-33,-34,-31,-40,-66,-54,-57,-37,19,-31,-39,-26,26,-47,41,-35,-33,-19,-18,-7,-41,-5,-50
-2,0,2,2,-2,-1,1,2,-2,-3,-2,0,-3,-1,0,-2,1,-1,2,-1,1,0,1,2,0,-1,-1,-1,-2,0,0,0,0,-1,1,-1,-8,0,-2,-3,-3,-6,0,4,-30,1,-6,-5,-13,-18,-24,14,127,10,-28,-14,1,1,-2,-2,0,0,1,-1,5,0,-2,2,-2,-6,-3,-7,-5,2,2,-2,-4,-5,-10,7,-4,-3,-2,-5,0,3,-3,-12,-6,-8,2,-10,4,-18,-10,1,-1,2,-8,1,1,-3,-6,3,-8,-6,-16,3,-5,5,-9,-3,-23,-15,5,2,-16,-11,5,-21,-2,0,-4,-1,-54,2,-7,-2,-10,-6,-3,-7,-12,-1,-12,-5,-7,-3,1,-3,1,-4,0,3,-7,-7,-1,-1,-8,-3,-2,-6,3,-8,0,-7,-8,0,0,-11,-7,4,-11,-5,3,-3,-22,3,-12,-12,3,-3,0,-17,8,-5,-3,0,-21,9,-12,8,-14,-11,1,-7,0,0,-87,-9,-2,1,-5,-4,-6,0,6,-2,-4,-4,-5,-10,-11,4,6,-6,-7,0,-6,-5,-16,1,6,-11,6,1,-8,-14,-7,-7,11,-12,4,-11,-12,-5,-16,-2,7,-8,0,-3,1,8,-7,-11,5,-1,-3,4,-10,-7,-5,3,-14,-2,0,-12,8,5,11,12,-69,9,12,8,5,-16,-19,-13,2,-16,-12,-7,-4,-5,-4,-2,7,-3,3,-19,-17,-11,-1,-19,-14,-4,5,-7,-1,-3,-11,-8,-18,-15,-7,-16,6,-17,-26,-3,-2,-6,-11,5,19,-25,11,-8,8,-6,-9,-13,-36,-3,17,5,-8,-7,6,-1,2,13,18,0,-19,6,13,14,-2,-1,1,0,2,0,0,0,-3,2,1,5,1,-6,-5,-3,1,4,-1,1,-4,1,0,0,1,1,-1,1,-3,-1,2,0,0,1,2,-1,-1,1,-2,1,1,-2,0,-4,3,0,-1,2,0,2,1,3,-6,0,-2,2,-2,0,1,1,-1,-1,-1,2,-7,2,3,-3,-2,-3,-3,-3,4,-6,3,-7,0,-3,-3,-2,1,-2,3,-1,4,-7,-9,-15,-4,-7,-1,3,-1,-4,3,-3,1,2,0,0,-6,-2,-1,5,2,-4,-5,-85,-2,-84,2,-1,2,2,-82,-7,1,-5,-89,3,13,9,5,6,-99,4,1,3,5,4,2,6,3,8,-4,5,8,6,2,0,0,-6,2,-2,4,0,-2,-3,4,2,-3,2,-78,2,1,5,-1,-5,-1,-2,0,-77,0,-3,4,2,3,-84,2,-3,-81,-6,2,-8,-83,-5,2,3,-7,-108,-11,-98,2,1,8,9,13,2,-112,11,12,7,1,2,-1,-1,-67,-1,0,-4,-1,-7,-5,-6,-72,-9,-8,-7,-1,0,-5,-8,-76,-11,3,6,7,-7,1,-6,-79,-4,-5,3,-2,8,-1,-12,-77,-1,-3,2,-1,-5,4,-14,-89,-7,-1,-1,-4,-4,-9,-7,8,-4,-5,2,-64,-71,-74,2,-100,-1,-78,-73,-2,-11,-14,-6,-72,-6,-24,-6,-4,-21,-30,-14,-64,-13,-17,-31,-15,-26,-35,-49,-81,-42,-18,-10,-72,-25,-25,-31,-74,-31,-20,-12,-19,-65,-25,-37,-75,-18,-24,-59,5,-31,-65,-29,-85,-45,-65,-12,-10,-17,-25,-83,-21,-97,-34,-21,-54,-74,-82,4,-94,2,-79,-62
0,-2,2,0,2,1,1,1,1,3,2,1,2,1,2,0,2,2,1,0,-1,1,0,2,2,2,1,-1,0,1,0,0,0,0,0,0,-2,0,-3,0,-3,-2,-2,-1,-2,0,-1,0,-8,-5,-8,-2,0,-1,-2,0,0,-2,2,1,-1,2,-2,1,12,10,16,15,15,14,13,12,11,12,13,13,14,14,11,12,11,11,10,13,12,11,11,12,15,13,10,13,12,13,11,12,11,11,14,12,13,12,12,12,8,9,11,10,12,13,10,10,10,12,10,13,11,6,9,11,10,10,11,8,12,13,11,8,13,9,12,13,13,14,8,14,8,12,11,14,13,13,11,12,9,10,13,11,12,10,9,9,10,10,11,10,8,10,14,10,12,11,8,12,11,11,10,11,9,13,10,9,12,9,12,12,10,10,10,13,12,9,11,13,14,12,12,10,17,10,12,15,27,25,28,28,28,28,27,28,26,27,28,30,29,29,30,30,27,28,33,29,30,28,29,30,25,30,31,32,29,30,30,29,31,26,32,30,28,32,32,28,22,29,28,28,30,29,28,27,21,17,22,22,22,22,21,22,19,19,21,19,18,20,21,16,-88,-91,-97,-106,-29,-82,-58,-36,-84,-92,-100,-99,-93,-72,-88,-85,-86,-89,-95,-95,-90,-95,-87,-84,-83,-103,-87,-98,-93,-92,-91,-89,-99,-94,-88,-96,-94,-91,-93,-93,-89,-89,-90,-90,-94,-96,-91,-94,-94,-93,-89,-89,-87,-90,-87,-82,-96,-98,-94,-95,-89,-92,-93,-98,1,-1,1,2,0,2,2,1,-19,-46,-8,1,-2,-4,-10,-9,-14,-15,-8,-9,-9,-7,-10,-7,-9,-10,-9,-9,-8,-9,-9,-8,-7,-8,-8,-7,-8,-8,-9,-8,-7,-6,-7,-8,-6,-8,-8,-7,-6,-7,-6,-7,-6,-7,-8,-7,2,-2,-2,2,1,-2,2,1,-19,-23,-23,-24,-22,-20,-21,-14,-18,-18,-16,-17,-17,-21,-19,-17,-15,-18,-15,-16,-19,-17,-22,-18,-18,-20,-17,-17,-18,-18,-18,-16,-18,-15,-17,-18,-16,-17,-17,-18,-18,-16,-15,-15,-18,-16,-15,-16,-16,-18,-15,-16,-15,-17,-18,-17,-15,-15,-14,-16,-18,-15,-17,-15,-20,-20,-22,-23,-21,-24,-22,-19,-22,-20,-19,-21,-21,-21,-21,-20,-17,-21,-20,-18,-23,-21,-21,-20,-19,-21,-22,-21,-21,-22,-18,-18,-21,-22,-20,-21,-20,-19,-20,-19,-19,-20,-18,-18,-20,-20,-17,-21,-18,-21,-18,-20,-21,-19,-21,-18,-19,-21,-20,-18,-17,-21,-19,-21,-36,-36,-36,-38,-30,-36,-34,-34,-36,-34,-34,-37,-33,-34,-35,-36,-34,-34,-38,-35,-40,-36,-36,-35,-33,-38,-38,-37,-36,-37,-37,-37,-37,-36,-33,-37,-39,-36,-36,-35,-36,-34,-38,-34,-38,-36,-38,-38,-36,-37,-35,-36,-37,-36,-35,-38,-35,-36,-35,-36,-35,-34,-35,-39,-60,-61,-63,-65,-69,-64,-60,-62,-58,-59,-62,-60,-59,-60,-60,-59,-61,-60,-62,-62,-62,-60,-62,-59,-62,-63,-64,-60,-60,-59,-63,-63,-61,-63,-62,-65,-62,-64,-57,-59,-61,-62,-63,-61,-60,-59,-62,-58,-58,-62,-62,-63,-55,-59,-59,-60,-63,-59,-62,-59,-63,-63,-62,-62
1,2,2,1,-1,-1,-1,1,-5,-7,-2,1,3,0,-1,-1,-5,2,-3,-4,-6,-4,-3,-1,-7,-2,-6,25,-1,3,-4,-2,-1,43,-13,-24,-3,-5,-3,-4,-3,-36,-4,-12,-11,9,-4,13,-8,-32,-5,-1,-7,-6,-5,-7,-2,0,0,1,-2,-1,2,1,-5,4,2,-1,-3,6,-2,2,8,0,-8,-3,-2,-1,2,1,1,10,9,12,1,-2,-4,-8,29,0,-5,-23,5,-16,-2,-13,-18,-21,11,-5,-17,8,-9,-6,12,9,1,-25,1,-12,-7,0,-8,11,7,16,-19,-6,6,-24,-6,-4,-23,6,-22,-5,2,-16,5,-3,-5,7,7,-3,7,-2,-12,5,5,-2,4,1,-5,6,5,9,8,-8,8,-1,1,-6,-23,4,-7,27,-13,10,3,-3,-19,15,-11,-25,11,-10,-7,-1,-14,-4,-8,11,-19,16,-8,27,1,-13,-4,-21,-8,-23,26,-8,-4,4,-5,-11,-8,36,-16,13,10,5,6,7,5,2,1,1,4,4,2,5,4,8,16,-2,7,-6,-2,-3,13,-5,-2,2,12,-1,6,0,4,-5,2,2,22,7,-10,9,-5,7,15,9,5,-5,16,0,13,-11,7,-10,9,-17,8,7,3,0,1,10,4,-6,-10,-10,-4,-15,10,-15,22,3,5,9,7,-1,-21,3,0,0,14,8,8,15,9,1,12,10,-2,4,10,4,11,15,5,2,15,33,3,4,14,17,14,20,15,9,24,8,6,5,-13,-21,9,33,-9,16,15,27,10,14,21,0,-13,24,33,22,12,10,-1,7,-5,27,23,25,-1,1,0,-1,-2,1,0,-2,11,-5,1,17,0,-12,-4,-3,6,-4,11,-4,-6,-4,-1,-6,5,-3,6,-10,0,-2,-2,-4,4,-8,11,5,6,-1,-1,-3,5,-5,9,-2,-1,-2,0,1,0,1,5,1,-2,1,2,1,0,-1,-1,0,2,2,0,-2,-2,2,-1,-2,-13,-3,-9,-3,-6,-15,-22,0,-8,-6,0,-8,-21,-27,-1,-16,-18,-9,-1,-2,14,-9,-22,-17,-14,-10,-10,-6,-11,-24,19,-12,28,-13,-6,-3,15,-15,-1,-10,-16,-6,-10,-2,-4,-4,-7,-11,-8,-9,4,-2,-8,-3,-14,-3,-11,0,-4,0,-12,17,-15,5,-30,-4,-11,-1,-3,-26,-9,-12,-5,-13,-10,3,-17,-13,-4,-12,-14,-9,-4,-22,13,-10,-10,-18,-8,-5,3,-9,-23,-14,30,-2,30,-8,-19,-1,30,-10,9,-8,-9,-17,-10,-4,-8,4,-22,-2,-8,-2,0,-7,8,2,0,-11,5,-9,-3,-10,20,17,-15,2,-36,-16,-16,-19,14,-17,-8,-12,-1,-18,-23,3,-49,-33,-5,-20,-15,-10,-4,-28,24,-32,-23,-19,-31,-19,-1,-23,-37,-49,46,-55,54,-19,-24,-8,30,-20,-4,-7,-19,-12,-32,5,-3,-14,-28,-14,-9,-15,20,-7,-8,-7,-5,-9,-11,-8,-12,-5,9,7,-80,-20,-28,-51,-36,-29,33,-98,-69,-7,-19,-46,-50,-34,-65,-52,-47,-21,-54,-43,-34,-48,45,-58,-53,-70,-42,-46,-28,-42,-64,-46,61,-37,76,-63,-43,-22,57,-37,-17,-24,-40,-36,-62,8,-17,-30,-51,-29,-21,-34,38,-34,-20,-9,-14,-13,-20,-7,-17,-15
2,1,2,1,1,2,-2,-2,1,1,0,1,1,-24,1,-3,0,4,1,-2,-3,56,2,-4,2,3,1,-7,5,67,4,-4,-1,1,0,1,9,-25,8,3,-1,-5,1,2,-4,-12,-6,1,9,-9,3,-12,3,-30,-13,2,-1,1,2,-2,-2,1,0,2,1,7,5,7,5,11,4,16,9,8,9,0,0,1,5,1,6,6,3,7,2,-1,5,3,7,7,5,8,11,0,16,7,7,4,1,9,13,11,12,4,12,5,12,1,7,3,5,8,2,11,2,11,10,13,9,7,3,2,3,8,7,9,1,9,1,8,4,4,7,7,7,1,9,3,4,4,0,1,4,-12,7,6,3,7,-4,10,-14,8,6,5,7,3,11,-5,3,7,7,6,-1,11,9,-5,1,5,2,8,8,5,3,2,7,-4,6,3,4,5,6,8,1,12,1,-1,3,1,3,2,6,6,10,7,6,10,10,10,8,8,8,8,7,7,10,-4,16,17,8,5,4,6,1,-14,1,6,2,1,2,-1,2,-12,-12,-5,3,11,0,10,14,-5,9,8,8,8,15,14,13,12,3,9,13,10,11,11,14,8,7,9,8,10,10,14,15,14,8,9,14,17,20,17,26,20,24,7,19,18,16,15,18,7,14,4,18,15,20,17,8,10,-3,21,14,11,16,11,13,-19,1,12,10,20,15,14,14,8,19,13,12,31,37,21,12,10,16,0,21,20,16,15,15,24,18,15,19,25,6,9,25,21,15,14,-1,2,1,1,-1,-1,1,2,0,-23,-2,-16,-4,-10,-5,-4,-1,-10,-6,-3,-10,-10,-10,-1,-3,-7,-6,-5,-4,6,-4,0,-1,-3,-4,-2,6,-3,8,-1,-1,-2,-3,1,-4,-5,-3,1,0,-1,-2,0,0,-5,0,1,0,0,1,0,0,1,2,-1,-9,-5,-9,-12,-5,-8,-9,-6,-10,-10,-16,-7,-10,-1,-15,-4,-9,-14,-7,-9,-26,-2,-15,-3,-8,-9,-5,-4,14,-28,-17,-11,-10,-8,-11,-10,14,-20,23,-15,-9,-11,-2,-5,-6,-2,-2,-8,-5,-10,-8,-3,-9,1,-11,-1,-5,-4,-10,-3,-7,-6,-8,-7,-7,-8,-4,-7,-8,-1,-12,16,-3,-6,-6,-7,-1,-8,5,0,-8,-5,-6,0,-22,0,-5,-4,-6,-13,-7,-11,18,-35,-10,-10,-12,-5,-19,-2,21,-14,31,-4,-4,-18,-6,6,-6,-6,0,14,-13,-5,-2,-6,-7,-4,-6,-7,-5,3,-4,-6,-7,-6,-4,-9,-12,-12,-3,-18,-9,-9,-13,-10,-10,-13,-13,-11,-10,-18,-17,-14,-10,-15,-16,-19,-27,-27,-19,-11,-10,-5,-9,-10,13,-8,4,-4,-8,-9,-17,-1,15,11,21,-7,-9,-16,-12,-12,-12,7,-12,-8,-7,-14,-11,-16,-12,-5,-9,-7,-8,-8,-11,-7,-12,-2,-11,-8,-29,-26,-17,-30,-25,-25,-71,-28,-26,-24,-32,-88,-15,-13,-33,-35,-23,-36,-23,-24,-46,-34,-36,-16,-30,-16,-44,-32,22,-24,11,-8,-21,-24,-55,-21,13,-8,10,-27,-20,-28,-19,-14,-25,1,-22,-13,-25,-32,-15,-21,-16,-19,-17,-20,-12,-7,-19,-14,-20,-13,-18,-19
2,-2,2,1,-2,0,-2,0,-3,5,-22,4,1,1,2,0,-10,1,113,0,-4,0,2,1,0,4,-14,4,-2,-1,2,0,1,-2,1,-2,1,-1,2,1,-2,1,-1,2,0,2,-4,1,-3,-1,-1,-1,0,-2,1,2,2,0,0,-2,-1,0,-2,0,3,1,4,3,2,3,3,2,-3,3,-1,5,-2,3,5,2,5,0,3,0,6,-1,2,5,-7,6,8,5,3,5,6,3,0,-1,5,3,4,0,2,3,4,6,3,5,-3,4,6,3,0,7,5,8,2,5,2,6,6,1,7,1,6,5,4,4,-23,5,4,6,-6,6,3,0,2,-13,2,-5,6,3,3,4,-1,4,-50,4,2,4,6,2,5,6,2,8,1,5,3,2,-6,2,-2,3,4,-1,5,5,5,4,7,3,3,4,1,2,4,3,7,6,2,6,5,2,4,7,4,7,3,5,5,0,5,2,-5,5,6,5,5,6,8,5,-9,3,6,5,5,4,-3,-9,-7,-1,6,6,3,5,5,5,-1,10,2,5,6,5,7,3,3,4,6,6,5,4,5,3,5,3,8,7,8,8,3,9,-1,6,6,8,4,8,8,5,3,4,7,5,3,3,-5,13,8,10,7,11,9,12,12,0,5,4,13,7,7,7,4,7,-23,8,10,11,10,4,13,8,7,19,9,11,11,9,-2,12,8,10,9,9,8,10,13,6,9,7,11,8,7,11,5,13,9,12,11,9,9,7,8,11,5,5,5,11,2,9,0,-2,-2,0,2,2,1,-1,-2,-5,0,-8,-16,-7,-8,-11,-2,-3,-19,-7,2,-1,-7,-1,-2,3,5,2,-1,-4,-3,-2,-1,-2,2,-2,0,-2,-1,-1,-1,0,-1,-3,0,-1,-1,-1,-1,0,-2,-1,0,-2,-1,-1,2,0,3,-1,2,1,2,1,2,-9,-8,-8,-8,-6,-5,-3,18,-10,6,-10,-3,-8,-4,-3,-8,-12,9,-13,-1,1,-10,-5,-10,43,-9,49,-7,-7,-5,-5,-4,-5,-7,-5,-3,0,-4,-5,3,-8,3,-7,0,-5,-4,-3,-2,-6,-4,-5,-3,-6,-4,-4,-4,0,-5,-2,-5,-3,-4,-3,27,-6,-6,-5,-5,-5,2,-4,-5,1,-5,-12,-9,-3,-6,-7,4,-17,23,-14,-2,-5,-7,-4,-7,50,-11,53,-7,-8,-7,-4,4,-10,3,-10,5,-7,-5,-5,-6,0,-8,-4,-6,0,-7,-5,-4,-6,-5,-6,-1,-7,2,-6,-5,-3,-4,-3,-5,-2,-7,0,-7,-2,-6,-2,-11,-8,-7,-7,-4,-15,-3,-8,-8,-9,-9,-8,1,-8,-33,-16,-13,-6,-12,-5,-7,56,-2,52,-6,-10,-4,-6,-5,-11,-3,-11,-2,-11,-7,-5,-6,-9,-4,-9,-8,-7,-6,-5,-8,-7,-6,-7,-8,-8,-6,-8,-7,-6,-4,-6,-6,-6,-6,-7,3,-13,-13,-15,-25,-16,-17,-11,-10,-35,-9,-35,-23,-8,-30,-21,-10,-51,-36,-44,-16,-11,-27,-16,-8,68,-16,70,-23,-24,-18,-19,-11,-30,-11,-25,-11,-21,-14,-13,-14,-16,-19,-15,-18,-11,-20,-14,-15,-20,-19,-15,-14,-19,-15,-20,-17,-13,-13,-13,-14,-16,-15,-10
2,-1,-2,1,2,-1,-2,-2,0,-1,2,5,1,2,0,1,-2,-1,0,1,0,1,0,0,-1,-1,-1,1,1,0,-1,0,-3,-2,0,0,1,-1,44,16,-3,3,4,1,-7,15,95,16,-2,3,2,9,1,15,-57,28,-2,1,-1,0,-2,2,1,-2,4,-4,-4,1,1,-2,-3,-2,0,2,-2,1,2,4,4,5,0,-1,-3,-8,3,-1,3,-4,5,-6,1,3,6,6,7,6,-7,-1,4,5,2,3,-36,6,-1,0,1,1,8,3,-11,1,-1,-7,3,6,8,5,-22,3,-11,-4,-1,-1,4,1,-25,0,3,1,0,3,-4,4,8,3,9,-1,-1,0,1,-1,4,1,0,8,4,-1,3,2,7,3,3,-7,6,2,0,1,1,5,0,4,-3,8,4,-2,3,-3,-4,-4,2,-1,7,2,-10,-2,4,5,2,8,1,9,-13,2,3,3,2,8,7,5,-9,6,3,7,4,-1,7,7,16,6,-1,1,2,-6,4,9,13,5,3,-5,-5,-5,2,1,13,5,1,6,-7,-1,1,6,11,5,11,7,-1,3,2,6,10,8,4,2,10,5,0,-5,-21,-2,2,2,-1,-8,2,4,-51,2,7,1,5,3,4,6,-7,4,15,18,8,23,8,8,21,2,11,29,-10,2,11,7,13,16,12,18,5,17,5,15,9,3,6,-18,8,-2,14,13,9,4,18,20,0,5,3,-4,-21,12,8,-2,-1,17,9,7,8,19,0,0,-13,5,0,1,-4,-18,4,-9,9,15,-5,4,-31,-3,-2,2,-2,1,1,1,-2,-1,-12,-14,-23,-18,-15,-18,-42,-19,0,0,-1,-1,-3,-3,0,-1,3,2,1,1,1,2,1,2,3,2,1,1,3,3,4,1,3,1,1,1,5,5,-45,-7,3,3,1,5,4,-30,-127,-27,2,-1,-1,-1,-2,1,-1,-2,9,4,5,6,7,4,2,7,6,0,4,5,1,1,1,-8,6,4,4,-1,-12,3,-11,4,5,2,2,0,-29,-15,-42,-18,3,3,1,-36,-13,-64,-7,-71,7,1,-23,-6,-56,-48,-62,-66,2,5,3,-16,-127,-6,-123,4,9,3,-38,-5,-66,-6,-108,-27,-54,-39,-5,-8,2,-5,-1,-13,-47,-57,-30,-8,-17,-3,-6,-4,0,-56,-57,-44,-3,-17,1,-19,-17,-1,-45,-53,-43,-5,-19,-3,-1,-10,-4,-48,-60,-50,1,-41,-5,3,-13,-6,-49,-60,-54,-98,-2,-8,-4,-21,-4,-31,-126,-31,-11,2,-13,-5,-45,-63,-48,-114,-9,-9,-7,-18,-16,-12,-49,-15,-11,-14,-8,-10,-19,-17,-52,-18,-8,-12,-19,-14,-16,-19,-60,-17,-13,-15,-17,-12,-22,-19,-58,-17,-11,-16,-16,-18,-24,-21,-62,-23,-16,-18,-20,-26,-26,-21,-41,-14,-22,-35,-33,-35,-43,-4,-74,-6,-39,-40,-40,-38,-41,-21,-71,-26,-51,-45,-59,-61,-63,-58,-64,-67,-45,-53,-37,-63,-56,-35,-65,-62,-39,-62,-75,-51,-67,-63,-77,-49,-39,-53,-46,-127,-69,-59,-77,-58,-41,-43,-58,-58,-52,-57,-85,-64,-11,-38,-38,-69,-97,-79,-44,-72,-61,-64,-49,-58,-61,-33,-96,-7,-61,-54,-32,-56,-78,-62,-64,-77
-2,1,0,0,-2,1,-2,1,2,0,1,2,2,3,-2,-122,2,1,0,1,-1,5,-2,-121,2,0,0,0,1,2,-2,-57,1,-1,-2,-1,1,2,-2,-39,-2,0,-1,1,-2,1,1,-15,-2,-4,-3,-13,-11,-2,7,-4,-2,-2,1,2,-1,0,1,2,0,3,6,8,3,-4,7,-34,8,2,1,5,6,3,6,-100,3,1,2,7,3,5,1,-88,5,7,3,1,4,6,-1,-10,5,2,3,6,1,3,1,-16,-9,3,0,1,-1,6,4,-6,4,-3,4,8,4,3,-4,-3,-4,-2,0,3,1,4,-4,2,1,4,2,2,2,4,0,-19,4,3,-2,1,4,5,-1,-110,4,3,7,3,5,2,-2,-38,2,2,3,9,1,5,1,-16,-3,1,5,4,5,5,2,-13,0,6,-1,-1,3,6,4,-11,7,-7,-4,5,-2,1,7,5,-1,2,0,-3,-1,0,0,5,4,4,4,4,0,-14,-10,75,3,-1,2,-1,1,-27,-10,75,3,-4,3,4,-1,-10,-15,67,5,7,-10,8,0,-10,0,48,6,-6,-4,2,-5,-4,0,42,-3,6,7,0,-3,1,-1,35,4,0,7,2,-4,-11,-4,23,1,6,3,3,-2,0,-1,32,13,11,10,7,9,5,-3,65,8,6,8,8,9,0,7,27,6,5,8,11,9,6,15,13,8,5,3,9,7,9,9,7,13,3,1,10,-2,5,4,9,10,8,16,1,11,3,6,15,14,14,-3,4,7,3,9,6,8,7,5,12,7,5,9,13,-2,1,-2,2,-1,1,-1,1,-4,-11,-1,-4,-13,-5,33,-8,-4,1,0,0,-1,-2,5,-18,-2,0,0,-3,-1,-1,-7,-19,-2,-1,-2,-1,-2,-1,-10,-17,-2,0,-4,-3,-2,-3,-6,-15,-2,-3,-3,-3,-5,-4,-6,-10,1,-1,-1,-1,-2,0,1,-2,-9,-18,-22,-11,-21,-14,-5,-8,-5,-18,-6,-19,-17,-11,-5,-14,-9,-10,-6,-8,-12,-23,-17,11,-9,-7,-8,-11,-8,-17,-10,8,-6,-13,-8,-8,-10,-7,-23,4,-3,-8,-7,-8,-8,-11,-14,-6,-5,-12,-7,-7,-7,-15,-6,-1,-4,-3,-5,-10,-10,-15,-9,-1,-10,-9,-4,-2,-2,-6,-4,-9,-9,-9,-4,-2,-11,-6,-1,-2,-8,-6,-5,-7,-11,-10,-12,44,-8,-3,-5,-7,-6,-13,-4,19,-4,-7,-5,-9,-8,-9,-17,13,0,-1,-5,-4,-8,-12,-10,0,-1,-3,-1,-6,-7,-9,-12,5,-2,0,-2,-3,-3,-7,-15,-1,-7,-9,-4,-20,-8,0,-1,-3,-12,-12,-14,-9,-7,-2,-5,5,-12,-14,-18,-19,-10,-19,-23,13,-10,-11,-8,-18,-13,-26,-13,7,-12,-9,-8,-10,-3,-5,-24,4,-7,-8,-11,-7,-15,-6,-15,-9,-5,-10,-12,-7,-7,-9,-11,-7,-4,-2,-8,-9,-6,-7,-11,-6,-15,-20,-29,-29,-41,-39,-20,4,-20,-32,-49,-30,-39,-36,-43,27,-26,-42,-36,-46,-62,-33,-59,56,-34,-33,-28,-45,-35,-49,-41,53,-31,-31,-31,-30,-28,-46,-113,20,-18,-30,-20,-28,-30,-32,-39,12,-14,-23,-23,-22,-23,-29,-34,3,-11,-13,-16,-19,-17,-25,-21,8
2,2,-1,-1,0,0,-1,0,-1,0,-5,3,5,7,7,3,-1,-3,-1,1,6,5,7,2,-3,-2,-5,3,6,6,6,3,-3,-4,-2,0,4,0,4,-1,1,-4,-5,-5,-2,0,-4,-1,-7,2,-5,-5,-4,-3,-7,1,1,2,0,-1,0,-1,0,-1,15,0,9,8,9,14,11,12,6,9,8,12,9,16,11,13,-31,28,2,17,9,12,11,13,-3,21,8,10,7,14,12,12,8,-3,15,9,10,8,8,10,7,1,11,3,14,10,14,7,-7,0,8,0,2,8,12,7,-1,0,-1,9,7,12,4,3,-7,-2,2,9,4,9,-1,1,10,0,1,6,9,6,7,5,-10,12,3,14,4,9,6,4,6,10,0,2,8,2,12,2,4,-2,11,6,0,8,6,4,8,7,-2,8,10,1,6,1,-1,4,7,6,6,-2,-2,12,6,-1,6,-3,4,2,4,-3,18,15,16,18,17,16,14,16,14,15,10,16,13,16,15,11,-8,21,15,18,14,18,19,17,11,26,14,20,18,21,18,15,11,21,14,19,11,14,11,15,7,18,0,9,7,21,3,13,5,9,9,13,8,19,10,11,5,15,7,14,9,9,13,10,28,31,24,26,24,29,13,19,33,36,22,25,23,27,21,11,30,47,34,30,21,22,30,13,31,46,40,29,29,20,17,32,22,51,20,26,-12,33,19,16,35,39,26,26,2,8,10,21,27,40,23,-37,2,11,22,23,12,17,24,16,-3,0,23,12,-2,1,0,-1,-2,2,-1,-1,-61,39,-67,9,-9,-2,-18,-11,-90,45,-72,20,-5,4,-8,-8,-98,32,-80,8,-10,-1,-6,-7,-26,12,-28,1,-4,-4,-4,-6,-10,-2,-7,0,-4,-3,-5,-6,-9,1,-6,0,-2,-6,-4,-5,1,-2,-2,0,-2,2,0,1,-11,-12,-12,-22,-16,-12,-14,-8,-8,-7,-18,-20,-17,-12,-13,-10,-29,-3,-12,-19,-9,-20,-13,-18,-32,-7,-11,-16,-15,-17,-9,-16,-14,-14,-20,-16,-11,-12,-12,-10,-12,-17,-11,-12,-13,-11,-13,-10,-8,-16,-12,-10,-10,-11,-11,-10,-10,-9,-8,-12,-12,-12,-8,-12,-10,-2,-17,-7,-13,-6,-1,-6,-19,9,-60,-8,-11,-15,-10,-7,-6,1,-13,-4,-7,-13,-7,-12,-16,-4,-23,-17,-11,-2,-9,-13,-7,-15,-5,-23,-14,-10,-9,-5,-11,-16,-10,-12,-14,-13,-15,-11,-13,-10,-11,-11,-10,-16,-12,-13,-6,-8,-11,-8,-11,-6,-16,-9,-10,-9,-13,-13,-14,-9,-12,-9,-10,-5,-14,-8,-13,-11,-12,-10,-21,-5,-12,-9,-15,-20,-10,-7,-16,-10,-17,-17,-16,-13,-12,-14,-17,-17,-21,-19,-16,-17,-15,-15,-21,-18,-16,-16,-13,-15,-15,-15,-16,-9,-18,-15,-16,-14,-16,-13,-14,-14,-22,-14,-18,-16,-15,-16,-25,-9,-6,-23,-35,-17,-14,-14,-20,4,-25,-20,-31,-46,-47,-8,-29,-18,-43,-16,-15,-30,-14,-13,-17,-19,-31,-57,-23,-15,-13,-21,-14,-24,-27,-34,-27,-18,-27,-19,-21,-27,-21,-23,-25,-21,-23,-19,-31,-24,-22,-20,-22,-24,-25,-24,-18,-21,-23,-19,-30,-18,-20,-23
1,-3,1,0,1,0,-1,2,-4,8,-1,3,-2,9,2,0,3,-6,0,1,-3,-3,7,-4,-2,-1,-10,-5,-3,5,-1,2,-5,-11,-1,17,-2,-2,1,2,-15,-6,6,-7,7,-7,20,-3,12,18,23,18,22,11,8,15,1,2,0,0,0,-1,-2,1,4,8,9,7,6,13,9,4,2,2,15,14,-10,6,4,13,4,4,15,11,-7,-6,-7,16,-4,-2,-12,23,6,-15,11,-3,5,-3,-2,-2,-4,11,9,6,-2,17,-24,0,13,-9,12,15,5,18,9,-26,6,14,10,14,-3,-6,-1,-1,-1,-13,-8,4,-8,10,17,0,4,6,6,8,9,-2,18,6,21,19,-4,-3,-8,9,-9,15,11,4,4,10,8,-3,-12,9,1,6,18,-14,14,5,19,10,-9,0,10,8,2,20,-5,-11,0,-6,1,10,5,8,-8,18,3,-4,3,9,8,8,9,-9,20,-5,-12,-11,16,4,8,9,16,12,13,4,-5,15,14,1,18,12,3,2,10,17,16,11,19,29,-4,9,9,22,6,23,24,24,10,-5,17,18,8,7,-8,38,-24,12,8,12,9,-4,14,25,0,-10,13,6,4,-16,8,12,11,3,4,20,-2,9,1,39,15,8,20,-1,22,-1,19,4,10,7,-5,4,19,10,28,16,-13,1,-11,14,9,9,29,20,13,12,4,-1,-31,50,12,21,16,7,29,7,29,12,8,23,-8,5,11,22,31,-16,41,24,-27,-13,27,24,30,-12,-4,27,-12,-11,5,30,11,0,13,22,-13,10,0,0,-2,2,0,0,1,-1,4,2,8,2,-1,20,1,-17,1,-1,7,-2,2,24,-7,11,0,6,-6,-1,-9,10,-10,5,4,4,-5,1,-10,-6,5,-1,3,-8,3,3,0,6,5,2,6,1,-4,2,1,2,2,5,2,0,0,1,0,-1,2,0,-13,10,1,-2,5,-8,-22,-16,-21,6,-105,-1,-19,9,-43,-31,3,-74,8,-21,44,5,-27,-9,-6,0,-6,-60,-6,9,-4,6,-4,3,-4,-19,-4,-4,2,-2,-15,-10,-4,-6,-5,-8,3,-4,-1,-6,-17,-6,-9,-5,-11,-2,-20,-3,-7,-3,-8,5,-6,4,-9,4,-5,-14,6,-7,-4,-10,-15,-5,-20,5,-5,11,-41,-12,6,-11,-13,-31,23,20,-13,-12,-13,4,-16,-23,-2,17,-7,4,-4,-17,-2,-27,1,-17,17,-6,-26,-27,-5,-4,-8,6,-23,8,-10,-10,-11,-11,-3,-7,-7,-23,-4,-3,-12,-6,-9,4,-16,3,-15,22,-26,-14,-16,15,-18,-27,3,-15,-7,6,18,22,-16,-25,7,-12,-20,-26,30,40,-46,-19,-8,0,-23,-33,-8,25,-10,-5,-4,-10,-10,-25,-43,-1,9,-11,-13,-10,-3,-1,-11,-11,-9,7,2,-31,-24,-5,-23,11,0,1,1,-6,-5,1,-13,1,0,-7,-25,26,-51,-16,-9,-14,-34,-40,5,-32,-39,33,-12,22,-92,-74,11,-57,-26,-31,33,35,-30,-40,-23,-28,-27,-48,1,29,-57,-10,-51,-7,-35,-36,-31,-9,30,-31,-47,-35,-11,-30,-21,-29,-39,2,-21,-43,-37,-31,-41,-19,-29,-48,0,-37,-29,-18,-23,-5,-13,-22
1,2,-1,0,-2,-2,0,1,3,3,1,-4,12,-4,4,-1,1,1,-6,11,-2,7,-1,-5,2,-1,-3,3,-1,2,5,-1,7,3,-2,-10,-3,5,-3,7,-8,5,-4,16,9,11,25,2,-17,-15,28,13,11,27,27,19,0,2,0,-2,0,1,-1,-1,26,6,-1,-13,12,1,-2,-5,-5,16,-1,31,-13,-4,-3,6,4,-4,-1,-11,20,-9,19,-6,-12,5,1,8,-25,1,-12,24,4,-6,13,-8,34,-1,-6,-6,-12,11,42,26,-35,32,33,15,-9,-3,-24,22,31,18,-4,-5,-1,4,21,-14,-5,5,5,18,16,16,2,20,-21,4,-10,-7,-4,13,20,-13,17,-5,2,12,-8,10,-8,30,-15,-6,-2,6,8,-9,4,2,11,3,1,5,-16,7,0,-12,2,22,1,18,-10,-2,-10,15,4,14,38,-2,-2,-9,32,-7,2,19,4,25,-16,-1,-5,5,-4,5,-7,9,1,2,13,2,4,5,4,4,11,-6,-5,0,-10,10,-1,-6,8,8,16,3,23,8,14,8,17,-4,-6,9,8,17,8,-10,7,-14,1,-1,9,10,17,-3,-4,-17,4,-12,16,5,-25,-10,6,10,-3,-8,6,16,21,-6,26,10,8,11,28,17,14,2,6,16,14,13,-2,7,-19,9,13,11,8,-9,17,7,5,-4,-9,15,6,23,2,10,-2,15,21,-13,7,14,14,10,6,-9,0,12,-22,15,19,25,3,21,8,-8,-2,-8,9,8,5,-21,10,3,14,2,-12,8,-6,18,-3,26,3,-23,12,5,24,8,0,-2,-2,0,0,0,2,2,-11,-10,-12,-7,-22,24,-11,-23,-1,4,-1,-2,3,-1,14,-3,-4,2,-3,-2,0,-9,1,-11,1,-5,0,-7,0,-3,1,-3,2,3,0,0,-5,2,-2,-1,0,1,0,0,-1,3,1,-2,1,1,-1,-2,1,-1,1,-2,5,1,-13,8,1,21,1,-11,-5,-2,20,-17,-5,-22,-3,-15,0,12,-34,11,-48,37,-19,-9,-2,-11,15,-17,21,-15,3,-15,-9,-11,-21,7,5,11,-11,2,0,-1,-7,-7,-15,-7,14,-10,-1,-9,-2,-6,-1,-1,-11,3,-2,-5,-4,2,-1,0,-2,-1,-5,-20,-13,-7,-6,13,-3,-1,-30,-7,5,-14,-20,-31,-11,-17,14,8,-25,3,-28,34,1,-25,-15,-12,11,-17,19,-12,-4,-5,1,-32,-17,-2,9,12,-18,5,0,-4,-13,-10,-25,-7,10,-5,-6,-8,-12,-4,4,0,-7,-3,-7,-9,-4,3,-2,-4,-1,-2,16,-15,-43,-17,-46,31,-19,-35,-35,-30,20,-19,-31,-24,-16,-28,21,14,-18,15,-44,24,-12,-32,-16,-32,19,-42,26,-24,-5,-24,-12,-26,-52,-30,36,19,-36,-5,5,-4,-17,-22,-43,-21,30,-8,-1,-16,-12,-5,12,4,-18,7,-10,5,-5,-2,5,-4,6,2,27,-39,-51,-12,-62,50,-55,-52,-38,-33,24,-62,-30,-106,-93,-52,33,13,-65,35,-81,52,-25,-93,-33,-77,38,-57,38,-49,-10,-39,-32,-44,-84,-34,40,39,-62,-7,9,-28,-36,-40,-73,-56,43,-43,1,-48,-33,-1,13,-4,-38,12,-42,12,-1,-3,-4,2,8,20
2,-2,0,2,2,-1,-1,1,1,2,7,0,-13,1,33,-1,3,1,5,-6,-2,3,-7,-2,0,2,-1,2,-2,-2,-5,-6,-3,0,-1,1,4,-7,-14,-15,-1,5,6,-9,0,-5,40,22,0,1,-8,1,2,2,39,37,-2,0,1,-1,3,2,1,2,6,6,9,2,7,-2,7,17,4,5,0,-3,5,11,13,10,3,4,2,-2,3,7,-1,2,3,6,6,1,7,-3,-4,-2,2,10,1,-4,-1,3,15,1,2,4,6,2,-11,8,20,21,14,-4,-10,11,5,13,-4,8,-3,-4,-5,2,-1,7,16,27,21,7,3,7,13,-4,5,17,11,13,5,8,9,13,22,12,9,14,10,9,9,11,-5,0,5,2,8,14,9,4,8,8,5,3,4,11,6,4,3,-7,2,9,-8,-2,0,13,20,-3,1,10,1,-3,11,4,23,4,2,5,1,-7,-8,14,16,7,11,7,7,10,12,11,3,22,6,13,9,17,-2,-13,12,-3,4,1,5,16,4,11,-7,19,7,6,18,-5,5,8,6,11,5,-12,-17,-2,-27,6,-30,13,-1,4,9,-3,-1,5,-6,3,9,5,9,2,2,7,11,7,6,12,6,12,10,10,9,14,16,15,9,20,24,11,-4,0,15,15,25,19,14,11,31,10,13,22,6,19,13,18,-6,12,19,17,18,13,10,7,-2,4,6,-1,5,24,-4,9,14,11,15,14,-7,-32,14,3,13,12,2,13,6,17,-36,27,-3,-6,11,11,-1,6,0,0,12,24,-2,0,1,2,0,-1,2,-1,10,-25,-12,-3,-19,-16,-57,-2,-2,-7,-5,-4,-6,2,10,-23,-1,-3,-8,-2,-5,-3,2,-6,-3,-4,-6,-2,-1,-6,-3,1,-4,-2,-5,-1,2,0,-3,5,-2,-1,-1,1,-1,3,-4,2,2,1,0,2,0,0,-2,-2,0,-6,-7,10,1,-16,16,-7,12,-2,3,11,10,-38,-7,1,-10,2,3,1,-12,8,-46,18,-4,-3,-8,4,-9,-17,-9,4,-3,3,-2,-10,4,-11,-3,4,1,-6,-5,-3,-5,-2,-8,-3,-2,0,-4,-6,-8,5,-1,5,-6,-5,-5,2,-2,6,-3,0,-2,-8,1,17,2,-14,0,26,4,-19,-2,12,-10,3,-32,12,-20,11,7,-21,1,3,6,5,3,2,-10,12,1,-10,-7,12,-4,-9,-3,-5,3,-11,-17,-2,-5,-10,-10,0,-3,-4,-17,-7,3,-4,1,-6,-5,4,-7,-4,-8,-3,-3,-3,-4,-1,0,-4,-9,-29,-29,21,-18,-68,-51,63,-8,-7,-18,-16,-10,-23,-114,-21,-1,6,23,1,-14,12,7,23,-2,-12,-9,2,-29,-30,-25,-17,-13,-17,-7,-13,-19,-14,-56,-8,-8,-17,-18,-12,-29,-8,-30,-11,-12,-13,-22,-18,-17,9,-15,11,-15,-14,-9,-20,-18,0,-6,-1,-22,-41,-3,42,-4,-51,7,81,-16,-38,-3,8,-27,-24,-67,1,-49,6,11,-61,-46,10,24,27,-41,-35,-61,16,-43,-52,-45,-9,-32,-58,-20,-29,-19,-41,-61,-29,-20,-34,-28,-13,-32,-35,-67,-28,-12,-27,-28,-20,-32,-3,-77,7,-30,-19,-14,-23,-32,-8,-26,-18
0,1,1,-2,-1,0,-1,-1,2,-3,-4,-2,0,7,0,-4,1,1,-4,0,1,1,2,0,1,-1,2,-1,0,2,2,1,-2,4,2,1,2,6,3,3,3,1,1,2,4,5,4,3,12,6,12,11,8,0,4,7,-1,-2,-2,0,-2,-2,-1,1,2,3,6,9,12,20,9,9,5,5,8,7,16,18,4,8,6,6,5,6,13,4,9,6,6,4,3,9,8,6,8,6,7,0,1,10,12,6,7,6,2,2,2,9,-1,9,4,11,9,5,12,6,5,-2,9,1,10,16,18,19,1,8,3,3,14,9,9,3,15,8,14,9,7,12,8,12,10,14,8,6,11,8,7,6,14,5,9,3,5,12,5,17,6,3,1,10,8,4,15,2,10,1,10,3,-2,8,-1,6,0,11,3,13,11,7,12,0,19,6,9,0,3,12,9,15,4,12,0,12,18,21,24,22,23,33,13,8,16,19,18,20,15,18,10,10,18,16,15,23,11,16,8,10,13,11,15,16,13,13,10,12,12,15,16,15,18,20,12,12,17,18,20,17,25,16,18,11,19,18,21,22,13,20,12,13,18,25,29,19,23,9,5,7,29,36,35,31,35,38,31,18,27,32,28,33,30,30,21,25,29,28,32,29,31,23,27,19,24,28,27,31,31,18,23,32,25,21,34,38,34,23,23,22,20,26,22,37,36,34,26,23,21,24,27,19,23,16,21,23,28,30,29,26,21,31,17,20,0,-2,-2,1,-1,-2,2,-1,-10,-19,-8,-15,-15,14,-7,-12,1,-8,-13,0,-6,0,3,-5,1,-5,-4,-3,-3,-2,1,-1,2,0,-3,0,-2,2,3,1,4,2,1,2,3,3,0,1,3,5,1,2,0,1,0,3,1,2,-2,2,0,1,2,0,3,-21,-4,2,25,2,1,5,-9,-12,-21,-68,-7,6,17,-32,-3,-27,-12,3,3,-24,-29,-5,-9,7,-20,-8,-16,-10,-7,-3,-4,-10,-8,-7,-10,-10,-10,-11,0,-6,-3,-9,-7,-9,-7,-9,1,-2,-3,-8,-4,-7,-9,-5,-5,-2,-1,0,-7,-6,-9,-4,-2,-2,-8,-1,4,2,6,2,-6,-29,-6,-16,-9,-2,11,-9,-4,-3,-18,-20,-16,-6,-8,-28,6,-15,-26,-20,-2,-13,-9,-12,-16,-21,-17,-7,-8,-1,-15,-6,-12,-12,-7,-8,-6,-8,-4,-7,-10,-5,-9,-6,-6,-5,-9,-3,-6,-6,-7,-4,-9,-5,-8,-4,-13,-20,-14,-25,-21,-16,-10,-15,-5,-16,-14,2,11,-9,31,9,-9,-18,-14,-17,-17,-22,0,-13,-15,-16,-15,-13,-16,-8,0,-7,-11,-16,-13,-16,-9,-17,-6,-6,-9,-9,-6,-9,-13,-16,-9,-6,-14,-12,-12,-15,-9,-13,-7,-6,-18,-16,-14,-14,-11,-17,-11,-7,0,-4,-28,-24,-8,-21,-12,-20,3,-11,0,-25,-10,-66,18,-8,-7,-17,-24,-31,-44,-31,-14,-38,-4,-29,-26,-17,-9,-19,-12,-20,-13,-25,-17,-23,-15,-28,-22,-30,-21,-20,-18,-19,-17,-31,-20,-25,-22,-18,-16,-21,-17,-21,-24,-13,-27,-30,-30,-25,-25,-25,-20,-11
2,-1,1,-2,-2,-2,1,2,-3,0,2,-3,2,-4,6,-3,5,-2,1,-2,-1,-5,-1,-4,-2,-7,1,-7,-1,-6,1,0,-3,-8,-13,-1,-2,8,3,3,0,10,-6,19,-9,13,-4,11,-10,-35,-16,-7,30,4,21,7,0,0,0,1,1,-2,-2,-2,-7,11,-3,1,4,-5,10,-1,3,1,-1,0,2,-13,10,5,3,-7,-4,17,-12,2,8,4,12,-14,-3,0,5,2,-1,10,-2,-1,-9,36,-3,-1,4,19,11,-6,1,-16,32,-11,20,-8,-9,-6,-12,10,-8,-6,4,21,-3,-10,-16,4,10,9,12,1,23,17,27,7,26,5,14,12,11,23,-3,21,7,0,6,26,25,-4,28,2,8,0,20,-2,3,17,4,22,7,11,-10,27,35,-4,13,4,31,-2,27,7,2,15,-2,33,-8,29,-3,35,1,-11,19,-9,25,-6,39,6,16,20,-7,19,-3,31,12,24,2,11,4,6,12,10,4,2,6,5,7,0,13,12,8,5,2,5,-4,-1,19,1,5,5,3,-2,6,-2,10,3,-1,-1,-1,11,5,-12,10,6,6,-11,-1,3,13,-2,9,14,14,0,8,14,3,4,14,17,2,7,3,12,17,-6,26,6,17,3,13,22,23,18,23,14,19,17,26,24,8,17,16,17,14,18,12,10,15,-4,16,5,16,7,2,12,16,14,13,11,-1,25,27,21,21,-18,22,-2,11,1,8,18,2,7,-7,10,-1,42,19,9,9,-14,18,-2,9,12,-5,20,-1,-15,2,22,12,15,-1,-1,1,2,-1,-1,1,1,-30,8,-8,-49,8,-44,9,-48,-13,2,-5,-3,0,-13,9,-22,-4,-2,1,-5,-6,-5,1,-10,-1,-2,-2,-7,-6,-2,-1,-1,-1,-4,-3,-9,1,-7,4,2,0,3,2,1,-2,3,-2,2,0,1,0,-2,-1,0,0,-1,1,0,4,6,13,-17,20,-3,-8,15,-3,-3,-5,1,-1,-10,-4,-14,-1,-11,-15,-5,-5,-6,-6,5,-9,-5,-22,4,-4,-1,-5,-2,-9,-5,2,-9,-2,-6,-8,-8,-11,-7,-1,5,0,3,2,2,10,-9,8,-5,3,-10,1,-6,0,1,1,2,-3,3,-14,-3,-10,-10,6,-2,-13,-12,-24,4,-20,1,0,-8,-6,-16,-14,-13,-11,-16,-17,1,-13,-11,-13,-4,-12,-23,-22,-4,-5,-11,-19,-15,-16,-12,-11,-12,-13,-6,-16,-15,-24,-18,1,-10,-9,-8,-9,-15,2,-9,-4,-11,-10,-13,-12,-16,-5,-10,-9,-6,-11,-16,5,-10,-2,-41,11,-12,-18,-9,-14,6,-14,14,10,-14,-15,-12,-5,-18,11,-7,-23,6,-14,-18,-24,15,-32,-19,-17,1,-18,-19,-22,-32,-15,-20,-15,-21,-16,-18,-24,-14,-25,-23,-12,4,-11,-3,-1,-5,18,-29,10,-27,12,-15,-13,-8,-13,-2,-16,7,-10,-2,-34,-61,-41,-77,4,-41,-71,-51,-48,11,-88,16,-17,-31,-68,-82,-18,-62,-6,-43,-59,19,-51,-26,-68,6,-56,-71,-67,3,-51,-48,-56,-60,-64,-64,-41,-47,-41,-29,-47,-29,-52,-67,-21,9,-20,-10,-47,-37,6,-62,5,-37,8,-26,-39,-40,-32,-18,-33,14,-13,-14
0,-1,-1,0,1,-1,-2,2,0,-3,-11,1,6,4,3,0,-7,-13,-9,0,1,-1,0,0,2,7,0,-2,5,-1,2,1,10,-7,0,5,-4,4,4,1,2,7,-8,-8,10,-6,0,-6,15,26,4,17,-11,13,5,4,0,-2,-2,2,-2,-1,1,1,20,-1,24,-6,20,-5,4,22,20,-5,4,-1,4,16,1,-1,7,18,3,20,-2,-1,14,1,-2,18,-21,15,-5,12,5,13,3,-6,26,3,15,6,3,6,16,9,-17,19,7,5,1,12,-3,3,22,10,-8,-3,1,1,-8,1,-8,-7,7,-7,7,2,25,18,17,20,17,8,8,17,14,15,12,20,4,14,10,15,7,16,30,15,9,0,26,6,18,27,-1,16,8,30,2,19,23,12,11,16,28,-6,21,18,8,7,8,4,10,29,9,31,3,27,8,18,3,24,28,9,8,8,0,20,13,9,8,5,2,7,25,15,16,13,8,17,16,14,18,16,21,24,2,10,23,17,21,10,23,9,17,12,9,14,9,1,18,15,3,16,12,11,21,14,21,11,5,22,7,24,26,14,27,24,23,21,20,5,21,5,30,18,6,33,22,13,29,18,21,19,12,18,25,29,34,24,11,9,-21,28,33,18,19,21,13,18,5,-4,37,26,32,33,16,15,26,28,40,37,14,-15,30,20,-13,28,33,24,26,25,32,12,-1,17,27,11,25,26,16,38,-3,9,37,37,17,-4,10,12,31,29,4,17,29,29,12,18,18,24,-2,-1,1,-1,-1,2,1,1,6,-33,12,-51,5,-35,-35,8,0,-16,-3,-3,-17,5,-8,-1,-6,-13,-18,-6,-7,1,0,-5,-1,2,-9,4,-10,5,-10,-1,3,-3,-7,-18,1,0,2,3,5,-2,0,-9,-1,-1,-16,0,2,-2,2,-2,-2,-1,1,1,-2,-7,-13,-8,12,-9,2,-5,-13,-11,27,-3,5,-48,5,-6,-6,-2,2,-18,-4,26,-16,0,-2,-13,-14,-1,-14,1,-10,1,-4,7,-18,-10,-5,-4,-9,-19,-4,-7,-9,-16,-2,-7,3,0,-9,-11,-6,-3,-7,-2,-10,-6,0,-6,-1,-2,2,-6,-4,-2,-12,-28,14,2,-15,-20,-4,2,-5,8,15,-24,5,-13,0,-7,-19,-6,2,8,-18,2,-16,4,-8,-23,-14,-5,-2,-3,-1,-25,-11,4,-9,-8,-6,2,-29,0,4,-4,-7,-31,2,-8,3,-9,-6,-5,-17,-2,-23,2,-22,-2,-4,-13,4,-10,3,-25,-6,-12,-16,-22,-21,-5,2,-21,-26,15,-7,-32,0,-8,-2,-11,2,-11,-24,-17,-9,-16,-26,-5,-5,-14,-27,-33,-27,-26,-16,0,-16,-12,-12,0,-11,-21,-1,-8,-20,-19,-10,-13,-20,-16,-9,-4,0,8,-16,-10,-22,-16,-22,8,-9,-23,1,-11,-6,-18,9,1,-9,-5,-28,-39,-63,-55,-16,-57,-49,-6,-20,-26,18,-61,-7,-54,-20,-25,-54,-28,-26,-25,-45,2,-40,-16,-7,-43,-37,-24,-12,-28,-23,-24,3,11,-10,-32,-5,9,-33,-23,-9,-14,-16,-25,-12,-20,-12,8,-29,-11,-13,-17,-30,6,-11,-27,8,-11,-11,-16,10,-15,-25,-9
0,1,-1,0,1,-1,2,0,6,8,9,10,12,9,9,6,8,7,8,9,9,9,7,11,4,4,8,10,7,9,4,5,-5,2,3,1,4,-7,-1,1,-8,-7,-16,-10,-18,-9,-13,-11,-32,-24,-29,-31,-30,-34,-40,-33,0,2,0,-2,-1,2,-1,2,27,18,19,19,21,16,16,21,16,20,16,19,16,16,20,18,14,15,12,16,12,10,13,13,14,16,11,5,8,9,9,10,15,7,14,9,7,13,10,7,12,20,9,11,9,9,13,-4,9,1,19,-1,12,7,11,4,-19,-13,-25,-16,-14,-19,-15,-24,13,14,14,17,14,12,17,16,14,12,14,12,13,16,14,15,10,8,12,11,11,8,12,15,12,10,8,10,8,9,13,15,15,9,9,4,10,10,11,9,13,12,9,8,6,8,5,11,11,8,11,6,14,10,4,8,3,7,10,5,11,8,5,5,18,19,15,17,14,16,16,18,15,14,10,15,9,10,11,15,12,9,15,13,12,10,9,15,16,18,18,16,17,11,17,14,14,18,17,16,19,15,13,21,18,9,15,18,11,11,9,23,11,8,9,11,2,6,6,14,10,14,10,11,7,16,10,19,32,46,44,45,41,40,35,41,41,45,45,40,46,45,40,41,35,44,39,46,41,41,38,39,38,40,39,31,35,43,47,33,34,35,30,44,36,48,40,42,33,43,36,37,41,47,56,56,45,12,44,53,34,30,29,36,29,35,44,47,59,33,30,30,2,2,0,1,1,1,0,-1,-89,9,-57,-2,2,-65,9,19,0,4,-1,-2,-2,-8,-2,0,1,-1,-3,-3,-3,-10,-1,-1,-1,-3,-4,-2,-3,-6,-4,-2,0,-4,-4,-3,-6,-5,-4,-2,0,-2,-2,-3,-5,-3,-3,-3,-2,-1,-2,-1,-1,0,2,0,-21,-36,-39,-28,-24,-32,-16,-14,-7,-13,-32,-24,-23,-13,-14,0,-12,-7,-25,-6,18,-9,-16,-12,-13,-8,-9,-4,-13,-4,-17,-12,-15,-9,-6,-9,-1,-17,-7,-21,-16,-21,-17,-15,-19,-18,-21,-17,-20,-18,-18,-20,-20,-17,-23,-25,-24,-18,-19,-18,-16,-16,-19,-20,-13,-2,-5,-9,-16,-5,-6,-10,-3,-4,-9,-7,-4,-13,-2,-7,-10,-5,-17,3,6,5,-12,4,-5,-7,-4,-2,1,-6,-17,-14,-18,-9,-5,-5,-2,-19,-12,-17,-21,-17,-15,-18,-24,-17,-21,-24,-24,-20,-21,-23,-20,-22,-20,-25,-20,-21,-21,-18,-15,-19,-23,-19,-46,-50,-63,-56,-63,-79,-81,-75,-37,-53,-48,-62,-60,-47,-59,-49,-31,-31,-38,-31,-33,-28,-40,-34,-31,-22,-29,-20,-20,-20,-26,-21,-17,-22,-16,-19,-9,-26,-23,-25,-20,-24,-24,-16,-28,-21,-28,-23,-21,-26,-27,-23,-24,-31,-25,-25,-19,-21,-20,-21,-23,-21,-22,-21,-67,-66,-61,-42,-49,-71,-67,-75,-85,-38,-76,-59,-89,-79,-91,-50,-53,-34,-61,-63,-50,-43,-69,-82,-58,-57,-52,-74,-65,-56,-59,-61,-53,-57,-53,-62,-58,-71,-55,-52,-56,-51,-51,-48,-50,-52,-56,-54,-44,-52,-46,-46,-48,-51,-49,-46,-43,-38,-38,-42,-37,-43,-44,-38
2,0,-2,1,-2,2,2,2,3,-1,-1,-2,-3,-2,-2,2,-2,0,-2,-2,-4,-3,-5,4,-2,-4,-2,-3,-3,-4,-4,6,-3,-2,-6,-2,-4,-4,-4,8,-8,-1,-6,-6,-6,-4,-3,6,0,-6,-5,-3,3,-5,-2,0,1,1,1,2,2,-2,-2,-1,-54,-48,-58,-44,-64,-67,-55,-62,-54,-54,-47,-54,-60,-56,-50,-62,-70,-53,-53,-51,-54,-60,-61,-55,-57,-51,-57,-49,-51,-62,-59,-65,-48,-46,-51,-44,-55,-47,-51,-67,-50,-55,-50,-58,-49,-49,-43,-57,-57,-64,-62,-57,-51,-37,-60,-44,-49,-48,-41,-65,-52,-44,-58,-44,-39,27,-52,30,-48,31,-51,31,26,-46,28,-45,30,-42,32,-52,-37,26,-40,25,-69,30,-21,27,27,-48,31,-42,31,-45,31,-26,-48,30,-50,31,-36,30,-48,30,31,-42,29,-24,28,-36,30,-56,-46,31,-23,32,-28,30,-40,29,31,-39,28,-39,29,-43,31,-35,-39,-30,-39,-32,-39,-36,-38,-35,-27,-27,-34,-41,-29,-30,-40,-28,-27,-36,-31,-32,-27,-36,-29,-29,-26,-21,-30,-26,-31,-21,-32,-25,-34,-29,-16,-31,-27,-35,-37,-27,-32,-28,-28,-19,-32,-25,-33,-30,-30,-38,-35,-34,-43,-35,-38,-28,-37,-28,-31,-24,-30,-33,-37,-20,-31,-12,-45,-26,-20,-20,-51,-19,-39,-11,-33,-41,-37,-9,-22,-27,-44,-14,-33,-30,-25,-15,-18,-3,-21,-42,-30,-23,-30,16,-24,-42,-53,-23,-47,-20,-53,-40,-42,-25,-35,-9,-24,-47,-7,-13,-49,-38,-23,-37,-36,-24,-29,-36,-52,-25,-19,-40,-25,-52,-21,-26,-24,-21,0,1,2,0,-3,1,-2,-2,-29,-12,-41,-4,-38,-5,-29,-1,-6,-8,-9,-4,-9,-8,-12,-1,-7,-7,-10,-7,-12,-11,-10,5,-6,-5,-5,-7,-8,-9,-10,7,-6,-3,-6,-4,-7,-10,-6,8,-5,-6,-5,-7,-9,-7,-5,10,-1,2,2,-2,1,-2,1,1,-40,-34,-31,-41,-63,-36,-48,-34,-54,-38,-59,-43,-50,-48,-46,-62,-32,-61,-46,-38,-44,-36,-50,-56,-39,-56,-56,-47,-39,-57,-47,-64,-39,-50,-61,-54,-48,-48,-53,-57,-64,-56,-67,-37,-60,-57,-63,-52,-33,-51,-44,-56,-42,-43,-64,-53,-40,-54,-32,-63,-59,-55,-47,-51,22,-38,25,-60,25,-40,25,-40,-40,24,-33,28,-31,26,-39,22,24,-49,25,-34,25,-35,27,-33,-40,23,-41,27,-30,25,-48,25,21,-43,21,-36,25,-38,24,-34,-37,23,-41,23,-37,25,-37,25,23,-34,21,-49,21,-44,26,-48,-39,22,-45,22,-39,21,-45,25,-42,-41,-47,-50,-42,-39,-43,-50,-32,-44,-35,-41,-41,-41,-37,-38,-37,-34,-45,-39,-45,-30,-35,-36,-41,-41,-38,-47,-39,-40,-33,-37,-38,-38,-37,-41,-36,-35,-35,-39,-36,-42,-37,-50,-31,-39,-38,-42,-55,-49,-40,-31,-43,-36,-42,-51,-33,-43,-44,-42,-41,-46,-42,-57,-36,-29,-48,-23,-48,-51,-30,-17,-28,-38,-53,-59,-38,-53,-74,-33,-74,-39,-53,-33,-38,-48,-65,-66,-51,-43,-35,-59,-35,-64,-29,-74,-55,-50,-39,-33,-32,-36,-37,-38,-70,-37,-66,-43,-34,-69,-39,-50,-46,-32,-31,-49,-57,-53,-56,-29,-28,-31,-26,-31,-31,-46,-45,-42
-3,2,-2,-1,0,1,2,0,1,-7,-4,-8,-4,0,2,0,-2,-1,0,-5,1,-2,0,0,2,3,2,1,-1,1,2,1,3,0,0,0,0,2,-1,-2,2,-5,6,-1,3,-5,-1,-4,46,3,26,4,-3,-5,88,81,-2,0,-2,0,2,1,3,-2,-8,48,-16,31,-8,19,5,7,11,18,8,18,8,5,5,-7,23,6,24,6,-1,15,-8,-4,20,-12,9,-12,10,-6,0,-5,-6,24,-12,10,-9,-2,-7,-10,-6,5,-4,-5,-6,-3,2,-4,-7,-3,-4,-9,-6,1,2,-2,-5,2,-6,2,-7,3,7,0,-8,31,9,31,-10,13,-2,1,25,-17,27,-9,11,-6,4,-1,-6,22,2,18,-6,8,-7,-1,22,-11,6,-11,18,-5,15,-1,-1,7,-7,6,-5,21,-2,10,5,-4,5,-13,9,-7,26,-2,-9,10,-4,1,-14,14,2,26,3,-9,-1,-5,7,-4,-3,-8,-37,-8,-8,3,-1,4,1,-2,5,7,11,4,2,-6,9,4,-4,10,0,2,-11,-1,4,-1,-16,7,-13,10,5,5,8,3,-3,17,-26,10,4,1,-6,5,-1,9,-3,11,5,3,-3,-1,-4,-3,-1,4,8,0,-2,-3,-7,2,2,8,8,6,-31,5,-20,-2,-12,3,26,-17,-7,-8,13,14,31,7,-5,15,19,30,0,22,7,-43,6,-19,-2,28,-6,27,11,7,-10,12,11,8,-1,22,7,0,13,28,19,-6,-18,15,-21,-4,26,17,0,-4,-11,0,0,-19,-11,24,14,19,-5,22,17,17,13,5,-23,20,2,1,0,1,2,1,2,2,-25,28,-34,29,-43,-10,-18,-20,0,10,2,3,1,-1,4,1,0,-1,0,-1,-1,1,0,1,0,-1,0,-2,0,-2,-3,0,-1,-2,-2,-3,-2,-2,-3,-2,-2,-2,-1,-3,-3,-3,-4,-1,-2,0,1,-1,-2,0,1,-2,-3,10,-1,0,4,5,-3,3,-9,-6,7,-5,1,0,-6,3,-12,-8,0,-1,-5,-6,-7,-12,-1,-5,-3,-7,-10,-6,-8,-7,-6,-9,-3,-5,-4,-2,-4,-8,-8,-8,-1,-7,-6,-11,-12,-14,-15,-12,-7,-6,-11,-20,-6,-6,-22,-10,-14,-11,-14,-19,-58,-32,6,11,15,0,7,-8,5,-1,-4,12,2,3,-4,13,-15,0,2,-5,7,-8,6,-22,7,-15,-12,-4,-1,9,-12,7,-3,0,-5,-8,9,0,1,-13,5,-14,-8,-1,-10,-3,-7,-8,-6,0,-1,-12,-7,-10,-2,-17,-14,-24,-21,-2,-12,-6,-6,-6,-47,-20,-3,12,3,11,9,4,3,4,-7,-8,-7,-4,-1,-2,2,-18,-4,-11,-5,-10,-6,-8,-6,-7,-8,-6,-13,-1,-4,-4,-3,-2,-10,-4,-12,-12,-3,3,-13,-8,-8,-8,-4,-7,-3,-6,-20,-14,-7,-8,-14,-14,-11,-7,-12,-5,-110,-91,-81,-79,-51,-45,-84,-38,-5,15,-10,10,-14,-6,-4,-3,-35,-16,-30,-21,-9,-12,-34,-50,-11,-29,-63,-11,-47,-34,-32,-32,-27,-26,-34,-25,-63,-55,-43,-17,-41,-41,-22,-28,-20,-18,-33,-14,-31,-15,-12,-22,-20,-24,-31,-2,-19,-18,-13,-25,-16,-5,-50,-32,-92,-82,-106,-120,-64,-29,-39,-27
-2,1,2,1,-1,-1,2,-1,-2,6,1,-56,-2,1,2,0,-1,-1,7,36,-2,2,2,0,-1,-3,5,65,-1,-7,3,2,-1,2,8,-16,8,3,1,1,2,6,3,5,0,2,1,7,11,-4,0,0,-5,-18,-3,3,-2,-2,-1,-1,0,1,1,0,6,10,8,5,8,9,5,10,5,10,8,6,6,2,9,3,8,5,14,11,1,4,10,4,7,19,9,18,3,11,8,4,24,3,22,13,21,14,5,9,-2,11,14,2,2,11,4,9,0,0,3,-4,3,15,12,-3,5,6,8,8,8,3,9,-1,-22,6,16,5,11,8,-21,11,13,-7,6,8,5,-4,6,4,7,3,-10,29,-17,3,8,6,10,6,7,3,8,10,11,7,3,10,5,0,15,10,4,5,2,-12,9,6,7,11,7,4,-12,8,11,14,3,0,4,5,9,4,11,-3,7,5,4,-15,11,7,6,6,8,5,6,6,9,14,6,-12,9,9,3,7,10,10,8,-5,2,11,11,8,0,5,-15,-1,-2,2,6,5,4,8,18,-1,5,12,5,7,12,8,-2,20,11,16,10,1,8,18,6,2,5,11,8,6,7,11,11,8,7,10,7,6,-4,4,20,15,19,13,4,16,11,5,10,0,15,9,12,15,10,13,4,15,1,8,17,18,6,4,-2,-5,-2,11,15,13,17,10,5,-3,16,13,21,20,5,8,17,11,19,-1,14,11,2,12,17,13,10,21,7,21,15,13,10,16,11,17,19,12,2,0,1,2,0,-1,0,1,-8,-16,3,-11,-9,-7,-6,-13,-4,1,-9,28,-16,-1,1,-5,0,-5,-5,35,-12,-5,2,-2,-2,-5,-3,4,6,-4,-2,-1,0,-2,0,1,2,-3,-5,0,0,-1,3,-2,2,-3,-2,-1,1,2,-1,1,-1,-1,1,3,-12,-3,-12,-12,-10,-2,0,-3,-13,-4,-8,5,-8,-14,-10,-6,-5,-15,-24,17,-21,-12,-4,-15,-5,-10,-4,-1,-12,-11,-5,-2,-3,-12,6,-10,3,-10,-5,0,-2,-8,-2,-14,-13,-10,-1,-3,-11,-1,-9,-1,-10,-1,-4,-3,-11,-4,-6,-2,-6,-7,-7,-4,7,-1,-9,2,-18,4,-3,1,0,-7,-4,-4,-6,-2,-2,-10,5,-4,-18,5,-19,-5,-7,1,-5,-3,7,1,-2,-6,-1,-5,-7,2,17,-4,17,-11,-21,-4,-9,4,1,-5,-11,7,-12,-7,9,0,-3,-2,-4,0,4,-9,-1,-1,-2,-9,-6,-6,-1,4,-12,2,-8,-11,-10,-9,-8,-15,-20,-17,-10,12,-8,-18,-4,-8,-2,-22,-6,7,-27,-14,5,-12,-3,4,12,13,4,2,-8,-3,-1,-9,11,6,22,-1,-27,0,-11,-8,-15,2,-24,-10,-11,-6,-10,-12,-11,12,-7,-15,-8,-5,-6,-7,-8,2,-10,-12,-11,-10,-15,26,-48,-23,-26,1,-36,-26,-24,-19,-12,2,-11,-26,-26,-28,10,-23,-6,-6,-46,-11,-17,-2,-21,8,9,-11,8,-3,-20,-16,-7,-17,15,-7,22,-6,-51,-9,-21,-12,-20,-5,-37,1,-22,-15,-10,-25,-17,-15,-15,-19,-11,-17,-11,-15,-21,-20,-26,-19,-26,-11
-2,-1,-2,2,1,-2,0,1,2,9,-3,-2,8,0,3,2,-2,-1,-7,1,5,15,4,4,7,15,0,7,-2,-8,9,1,-8,-1,-18,-3,-2,-17,3,1,-1,-16,-16,-4,-9,4,1,-4,-4,8,-26,-8,-9,-13,-19,-12,0,0,-1,2,2,-1,0,2,-7,6,-18,14,8,-10,-2,14,-5,-14,-14,-12,5,14,0,3,8,20,-5,28,5,-11,24,2,15,5,7,34,3,-3,-6,-4,0,-6,-28,17,-9,-5,10,10,6,-9,8,10,1,7,-1,8,28,22,8,-16,6,-20,6,-22,-7,19,0,-5,-41,-24,14,-9,7,8,10,14,18,0,14,-4,-12,4,19,15,15,4,0,11,24,-12,15,28,13,22,7,7,7,29,-19,3,17,-15,21,-2,-5,-3,-18,-11,-19,21,8,-5,16,12,-1,11,-10,-8,25,-4,5,19,-20,21,10,-21,-22,18,-1,-10,12,-6,14,26,-11,-2,3,8,14,-2,-6,2,2,0,13,9,27,20,7,8,-1,2,-3,15,10,-9,3,6,-5,-4,11,7,23,-12,-7,10,6,23,18,25,32,23,14,13,25,12,8,7,5,-15,-7,4,-20,5,-7,1,17,-13,-12,8,-2,-3,-15,-14,7,-17,-13,-5,-24,5,14,24,21,12,13,0,7,7,20,10,29,27,16,2,-4,1,25,9,30,28,19,22,5,14,19,31,16,-2,13,-3,22,-15,26,-5,8,20,-2,31,33,15,26,7,34,16,1,2,35,6,-7,15,4,15,7,13,-6,24,15,-9,15,21,4,-8,-1,6,-1,2,-2,0,2,-1,-2,2,-40,10,5,-4,3,0,0,-19,-4,4,-5,-6,-5,7,-3,4,0,-2,-3,-8,-5,-1,2,-3,3,7,0,-3,-4,-5,3,3,-1,-3,0,-5,0,0,-5,0,2,-3,2,-2,1,-2,2,2,2,0,-2,1,-2,-2,0,-2,-9,7,-5,-1,-8,-24,-6,-7,-5,11,14,6,-13,8,1,-21,-8,-14,-4,-1,-21,0,0,-4,-19,-30,-22,-20,0,7,-2,-20,11,14,23,-17,-16,1,-14,11,-6,-16,4,-11,-10,-7,-10,-6,-2,-3,-7,-2,-4,-8,-5,-1,-1,-6,0,-11,-7,-4,-6,-8,-9,-15,-10,-3,-2,-20,-11,9,-14,13,19,0,-11,-2,-2,-25,-24,-19,2,-11,-20,-3,-9,-9,-19,-21,-17,-9,8,7,4,-16,11,22,24,-17,-17,7,-21,4,-5,-25,8,-12,-8,-8,-14,-1,-11,-10,-15,-9,-1,-5,-4,-1,-14,-6,0,-6,-8,-6,-5,-9,-21,-18,-3,5,-1,-20,-30,-10,-13,27,32,-14,-6,-2,-20,-27,-14,-22,21,-10,-39,0,-23,-20,-23,1,-26,-28,15,26,12,-17,25,41,31,-52,-27,21,-25,26,-5,-31,15,-15,-17,-25,-13,-5,-7,-2,-25,-19,11,-19,-12,9,-1,-8,8,-8,-12,-12,-8,-10,-18,-31,-60,-17,-29,-50,-63,-24,-40,36,54,-21,-13,-5,-48,-63,0,-62,46,-47,-55,-43,-70,-63,-43,11,-63,-54,7,36,32,-64,35,49,47,-68,-43,40,-53,47,-26,-54,6,-37,-34,-33,-35,-21,-17,-40,-51,-37,2,-47,-36,29,-5,-27,-2,-22,-37,-14,-35,-51
-2,-2,1,0,0,0,1,0,1,3,3,1,-7,3,-3,0,0,1,-1,-1,-8,-3,-4,1,0,2,1,-2,-1,2,5,0,-2,3,0,-2,-1,0,2,-1,0,-6,4,-2,4,-1,4,-1,6,-6,-5,-10,-5,-7,1,3,-2,-1,-1,0,2,2,0,2,8,-1,6,4,6,20,-3,18,3,1,8,0,12,-7,21,-4,-1,3,-1,-4,32,-10,44,-19,-5,-2,3,0,0,8,6,6,-3,-2,1,9,-3,24,-5,18,8,-7,2,-1,1,-4,2,8,-3,1,-3,-6,-10,7,2,-4,3,-1,-4,6,15,-1,-1,3,4,-2,0,1,9,3,-4,6,-2,5,2,1,4,11,5,-7,0,-3,-2,1,42,1,9,-7,-6,-2,1,3,1,5,1,6,6,2,4,0,2,9,1,7,3,4,3,-3,-3,0,-5,6,8,8,-4,7,1,8,1,-1,-1,4,-1,1,2,-3,5,3,9,10,11,6,10,5,8,9,7,9,9,5,6,7,4,10,11,9,15,3,29,10,31,7,9,2,-9,4,4,9,15,4,9,6,6,2,8,7,16,10,6,17,15,9,13,8,13,0,9,19,11,4,8,3,10,3,9,10,6,7,9,4,12,-1,18,8,15,11,12,9,11,21,10,16,12,15,12,23,11,13,17,12,15,10,65,17,33,6,10,14,5,-6,14,29,25,2,18,4,10,-9,8,20,30,14,18,14,-18,2,-2,18,21,26,27,25,12,-6,9,10,18,-5,14,15,17,25,9,18,0,12,0,1,-2,-2,-2,-2,1,-1,-4,-8,5,-33,22,11,12,-11,-8,-9,3,-14,33,-22,43,-23,-5,2,1,-59,14,-87,29,-28,-2,4,-2,2,1,-5,5,-1,1,1,-1,4,-1,4,-3,5,0,3,-1,1,0,0,-1,3,2,-1,-1,0,0,-1,2,1,-3,0,0,-34,-8,-30,-14,11,1,-6,-17,-3,-4,-10,-19,-25,-1,-2,-12,-10,53,-4,-2,-30,-10,-3,-29,-11,-12,-17,-49,-27,-5,-3,0,-33,-7,-35,4,-11,-4,-5,-6,-10,-1,-7,-7,-6,-2,0,-4,-2,-10,1,-7,-2,-2,-2,-5,-3,-6,-2,-4,-8,6,0,4,-11,-15,2,-8,-3,-5,-17,1,-25,17,-60,0,-14,-6,-1,-5,-5,57,-20,11,-4,-1,1,-7,-15,-8,-27,-7,-18,3,2,-11,-7,-10,3,-20,-5,0,-22,-6,-11,1,-4,-5,-13,-17,-4,-11,-3,-3,-2,-3,-5,-4,-11,-3,-7,-2,-5,1,-9,-7,-17,2,-21,-63,-9,-17,7,-15,-15,-2,-3,16,-7,16,-35,-10,-13,-27,-10,87,-26,36,-38,-8,-7,-7,-5,-16,-13,-2,-4,-5,-4,-7,-7,-19,-15,2,-8,-2,-4,-5,-8,-7,-12,1,-5,-1,-5,-4,-7,-10,-16,-1,-9,-6,-2,-2,-7,-10,-12,-6,-5,-22,-24,20,-36,-76,-31,-45,4,-4,-45,-15,-90,12,-25,-5,-39,-30,-25,-30,-23,69,-42,13,-65,-13,-37,-13,-12,-13,-29,-14,-6,-20,-21,-16,-22,-24,-15,-4,-2,-11,-21,-22,-21,-14,-9,-19,-12,-18,-21,-16,-19,-12,-20,-13,-27,-21,-12,-14,-15,-17,-28,-7,-17
-1,2,0,2,-1,2,2,2,1,10,11,3,-3,7,8,-3,-1,-2,0,8,-2,0,1,-5,-1,7,1,-2,-1,7,12,0,-2,-7,-3,-13,5,6,5,-7,-26,9,-15,-1,0,12,-7,29,25,26,-9,1,5,-10,37,-13,-1,-1,0,3,0,-2,0,1,-6,4,4,2,-10,13,-3,8,-1,0,9,15,2,23,-2,1,19,3,7,-7,29,-9,35,8,-19,-3,15,6,0,6,10,5,2,22,-12,-8,-2,18,-6,29,-7,29,-25,47,19,14,4,-10,14,-31,23,-8,22,-27,27,9,0,1,-19,-24,24,-18,2,-9,-8,-2,3,0,3,0,2,9,14,1,20,2,3,-9,13,-12,-7,-1,1,7,-3,16,2,-6,-6,4,6,5,-1,-4,5,6,2,3,-7,-11,12,8,2,2,-7,8,8,3,6,7,6,19,-2,18,-36,14,-8,-16,27,-15,-4,10,-9,12,-1,10,-46,7,1,3,-4,4,8,13,4,11,-10,1,5,-3,13,5,10,15,9,6,17,8,1,20,7,15,16,17,17,24,5,15,-2,18,16,28,45,12,31,28,26,31,1,1,7,6,-5,2,-3,10,5,5,2,5,6,13,-2,6,5,13,26,23,-2,-13,22,16,5,3,6,8,10,19,29,3,16,3,9,4,19,12,39,17,21,19,12,13,-7,30,24,5,25,22,31,18,28,11,22,14,18,28,40,18,38,33,28,20,33,4,16,8,10,9,19,16,29,40,-7,10,17,17,3,2,33,16,29,2,14,14,18,20,0,-2,-1,1,1,3,1,-2,-42,7,-1,3,-4,9,-5,14,-3,7,9,-8,4,-9,-3,-3,-1,-6,5,2,4,-2,3,-8,1,-5,6,-8,-2,9,3,2,-4,-4,0,0,-7,7,-9,-3,1,-5,3,0,-9,11,1,-2,2,1,-2,1,-1,1,-1,0,-20,-4,0,9,2,5,-10,-6,-9,-13,2,-17,-25,12,-2,-3,-7,10,-19,-8,-9,-20,-5,-1,-2,-2,10,-15,6,-10,-13,-3,0,0,-14,5,-6,1,5,5,-5,-13,-14,-14,-11,-8,-8,-8,-6,-10,0,-9,-14,-8,5,-4,-1,-5,-2,-5,-5,4,-10,-6,-5,4,-12,1,-5,8,-20,6,-29,-6,-13,-5,-32,13,-9,-3,6,-2,-6,-16,13,-27,-9,-8,-20,3,7,0,-1,-11,-17,-7,4,-6,-10,3,-4,10,4,0,-19,-9,-21,-3,-15,-2,-18,1,0,-19,-8,-11,-10,-12,15,-21,-12,-5,-4,-12,-1,-3,-12,-11,-28,10,-13,27,-40,-3,-17,22,-8,-12,6,-22,-23,-2,-13,10,3,10,-9,-10,11,-9,2,2,-14,-13,17,-24,14,-18,-9,-15,10,-14,-26,10,-8,15,13,14,-13,-20,-11,-3,-17,4,-5,0,-8,-28,8,-17,-26,-14,30,-14,2,-14,7,-19,0,13,-16,0,-51,4,-45,4,-28,-22,-40,34,-36,-42,-25,-40,-32,7,-35,9,18,22,-5,-16,10,-29,-20,33,-47,-41,23,-36,13,-25,-29,-37,15,-7,-45,18,-33,27,3,18,-19,-29,-46,-12,-34,-10,-39,3,-9,-36,3,-29,-33,-31,41,-47,4,-24,8,-30,9,20,-40,-9
1,1,1,1,-2,1,0,-2,-4,0,4,-6,-2,3,3,1,-1,-7,-5,-3,-1,1,3,1,0,-5,-36,-7,-2,3,2,0,-1,-1,-1,-13,-1,-1,1,-1,2,-2,0,-10,-1,-3,3,2,-9,-8,-2,-4,1,3,0,11,-2,0,-2,2,-1,-2,0,0,-8,-1,3,-3,5,0,1,4,13,-6,7,4,-1,-6,3,4,13,-10,74,-10,14,2,5,2,-7,15,-9,-7,-6,3,3,3,-2,-4,-4,-3,2,-2,-2,0,-1,-3,-3,-9,-4,0,1,0,-4,-16,-9,0,-1,-5,-2,3,-5,-7,5,-3,-8,-4,1,-5,-3,-8,4,-5,3,5,9,-2,-8,-5,-5,-1,3,-1,-1,-3,2,-11,28,-5,8,-3,6,0,-11,10,-3,2,-1,9,0,6,0,-8,2,-6,5,3,4,0,6,-5,3,-6,1,5,5,3,5,-5,6,6,5,2,8,1,-2,0,-3,-2,3,-1,5,5,11,9,7,7,9,9,6,10,8,-2,8,10,5,9,9,7,-9,-6,20,-16,4,5,2,9,24,28,22,22,13,17,23,9,14,3,23,0,6,10,9,8,15,2,8,0,7,8,4,5,0,-2,7,-5,6,2,8,5,1,4,11,1,4,6,3,3,0,13,12,13,7,13,20,18,24,9,-2,8,12,11,11,6,0,-11,47,4,14,9,15,10,36,18,45,16,20,24,14,12,13,26,22,21,7,20,-3,7,34,14,19,0,2,-11,7,-16,22,3,15,-59,12,11,13,25,8,2,0,31,15,11,-2,10,-1,0,-1,-2,1,2,0,2,7,-25,16,-24,6,-6,-4,-15,10,-37,15,-27,-1,2,-2,-5,9,-64,33,-61,5,1,0,-2,0,-16,-4,-18,-3,-5,-3,-3,-1,-4,-3,-3,-2,-3,-2,-3,0,-6,1,-3,-2,-4,-4,-4,-2,0,-1,0,-1,-1,0,-2,-5,-11,11,-7,2,-9,-7,-5,2,4,7,-4,-6,-1,-4,-7,-1,-21,-8,4,-6,0,-10,-9,-6,-5,11,-1,-3,2,-1,-6,8,-16,-2,-19,-1,-5,-2,-6,0,-11,-2,-6,-5,-4,-2,0,-1,3,-8,0,-5,0,-7,-5,-11,2,-4,3,-2,-6,-1,-3,4,1,2,2,-3,1,-1,-5,5,-23,1,-29,5,-4,-13,0,1,-14,-11,-5,-15,-9,1,-10,4,-9,-5,-5,3,-1,-1,6,-28,2,-11,-8,-5,-4,-1,-1,-3,-12,-7,-12,-11,-1,2,-2,-5,-8,-5,-7,-5,-4,-6,3,-4,-5,-4,-8,-2,-7,-1,-5,-9,-2,-2,-5,-4,-2,-19,-10,8,-10,-3,-7,-1,-4,-2,-6,-13,-58,-12,-6,-19,-22,-1,-14,-2,-9,-59,-4,-5,-5,-3,-4,-14,-13,-11,-12,-12,-7,-3,-9,-8,-7,-12,-13,-10,-4,-10,-5,-4,-13,-12,-10,-6,-12,-8,-9,-9,-9,-10,-12,-6,-7,-5,-7,-5,8,-6,-9,-11,-8,-12,-25,14,-66,-10,-61,4,-27,-34,-6,-34,-84,-55,2,-38,-37,-7,-75,0,-46,-81,-33,6,-7,-14,-13,-13,-3,-26,-10,-13,-22,-6,-20,-15,-15,-24,-22,-43,-3,-13,-15,-18,-30,-19,-24,-18,-29,-26,-25,-21,-21,-16,-13,-14,-11,-20,-19
2,-1,0,-1,1,-1,2,2,3,3,9,8,3,-11,-14,-12,1,1,1,1,-4,-7,-14,-14,0,-1,-5,-1,-3,-7,-9,-7,0,1,-3,0,1,-3,0,-9,-3,4,0,1,-4,5,8,5,10,9,3,17,14,10,20,11,1,0,-1,2,2,0,-2,-2,-14,-4,-1,-1,-2,-3,-4,-3,-4,-9,-4,0,-3,-4,-9,3,-3,-6,-3,-2,-4,-3,-6,-5,-9,-3,1,1,-5,-4,-7,-7,-2,-5,-4,-3,-3,-1,-7,-8,2,6,-8,-3,-7,0,-14,1,-1,-1,-9,-2,0,-12,-15,-3,-1,4,-4,-2,-1,-5,3,-3,-9,-6,-7,-4,-1,2,6,0,2,-8,7,0,3,-6,-7,0,-8,1,-5,-4,-7,-6,-2,3,1,3,1,1,7,-4,-6,-1,-7,7,-2,9,-2,1,-5,8,-1,2,11,-4,8,-13,0,0,-1,11,1,7,-5,5,-4,2,3,1,4,-7,3,0,4,1,-11,-10,-13,-12,-12,-22,-62,-2,-9,-8,-14,-14,-13,-14,-15,-2,-6,-3,-4,-12,-15,-23,-8,-3,2,-3,-8,-9,-17,-9,-14,-3,-3,6,-3,-16,-4,-10,-3,-5,2,3,-3,-8,-10,1,0,-3,6,8,-2,-4,0,-5,8,2,5,8,-2,-3,4,4,15,17,-3,-3,-7,-18,-15,-22,-7,-1,17,8,9,11,-3,-3,10,1,3,16,19,9,-8,9,16,12,19,9,1,8,6,23,24,15,11,20,21,16,6,23,26,14,18,29,26,5,-1,-16,8,13,0,17,17,4,-1,10,51,19,4,-6,4,-6,8,1,9,21,1,-1,2,-2,2,0,-2,0,-62,-65,-60,-50,-48,-51,-19,11,-4,-4,-13,-15,-15,4,-5,2,0,2,-3,4,1,8,10,9,5,6,2,3,5,5,9,9,6,6,4,3,4,2,2,7,6,5,3,2,3,1,4,7,2,-1,-2,1,-2,1,2,-1,-3,5,7,-6,9,9,18,17,14,2,16,12,18,-5,6,40,0,23,14,3,-1,2,9,13,7,-5,3,1,-4,4,-1,4,2,6,1,-1,6,-2,2,7,4,0,-4,-6,-1,-10,-5,-2,2,1,1,-4,-5,-5,5,-1,0,9,9,-3,0,6,5,5,-4,-1,-2,15,10,15,4,9,9,0,-4,13,14,3,10,39,4,15,4,13,11,8,1,17,8,1,11,-1,-6,1,15,0,6,5,0,-3,-3,-7,3,8,9,2,-2,-6,-1,-7,2,3,6,2,3,2,-3,7,0,3,8,6,6,-4,3,-1,5,-4,-2,0,-14,8,32,-6,0,2,-2,-16,-8,-11,-6,18,7,41,-8,6,-19,-5,-10,-19,-14,-12,-3,-7,-14,-11,-7,-15,-7,-11,-1,-11,-8,-9,-3,-7,-4,-11,-7,-10,-13,-8,0,-13,-13,-18,-14,-10,-7,-7,-5,-12,-14,-10,-14,-16,-19,-19,-25,-22,-20,-20,-58,-53,-57,-45,-30,-57,-47,-63,-66,-54,-53,-47,-57,-29,-37,54,-34,13,-44,8,-68,-40,-55,-61,0,-31,-42,-74,-68,-51,-80,-71,4,-45,-43,-16,-48,-55,-7,-45,-36,-12,-22,-40,-43,-6,-45,-25,-43,-33,-22,-16,-30,-43,-14,-8,-14,-47,-11,-16,-31,-7,-9,-47
-2,-1,2,-1,-1,-1,-1,1,0,-1,10,6,-3,1,-4,1,-2,-5,5,-1,4,-4,2,-1,4,-2,27,2,3,-1,-3,-1,-1,-12,0,0,1,-6,-5,2,-11,-9,-16,8,5,4,22,5,-12,31,-2,6,6,-4,-17,4,2,-2,2,2,2,1,2,1,-13,8,13,9,-5,1,14,-3,8,13,-9,-8,26,10,-6,-9,10,-11,21,0,-2,-2,-5,11,13,3,-4,-6,16,18,-7,4,-17,2,-15,8,22,10,5,14,-18,47,-40,6,-17,-20,24,5,25,5,20,-4,20,-15,-16,-11,-3,2,-3,-5,-3,-6,-1,20,-1,13,4,13,8,21,-6,-5,-21,-6,8,6,6,0,8,13,0,15,-4,3,-2,-4,1,17,18,4,20,4,8,0,15,19,-2,6,-11,-2,10,17,6,17,11,-3,-1,3,40,2,20,6,-12,36,5,10,8,7,-7,9,-3,-1,26,-12,21,-13,5,7,5,-1,-7,7,14,4,9,3,9,9,15,23,-4,6,1,4,13,6,0,13,11,23,22,7,-2,-10,0,15,11,-2,12,2,14,-7,13,26,-1,13,18,-8,7,-9,18,-2,-8,17,1,-12,10,-5,1,4,9,4,20,-3,14,4,1,-1,4,12,25,-2,22,12,7,10,21,29,-2,4,0,16,9,19,4,18,18,15,23,11,-11,3,17,18,16,10,1,-2,13,24,12,3,25,5,9,0,-14,7,10,11,8,4,32,-1,16,13,11,2,5,12,8,33,10,16,-30,5,-17,-2,-1,-18,11,-48,16,4,23,-3,-1,-2,-1,-2,-2,-2,2,0,-29,8,-15,22,-1,-20,12,-39,6,-14,10,-4,-2,-9,9,-1,7,-9,8,-1,1,1,-5,-1,4,-4,7,0,-4,-1,-6,-1,0,-5,-6,-1,-7,2,-2,0,-1,-8,0,-2,-6,4,-1,0,-2,0,-1,0,2,-2,0,1,-12,-27,-5,-4,-29,-10,22,5,19,-14,-27,6,10,0,0,-21,-19,-15,10,-3,-11,-47,16,5,-1,-10,-9,-16,-11,7,-4,-13,-11,7,-9,15,-11,-8,-22,-5,-4,-14,-9,-10,-10,-3,-7,-6,-9,-17,-6,-12,-4,6,3,-6,-10,-7,-5,2,-5,-11,-4,-4,-10,-22,0,-4,-3,-11,19,-15,14,-2,-14,1,23,-16,8,-15,0,-20,14,9,-3,-26,13,25,-6,-15,-8,-19,-20,19,-16,-19,-1,20,-15,14,-2,-9,-10,-14,-4,0,-10,-2,-16,-1,1,-10,-7,-19,-8,-11,-4,2,-3,-3,-3,-3,-3,-10,-6,-5,-13,-2,-21,-30,-15,-8,-22,-29,29,-42,48,-21,-14,2,18,-4,12,-40,-23,-34,36,22,-8,-37,20,45,5,-23,-18,-8,-25,14,-5,-19,-11,23,-13,26,-9,-4,-29,-8,-15,-15,-8,-5,-26,-8,3,-10,-23,-27,-11,2,-5,22,-4,3,4,-23,19,-9,-13,-6,-5,-5,-56,-50,-28,12,-88,-64,24,-46,43,-36,-32,-62,44,-47,5,-72,-62,-61,30,31,-36,-66,36,22,-16,-37,-35,-26,-87,29,-26,-35,-38,29,-24,22,-14,-26,-29,-23,-52,-34,-30,-12,-55,-23,13,-25,-41,-64,-25,-16,-16,20,-15,-16,-11,-48,8,-24,-44,-24,-36,-27
-2,0,-2,-1,2,-2,-2,-2,1,-3,0,-7,-4,-1,14,3,4,6,0,-5,-3,-4,-1,-2,-1,-2,2,-6,-2,3,-1,5,-5,-7,3,6,10,-6,3,3,-1,-5,7,-2,-14,35,2,-4,4,20,0,27,11,-18,-18,-11,-1,-1,1,2,-2,-2,-1,2,12,2,-8,13,-3,8,4,6,9,4,7,1,-11,14,-4,10,-2,17,7,6,4,2,2,13,8,-4,11,-10,19,-2,3,-6,-1,-8,11,-6,-10,-36,1,16,-26,32,-9,-3,17,-10,-31,-20,13,17,16,1,16,14,3,26,4,1,-5,4,15,5,8,1,23,3,16,15,8,17,-1,2,-15,22,12,13,10,4,10,-11,2,11,34,8,6,-1,-2,17,11,-8,-7,4,7,-3,19,12,20,0,-13,-17,-7,8,1,17,11,7,13,-13,-13,12,2,-5,-6,26,3,18,6,-17,-5,5,-2,-1,17,4,19,-38,-14,12,5,14,4,17,0,0,-1,-7,17,-2,10,0,-4,12,-5,1,0,-3,-4,-4,-2,-9,11,2,9,4,11,-18,-53,8,-1,-6,9,1,-3,3,-15,8,-13,14,-11,-17,-5,11,-2,-1,0,-8,4,-6,2,4,-9,13,1,3,17,0,13,-14,7,12,8,-4,-1,18,21,33,18,0,-9,-4,20,14,16,22,4,9,13,-14,15,9,22,8,10,-10,12,8,-9,-8,-5,-9,-21,7,14,5,15,1,-6,-6,4,3,-9,20,-10,-8,-24,-6,-1,8,8,15,9,13,5,21,25,45,-5,27,-4,-7,3,24,11,-1,6,17,0,1,-2,-1,1,-1,-1,2,2,-3,-2,14,-26,21,-6,-47,-9,-4,-5,12,-13,11,-5,5,0,-2,-2,-9,0,-2,-7,-3,1,-5,-1,7,-1,-3,3,0,1,-7,3,13,6,7,-3,0,-1,-1,-4,6,1,-10,0,2,0,-1,0,2,0,0,1,0,13,-5,16,13,18,-2,-2,-27,-5,8,5,4,-5,-17,-3,-42,-5,0,-47,-8,-43,8,-2,18,1,7,-11,10,-16,-6,-7,-2,6,-4,-4,-1,-6,-5,13,-3,-4,-7,-3,-3,-6,-9,-8,-15,-9,-2,-12,-9,1,-23,-3,-9,-14,-7,4,-8,-3,-21,-9,-16,0,-9,18,16,3,13,-39,9,-14,22,-4,-15,-27,-12,23,-31,-1,-12,-21,1,-15,17,-19,4,5,-10,-18,-20,11,-29,-13,-13,-10,-8,-7,7,-19,-8,6,-15,-10,-17,12,-3,-10,3,-11,-9,-23,15,-21,0,2,-11,1,3,14,-21,5,-3,-19,-1,-7,1,27,-18,27,27,15,25,-13,-30,-27,30,-9,24,-9,-6,-3,-17,-6,-24,-11,-16,-10,-5,-31,10,24,-4,-19,-17,-17,-90,-16,-24,-2,-2,-17,-1,-3,-10,32,7,-7,-7,-9,-11,-20,24,7,-10,-12,-18,-22,-9,-10,-21,-10,-1,-3,-14,1,-1,-5,-19,-13,-16,30,-38,51,15,8,22,-96,-62,-21,45,-30,37,-4,-44,-12,-74,-61,-53,-41,-38,-60,19,-52,16,37,-32,-42,-46,-34,-67,-39,-31,-30,-8,-40,-4,-22,-31,42,-39,-31,-37,-21,-31,-44,11,-48,-80,-40,-16,-27,-11,-25,-56,-16,-13,6,-18,8,-12,-20,-18,-48,-30
2,0,2,0,2,0,2,-1,5,7,7,-1,0,3,4,4,6,12,4,2,1,4,-2,0,6,3,5,-1,0,-3,0,3,-1,7,16,10,3,-4,1,2,8,27,10,4,6,-7,7,-3,9,33,32,24,26,33,15,15,0,1,2,0,2,1,-2,2,7,6,10,5,13,3,5,-4,7,12,9,10,7,8,10,9,4,8,7,18,10,7,11,11,6,21,6,14,7,3,13,9,17,13,20,5,16,12,7,10,29,5,15,10,17,10,9,13,12,21,14,20,21,11,6,12,3,25,12,18,12,13,17,10,9,12,15,19,12,17,23,13,9,16,17,12,12,15,23,20,11,11,13,22,17,23,20,15,9,14,14,11,23,17,19,15,7,18,15,20,13,17,13,16,55,3,37,29,19,8,13,14,6,40,24,20,21,25,10,19,-56,2,16,14,15,17,12,6,11,8,8,9,14,9,10,4,5,1,7,14,11,15,6,6,1,5,11,12,12,14,8,15,6,5,16,13,14,18,21,14,-1,-11,3,-6,10,6,10,10,4,28,14,20,19,23,23,22,16,-15,9,11,5,4,12,7,9,32,24,26,11,27,6,19,24,17,19,22,25,22,26,12,12,16,20,21,19,35,27,26,10,8,22,24,28,26,30,28,15,11,17,19,34,30,25,29,-7,9,5,24,26,26,35,29,33,10,54,13,25,14,18,42,5,40,30,16,32,30,15,29,41,20,22,13,-33,18,7,28,-1,-1,-2,3,1,1,0,0,-17,-3,8,-7,1,-1,0,-21,-8,7,0,1,-1,2,-3,-5,-3,5,-5,-7,-2,-5,-2,0,-6,0,-3,-1,-2,-6,0,-1,5,6,24,-3,-5,-2,1,1,-4,-56,0,-11,-1,4,0,1,1,2,1,0,1,0,2,-2,-10,-6,-6,-15,-3,-2,3,-11,-17,-2,-15,-24,-9,10,-12,-14,-8,-5,-6,-13,-11,-10,-7,-7,-9,-7,-16,-8,-9,-5,-6,-9,-28,-17,-13,-4,-10,-11,-8,-6,-3,1,3,-7,-11,-9,-8,-5,-8,-15,-6,-4,-8,-7,-9,-6,-7,0,-3,-8,-2,-4,-5,-11,-26,-8,-13,-7,-9,7,-5,-1,-10,-25,2,-11,6,-17,10,-15,-14,14,-15,-3,-17,1,-20,-8,8,-4,-11,-18,2,-12,-11,-18,-9,-11,-9,1,-10,-10,-16,-6,-5,-12,21,-9,-6,-17,-7,-13,-11,6,-10,2,-14,-3,-23,-11,18,-15,-12,-6,9,-11,-1,-20,-14,-4,3,-13,-4,3,-6,-1,-18,-8,-3,-15,-4,-7,-4,4,-6,1,-4,-13,-17,-9,-5,-7,-3,5,-10,-7,1,-1,-7,-3,-15,-7,-6,-3,-13,-2,-10,-6,27,-5,-4,-3,-12,-9,-8,-2,-36,-4,-1,-12,-11,-5,-5,-1,0,-12,1,5,1,1,-2,-7,-27,-7,4,-50,-27,-18,-26,-12,-15,-11,-1,-57,-7,-23,-4,-23,-3,5,-16,-22,-23,2,-29,-13,-7,-5,-22,-15,-4,-4,-21,-14,-14,-23,-18,-3,-19,-9,-13,-15,-13,-24,-24,-8,-21,-22,-19,-4,-20,-4,-19,-21,-19,-16,-33,-21,-13,-23,-11,-11,-12,-11,-12,-24
2,-2,1,1,1,1,2,-2,1,-1,0,0,-1,0,1,4,0,2,2,-1,2,2,2,4,2,2,1,3,2,2,4,8,3,4,1,1,8,-1,3,10,-2,6,1,2,7,16,26,20,20,23,29,30,34,11,30,21,1,2,1,-2,0,1,-1,0,8,9,8,4,7,7,6,2,10,5,10,8,7,7,10,6,10,10,12,10,4,11,10,9,6,1,12,11,7,19,10,11,4,9,15,5,14,5,16,11,8,10,13,16,13,-3,42,25,0,8,11,11,19,33,9,8,-5,5,9,20,14,22,-7,7,7,23,11,11,7,12,9,8,25,9,12,9,8,8,12,5,13,23,15,11,6,15,16,14,12,10,26,11,20,11,19,4,7,9,11,26,16,20,1,17,6,13,8,6,24,13,24,16,6,6,9,16,5,5,23,-6,12,2,17,9,21,14,13,12,1,4,4,8,8,3,-2,4,1,1,6,10,10,9,4,-1,3,5,10,15,11,17,9,-1,8,12,15,15,8,13,8,-2,4,11,12,19,11,13,8,-3,12,15,20,20,15,13,7,11,19,22,28,32,31,19,10,25,30,33,50,38,38,29,30,10,6,16,20,21,16,18,10,8,24,19,20,19,16,23,17,15,15,23,21,21,21,30,22,21,16,20,33,22,31,22,24,27,23,20,25,38,33,27,25,28,19,31,37,39,34,38,22,27,28,34,46,40,50,40,58,51,40,22,63,42,60,47,65,33,-2,1,2,2,-1,1,2,-2,0,9,2,-1,-1,5,-3,-11,5,0,3,2,0,3,4,-4,1,-3,-1,0,-3,0,-2,-3,-2,-3,-4,-7,-3,-9,-4,2,0,-2,-5,-4,-8,-12,-3,8,2,0,-2,-3,-2,-13,8,18,-2,1,-1,0,2,1,-1,-2,-4,0,1,-6,1,-10,-8,-8,-12,2,-8,-12,3,-17,2,-5,4,0,-4,-15,-11,-5,-6,-3,-7,-6,-2,-5,-7,-1,-2,-11,-9,-8,-8,-9,-14,-2,-13,-2,-8,-12,-11,-13,-13,-13,-11,-5,-8,-8,-12,-5,-12,-7,-11,1,-11,-6,-8,-12,-9,-8,-2,1,-10,-8,0,-1,-5,-4,-5,-7,-13,1,-4,4,-12,0,-1,-3,-2,-6,1,-5,-5,-3,1,-6,-6,-6,-8,-6,-6,3,-3,-8,-7,-4,-7,-9,-7,-8,-4,-6,-9,-2,-10,-8,-8,-12,-13,-6,0,-12,-12,-9,-11,-17,-3,-4,-9,-3,-9,-7,-14,-7,6,0,-7,3,-1,0,-5,0,-1,-2,-2,-8,0,-3,9,-5,-4,2,-1,1,-8,4,-1,-4,-2,6,1,-2,-2,-7,-1,-7,0,-10,-2,-4,-4,-6,-11,-10,-12,-12,-9,-8,-11,-14,3,-25,-15,-26,-8,-6,-13,-15,-11,-12,-14,19,-8,-10,-12,-14,-19,-29,-4,36,-6,-1,7,-2,-20,-28,-3,-9,-17,-8,-16,10,7,-28,-10,13,-11,-3,-7,-29,-7,-20,-3,0,-2,0,-15,-9,2,-7,-9,-5,-4,0,-8,-5,3,-3,3,-5,-11,-4,-10,-10,-2,-13,-5,-12,-3,-4,-10,-13,-13,-1,0,1,-1,-4,-12,-10,-12,-16,-6,34
0,-1,0,-2,-1,0,-2,1,-1,7,10,-2,12,6,4,4,1,10,2,-5,0,4,6,4,-5,-2,1,0,5,7,4,3,-6,-2,-3,15,11,-2,10,-2,-12,-18,-17,16,31,12,-15,-3,-21,21,1,14,11,23,-38,-18,2,1,0,0,-2,-1,1,0,6,7,14,4,11,12,18,9,1,-3,7,15,19,11,12,16,4,-2,11,15,-2,15,11,21,7,1,5,0,25,15,21,0,-17,-3,-3,19,13,18,10,18,-10,25,11,29,13,38,-8,-18,9,-9,26,13,6,3,24,13,9,-6,-5,-10,8,-12,6,-16,13,4,10,13,14,1,3,0,-14,21,5,8,22,17,9,12,11,16,15,14,5,-1,17,16,6,7,-20,1,3,17,21,31,6,9,2,-6,22,27,21,9,24,-3,1,13,30,13,7,9,3,30,-5,21,24,10,6,-7,-2,12,11,19,-14,5,-29,29,15,6,4,11,-6,19,12,20,10,6,8,9,15,13,23,12,8,16,21,17,8,13,13,17,15,1,-5,-3,1,11,14,20,-2,-1,-3,9,12,19,17,17,2,-12,2,12,14,-3,17,13,-3,-23,1,16,18,6,7,20,8,3,6,12,10,37,7,18,15,1,2,13,0,13,16,13,-5,11,2,14,21,18,20,7,-9,6,27,22,7,1,23,34,19,-3,-12,-42,17,13,21,30,-1,19,-14,-1,0,3,18,2,-1,-20,-13,16,6,27,-2,28,-11,5,-20,9,-17,-11,6,-5,11,22,20,33,37,26,-8,-11,-1,1,0,-1,2,-1,1,1,25,-45,11,7,-4,-15,-43,11,-1,-2,-11,-6,-12,-9,4,-4,-4,-4,-6,-3,-5,-3,-10,1,-3,-1,3,10,4,-9,-2,1,2,1,-1,-3,4,-24,-5,-7,-2,0,3,5,3,-2,-3,0,2,2,2,-2,1,-2,0,-1,0,-30,-1,-18,-14,-3,-12,-6,-1,-9,17,13,20,-47,-21,8,0,-7,-27,1,-72,-5,-17,-1,-14,-4,-20,-7,-18,-52,-12,-14,-8,-5,-22,-16,9,-15,4,-7,-4,-13,-10,-19,-2,0,-26,-3,-12,-23,-9,-12,-7,-6,-10,-17,0,-10,0,-9,-10,-23,-8,-6,-14,-8,-7,-16,8,-2,11,-7,4,-35,-10,-8,-24,-3,-63,7,1,-9,-32,-6,-25,9,5,-8,-5,-1,-22,-8,-11,-8,-17,-6,-18,-23,-5,-15,-12,-19,7,-17,-20,-15,-18,-16,0,-10,-18,-18,-17,-22,-15,-14,-14,0,-16,-13,-9,-10,-11,-12,3,-16,3,-23,-1,-11,-17,2,0,4,12,1,-13,-1,1,-4,-12,7,-14,0,29,5,9,-7,-30,26,33,21,11,0,9,-20,-3,-2,10,4,-19,-3,-11,-12,-7,-22,24,15,0,-11,-14,-9,9,-1,-19,-7,-11,-2,-4,7,8,-13,6,-4,1,-3,20,-2,10,-13,-4,-8,-25,-10,-58,10,-4,49,4,4,1,-39,-32,4,-52,5,-104,33,27,-7,-23,-1,-32,46,23,32,-5,-7,3,-26,-17,-10,-19,0,-32,-26,-34,-30,-2,-25,16,1,-19,-24,-30,-21,-5,7,-32,-14,-33,-30,-17,0,-11,-11,-23,-49,-9,-16,8,-16,5,-48,-19,-35
-1,-1,-1,-2,-1,1,1,2,-2,-1,-1,0,-2,0,0,-1,-2,-1,-1,-1,0,-36,0,-1,-1,-1,1,-1,-99,0,0,-1,-1,-1,-2,-101,0,-2,-1,-1,-2,-1,-93,-3,-4,-1,-3,-4,-2,43,5,-8,-7,-7,-8,-10,0,-2,2,2,2,0,2,1,0,-3,-4,-6,-2,-7,-2,-4,-5,-6,-2,-3,-5,-1,-8,-1,-4,-3,-4,-6,-2,-36,-3,-6,-3,-3,-5,-3,-26,-3,-9,-2,-3,-2,-14,-28,-3,-5,-4,-7,2,1,-67,-8,-3,-8,5,0,-17,-40,1,3,-15,-9,-4,-2,7,-8,-12,2,5,-4,-2,-8,-5,-9,-3,-27,-1,6,4,61,-21,-1,-15,-5,-2,-6,59,-6,-6,-7,-1,5,-4,63,0,8,-1,-7,5,0,67,-5,3,-5,-6,3,-5,69,-6,-1,-2,2,-8,2,66,-8,1,-3,-12,-13,6,63,-4,-37,1,-16,-4,-3,41,-1,5,0,-20,2,-4,-7,-4,-2,-2,-4,-3,-1,-1,-2,-3,-5,-4,-5,-11,0,-10,0,-3,-7,-5,-5,-14,-19,-2,-4,-6,-7,-2,-8,-32,-10,2,0,4,-8,-9,-22,-4,-2,0,-7,2,-7,-46,-9,-13,-18,0,-11,21,-29,-6,-16,-7,-9,-1,-2,-2,14,9,22,17,11,10,6,-10,-9,-1,0,0,7,0,42,6,-3,-2,2,-1,0,46,3,-12,-3,-7,0,-7,53,4,1,4,-18,7,-1,56,2,-3,-6,-3,-3,-2,61,7,-1,-9,-5,18,-22,43,8,8,15,1,16,42,36,5,9,22,-34,23,-5,-3,45,21,29,22,12,0,-8,-2,1,2,0,2,-2,2,0,-8,1,-10,-6,-1,1,18,17,0,-2,1,-1,-1,-10,1,3,-1,0,1,1,-35,0,0,2,1,0,1,-77,4,-1,0,1,-1,1,-105,1,0,2,1,0,1,-106,-1,-7,1,1,0,0,-2,2,2,-1,-2,-2,1,1,-8,-13,0,-18,7,-12,-8,-2,-1,-13,-6,-12,-5,-1,6,-2,2,-5,-5,-2,-4,-22,-2,-13,2,-5,-3,-7,-26,-4,2,4,-11,0,-11,-34,1,-1,1,0,2,-23,-29,-7,-4,-1,-1,0,-1,-21,-27,-7,-3,-1,-5,1,50,7,1,-8,0,-5,2,-3,-2,-1,-3,-3,2,-6,5,-6,0,0,-8,-6,-11,0,0,-4,-2,-9,-2,-3,-1,-25,-5,-3,-5,-4,-5,-1,-39,0,-4,-1,-1,-3,-1,-49,-2,-3,2,-5,-5,2,-66,-2,-8,1,-1,0,3,-13,-1,-12,1,-2,0,-2,44,-3,4,0,-10,1,-5,0,-12,-13,-41,-32,-13,-5,-13,16,1,-21,-44,-16,-17,-30,18,-14,-17,-22,-30,-29,-8,17,-34,-8,-13,-32,-25,-19,14,-20,-24,-6,-42,-10,-26,6,-9,-9,-3,-5,-33,-16,23,-22,-13,-4,-5,-3,-34,30,-10,-10,-6,-3,-5,-2,67,-18,-22,-22,-12,-8,-3,-3,-26,-38,-78,-22,-11,-22,-25,9,-14,-21,-38,-20,-49,-43,-1,-32,-26,-20,-35,-32,-17,6,-36,-27,-12,-12,-18,-8,-8,-26,-19,-16,-7,-25,-15,-21,-14,-15,-5,-19,-31,-20,-11,-12,-17,-14,-15,-12,-53,-4,-24,-15,-7,-10,-10,-1,74,-40,-37,-11,-13,-13,-3,-22
0,1,-2,-2,1,-2,0,-1,2,-1,2,0,1,3,1,2,4,-3,2,-3,5,1,3,2,0,3,-6,7,-1,5,-1,2,2,-4,1,-4,3,-4,1,0,1,20,-6,33,-11,27,-4,9,18,-5,31,-23,29,-11,19,1,1,-2,0,0,-1,2,-2,-2,1,-3,6,-2,5,1,-1,1,3,-2,9,-3,3,1,0,0,-7,16,-16,13,-10,7,-4,2,0,-8,3,-17,2,-18,-1,-9,-6,11,-31,10,-22,17,-13,5,15,-44,32,-40,27,-37,13,-15,-15,17,-30,15,-30,15,-11,2,10,-1,10,-5,11,-16,6,-2,14,-14,11,-15,15,-10,17,-13,-18,15,-17,13,-11,21,-11,13,20,-21,23,-23,20,-24,20,-22,-28,16,-27,21,-23,20,-31,19,30,-42,32,-48,27,-34,22,-25,-28,37,-82,41,-44,29,-44,23,19,-37,35,-85,38,-30,29,-31,-19,32,-33,31,-41,41,-21,20,-1,-2,-2,2,-2,2,0,3,-3,-5,-4,-1,-1,-5,2,-1,-7,-9,-13,-4,-7,-5,-9,-1,-2,-20,-5,-18,-1,-14,-2,-7,-17,-6,-18,0,-18,-4,-13,-1,-3,-18,2,-10,0,-27,1,-9,-5,2,-8,20,-5,2,-1,8,-5,-15,-6,-9,-2,-13,-9,-5,8,2,5,0,6,-3,1,5,-12,4,-8,5,-2,10,-3,0,8,-13,6,-12,0,-6,4,2,-5,-10,-10,-6,-14,4,-22,10,-1,-13,-21,-13,4,-8,2,2,-6,13,-33,15,-6,16,-7,6,7,2,4,5,-5,-13,-5,-12,-20,-5,-9,-1,0,-6,-8,-2,0,-2,0,1,-2,1,1,2,8,10,-5,3,4,0,-1,-1,-2,2,-3,3,0,5,0,4,1,0,-2,0,-4,-2,-2,1,-3,-1,-3,-4,-1,-2,-3,0,-1,0,-6,0,-2,1,-3,-1,-2,2,-2,2,2,-3,-1,2,1,-1,1,0,1,0,0,1,-2,0,-3,-4,-1,1,-7,-7,2,1,1,1,5,0,0,2,7,-6,2,-4,2,10,-2,5,7,-10,14,-9,12,-6,-4,-7,-4,9,-11,14,-8,2,-7,-2,-1,-3,-2,-6,2,-5,-1,-6,-3,-1,-9,0,-6,0,-8,-3,-7,-4,-3,-6,-1,-2,-2,-1,-4,-2,-3,2,-5,-6,-4,-2,6,4,8,0,12,-5,8,-1,4,-5,4,7,-2,14,4,8,5,-8,11,-5,8,-8,-2,1,-4,15,-6,10,-6,1,-6,-3,4,-8,3,-6,5,-4,-1,-5,-13,1,-8,3,-6,-2,-8,0,-1,-2,-4,0,-2,-3,-5,2,4,10,-8,-3,-8,1,-8,-3,8,-5,11,-12,12,-7,14,-10,7,7,4,11,2,16,-6,13,23,-13,24,-15,20,-11,3,-6,-9,28,-16,25,-19,12,-5,4,4,-7,11,-15,14,-7,8,-1,-4,11,-17,12,-29,15,-13,8,8,0,9,-5,6,-5,5,-1,-19,-7,-16,-7,-22,-16,-27,-13,12,-31,8,-20,21,-21,2,-24,6,-18,3,-7,-2,17,-15,20,50,-46,29,-38,32,-12,12,-15,-38,64,-42,68,-39,33,-17,17,35,-23,50,-30,39,-19,21,-16,-20,22,-37,41,-60,41,-36,10,34,-21,28,-15,21,-38,25,-2
1,-2,1,-2,2,1,2,0,1,1,1,-1,0,1,-76,2,1,1,1,-1,0,-2,-35,-1,2,2,0,0,0,-1,-22,1,2,3,2,0,2,2,-15,4,-3,-1,0,8,5,7,-8,8,7,0,6,2,-5,-1,6,12,1,-2,1,-1,-1,-1,2,-2,6,2,2,0,9,-9,-5,-16,5,0,0,1,3,-3,-34,-1,2,6,0,-1,9,3,-19,0,1,-1,1,0,1,8,-8,13,-1,2,2,4,3,4,-4,3,2,2,3,7,7,5,2,4,0,1,-4,8,4,3,3,5,-4,2,-6,1,16,1,6,7,4,-4,1,1,0,10,4,0,4,5,-5,2,-1,6,-20,4,2,8,1,-2,0,8,-16,4,-1,-5,-1,5,6,0,-8,5,0,-2,-1,4,2,1,-4,2,1,3,4,7,7,9,-3,7,7,0,1,1,-8,-6,7,-3,4,-4,0,4,2,0,-1,6,1,3,1,4,3,4,58,-23,2,-2,9,6,12,15,51,27,3,2,3,6,-2,1,29,-10,4,3,9,-3,0,1,28,-9,3,3,4,0,-6,3,24,0,3,0,4,-1,-1,-3,27,-1,8,5,6,5,-3,14,28,1,4,9,4,-1,-2,-2,30,-6,14,3,5,8,2,16,52,6,12,12,10,8,11,14,18,7,7,7,12,11,4,8,20,12,8,10,10,5,19,10,17,14,-1,5,18,11,10,12,15,10,10,15,11,14,15,11,9,18,3,6,9,11,15,9,16,12,15,27,20,11,30,23,25,-2,2,-1,1,2,-2,-1,0,-1,-2,-13,-10,-2,-18,-36,65,-48,2,-5,-3,-1,-2,-30,1,-67,-2,-1,-2,-3,-2,-1,-8,-3,-2,1,1,-2,0,-2,-7,-2,-1,0,-1,-2,-1,-3,-9,0,-1,-1,0,0,0,-4,-3,-3,1,0,2,-2,0,0,1,1,-8,-12,-3,-10,-12,1,13,3,1,-3,2,2,-4,11,45,-5,-4,6,-1,-3,-23,-19,16,-25,1,-2,3,-4,-6,-23,1,-29,-3,-2,-3,-7,-9,-4,1,-5,0,-2,-2,-4,-10,-3,-1,-3,1,-8,-4,-1,-6,-2,0,-2,0,0,-1,-2,-9,-3,-2,4,1,-6,0,-1,1,-45,19,-1,-9,-1,4,4,-6,-6,94,-15,4,0,2,-6,-11,-13,8,-30,2,2,-1,-4,-9,-4,6,-4,-2,-3,-4,-13,-4,-4,6,-8,-1,-3,-12,-4,-4,-3,1,-5,1,-5,-5,-2,-1,-8,4,-5,-12,4,-2,-3,-2,-5,7,-1,-9,-12,-17,-12,2,-43,-10,-4,-9,-14,-4,-14,-14,-11,87,-3,-2,1,-4,-7,-7,-15,1,-22,-7,-2,2,-12,-15,-11,-14,-14,0,3,-8,-9,-7,-5,-13,-7,0,-7,-5,-13,-6,-8,-16,-5,-3,-5,-8,-4,-1,-12,-9,-7,-2,-1,-3,-4,-4,-6,-7,-5,-15,-18,-15,2,-4,-83,15,0,-14,-26,-10,8,-57,-12,102,-16,-17,0,-10,-37,-15,-29,22,-71,-11,-14,-9,-14,-19,-12,19,-26,-8,-10,-13,-9,-17,-9,10,-18,-6,-8,-12,-12,-11,-10,10,-13,-11,-15,-6,-4,-4,-16,19,-3,-17,-3,1,-3,-3,-2,7,-12
0,-1,1,1,1,-2,-1,-2,2,1,3,5,-6,-114,1,4,2,3,2,0,-3,-98,-2,7,3,3,4,2,-5,-72,-4,2,0,1,1,1,-4,-54,-5,1,-2,-8,-3,-4,-5,-21,-3,-5,0,-1,-9,-6,1,2,-3,-1,0,1,-2,2,-2,0,2,-1,-7,-5,-1,-3,-4,-12,-13,-2,-3,-4,-1,-6,-3,-35,-2,-3,0,-10,-1,-4,-5,-27,-7,-1,-1,1,-9,-3,-5,-11,-2,0,-6,-2,1,-4,-2,-10,0,-7,-5,-2,-8,-4,-3,-7,-7,-3,-9,-1,1,-7,-10,-6,-6,-1,-1,-1,-6,9,-5,-2,-6,-1,-1,-3,-4,-1,2,-10,3,-3,3,-2,3,-3,2,-40,1,5,-1,2,2,2,0,-22,-1,4,1,1,4,4,-1,-21,7,0,-4,2,4,1,-3,-18,2,4,-4,2,4,0,-6,-7,-1,9,3,-6,-2,-5,-4,3,2,4,-10,0,-5,3,8,2,1,3,11,10,11,8,14,79,13,15,8,10,10,9,18,51,20,18,10,11,10,8,10,41,10,10,7,8,13,13,12,33,11,13,9,9,-6,4,7,23,5,11,8,9,-2,2,7,24,9,7,6,5,5,-2,3,17,3,4,7,11,6,10,13,30,6,6,3,12,5,8,14,61,-3,6,14,8,9,3,13,28,2,-6,-5,6,5,7,16,22,-4,9,-11,-9,4,-2,18,15,12,13,6,6,1,9,4,11,4,6,-10,4,9,0,4,23,12,0,-4,10,3,14,12,3,-12,6,10,6,4,1,8,7,7,-6,-1,2,-1,-1,1,1,1,0,-11,-10,-8,-3,-9,-12,2,-3,-1,-3,2,-3,7,-42,6,5,-1,-1,-3,-1,5,-36,8,-1,-2,-2,-2,2,0,-41,4,0,-1,-2,-1,1,3,-29,3,0,-1,-2,-2,2,-4,-11,0,3,1,-1,2,1,-2,2,2,-1,-9,-8,-11,-9,0,3,-14,-3,-5,-3,-8,-13,-8,-3,-12,-30,-7,-9,-4,-4,-28,-1,-18,2,-4,-4,-5,-6,-9,-1,-10,0,-4,-5,-4,-1,-13,-6,-15,-5,0,-2,-1,-4,-6,-4,-5,-7,-4,-2,-2,-4,0,1,-3,-6,-3,1,-4,-7,-1,1,1,-9,-4,-4,-8,-3,3,-1,-3,5,-7,-2,-1,-16,-14,2,-6,-15,-6,-8,-7,-13,-13,3,-26,-7,-4,0,-21,-14,-10,0,-6,-13,0,-5,-6,-7,-17,0,-26,-5,-2,-3,1,-5,-13,-1,-15,-8,1,4,-4,-1,-10,7,-8,-3,5,1,3,-3,1,1,3,-5,-8,-7,-7,-7,-3,1,-8,-2,-8,-9,-2,-14,-24,-7,-18,-12,-6,-12,-12,-8,-16,-10,-13,-7,-2,-9,-6,-10,-23,-5,-12,-11,-6,-2,-2,-8,-11,-7,-22,-16,-4,-7,-3,-3,-12,-7,-21,-6,-7,-10,-8,-5,-11,-11,-10,-9,-3,-5,-9,-1,-8,-14,-7,-6,-31,-15,-22,0,19,7,-6,3,-6,-44,-28,-58,-23,21,-55,-60,-35,-43,-11,-39,-77,8,-50,-35,-11,-25,-43,-50,-38,11,-17,-15,-9,-31,-23,-28,-37,9,-27,-27,-15,-27,-22,-27,-34,11,-39,-2,-20,-18,-13,-10,-14,6,-5,-7,-4,-11,-7,-4,-3,8,-12,-5
2,0,0,1,1,-2,0,-1,4,3,6,3,5,-3,2,-1,6,3,6,-1,1,1,-4,5,1,-1,4,5,-1,8,-6,4,-8,0,-2,1,-2,36,1,3,0,-4,0,3,3,-49,0,7,-1,10,2,22,-2,-10,-6,-3,-1,1,0,2,-2,-2,1,2,3,6,9,9,7,1,10,-3,9,3,6,0,5,11,1,9,-1,7,4,2,3,8,0,0,9,11,8,-4,3,-1,12,1,5,17,-4,4,4,12,-6,-8,12,24,7,22,11,8,-1,6,35,6,9,1,16,13,-24,5,1,5,9,1,11,17,-6,7,1,9,6,5,12,4,14,2,2,0,12,5,1,9,0,5,3,3,4,9,14,-5,9,5,8,6,-15,3,6,12,5,9,6,14,4,-13,3,25,5,4,7,4,-1,-3,9,2,0,1,8,14,7,23,7,-2,1,5,1,11,-4,1,7,10,-10,12,8,8,8,11,7,5,14,3,11,8,19,10,15,8,6,20,8,7,8,18,12,-4,13,10,14,18,14,20,12,-3,15,11,1,7,14,12,1,-23,-10,4,9,8,16,13,17,-10,2,7,5,0,25,3,6,-5,17,3,13,16,31,25,10,10,23,11,23,28,20,22,31,21,37,28,23,10,28,17,24,16,22,32,12,16,21,30,25,17,20,20,27,12,24,23,21,14,20,37,7,19,5,20,17,22,5,17,-4,8,-12,12,9,13,22,8,6,1,18,26,-48,8,7,26,7,-5,15,47,28,5,27,42,0,-1,-2,1,0,-2,0,-2,-39,-14,-7,2,9,-17,0,-19,0,-10,3,-3,-3,-14,0,-12,-2,1,-6,-3,-6,-17,9,-18,-4,-1,-4,-3,3,-29,7,-22,-5,1,-1,-1,8,-25,9,-15,-4,2,3,3,6,-19,4,-15,1,-1,1,-1,1,1,1,1,-6,-9,-9,2,2,-7,-3,-3,-6,-9,-14,-4,-13,-4,-4,2,-6,-2,-7,-3,-17,-10,0,-3,-4,-8,-11,0,-12,-7,-4,3,-4,-10,-4,-7,4,-11,3,-23,-4,-12,-5,-5,1,-18,12,-12,-10,-9,-3,-1,-9,-11,-2,-4,-5,-7,-7,1,-10,4,-13,2,-8,-23,1,-19,-9,-13,-14,-19,-10,-4,-17,-7,-18,-12,-14,-15,-9,-8,-1,-23,-14,-21,-12,-13,-19,-6,-17,3,-20,-16,-10,-11,-10,-15,-10,-5,-5,-27,1,-15,-17,-12,-14,-5,-8,-14,-1,4,-7,-17,-2,-14,-11,-11,-16,-14,-10,-16,-1,-6,-14,0,-8,-8,-24,-16,-20,-21,-19,-18,-15,-23,-7,-12,-6,-4,-19,-6,-17,-12,-21,-10,-18,-22,-22,-20,-26,-25,-9,-18,-26,-1,-21,-29,-20,-16,-12,-14,-15,-20,-19,-20,-5,-30,-15,-21,-12,-7,-10,-27,11,-15,-14,-14,-16,-5,-21,-38,-16,-16,-10,-8,5,-11,-9,-29,-6,-19,-50,-32,-30,-36,-36,-49,-94,-40,-27,-22,-12,-12,-25,-36,-40,-95,-64,-24,-24,-17,-45,-38,-74,-36,-23,-36,-42,17,-44,-73,-57,-38,-33,-32,-20,-54,-33,-49,-21,-52,-37,-22,-28,-5,-26,-51,18,-8,-14,-17,-17,-7,-24,-53,-35,-35,-5,-9,25,-7,3,-22,-22,-16
2,2,1,-2,0,-1,-2,0,2,0,-1,10,4,3,7,0,-4,-6,-7,-4,-6,-2,-1,4,-1,7,-5,4,3,4,6,1,1,-4,3,-2,-1,7,0,-5,16,22,12,10,-1,7,0,14,-19,2,36,25,7,-18,-24,-18,-1,-1,1,-3,1,-2,-2,2,-4,6,-2,10,12,11,7,11,0,12,2,13,-8,8,9,6,-4,-14,0,-8,-6,3,10,13,-7,10,0,-1,-15,24,10,4,-4,17,11,17,4,0,-1,11,-8,-10,31,1,20,16,-15,-2,11,16,10,-16,0,10,24,-2,5,8,3,-6,25,0,5,-17,12,4,0,8,17,15,7,7,5,4,1,16,20,10,9,10,-9,-12,13,-14,6,17,16,8,5,6,-9,16,6,8,20,14,15,13,-19,-7,14,5,4,8,6,32,29,-4,0,13,8,8,4,-4,34,13,5,-4,-7,-5,3,20,20,19,14,-4,-2,11,-2,4,3,1,15,9,2,14,10,-1,12,18,9,2,11,-4,14,3,6,10,31,3,20,7,-8,-13,-16,14,18,-12,-6,6,4,-14,-8,-16,17,0,14,3,0,-14,-15,13,16,-16,20,11,12,22,13,30,38,24,28,19,1,-13,3,0,24,-1,15,10,19,26,15,13,32,33,23,27,15,13,31,38,30,26,21,8,29,8,22,4,59,22,41,16,12,9,-4,38,6,23,38,23,7,6,4,6,13,21,36,29,10,8,11,17,24,-7,33,27,23,-31,8,-4,1,23,13,23,11,23,22,26,18,15,7,15,-2,-1,1,1,-2,-2,-2,1,-24,10,-25,13,15,-9,0,1,-4,-7,-19,0,-1,4,-1,7,-1,-9,0,-8,10,-8,-3,4,0,2,-3,5,4,-3,-5,2,-2,7,2,0,4,-8,-8,-2,-2,3,6,0,6,-6,1,0,2,2,-2,0,0,0,2,2,-16,-21,-12,3,15,-5,-7,-7,-5,2,-113,-6,-3,-5,-21,8,-14,-5,-1,0,8,0,-33,5,3,-15,-29,-23,-8,-3,-3,-6,5,-13,2,-11,16,-21,-3,3,-5,-4,-7,-5,-5,-9,-5,-6,-1,0,5,1,-6,-10,-2,-1,3,-6,-12,-2,-7,-10,-11,-2,-7,-11,-14,5,-1,0,1,6,-4,11,-6,-34,12,-18,13,5,-9,-2,-7,8,3,12,-29,14,-3,-29,-2,-10,5,-11,7,-13,-6,-2,-19,6,10,2,-14,20,8,-12,-4,-11,9,-9,7,-16,0,8,9,4,-6,-1,4,-2,12,-4,1,-6,0,-13,-3,-1,-14,-19,-45,-3,29,-2,8,-7,-9,-4,-28,-13,12,-1,2,10,-12,-7,-1,17,21,24,-12,16,-11,-17,-35,-20,-19,0,-7,-5,6,-23,-37,-8,11,-16,-2,11,-4,-15,-17,-19,-14,-4,-17,-13,6,10,10,0,-4,-24,8,2,-13,-6,-12,2,0,-19,-17,-13,-109,-58,-60,-8,57,-26,8,-23,-40,-30,-60,-27,12,8,2,22,-70,-29,-10,35,33,35,-15,35,-38,-36,-43,-42,-22,-12,-4,-28,11,-74,-84,-27,7,-43,-9,32,-14,-30,-48,-41,-21,-17,-22,-45,19,-3,13,-7,-22,-72,17,-25,-28,-10,-12,4,3,-45,-50,-58
-2,-2,-2,2,0,2,0,-2,2,4,-2,6,-4,4,1,1,-4,4,-9,18,-5,15,0,1,1,9,0,6,1,-2,-1,0,4,-6,-1,-6,-2,-8,2,-6,11,16,5,14,-3,-4,-3,-3,22,17,34,19,22,-4,-4,2,-2,0,1,0,-1,-1,-2,1,-6,1,2,16,-3,1,2,-1,2,14,-15,12,-1,14,-9,-1,-1,8,-4,15,5,-4,-2,5,25,-11,16,-27,-1,2,13,-14,14,5,0,15,-11,-28,13,0,19,9,25,22,8,-22,-2,0,1,4,-15,32,-19,8,-17,-1,28,-10,11,-1,16,-7,-11,-4,4,10,0,-10,28,18,22,13,16,13,-4,22,2,23,19,16,-2,7,20,11,21,7,18,25,-7,17,2,41,3,22,11,3,39,-4,14,23,2,15,2,0,25,42,-17,23,21,2,-4,14,34,11,44,2,8,-10,7,14,5,13,5,29,-3,8,11,6,9,-4,14,3,-2,1,0,-5,-2,14,16,-2,24,-14,-7,2,7,-4,14,3,12,9,5,2,16,0,9,10,5,8,12,5,-5,27,14,9,-5,7,-5,0,9,2,23,-4,5,-6,-13,-8,3,14,25,5,15,-3,8,15,3,13,24,-13,16,6,1,14,8,9,-4,-2,11,19,11,0,11,19,-4,6,22,1,16,23,8,8,24,11,11,9,21,32,15,8,12,15,6,23,6,12,19,25,21,33,-9,0,1,11,28,24,1,26,40,-33,4,-7,6,16,48,-5,12,14,3,-2,-1,25,16,14,31,16,-4,9,-1,2,-2,0,1,-1,1,0,-9,-32,20,-10,2,6,6,-21,-7,1,-11,3,5,-10,3,-3,-7,-4,2,-6,5,-8,-4,2,1,-4,-4,0,-1,-7,-3,-2,-1,-1,-3,-1,-1,2,-1,2,0,3,-2,-1,-1,-3,-2,2,2,1,0,2,-1,2,0,-2,-4,-15,-6,-6,5,-5,-27,-9,2,-12,-7,-10,-54,3,6,-14,-18,-5,-1,0,5,-45,-9,13,-29,-9,17,-10,20,-22,2,-6,1,-21,-10,-5,-3,-8,-16,-9,-9,-2,-14,-16,-13,-4,-12,-2,-6,-7,2,-8,-2,-5,-6,-6,-15,-1,-5,-3,-7,1,-3,-12,-11,5,-13,-3,-10,-19,-26,0,12,-25,5,-21,-61,0,19,-14,-25,-4,12,-2,6,-37,0,25,-11,-10,20,-11,35,-17,-15,7,8,-19,4,2,1,-11,-11,-12,-6,-3,-10,-12,-11,-5,-15,0,-4,7,4,-9,-3,-3,-2,0,-2,5,-5,-3,-5,2,8,2,24,-18,8,-4,3,-5,-17,-23,4,-6,-19,-1,-56,15,9,-29,-40,-5,26,-8,-1,-86,-15,45,-48,-13,41,-35,33,-23,4,-5,19,-31,24,-12,24,-3,-31,-14,-15,8,-21,-19,-7,-7,-19,0,7,-5,22,-16,-17,-7,-11,-9,0,8,0,5,-10,2,-5,-6,4,-57,-12,-39,-5,-30,-49,-39,19,-40,-44,-19,-82,29,18,-40,-43,-34,42,-12,24,-56,-20,77,-61,-23,50,-44,49,-46,-14,-28,27,-58,25,-28,38,-31,-34,-45,-37,23,-32,-34,-41,-32,-43,-18,8,3,21,-36,-32,-5,-31,-32,-25,3,4,-8,-40,-9,-13,-20
-2,-2,-2,-2,0,0,-1,2,4,1,6,17,12,0,5,7,3,5,6,11,7,2,3,2,4,6,13,8,11,7,8,5,9,3,6,9,8,5,7,11,6,13,9,10,7,9,19,9,15,5,14,10,14,16,8,8,-1,-1,-2,1,1,1,0,-1,4,-5,2,6,7,6,3,9,-2,-4,15,2,7,6,11,1,-2,10,11,6,16,11,11,1,2,17,6,24,21,14,26,13,-2,8,19,25,8,26,13,18,6,5,15,10,15,22,-1,17,4,8,17,27,15,6,13,10,8,9,15,13,9,14,17,5,-6,-7,-11,-9,3,-1,2,3,-19,-9,-8,-5,-1,-5,-4,-1,-6,-4,7,1,-2,5,5,-3,-2,4,6,15,9,8,6,5,-6,5,8,9,10,6,14,0,-10,2,-1,1,1,11,4,-4,-6,-5,1,3,7,4,-4,-7,4,-5,9,9,6,10,-2,2,16,15,8,8,12,9,7,7,18,12,15,12,18,18,16,7,7,8,9,12,17,16,20,8,9,8,11,10,15,11,17,7,14,25,19,25,25,23,16,18,43,37,34,34,38,37,30,37,23,26,18,26,19,15,18,25,16,12,4,8,19,15,16,22,23,9,4,10,11,10,13,19,16,22,14,12,14,18,24,20,23,17,21,10,16,27,13,20,17,23,32,37,33,36,20,36,29,35,10,38,58,41,46,36,58,45,56,45,55,72,57,64,42,41,44,50,43,51,36,38,40,33,59,64,54,68,43,57,-2,0,-2,1,0,-2,1,-2,12,-28,-17,-9,3,-17,-7,12,1,-16,0,-3,4,-10,3,5,-1,-1,4,8,7,-2,9,-3,-4,4,2,8,5,0,4,-2,-7,0,-5,-1,-6,0,-1,-5,-10,-9,-4,-18,-21,-12,-20,-8,2,2,2,-1,0,-2,1,-1,1,1,-5,-3,-8,-16,-3,2,3,8,-3,-11,-2,-4,-8,-3,4,3,-1,-1,-1,1,-7,-3,1,-7,2,-7,-7,-7,-3,2,-5,3,-11,-8,-10,-6,-8,-15,-3,3,-2,-8,-9,-5,-3,-3,4,4,-7,-18,-11,-9,-14,-9,5,-7,-3,-4,-7,-18,-18,4,8,10,-2,-9,3,-2,-5,-5,1,5,9,-1,4,3,9,5,-1,3,1,2,0,-1,2,-7,-2,3,-4,0,-7,2,-7,-3,7,-2,2,-2,-7,-6,0,-5,6,12,-3,-3,-6,8,-1,4,8,-2,3,-14,-3,-10,-3,7,3,5,-17,-2,-13,-12,-5,3,2,-10,-7,-8,-3,-30,-11,-7,2,1,7,0,-1,-10,-7,-4,1,5,11,2,-12,6,-6,4,-1,1,2,-1,-4,-8,-12,6,7,3,12,10,-5,3,9,5,-4,3,8,-2,-3,-2,7,7,-15,-5,-2,-11,-4,-15,-9,-16,-14,-11,-13,-12,-15,-27,-17,-21,3,-15,-10,-12,-15,-28,-18,-17,-3,1,1,-14,-7,-18,5,6,8,9,-6,-7,-7,14,9,6,3,-3,6,-8,-14,-6,-2,8,9,13,5,4,-2,-4,3,11,14,6,2,0,-2,10,11,9,8,6,6,-6,-3,-20,-1,1,-2,1,-13,-13,-9,-28,-9,-21
-2,1,1,2,1,-1,1,-2,-6,-28,-33,-49,-53,-56,-55,-56,-2,-20,-31,-35,-54,-55,-56,-56,-2,-18,-26,-57,-62,-58,-70,-57,-1,-16,-29,-27,-70,-69,-69,-71,0,-12,-21,-33,-36,-65,-70,-67,-9,-14,-14,-16,-57,-30,-58,-31,-2,-1,-1,-1,-1,0,2,-2,2,4,5,7,10,10,14,12,4,4,7,8,9,14,12,11,0,4,9,10,9,12,15,11,1,5,7,8,10,11,13,10,4,5,6,10,10,12,14,13,4,7,9,9,8,10,12,13,4,7,2,4,8,10,15,9,7,3,6,8,12,6,8,9,14,-1,16,-3,14,-7,14,-1,-2,13,-4,15,-2,14,0,12,10,-2,13,-1,14,-3,15,-3,-4,11,-5,14,3,15,-3,14,10,-8,12,2,13,1,17,-3,-8,11,-2,10,-1,11,-2,13,12,-2,13,-5,11,-4,12,-2,1,15,-3,11,-9,9,-3,10,-6,-4,-1,1,-1,-3,0,-3,-4,-4,-4,-2,-2,-4,-4,-5,-4,-1,-3,-1,-2,-1,0,0,-3,-3,-4,0,0,-2,0,1,-4,-4,-5,0,-2,1,0,-1,0,-4,-2,-2,0,-2,-2,-2,-1,1,-2,2,-1,-1,1,0,-2,-4,-3,-1,-4,-3,0,-2,-8,-41,-2,-35,9,-5,-15,-8,-46,-4,-36,-6,5,-11,0,-5,-1,-5,1,7,8,-1,8,-8,-2,2,5,14,9,9,7,5,8,-2,8,-6,7,-3,0,6,1,-4,6,3,0,5,-9,8,7,12,1,4,5,-9,-8,-3,-2,4,1,2,-1,-10,-8,-5,1,0,0,2,0,0,1,-1,-19,-13,-12,-17,-18,-14,-18,-21,-13,-10,-12,-10,-9,-9,-11,-11,-10,-11,-12,-11,-10,-7,-5,-6,-12,-13,-11,-12,-10,-8,-6,-3,-7,-12,-12,-15,-14,-12,-10,-6,2,-3,-11,-15,-16,-13,-16,-7,1,-2,-2,-2,-2,0,-1,2,-10,-26,-25,-26,-22,-32,-33,-38,-18,-20,-23,-24,-31,-28,-36,-30,-17,-25,-25,-23,-26,-27,-34,-34,-18,-20,-24,-24,-26,-33,-26,-25,-18,-21,-22,-26,-25,-31,-22,-23,-21,-22,-24,-22,-25,-28,-23,-22,-18,-23,-23,-22,-21,-18,-24,-21,-18,-19,-21,-19,-23,-22,-31,-22,-22,-30,-23,-26,-22,-26,-20,-25,-24,-23,-35,-26,-30,-20,-28,-16,-27,-29,-25,-30,-22,-25,-21,-26,-25,-21,-28,-20,-30,-20,-27,-18,-17,-30,-21,-27,-18,-24,-17,-26,-29,-19,-30,-23,-31,-25,-23,-20,-17,-25,-16,-28,-26,-30,-22,-26,-23,-18,-26,-21,-29,-18,-27,-21,-16,-17,-14,-19,-17,-21,-19,-20,-17,-19,-19,-20,-20,-18,-20,-18,-18,-19,-20,-18,-17,-21,-17,-23,-19,-17,-20,-21,-21,-19,-19,-19,-20,-19,-22,-19,-17,-19,-16,-20,-17,-12,-20,-17,-20,-16,-15,-17,-14,-19,-17,-20,-17,-14,-14,-14,-13,-15,-12,-15,-17,-14,-17,-15,-27,-21,-35,-29,-30,-22,-25,-25,-29,-33,-30,-29,-31,-25,-25,-31,-33,-32,-26,-30,-48,-36,-13,-19,-34,-29,-41,-29,-31,-25,-18,-40,-27,-28,-34,-34,-24,-35,-56,-17,-34,-31,-32,-39,-46,-32,-28,-31,-35,-28,-37,-36,-48,-48,-27,-20,-30,-35,-25,-43,-40,-39,-41,-39
1,2,2,1,2,-2,-1,-1,0,0,1,-3,-1,0,-3,3,2,1,1,-1,-1,-3,-2,3,-1,-1,1,0,1,8,6,10,1,1,2,0,-4,14,72,24,1,-6,3,0,-8,26,82,27,0,-2,-5,-5,7,19,-14,17,0,-2,-1,0,-1,1,1,-2,2,2,2,2,0,-1,2,3,0,-1,1,3,6,2,7,5,3,1,1,0,5,1,7,8,0,5,4,4,3,7,9,14,5,2,3,2,7,14,60,16,-4,-5,5,-3,6,31,7,11,-3,1,11,2,11,18,11,5,0,-3,-4,7,2,2,20,10,4,5,3,4,2,2,0,7,3,3,2,1,3,4,3,8,2,3,3,1,4,-2,7,6,0,6,5,9,3,5,4,-11,-1,6,0,5,9,-2,-2,1,2,-1,6,3,11,20,40,-2,1,4,10,-16,6,20,6,11,3,15,4,3,-6,11,-6,9,1,1,3,5,4,3,5,5,1,3,1,4,6,6,-4,10,4,0,7,3,5,4,-2,11,2,5,12,2,14,8,-5,17,6,5,12,7,13,-2,-1,3,0,2,14,3,0,1,-5,15,14,5,12,16,16,7,0,15,6,0,20,22,12,12,5,28,-13,7,9,9,8,12,10,18,13,1,12,6,8,18,-3,30,7,17,5,8,9,16,3,22,-2,1,21,7,21,24,0,11,10,-5,1,29,9,34,-36,24,-28,2,10,13,36,26,45,10,9,6,12,29,37,28,7,37,9,17,20,16,14,23,46,24,0,1,0,1,1,2,0,1,6,3,0,3,-1,0,16,-5,-1,-3,0,-5,-5,-2,-1,-4,-2,-2,-2,-3,-1,-4,-4,-4,1,0,1,-3,-3,2,-6,-2,1,1,3,1,2,-4,-15,-20,1,1,3,1,3,0,-12,-8,-2,1,-2,1,0,0,2,-1,0,4,1,3,3,3,10,3,-1,-2,1,1,-5,-1,-5,-7,-10,-2,-2,-1,4,-6,3,-11,0,1,-4,-4,1,-5,7,-3,-4,-4,-1,2,-8,-3,-5,-8,0,-2,0,-3,-5,-4,-18,-7,2,-2,-1,4,-8,8,-6,17,-5,3,0,-1,2,-9,8,-4,-1,-4,-5,-6,2,4,3,4,-3,2,-4,-4,-4,-3,9,-9,-2,1,5,-4,-2,-4,-6,6,-2,0,-2,1,-5,-5,-8,-7,-3,-3,1,-3,-5,-15,-8,-14,-1,-5,3,1,1,-12,-26,-9,-7,-2,-2,-3,3,14,-13,21,1,1,0,3,-9,-1,-7,-2,-2,5,0,3,7,-2,-7,-7,-1,0,-1,1,-4,-1,-3,-1,-9,-2,-3,-6,3,-7,-15,2,-7,-2,-7,-5,-4,-10,-12,0,-5,-6,2,-2,-7,-3,-29,5,-5,-4,-3,1,5,-6,2,4,-1,-7,-2,-5,-5,24,-4,31,-3,-4,-6,-2,-4,-4,6,-4,-18,-20,12,-3,11,6,-46,-5,-27,-12,-11,4,-21,-28,-105,-13,-7,1,-8,-66,-7,-13,-17,-32,-12,-10,-6,-10,-7,-16,-17,-13,-6,-17,-2,-15,-5,-28,-56,-12,-6,-9,-9,-3,1,16,-11,34,-8,-11,-4,-15,-7,19,-9,37,-6,-3,-10,-2,-9,-10,-7,3
-2,2,-1,2,0,-1,1,0,-1,0,-1,0,-1,1,-4,-1,-1,-1,-2,-1,0,-1,-5,1,0,-2,-1,-1,-2,0,-9,-1,-2,-1,-1,-1,-3,6,119,2,-1,-1,-3,-2,-2,1,-26,6,-5,-4,-6,-2,-9,-4,-4,-1,1,0,-2,-1,-1,2,-2,-2,-2,0,0,-2,0,-1,2,-1,-2,2,0,0,0,1,1,0,1,-1,-1,2,-1,1,-2,1,-1,-4,1,-1,-2,-1,1,-3,0,0,0,0,-1,-4,-27,1,0,3,-3,1,-1,-1,-4,5,-1,0,-5,0,-3,-5,-2,5,-1,-4,3,-1,1,5,1,0,1,4,0,1,-1,1,-3,-1,5,0,3,-1,1,1,1,-1,-1,2,-1,2,0,-1,-3,3,-1,-6,1,-1,2,-1,1,-5,0,0,-2,2,-2,5,75,3,0,0,0,-1,-1,1,-8,-3,-6,-1,-3,1,-6,0,-4,3,1,-6,-1,-3,3,-7,6,-1,1,1,1,1,2,3,0,1,1,-1,1,-1,0,2,2,2,0,1,0,0,1,4,1,2,0,-1,-2,-1,0,3,-3,-2,-1,-1,-2,-5,0,2,-18,-2,3,0,-2,-2,4,8,-3,1,1,4,2,-2,0,6,3,-1,2,3,-1,-5,1,4,-1,-1,9,7,6,6,6,5,7,7,4,10,6,8,7,9,3,7,8,3,6,9,8,7,1,4,8,3,6,6,2,6,-1,5,7,7,5,3,14,-1,-12,3,13,9,4,8,1,-1,-3,-4,3,8,-1,4,-2,12,4,4,5,6,-7,1,3,2,6,5,-2,-2,-1,-1,-2,-1,1,0,-11,-11,-7,-8,-5,-8,-5,-1,-2,-4,-5,-4,-3,-4,-6,-2,-1,-2,-2,-2,-3,-2,-3,-2,0,-1,-1,0,-1,-2,-25,-4,0,0,-1,-1,0,1,-8,3,0,0,-1,0,-2,-3,-5,-4,0,-2,2,1,2,1,-1,2,0,-4,-4,-6,-8,-5,-5,-3,0,0,-5,-7,-6,-6,-6,-1,3,-1,-9,-6,-4,-14,-10,-8,-3,-4,-5,-6,-6,-11,-5,-11,-2,-4,-4,-4,-5,-5,-26,-3,-2,-2,-2,-4,-6,39,-9,36,-3,-1,-5,-3,-4,-6,-5,-8,0,-1,-2,-3,-2,-12,-4,-11,-4,-7,-11,-4,-7,-7,-7,-3,-6,-7,-8,-9,-7,-7,-6,-5,-4,-7,-7,-8,-13,-8,-6,-7,-3,-5,-6,-4,-6,-12,-7,-3,-4,-6,-4,-6,-3,-6,-7,-10,-4,-4,-6,-5,-6,44,-13,38,-4,-3,-2,-3,-6,-9,-2,-14,-5,-5,-3,-6,-2,-4,-6,-4,-9,-9,-10,-11,-12,-11,-9,-6,-8,-10,-8,-12,-10,-7,-11,-10,-7,-9,-9,-12,-12,-11,-14,-13,-9,-8,-8,-10,-12,-10,-15,-12,-8,-11,-13,-11,-10,-14,-37,-12,-6,-5,-8,-8,-8,59,-13,44,-5,-7,-7,-7,-8,-11,-7,-8,-4,-5,-6,-7,-6,-7,-10,-6,-17,-13,-25,-22,-25,-22,-19,-20,-13,-30,-19,-23,-18,-18,-16,-27,-19,-20,-56,-23,-21,-28,-27,-23,-20,-22,-20,-24,-24,-23,-26,-21,-19,-25,-22,-21,-22,-20,-34,-25,-22,-14,-24,-18,-19,72,-26,73,-12,-15,-14,-11,-11,-20,-23,-25,-17,-10,-10,-11,-9,-17,-21,-22
2,-1,0,-1,1,-2,1,1,0,0,32,-14,28,0,-1,1,-1,-1,-1,-39,0,-2,-1,2,1,-2,2,0,1,-2,0,1,-3,-1,-1,0,-1,-3,-1,-2,-5,-1,-4,2,-3,0,-2,0,-17,-11,-12,-7,-5,-7,-9,-14,2,0,1,1,1,0,-2,0,-13,-3,27,-5,28,-4,-2,-11,-3,27,-7,-11,-10,21,-3,0,-4,-3,-2,-20,-7,-2,-3,1,0,22,-2,-9,-8,18,-4,-5,-5,-5,23,-5,18,-2,-4,-5,3,-7,-15,-2,-8,-16,-3,-5,-3,-9,-9,6,-18,-11,-6,0,-1,-12,-13,3,-8,-17,-11,-4,1,32,-1,-17,-8,-2,4,-3,-4,-5,33,-6,-1,-10,-4,-3,-1,-12,-3,-35,0,-10,-4,-7,-8,-8,8,-5,19,-2,-12,-2,-6,2,-7,-9,-8,12,-1,-8,-1,-8,-8,0,-16,-4,16,-7,-13,-7,-10,1,-14,-20,-13,5,0,-9,-8,1,-17,-2,-1,-1,1,-1,-3,12,-2,0,0,0,-1,-10,-9,23,-7,-11,0,-5,2,17,17,-9,27,11,-2,3,2,-10,-7,24,-4,-16,-7,0,3,-6,-9,10,-9,-7,-9,-1,-7,-15,-10,7,-7,-10,-9,-6,-7,-5,-5,-3,-12,-11,-6,-1,-9,-11,-15,7,-4,-6,-6,-11,8,20,-7,7,5,14,4,0,1,-17,30,21,28,-13,6,8,10,14,23,-21,28,14,0,11,-1,-32,20,23,28,-14,-8,4,-1,30,-19,2,-17,20,-1,-4,16,-15,8,-4,-15,3,1,3,-10,7,-15,-7,8,2,2,-1,0,1,-11,21,-11,-12,1,-7,-1,0,-2,1,-2,-1,1,1,-2,-14,-13,-14,-5,-16,0,-10,-3,-1,-4,43,-1,-3,0,-4,-1,0,-44,1,-43,1,0,-2,0,1,0,0,-1,-1,1,1,0,0,-1,3,-1,0,0,1,-1,1,-1,-1,-1,-1,0,0,-1,2,-1,-1,2,-1,-1,-2,-1,2,-42,-42,-31,-9,-8,-2,-19,-38,2,-12,-6,-40,-18,-5,2,-2,-3,110,-10,-9,-6,1,-5,-29,-2,-4,-1,-35,-6,4,-5,-2,-34,-6,-36,-2,3,-6,-10,-6,-3,-2,-3,2,-7,-1,-5,-8,-4,-5,0,-2,-2,4,-8,-2,1,-5,3,-2,0,-3,4,-37,9,-30,-2,-40,-6,-7,-9,0,-29,-15,-39,-2,-14,0,-2,-18,-2,104,-7,-11,-3,0,-2,-4,-45,-6,-43,-8,-12,2,2,-30,0,-6,-1,-32,-5,-6,-32,0,-4,0,-6,-1,-45,1,-5,-4,0,-7,2,-3,1,-36,-7,-2,-5,2,-4,1,-6,5,-13,-19,-13,-72,-16,-22,-15,-5,-30,-16,-2,-40,-31,-19,-23,-11,-29,-40,-38,114,-56,-33,-37,-33,-2,-8,-15,-29,-22,-17,1,-5,-4,-12,-9,-45,-16,-7,-14,-5,-10,-8,-8,-23,-19,-5,-15,-4,-6,-9,-1,-31,-13,-5,-4,-5,-4,-2,-6,-30,-9,-4,-4,-4,-18,-11,-22,-78,-78,-56,-37,-15,-24,-21,-29,-84,-67,-14,-33,-39,-42,-79,-71,118,-63,-36,-36,-39,-15,-29,-61,-46,-61,-29,-14,-26,-27,-47,-30,-32,-21,-33,-25,-27,-32,-15,-21,-25,-25,-20,-33,-8,-22,-13,-12,-18,-17,-18,-4,-31,-9,-12,-7,-11,-4,-2,-13,-10
2,-2,-2,-2,2,0,0,2,-1,-4,-5,-4,-2,0,0,-3,0,0,-2,-2,0,1,-1,-2,0,0,2,1,0,-2,-4,-3,1,2,1,-2,2,1,-5,-4,5,4,2,1,3,0,-9,-9,3,-5,-2,3,2,0,7,7,0,2,-2,1,0,2,1,-2,-3,1,1,2,0,-2,-2,-1,1,6,-2,1,-1,0,-3,-2,3,2,2,3,-3,1,0,1,8,2,7,1,1,0,-1,-3,4,4,5,0,8,1,5,-1,2,2,3,1,1,-3,5,2,2,-1,-5,2,0,-1,3,-1,1,0,2,-5,-1,-3,-3,6,-6,-1,-2,3,1,1,1,8,-5,-4,1,0,1,4,9,0,0,-1,2,2,4,5,-1,6,4,3,-2,-1,0,3,3,5,6,1,2,1,3,1,4,3,1,3,2,1,-1,0,-2,-3,2,3,2,3,0,0,-3,-5,5,-5,-6,5,2,-4,-2,1,21,21,21,20,19,18,15,11,20,21,21,17,20,21,19,15,16,22,21,22,20,18,26,17,22,22,18,15,18,18,22,17,19,19,19,23,19,19,25,28,31,20,21,25,22,22,23,35,27,22,21,20,15,27,32,38,33,30,25,23,23,25,35,39,51,51,49,50,46,41,48,53,43,42,50,44,46,48,51,43,45,35,37,44,41,45,39,41,52,37,41,43,42,46,47,45,36,42,24,36,36,34,47,51,60,40,43,31,37,43,44,60,50,41,35,30,35,45,33,42,41,42,36,38,33,32,54,35,-1,2,1,1,1,2,-2,-2,-5,-9,-9,0,-9,-10,15,13,-5,-9,-11,-8,-5,-1,10,12,-4,-9,-9,-7,-3,-3,8,11,-4,-9,-8,-6,-2,-2,10,12,-4,-7,-9,-6,-2,2,10,12,-3,-6,-10,-5,-1,7,11,13,1,1,-1,-1,1,0,1,2,0,-10,-11,-6,-11,-5,1,1,-5,-8,-7,-2,-26,-54,-3,-1,-10,-7,-14,-15,-8,-10,-10,-11,-8,-9,-9,-5,-10,-11,-10,-2,-10,-11,-10,-9,-6,-5,-4,-5,-5,-6,-7,-8,-6,-3,-2,-4,-4,-8,-9,-8,-5,-2,2,0,-6,-9,-8,-10,-5,-3,-1,5,-5,-3,-3,-5,-6,-9,0,-4,-12,-9,-11,1,-17,0,-11,-2,-2,-7,-6,-10,-10,-17,-1,-7,-1,-5,-15,-15,-10,-2,-3,-1,-3,-6,-6,-11,-5,-8,4,-1,-10,-6,-12,-5,-6,-2,1,3,-4,-16,-5,-8,2,1,0,1,-8,2,-6,-4,-1,-1,-3,2,-8,-10,-15,-8,-7,-8,-9,-12,-11,-8,-6,-6,-12,-9,-5,-8,-15,-16,-16,-10,-15,-6,-7,-9,-10,-15,-17,-7,-8,-8,-10,-10,-13,-12,-13,-15,-11,-13,-12,-11,-9,-12,-10,-16,-10,-9,-7,-8,-9,-6,-10,-9,-9,-7,-4,-5,-1,-3,-5,-2,-6,1,-9,-6,-22,-41,-35,-28,-43,-41,-16,-26,-8,-12,-9,-16,-35,-49,-22,-32,-9,-17,-17,-15,-28,-43,-18,-34,-8,-17,-35,-39,-35,-19,-11,-14,-21,-12,-38,-14,-24,-15,-24,-21,-15,-21,-12,-19,-14,-18,-10,-21,-16,-8,-13,-11,-9,-4,-13,-18,-5,-9,-3,-2,-9,-11,-7,-11
-1,2,1,-1,-1,-1,1,1,8,6,2,5,0,2,2,1,12,2,5,2,1,2,3,-2,7,4,-1,1,0,1,4,2,3,4,3,-1,-3,-1,0,3,6,12,-3,7,-2,9,-5,14,6,-3,-4,4,2,6,5,6,1,0,-2,-2,1,-2,1,0,-6,3,-8,2,-11,-2,-8,3,-4,-2,-3,0,-1,-3,-9,-5,-1,-3,3,0,-3,0,-4,-4,-1,-6,-2,-2,0,-6,-5,-9,-9,-2,-1,-1,-6,0,-5,-3,-6,-9,-4,-5,-8,0,-12,-8,-6,-7,-7,-7,-4,-12,-10,-6,1,-7,-3,-5,-9,-7,-6,-10,-26,12,-21,5,-28,2,-23,9,11,-22,6,-24,3,-30,5,-27,-23,10,-36,9,-26,5,-33,0,10,-26,4,-28,5,-26,2,-27,-26,7,-28,7,-47,6,-26,4,2,-26,5,-26,5,-32,8,-20,-22,0,-53,3,-26,4,-27,6,8,-30,-1,-23,3,-21,8,-25,16,17,20,20,22,17,17,19,16,18,24,21,18,19,17,19,16,21,22,25,20,20,20,20,17,21,17,22,20,22,11,12,17,15,25,16,26,19,15,15,16,15,18,23,19,18,13,18,14,16,23,17,19,21,10,16,20,27,27,34,19,19,15,19,36,25,39,41,46,37,50,28,45,33,38,34,40,49,47,42,32,34,41,46,47,45,41,47,43,35,49,39,44,39,34,39,31,40,52,45,37,40,-18,53,28,50,42,45,25,42,-11,46,14,47,34,37,38,18,34,17,52,33,45,48,27,30,39,35,-1,-2,2,1,-2,-2,-1,1,-19,-2,-27,-1,-18,3,-19,14,-5,-21,-11,-6,-7,-8,-10,-4,-1,-4,-4,-5,-6,-7,-8,-5,-2,-2,-4,1,-8,-2,-7,-2,-1,-4,0,-2,-2,-4,-5,-3,-3,-6,-6,-3,-5,-7,-6,-2,-2,-1,2,0,1,-2,0,1,2,-3,3,1,-4,-1,3,1,-9,-10,-6,-1,-5,-7,-5,-8,-4,-7,-8,-9,-8,-11,-9,-10,-9,-11,-10,-9,-7,-10,-6,2,-6,-4,-12,-6,-17,-5,-9,-3,-8,-10,-7,-9,-9,-11,-7,-1,-1,-6,-8,-7,-10,-11,-5,-9,-8,-1,-7,-8,-7,-8,-2,-5,-30,5,-30,7,-28,6,-24,4,4,-32,-1,-30,6,-30,-4,-29,-32,1,-26,-1,-29,-2,-31,-2,-1,-36,0,-20,-1,-33,0,-25,-26,2,-24,0,-26,1,-26,2,6,-26,2,-23,3,-23,3,-21,-19,6,-23,5,-25,6,-27,7,12,-16,9,-19,7,-21,4,-17,-39,-28,-27,-27,-30,-26,-39,-31,-29,-29,-27,-26,-27,-21,-29,-33,-30,-27,-30,-28,-28,-30,-30,-40,-35,-31,-39,-42,-33,-42,-36,-37,-33,-31,-34,-35,-41,-41,-37,-44,-30,-36,-34,-36,-47,-43,-49,-39,-38,-38,-38,-31,-34,-40,-41,-35,-33,-36,-33,-35,-31,-34,-35,-31,-65,-62,-71,-55,-49,-55,-63,-71,-61,-47,-29,-29,-19,-44,-27,-42,-51,-41,-13,-58,-13,-13,-41,-57,-50,-33,-49,-13,-25,-60,-47,-51,-47,-46,-53,-42,-51,-49,-56,-50,-54,-47,-32,-50,-46,-50,-36,-57,-49,-56,-54,-44,-45,-30,-66,-24,-54,-59,-56,-50,-47,-42,-32,-26
-1,-2,0,-2,-1,-2,1,-1,0,5,7,-11,0,11,4,0,2,3,-2,-8,-2,6,4,2,0,-3,1,-3,-1,1,2,1,-1,5,0,4,-1,-4,1,-2,7,2,8,1,2,8,3,5,4,8,2,2,16,-1,-4,6,2,-1,1,1,-1,1,1,2,19,11,6,1,10,6,4,5,16,0,9,1,15,10,6,3,9,6,-2,13,0,8,7,9,4,6,-4,1,6,14,13,-1,12,-3,10,11,15,-3,3,13,12,-1,18,-7,11,1,2,-1,3,3,1,17,1,13,3,1,-3,11,-4,11,-5,13,-2,10,18,10,26,4,-2,16,15,1,9,20,17,-36,10,12,13,18,26,4,10,2,17,9,10,8,10,6,5,17,14,12,0,15,4,2,26,9,15,12,9,-7,0,14,7,22,10,8,10,7,11,6,18,-8,27,7,11,13,10,21,7,9,5,21,0,15,12,11,9,18,17,13,9,16,6,7,20,-46,11,11,12,6,17,27,23,4,15,13,17,13,13,24,16,18,6,14,9,21,12,19,15,19,13,15,22,10,13,25,16,26,21,11,19,16,11,20,26,13,16,15,17,20,12,28,19,11,17,12,14,8,23,12,33,22,10,26,5,20,17,26,28,-60,21,15,27,30,35,20,23,6,17,9,25,25,24,31,23,15,8,21,3,13,19,17,38,24,10,16,6,-7,14,34,26,29,25,14,30,29,28,37,41,39,30,16,12,25,24,47,35,37,29,23,20,17,1,-2,2,0,-2,0,2,0,-26,-7,2,-45,-30,-23,1,9,-3,-10,19,-29,13,-2,-9,4,-8,-7,-4,-14,1,-3,-6,-1,-7,-6,-5,-4,-3,-3,-3,-1,-6,-8,-5,-7,1,-2,-2,0,-4,-4,-6,-4,-1,-10,-4,-2,2,0,1,-2,0,-1,-1,1,-9,19,9,-7,-12,12,8,4,-20,7,-25,1,-16,-4,3,17,3,18,-8,-10,-8,6,-1,9,-5,-7,19,-18,27,-6,-5,-7,-14,-5,3,-8,-1,-14,-10,1,-5,-4,-8,-1,-5,6,-7,-7,-6,-2,-6,-1,-2,-7,-4,-4,-5,-5,-6,-9,-2,-12,-2,-6,-10,4,13,-10,-18,-6,6,7,-8,-4,-9,-13,-15,-25,1,5,-4,-8,-75,-4,-7,-11,-13,-8,-16,2,7,-15,-12,-1,-6,-14,-12,4,-6,-6,-3,-15,-5,-9,1,-10,-4,-12,-2,-6,-19,-1,-17,-6,-12,-3,-8,-10,-11,-4,-7,-7,-4,-2,-14,-8,-8,-6,-9,-10,-1,-30,-31,-21,28,-10,-53,-7,-15,-17,-17,-14,9,12,4,-4,-22,4,-12,-14,-8,13,-9,-8,-13,-10,-10,-11,-14,-11,-17,-10,-12,-7,1,-18,-10,-2,-15,-13,-14,-12,-11,-8,-19,-12,-10,-16,-22,-9,-7,-18,-20,-13,-12,-13,-27,-6,-20,-14,-16,-14,-36,-19,-4,-74,-34,-34,43,-23,-70,15,-31,-21,-75,-56,2,18,11,2,-73,4,-21,-34,-16,6,-44,-42,-22,-20,-34,-17,-31,-37,-40,-34,-14,-38,-4,-38,-22,-9,-29,-24,-19,-26,-29,-17,-34,-22,-28,-16,-33,-8,-14,-31,-27,-25,-19,-17,-26,-11,-34,-23,-26,-24
1,0,2,-1,2,-2,2,-2,-5,-7,-8,-8,-4,-2,1,2,-3,-6,-5,-6,-4,-4,-1,2,0,-2,-3,-3,-2,-2,-2,0,0,-1,1,1,1,-1,0,2,0,1,0,3,1,2,-1,1,19,15,16,10,10,13,16,27,0,2,1,2,0,-1,0,-1,-9,-15,-13,-16,-13,-13,-15,-10,-18,-19,-17,-21,-17,-14,-14,-18,-20,-16,-16,-15,-20,-17,-16,-16,-20,-21,-20,-19,-16,-11,-16,-19,-18,-16,-18,-19,-21,-17,-8,-15,-17,-16,-18,-15,-20,-16,-18,-15,-19,-24,-15,-16,-14,-10,-15,-17,-22,-20,-18,-9,-11,-16,-13,-15,-7,-6,-12,-12,-15,-10,-12,-13,-6,-11,-10,-14,-12,-10,-12,-10,-11,-8,-14,-13,-10,-15,-13,-9,-10,-18,-10,-14,-13,-7,-7,-9,-14,-13,-13,-9,-7,-6,-12,-16,-15,-17,-12,-10,-9,-5,-8,-15,-12,-11,-13,-9,-9,-6,-13,-9,-12,-11,-13,-12,-10,-15,-16,-11,-15,-16,-18,-17,-16,-16,-12,-15,-18,-18,-20,-17,-17,-19,-19,-20,-15,-17,-22,-18,-18,-18,-16,-16,-14,-15,-19,-18,-16,-21,-13,-14,-15,-17,-18,-22,-16,-18,-16,-13,-8,-20,-16,-21,-12,-18,-16,-12,-11,-20,-11,-15,-17,-20,-11,-11,-8,-8,-11,-10,-13,-8,-5,1,-1,-4,-28,-8,-19,-19,-9,1,-14,-17,-12,-16,-11,-9,-23,-4,-14,-12,-12,-12,-13,3,9,3,-23,17,5,2,19,1,13,3,4,-2,-10,23,17,27,-1,16,23,8,11,14,30,43,6,28,13,25,17,13,17,44,23,29,3,20,17,18,3,21,12,7,0,-2,-1,1,1,0,1,1,0,-1,7,8,18,4,-1,-7,12,10,16,22,17,9,10,8,13,11,14,10,11,9,8,10,9,8,8,6,5,5,6,7,6,3,4,3,3,2,4,4,7,4,4,1,2,1,4,6,0,0,2,2,0,-2,0,1,10,1,-3,1,0,-7,-9,-7,2,0,-4,-5,-3,-8,-1,-10,-3,-5,-4,-1,-2,-11,-14,-2,-4,-2,-2,-2,-3,-6,-9,-1,-5,-6,-5,-6,-7,-9,-7,-9,-7,-8,-7,-9,-6,-8,-10,-9,-6,-9,-13,-10,-8,-9,-9,-7,-2,-6,-9,-9,-7,-11,-9,-11,-4,-11,-4,-10,-10,-13,-9,-8,-15,-9,-8,-5,-15,-8,-13,-16,-8,-11,-2,-15,-5,-14,-14,-15,-8,-2,-14,-9,-9,-9,-12,-5,-3,-12,-10,-9,-11,-9,-9,-9,-11,-8,-11,-10,-11,-13,-8,-9,-8,-7,-10,-12,-10,-12,-11,-7,-9,-8,-10,-7,-11,-10,-16,-9,-7,-11,-11,-16,-15,-5,-9,-1,-2,-12,-7,-9,-12,-14,-8,-12,-6,-11,-5,-12,-9,-13,-11,-5,-8,-6,-5,-6,-9,-8,-5,-7,-11,-6,-10,-7,-10,-7,-6,-7,-8,-9,-5,-7,-9,-7,-9,-8,-8,-7,-7,-9,-9,-8,-6,-9,-3,-5,-6,-6,-9,-10,-3,-5,-93,-94,-68,-82,-76,-68,-96,-69,-84,-38,-56,-49,-55,-55,-57,-61,-65,-83,-41,-68,-94,-59,-77,-91,-83,-53,-90,-62,-61,-62,-51,-47,-45,-30,-46,-71,-44,-29,-57,-51,-50,-58,-66,-40,-26,-52,-94,-35,-16,-33,-30,-40,-39,-39,-45,-40,-32,-40,-25,-51,-43,-41,-39,-23
-2,-1,-1,0,-1,-1,-2,-1,4,7,2,-8,-16,0,3,5,4,5,2,-5,-16,-7,2,5,3,3,1,-11,-19,-11,2,3,-4,3,-6,-2,-31,-14,-1,0,-3,-9,2,-11,-15,-1,-6,-4,8,8,9,8,-3,-8,-15,-12,-2,-1,-2,-1,-2,-2,0,1,-14,1,9,0,7,1,4,2,3,8,-6,3,5,-4,15,5,-2,6,5,6,-13,5,6,9,11,4,0,0,4,43,-9,12,11,5,7,11,-13,4,-1,8,7,11,11,-1,-5,13,5,-5,5,-1,6,-1,11,-10,3,-4,8,1,6,6,-2,8,0,-7,-1,4,3,-1,7,-2,4,2,-1,2,-3,2,-3,-4,0,22,-3,-8,2,5,-2,0,21,1,0,-8,-7,-2,-4,68,3,8,6,2,-3,-6,0,10,11,-5,7,2,-4,4,-14,-9,-2,3,9,4,11,-8,-4,-8,-18,-2,1,15,-3,-4,-11,-8,-11,0,10,10,14,17,35,8,5,11,8,15,19,13,40,14,18,9,9,10,14,13,24,0,9,8,13,12,20,26,38,26,12,20,1,13,12,18,19,9,12,16,9,14,19,19,9,11,7,14,3,12,20,19,16,5,8,8,7,14,11,13,28,9,15,21,7,5,16,15,21,16,3,8,6,14,14,16,21,13,13,23,8,4,21,16,22,6,23,13,7,19,11,23,10,79,12,27,21,20,26,26,43,19,21,17,11,15,4,22,5,14,-1,9,6,9,36,29,29,9,1,4,6,21,13,10,19,21,5,8,-1,0,1,-2,-2,-2,2,-1,-25,-11,-11,-3,-6,0,-13,6,-5,1,-12,6,-24,4,5,-2,-1,3,-3,8,-20,23,2,-3,1,-1,1,9,-117,14,-30,-1,4,-2,-3,6,-31,7,-8,-1,2,1,-2,8,-24,2,-4,-1,0,0,-1,-1,1,1,-2,2,-4,4,-5,6,-5,9,-6,-1,-8,-15,-9,-3,-4,-7,-8,17,-14,-5,-9,-15,-14,-10,4,-5,-4,-4,-3,1,-14,3,-6,-2,-1,-5,-9,-12,-9,-7,-6,-19,-2,-7,0,-2,-14,-9,-15,-1,0,-6,-8,1,-1,-5,-5,-4,-8,3,-6,0,0,-4,-8,2,-15,1,1,0,-12,-6,-2,-10,-3,-25,-10,-8,6,-3,-4,1,-24,-16,-12,-7,-10,-17,-13,-7,0,-9,-4,-5,-6,-8,-4,-10,-11,-10,-9,-1,-25,-7,-17,1,-1,-19,-5,-20,0,-19,-2,-17,-8,-3,-13,-6,-5,-10,-15,4,-6,-15,-1,-9,2,-7,-4,-17,-17,-1,-3,-11,-10,-6,-8,-13,-12,-21,-13,10,-11,-12,-7,11,-26,-16,-9,-7,-13,-22,0,-13,-8,-9,-8,-15,-21,-8,-15,-1,-6,-10,-17,-10,-19,-17,-10,-10,-6,-11,-11,-5,-28,-14,-19,-15,-4,-4,-9,-8,-20,-29,-12,-4,-2,5,2,0,-22,-8,-8,-7,-38,12,4,-3,4,-4,-39,-21,-15,-43,-27,26,0,-3,-21,16,-34,-26,-22,-8,-1,-36,-9,-22,-15,-15,-10,-11,-14,-13,-25,-6,-10,-20,-20,-12,-9,-24,-7,-4,-12,-12,-13,-10,-19,-24,-8,-9,-10,-9,-8,-17,-14,-33,-28,6,-5,4,5,-9,-5,-13,-16,-26
-2,-2,-2,1,2,-1,-1,2,-1,-2,0,2,2,2,5,0,-2,0,-2,-1,-3,-1,2,1,-1,3,3,1,2,1,5,2,3,5,7,6,6,8,4,4,6,8,11,9,7,4,5,6,11,8,12,11,1,-3,-10,-3,2,-1,0,1,-1,2,-1,-2,5,10,9,7,18,12,14,12,9,9,5,10,12,13,19,11,10,10,13,11,15,12,18,13,8,15,15,13,11,18,8,18,16,14,19,9,17,11,14,10,16,25,12,18,14,15,13,13,18,15,28,16,12,9,5,12,15,20,17,8,2,3,-2,1,15,9,21,14,25,13,17,13,15,17,13,18,15,19,14,17,20,14,19,13,19,15,22,13,12,26,14,16,10,18,12,21,21,14,22,16,17,13,19,16,15,20,21,18,13,17,12,19,21,18,24,19,17,7,16,10,14,22,17,21,10,17,14,18,22,22,20,23,21,20,17,16,23,24,23,19,20,25,22,21,23,25,25,21,29,22,27,25,22,23,24,25,23,24,25,26,25,26,24,27,22,19,18,23,30,31,32,28,26,20,17,27,28,29,28,23,22,15,16,22,25,28,28,23,21,22,27,25,46,37,42,43,45,37,35,37,39,46,45,46,44,47,42,46,42,42,49,43,51,43,46,47,41,48,39,42,39,45,42,49,41,46,37,37,41,43,41,49,49,46,48,30,50,47,39,52,47,42,32,39,44,46,39,37,42,47,52,52,35,55,43,41,0,0,-2,1,0,-1,-1,-1,-6,-8,-12,-2,-12,-16,-11,-20,-2,1,10,7,3,1,-2,-3,0,4,4,6,2,0,2,1,1,4,2,2,-1,-3,0,1,0,0,1,-1,-4,-6,-3,0,-1,-2,0,-3,-5,-5,-2,1,-2,-2,1,-2,0,0,-1,1,1,10,14,1,8,16,15,-7,11,-8,1,-5,1,-16,-3,-19,2,21,1,-17,-62,-4,-15,-14,0,-3,7,7,-2,-4,-16,-10,-2,1,-2,-4,1,-7,-2,-8,-8,-7,-5,-6,-6,-11,-8,-9,-9,-3,-5,-8,-11,-14,-8,-9,-6,-9,-9,-11,-10,-14,-10,-11,4,2,17,-2,11,6,-1,-8,-3,4,-9,6,-11,-6,-16,-7,5,-6,-2,-13,1,-9,-11,-16,-12,-6,-7,-6,-11,8,-6,-7,-4,-9,-4,-9,4,-9,10,-6,-10,-7,-10,-8,-8,-8,-7,2,-4,-9,-6,-11,-10,-11,-5,-12,-13,-7,-13,-8,-9,-6,-11,-6,-11,-15,-15,-22,-10,-13,-11,-14,-7,0,3,-12,-1,-5,-14,-5,-7,2,-9,-9,1,-11,-6,-4,-12,-12,-12,-7,-8,-17,-16,-6,-14,-11,-12,-10,-7,-12,-13,-13,-17,-12,-10,-9,-7,-13,-10,-13,-15,-15,-10,-14,-13,-13,-11,-13,-15,-15,-16,-17,-13,-12,-15,-14,-20,-37,-49,-53,-50,-36,-39,-34,-29,-25,-28,-28,-41,-58,-73,-41,-36,-44,-28,-35,-23,-46,-37,-52,-44,-37,-37,-36,-38,-34,-30,-32,-33,-47,-38,-39,-33,-40,-27,-32,-39,-34,-38,-33,-34,-25,-34,-19,-30,-34,-34,-33,-24,-31,-25,-25,-37,-32,-35,-30,-29,-18,-33,-24
0,2,-2,-2,1,-2,-2,0,-3,-4,-6,-6,-6,-4,-8,-4,-5,-7,-5,-6,-4,-7,-5,-5,-4,-3,-1,-3,-3,-2,-3,-1,0,-4,0,-1,-2,1,-3,1,-2,0,-4,-1,-2,-2,-4,5,-2,1,1,-2,-1,-3,-3,0,-1,1,1,-1,0,-2,1,-2,-6,-3,-8,-10,-11,-10,-5,-8,-10,-9,-10,-8,-11,-12,-14,-12,-9,-7,-10,-12,-13,-10,-13,-13,-10,-11,-9,-11,-11,-18,-16,-20,-10,-9,-13,-16,-14,-16,-16,-18,-10,-13,-13,-15,-19,-24,-18,-17,-14,-10,-24,-17,-12,-20,-20,-30,-16,-13,-15,-16,-21,-18,-13,-21,-17,-6,-16,-8,-16,-16,-14,-5,-14,-19,-5,-13,-9,-21,-17,-21,-22,-8,-15,-8,-16,-11,-21,-21,-9,-19,-10,-14,-6,-16,-12,-27,-19,-11,-17,-7,-16,-8,-17,-14,-13,-16,-8,-19,-13,-31,-7,-19,-13,-6,-15,-9,-22,-14,-18,-9,-4,-16,-13,-13,-11,-18,-11,-17,-46,-37,-45,-45,-40,-47,-46,-46,-40,-45,-46,-46,-47,-39,-46,-46,-46,-37,-46,-46,-46,-46,-45,-46,-42,-38,-46,-46,-44,-46,-43,-46,-46,-41,-40,-42,-39,-46,-46,-41,-46,-46,-41,-45,-46,-41,-40,-46,-41,-46,-46,-44,-46,-46,-47,-46,-46,-46,-46,-47,-46,-46,-46,-46,25,32,34,40,20,40,20,27,37,19,33,21,38,18,25,17,31,24,37,30,15,24,17,12,31,23,24,22,20,25,21,13,19,23,21,27,18,19,20,24,27,18,18,12,16,22,16,14,16,17,7,14,17,9,7,10,20,18,17,17,18,17,18,12,-2,2,0,-1,2,2,0,-1,-64,-29,-69,-29,-26,-67,-27,-67,-15,-15,-17,-19,-21,-21,-25,-27,-11,-13,-17,-19,-20,-19,-25,-26,-6,-14,-16,-16,-16,-20,-23,-26,-4,-15,-21,-20,-23,-23,-28,-24,-5,-20,-32,-28,-27,-25,-29,-24,-1,-1,0,1,2,2,2,0,-25,-28,-35,-25,-37,-41,-38,-40,-29,-58,-40,-64,-77,-37,-44,-40,-65,-56,-84,-72,-50,-54,-46,-42,-42,-84,-84,-85,-86,-80,-53,-40,-64,-75,-86,-82,-81,-84,-85,-51,-81,-85,-87,-85,-85,-79,-40,-67,-51,-86,-81,-82,-80,-53,-74,-42,-80,-64,-84,-79,-55,-70,-45,-33,-41,-22,-41,-18,-44,-17,-42,-19,-25,-41,-22,-40,-16,-40,-20,-40,-45,-18,-37,-16,-39,-22,-42,-21,-18,-48,-22,-41,-26,-48,-21,-37,-41,-21,-55,-20,-53,-24,-48,-20,-18,-57,-20,-75,-19,-48,-21,-40,-40,-20,-61,-16,-53,-19,-59,-22,-22,-40,-17,-46,-18,-40,-20,-37,-41,-43,-43,-41,-45,-41,-39,-42,-45,-47,-68,-45,-68,-46,-39,-42,-42,-54,-46,-47,-46,-52,-46,-44,-43,-55,-45,-52,-66,-46,-40,-44,-42,-79,-65,-43,-42,-38,-65,-50,-50,-78,-63,-42,-43,-68,-45,-41,-37,-82,-46,-43,-60,-37,-34,-48,-39,-38,-44,-59,-46,-40,-36,-38,-61,-81,-65,-75,-77,-64,-49,-69,-54,-71,-60,-65,-72,-79,-72,-68,-67,-65,-83,-71,-71,-63,-65,-69,-77,-79,-62,-78,-52,-82,-74,-75,-56,-71,-70,-81,-80,-74,-70,-70,-75,-61,-71,-43,-67,-78,-82,-60,-59,-49,-69,-71,-76,-79,-67,-69,-77,-46,-61,-72,-72,-73,-46,-79
1,2,-1,0,0,2,1,2,-33,7,-4,-2,0,0,2,0,-30,18,-2,-3,3,1,1,1,-17,-2,-1,-2,0,1,1,1,-12,1,-2,-2,3,-1,2,4,-2,-1,9,2,-3,-2,6,7,9,2,-20,-11,-5,-3,2,-11,-2,0,-1,2,-2,-1,-1,-1,-100,5,5,-7,10,-5,-4,-3,-39,13,5,-2,-2,-11,-9,0,-63,3,21,2,-6,0,3,1,-10,-10,10,-10,-8,5,-7,11,-7,2,1,3,2,-18,-4,-4,-6,3,-7,-1,-7,-3,-4,-2,-3,1,-4,-2,-4,-2,-6,-2,0,0,1,-5,-4,7,-11,-3,-66,17,5,11,-6,12,1,10,-15,2,14,-9,0,-5,5,-10,-37,9,-19,6,2,8,-2,12,-1,-3,-5,-10,10,-3,1,7,-13,7,3,1,-1,4,-1,-3,-11,9,-1,1,-2,-3,7,2,-2,5,-3,7,3,-1,-9,2,8,-7,2,-7,8,-4,-7,-9,24,-11,-10,-11,-1,-4,-1,-1,16,11,-14,-5,3,8,-1,4,18,-4,-20,-10,-11,-14,-2,-7,21,5,4,-11,-5,1,-1,-8,17,7,-18,-12,-10,-9,-1,-4,18,4,-9,2,3,0,4,-3,5,-13,-8,-9,-3,-2,-2,-1,15,-19,-3,-13,1,-4,-13,-6,24,17,8,4,-2,14,30,17,14,11,12,-6,10,25,8,-7,16,21,-15,-1,4,19,17,14,24,20,12,-6,11,7,11,7,25,33,7,11,0,8,17,9,29,35,21,6,9,20,33,12,19,35,13,19,24,22,12,37,23,14,-4,-2,16,25,24,10,-2,1,1,2,1,-1,-2,0,-16,25,0,-3,6,7,2,-4,-22,26,-8,-8,1,-2,0,-2,6,16,-5,1,-3,-2,-1,-4,5,1,-2,-1,-2,-4,-2,-1,1,-1,-5,-4,-2,-4,-1,-2,0,2,-4,-1,-2,-3,-1,-2,2,-1,1,-2,3,-2,2,0,-3,8,-5,-17,-7,-16,-1,-9,32,-12,-4,-16,8,-6,15,1,19,-4,-36,-14,-5,-18,-9,1,27,-13,-13,-5,-1,-6,-7,-10,-2,-8,-11,-4,-7,-5,-1,1,1,-16,-5,-4,-2,-3,2,-3,1,5,-3,-4,-2,-3,-5,2,5,-4,-7,-3,0,-7,0,0,3,-16,0,-8,-8,-14,-5,-7,40,-2,-3,-3,-4,2,29,4,39,-5,-15,-9,-6,-14,-9,-22,40,-7,-8,0,-13,-7,-1,-5,6,-13,-9,-16,-5,-12,-5,0,1,0,-16,-2,-7,1,-4,-1,2,-6,-4,-3,-2,-7,-4,-10,-12,-6,-4,0,-6,-1,-6,-5,-14,4,-14,-32,-4,-16,-13,-26,84,-31,-19,-61,3,-26,8,-16,40,-12,-55,-17,-17,-15,-40,-33,42,-19,-19,-23,-10,-17,-9,-15,-12,-27,-23,-16,-23,-15,-17,-9,-14,-16,-13,-2,-21,-5,-3,-6,-8,-5,-17,-11,-19,-9,-10,1,-9,-11,-9,-10,-9,-6,-4,-5,49,77,-40,-28,-11,-36,-26,-22,122,-46,-36,-39,0,-10,43,-24,71,-83,-83,-21,-36,-40,-82,-39,71,-31,-15,-34,-26,-60,-30,-53,20,-36,-40,-95,-47,-31,-40,-8,13,-24,-29,-23,-59,-19,-22,-24,-10,-16,-25,-18,-18,-32,-22,-15,16,-11,-10,-13,-14,-17,-37,-8
-1,1,1,0,1,0,-1,-1,-2,38,-2,9,0,-2,0,-1,-2,0,-2,0,-1,-2,0,0,-2,1,-1,1,0,-1,0,-1,-4,0,0,-1,-1,-1,-1,-1,-1,-2,-1,1,2,1,-2,1,0,-11,0,-8,0,-4,-2,2,0,0,-1,2,0,-2,-1,-2,-4,38,-5,6,0,-6,1,-1,9,-6,-1,1,10,1,0,0,0,-5,3,-7,2,-1,2,-2,7,-4,-2,-2,10,-3,-6,-3,-8,22,-6,11,-2,-6,-1,-4,-5,-7,-4,-8,0,-8,-2,-5,-2,-2,-6,-2,-7,-1,-5,0,3,-1,-5,-2,-3,0,2,3,-2,-8,2,-4,12,-1,-10,-1,-7,33,-2,11,-1,-2,-1,0,-4,-6,-1,-2,-1,-4,1,-2,-6,26,-5,5,-5,-2,-1,-1,11,-4,-2,-3,-2,-8,-1,-3,-5,-3,-8,0,-7,-2,-5,-4,-10,-8,-5,-5,5,-8,0,-4,2,-7,-5,-7,-2,-2,-10,0,-1,0,6,-2,-1,0,1,1,-1,-8,10,-4,-8,1,-3,0,7,21,16,13,10,3,5,1,-1,-8,10,-4,-13,-4,1,-1,-3,-9,6,-4,-6,-3,-3,1,0,-6,7,-1,-5,-7,-2,-1,1,-5,8,-4,-2,1,-2,1,-4,-8,1,-7,-8,-4,-1,-2,13,3,12,7,9,2,-6,8,6,27,13,17,0,5,-1,5,4,17,15,13,11,-2,2,2,-1,16,10,6,-8,-1,-1,6,9,-7,13,-2,9,-4,6,3,-1,-4,0,-3,-2,5,1,0,3,-7,5,-10,5,1,-6,7,5,1,-4,9,4,4,1,0,-2,1,2,-1,1,0,2,-2,-1,-7,-12,-4,-3,2,6,-2,4,-4,12,-1,-1,2,-1,-1,2,-13,0,-6,-3,0,-1,-1,0,-2,0,0,-1,-1,0,0,-1,-2,0,0,0,-1,-1,0,-1,-1,-1,-1,0,-1,-1,0,2,-1,-2,-2,-1,2,-2,1,0,-20,-2,-2,-1,-3,-12,3,-7,-14,-16,-1,-23,-5,-8,-2,74,0,97,-2,-5,-4,4,-5,-14,-3,1,-4,-8,-1,0,-4,-1,-21,0,-9,-5,-1,-5,-2,-1,-1,-2,-1,-2,-2,-4,-1,-3,-5,-3,0,0,-2,-4,0,0,-1,-2,-3,-2,0,-2,0,-14,-3,-2,1,-6,-2,-2,0,-4,-12,-9,3,-5,-3,-9,-6,86,2,101,-7,-1,-9,1,-6,-3,-3,1,-10,-2,-1,-2,-2,-7,-2,-3,-3,-9,-3,-4,-5,-2,-3,-2,-1,-1,-7,-2,-1,0,-1,0,-1,-2,-3,-3,-2,1,-3,-1,-2,1,-1,-5,-7,-18,-3,-11,-14,-19,-4,-14,-12,-16,-15,-18,1,-20,-17,-16,-15,89,-12,98,-22,-20,-15,-17,-14,-5,-7,-9,-14,-8,-9,-8,-6,-3,-8,-12,-9,-1,-5,-5,-5,-5,-5,-8,-5,-4,1,0,-4,-5,-6,-12,-2,-5,-4,-5,-6,-5,-3,-6,-2,-3,-3,-4,-3,-27,-22,-17,-51,-17,-24,-53,-43,-33,-34,-26,-5,-76,-25,-68,-34,95,-17,105,-48,-31,-63,-20,-33,-23,-21,-21,-19,-28,-25,-20,-14,-20,-27,-31,-21,-23,-13,-17,-18,-17,-12,-15,-15,-7,-16,-14,-12,-17,-12,-16,-8,-10,-9,-11,-9,-19,-10,-8,-8,-7,-8,-13,-15
2,2,-2,1,0,2,-2,0,60,1,-2,2,2,1,2,-1,-61,0,-2,-1,0,1,-2,-1,-51,-5,-2,0,1,-1,1,-2,52,-1,-5,-4,2,-5,0,0,-47,2,4,-4,-1,-4,-3,-2,-22,-6,-11,-7,-2,-8,-7,-4,0,3,-2,2,-2,2,1,0,4,1,2,2,3,3,4,2,13,2,6,2,3,2,4,3,1,1,1,3,-2,3,3,2,-3,-5,-4,-3,-3,1,5,1,-9,0,-4,-5,-3,-5,1,4,0,5,3,2,-1,1,5,-3,-2,0,4,-7,-1,9,0,3,-10,1,-3,1,4,-6,-1,-6,8,0,4,1,2,8,-1,9,13,3,2,8,7,-2,7,6,-1,7,1,4,2,6,3,5,-1,-6,1,-5,3,2,4,4,8,1,4,3,-1,2,1,-2,-1,2,4,1,5,-1,8,2,0,8,1,-3,6,-1,3,2,3,-3,9,-11,4,3,5,2,-1,2,3,0,0,4,5,4,-7,3,1,3,3,4,1,5,15,7,1,-3,1,1,-1,3,3,-2,1,-1,6,1,0,-1,0,-2,-7,-9,-7,1,0,-3,1,4,-4,-1,0,-4,-1,-4,2,1,-1,-2,1,-5,0,0,4,1,-2,-1,0,4,4,-2,5,16,22,17,18,17,20,19,10,11,19,26,21,24,18,21,20,20,15,12,17,21,15,15,16,3,10,19,17,14,24,16,22,13,7,13,7,0,21,12,4,10,17,21,15,10,23,17,10,9,15,12,6,6,9,9,7,14,7,23,13,13,16,20,-1,2,-2,0,2,2,-1,1,-4,-27,-11,-3,-8,-12,3,-16,-6,11,-6,-7,-7,-6,-5,-6,-10,-10,-1,-2,-5,-2,-4,-6,-6,-6,-3,-3,-2,-2,-1,-3,-7,-2,-2,-1,0,-2,-1,-3,-5,-5,-2,-1,0,-3,0,-1,2,0,-3,1,-1,1,-1,0,20,3,-2,-5,-5,-3,0,-7,-2,-10,-13,-6,-10,-9,0,-8,-20,37,-15,-16,-12,-11,-11,-2,-10,-10,-7,-4,-11,-6,-8,-3,-2,-6,-12,-12,-4,-6,-8,-5,-12,9,-9,-8,-6,-7,-8,-5,-11,-10,-9,-6,-6,-4,-7,-5,-8,-8,-3,-8,-8,-7,-6,-6,-11,-7,1,1,-5,-11,-1,-11,3,-17,-1,-16,-12,-4,-5,-7,-21,37,-9,-19,-7,-16,-9,-16,-12,-9,-6,-6,-16,-7,-8,-3,-17,-12,-12,-12,-5,-12,-9,-9,-16,8,-8,-11,-4,-8,-9,-8,-13,-15,-10,-10,-8,-11,-9,-13,-9,-9,-6,-10,-10,-7,-7,-7,-29,8,-10,-19,-11,-17,-13,-19,3,-25,-29,-37,-13,-23,-11,-21,-61,53,-9,-15,-13,-17,-21,-14,-41,-20,-17,-16,-23,-20,-20,-20,-32,-29,-25,-19,-18,-21,-15,-15,-12,3,-12,-17,-17,-13,-19,-14,-5,-16,-17,-12,-15,-14,-18,-13,-6,-12,-13,-11,-14,-12,-13,-11,-44,-52,-20,-41,-40,-36,-49,-37,-22,-39,-63,-45,-33,-51,-10,-57,-83,84,-64,-38,-51,-46,-43,-34,-67,-104,-46,-42,-60,-39,-40,-41,-57,-85,-45,-46,-39,-37,-37,-16,-38,5,-28,-37,-35,-26,-47,-22,-21,-35,-28,-24,-26,-36,-59,-58,-10,-21,-13,-15,-23,-17,-15,-24
1,-1,-2,2,2,2,-2,-1,0,0,1,-2,0,0,0,-1,0,1,2,0,-1,-1,-2,0,-1,-1,-1,0,0,-1,0,0,-1,-1,-2,-3,0,-2,-1,-1,-3,1,34,-1,0,2,0,-2,-22,10,126,11,-14,-6,-5,-11,1,-2,1,2,-1,0,2,1,-11,-1,-1,-3,-4,-2,-1,-6,-2,-1,-1,-2,-2,-3,-7,-3,-4,2,-4,-5,-2,-2,-1,-1,0,-1,1,-7,4,-5,-10,-1,-2,-1,4,-4,-2,3,-2,-5,0,7,-15,4,-7,-2,1,-5,8,2,-33,-5,8,-7,-24,-4,-5,8,-51,1,-2,0,1,4,-1,-5,-2,0,-1,0,-4,0,1,-3,-3,-4,0,-6,-5,-6,-3,5,-3,0,-2,-3,-9,6,-1,0,-1,0,0,-2,6,1,-2,-1,-1,-4,-6,6,-1,3,6,-10,5,-2,7,-12,-4,-3,-10,8,-26,7,-7,-5,-5,-6,1,-5,-56,0,-1,4,3,-6,-3,0,8,0,-4,-2,-3,-1,-4,2,9,7,-7,-3,-4,2,-3,3,11,2,-3,-4,-4,1,-9,7,14,4,-11,-12,-2,1,-3,-2,11,-1,-3,-4,-4,2,-1,10,10,2,1,-10,-9,-6,-2,7,-35,2,-4,-6,1,2,10,9,-57,12,12,8,13,7,14,-11,-7,1,9,6,17,7,1,-9,13,-3,2,11,5,-31,1,-25,10,16,-3,4,9,12,14,1,2,13,-5,-3,2,16,-9,10,15,12,13,1,12,5,12,9,9,19,3,1,-9,12,-3,4,-4,14,-12,8,10,7,7,-16,-31,1,-3,-4,15,2,-2,1,-2,0,2,0,-1,-2,-4,1,-2,2,-6,1,-4,1,2,2,3,2,4,1,1,2,0,-1,2,0,-1,2,1,1,0,-3,1,-2,1,0,0,0,1,-1,-3,1,0,0,-1,1,1,4,-33,3,0,0,0,1,1,-1,-2,-1,0,1,-1,-2,0,5,3,-6,2,3,5,3,5,6,2,-6,2,-1,0,1,4,4,0,3,2,4,4,3,-13,5,-11,6,-8,3,5,4,5,-9,2,-15,4,-8,1,3,-11,-96,-5,-89,-14,1,-9,3,-101,2,-43,2,-97,-10,0,2,-10,14,-127,11,-11,4,-4,1,9,-12,8,-2,12,-7,9,-3,-5,7,-4,3,-8,4,-3,-14,6,-12,8,-8,8,-6,-11,-89,-4,5,-10,9,-5,-11,-89,6,-9,-8,5,-10,-11,-89,0,-9,-127,-15,-1,-12,-93,5,-6,1,10,-99,-41,-97,5,-5,6,-5,-3,-23,-126,-27,-6,7,-5,7,0,2,-78,-2,-8,-2,-2,-2,2,0,-80,-3,-2,-1,1,-1,-2,-1,-80,0,-4,0,-3,-1,-2,-1,-85,-4,-1,-4,1,-2,-3,0,-84,-10,-6,-6,-9,-3,-2,-10,-86,-7,-8,-4,0,-2,-8,2,-52,1,-15,-12,-9,-4,-81,-7,-126,-9,-76,-59,-50,-45,-14,-18,-70,-17,-20,-22,-28,-19,-22,-31,-79,-25,-27,-12,-23,-31,-12,-18,-76,-32,-23,-37,-23,-53,-26,-21,-84,-43,-39,-30,-68,-30,-20,-26,-87,-40,-32,-66,-22,-30,-75,-39,-83,-40,-67,-17,-31,-21,-24,-77,-26,-82,-23,-25,-23,-9,-70,-14,-105,-15,-77,-56,-52,-44
1,-1,1,-2,0,0,2,0,-1,2,3,4,1,-11,0,73,-2,0,1,-1,0,-4,-3,-73,-2,0,-1,1,-1,-5,-11,-7,-3,-2,3,-1,0,-1,3,-35,0,-2,-5,0,-2,-5,-6,20,-3,-8,-11,-16,0,-4,-1,-14,2,-2,-2,-2,0,-2,2,2,0,5,4,6,3,-2,5,2,5,8,3,2,-4,4,1,-16,5,0,1,4,5,2,5,-3,1,-2,0,-1,-2,2,-7,3,-2,1,0,-1,1,3,2,-3,-1,4,-9,3,1,1,2,-1,2,1,2,3,1,3,-10,-1,-4,-3,0,0,-1,-2,1,1,6,5,7,8,0,9,-4,0,10,7,5,6,8,1,3,9,5,7,5,7,3,1,10,-5,6,-1,3,4,-1,-1,-4,-1,-2,5,1,1,2,4,2,2,2,3,0,5,1,-2,7,0,5,1,2,7,3,0,6,1,3,6,3,4,4,6,5,7,5,1,2,3,1,6,-3,-1,1,8,3,5,6,2,3,-23,3,1,1,1,0,0,21,23,6,3,-2,2,0,2,1,18,-1,-2,-3,1,-2,-3,5,12,0,-1,1,0,-11,-1,2,8,7,3,8,3,-3,0,7,12,3,7,7,6,1,4,8,7,19,19,24,22,19,20,12,15,20,24,22,20,24,8,16,-5,17,23,13,22,13,18,24,17,24,14,17,16,16,11,15,12,17,16,19,16,10,16,7,24,14,14,21,9,9,3,22,17,18,18,11,20,22,19,9,19,8,14,18,10,18,22,22,17,-2,-1,-1,-1,0,0,-2,2,-11,-16,-5,-6,-12,-20,-60,-11,-6,-4,-5,-4,-7,-9,1,23,-1,-6,-5,-4,-8,-5,-11,5,-1,-3,-3,-3,-4,-4,-5,3,0,-1,-1,0,1,-4,-7,1,1,0,-1,1,-2,-5,-1,-2,-1,1,2,-2,-2,-2,-2,-2,1,-7,-6,-5,-8,-16,-2,26,-6,-5,-1,-7,0,-12,-11,5,-2,-6,-6,-4,-18,-8,-7,-18,-1,-5,-9,-5,2,0,7,-7,-5,-4,0,-4,-8,4,-4,15,-4,-7,-6,-5,0,-6,-9,-9,-1,-2,-4,-3,-7,-5,0,-3,-4,-5,-2,-5,-2,-1,-6,-8,-15,-14,-14,-9,-9,-1,-18,-14,-1,-17,-10,-10,-10,-5,-26,-1,-15,-2,-10,-9,-18,-13,4,-8,-8,-10,-2,-14,-15,-8,0,-12,-12,-7,-11,-7,-9,-12,-14,-17,-7,-13,-10,-4,-7,-14,-15,-12,-15,-11,-8,-9,-11,-8,-10,-10,-5,-14,-5,-9,-4,-9,-1,-13,-18,-19,-16,-16,-13,-11,-4,-35,-20,-23,-27,-21,-23,-18,-19,-11,-17,-21,-23,-21,-17,-19,12,-26,-17,-20,-19,-23,-20,-22,-15,-20,-22,-23,-16,-19,-16,-14,-14,-13,-17,-19,-20,-17,-17,-21,-15,-12,-16,-17,-18,-16,-21,-17,-5,-12,-16,-18,-18,-17,-20,-16,-8,-11,-33,-39,-51,-38,-42,-25,-9,-40,-38,-57,-42,-57,-37,-21,-92,-39,-39,-51,-55,-30,-65,-47,43,9,-33,-51,-40,-46,-66,-43,-50,-28,-38,-55,-39,-35,-33,-47,-22,-39,-26,-31,-37,-24,-38,-32,-29,-23,-34,-38,-24,-26,-27,-25,-7,-34,-29,-20,-25,-22,-25,-24,-18,-16
-1,-2,1,0,0,-1,1,1,-1,3,2,-1,0,1,-2,-1,3,2,0,-2,-1,-2,-3,-2,28,-3,-2,0,-1,-2,-3,-2,54,-6,-3,-1,1,-1,-2,-2,82,18,-14,-1,3,3,-2,-3,-112,15,-5,3,8,3,4,2,1,-2,2,-1,0,-1,0,0,-5,-2,-5,-2,-3,-1,-6,-6,-4,-3,2,-2,-6,-4,-4,-8,-2,-2,1,-1,-1,-4,-4,-9,1,2,4,-2,-2,-7,-7,-8,-9,0,2,1,-5,-2,-6,-8,-15,6,1,-8,-2,-2,-13,-3,-20,2,6,-1,-2,-3,-12,-13,-2,-3,-3,-2,-2,-2,-1,-10,0,4,1,3,3,3,3,6,-2,2,4,1,3,5,6,3,3,-3,3,4,3,5,-2,0,7,-1,1,2,2,-2,-2,1,1,1,5,7,-3,2,-5,-2,-6,6,10,0,2,-3,0,-6,-3,13,2,-1,2,0,-4,-9,4,7,0,1,0,0,2,-4,13,6,4,2,3,2,4,4,12,5,3,0,-1,3,1,0,10,3,4,3,0,-4,-1,-1,9,5,4,4,1,2,3,3,1,1,3,-2,-7,-9,0,3,-21,-6,-6,2,-10,-12,-7,-6,-16,4,-1,3,-1,3,-1,0,0,5,2,1,2,0,0,4,15,10,4,8,-4,0,16,5,-9,0,13,16,19,7,-2,-4,-14,14,13,5,18,-3,11,-1,11,7,-1,6,4,18,-25,12,10,12,9,16,11,-7,-10,-14,-2,-20,5,7,11,-11,23,-6,-34,0,-13,-23,-4,-27,-7,4,-3,-1,-17,-11,-15,4,2,4,-2,-1,-2,-2,-1,1,-2,-2,-9,-8,-2,-9,-8,-9,-10,-7,5,0,1,-2,-5,0,-2,-2,-2,2,3,0,-1,-1,1,1,-28,5,5,3,3,2,0,3,-89,-15,8,5,3,4,2,3,-127,-42,9,6,5,3,3,4,-2,0,0,0,0,1,-1,-2,2,1,3,2,1,6,11,9,5,-2,0,-1,2,7,6,8,-9,-7,-6,4,1,4,5,7,-19,-17,-14,-4,4,-1,5,7,-24,-42,-21,-6,0,3,3,6,-59,-32,-21,-6,-1,1,6,6,-126,8,-117,-8,-2,7,-2,10,-97,-17,-93,-2,-9,3,9,9,0,-4,3,-2,-5,-27,-90,-26,-7,-2,-7,-4,-28,-98,-19,-4,-2,-10,-8,-21,-93,-21,-4,-8,-10,-5,-34,-103,-21,-5,0,1,-17,-31,-101,-30,-1,-4,0,-6,-77,-92,-23,-2,-6,-1,-3,1,-126,-35,-7,-9,-1,-11,0,-7,-92,-112,-36,-7,-6,3,-2,4,-46,-22,-18,-15,-15,-20,-13,-13,-47,-20,-16,-14,-6,-8,-15,-7,-59,-18,-21,-13,-15,-12,-10,-10,-69,-17,-25,-9,-11,-12,-9,-11,-106,-29,-15,-12,-8,-7,-13,-8,-48,-12,-22,-18,-16,-12,-9,-9,-121,-10,-36,-26,-21,-19,-17,-10,-53,-21,-26,-18,-20,-19,-17,-14,-41,-29,-35,-25,-45,-57,-26,-31,-44,-30,-30,-21,-105,-33,-27,-26,-62,-52,-56,-38,-29,-23,-29,-34,-62,-44,-109,-31,-46,-29,-35,-30,-44,-39,-52,-51,-14,-28,-36,-37,-76,-37,-44,-41,-20,-63,-29,-32,-124,-16,-38,-44,-23,-40,-31,-31,-60,-38,-42,-23,-43,-26,-28,-34
-1,1,-2,0,0,-3,2,0,1,1,-30,0,3,7,7,5,6,-1,-1,-2,3,6,4,5,6,2,2,3,2,5,5,5,7,1,4,5,5,8,6,5,6,2,5,3,4,8,4,7,8,13,4,3,2,3,2,6,1,2,2,-2,1,-1,-2,1,-17,2,-32,-11,-19,-1,6,2,-7,-9,-4,-14,-1,-3,5,4,-41,-28,-9,-8,-10,4,2,7,-3,-28,-5,-17,1,5,7,9,-3,4,-8,0,-4,6,9,1,0,7,6,5,5,8,2,11,6,10,17,-3,4,14,9,5,4,10,12,6,4,4,5,7,-2,-32,-3,-36,3,2,6,5,-14,-4,-36,1,2,6,7,8,-9,-31,-14,-26,4,5,7,7,-20,-1,-10,-1,-27,-1,-2,6,-2,-2,6,-6,-2,-19,2,3,1,3,5,1,-5,-3,-10,-1,-1,8,15,5,4,0,-1,-9,3,5,11,0,0,2,2,0,-9,-25,-45,-16,-1,0,4,5,-11,-64,-35,-34,-3,-3,2,1,-15,-8,-58,-4,-7,1,-2,2,-1,-14,-13,-9,0,-2,-1,2,2,-7,-15,0,3,2,2,4,3,-5,-6,6,10,5,3,9,0,-9,-7,0,4,1,1,6,-2,-4,-9,-1,7,-1,0,-2,-8,-34,-42,-35,7,2,14,13,-39,-63,-75,-16,0,8,10,7,-9,-35,-56,-17,1,2,7,8,-20,-3,-10,-6,-26,-5,-8,0,0,-4,-12,-16,-26,-6,-6,5,-13,-4,-7,-15,-14,-2,-10,0,4,3,-4,-3,-18,5,-6,-10,-5,-12,-11,-1,-23,-10,6,-4,2,-2,0,2,0,1,-1,1,30,57,53,12,-4,-5,-1,-5,0,27,28,11,8,4,2,3,-5,2,2,2,0,2,1,-2,-3,-3,-1,-2,1,-2,-1,-2,-3,-3,-1,-2,-2,-1,-1,-2,-2,0,-1,1,1,-1,-1,-1,-2,1,2,0,-1,2,0,-1,29,26,16,-4,-4,1,-1,-3,-2,18,59,-5,-2,1,-3,-4,1,38,0,7,-10,2,2,-1,5,6,3,0,5,2,-3,-2,-4,-2,-1,-5,-1,-3,-3,-4,-4,-5,-5,-5,-4,-2,-2,-4,-3,-3,-3,-3,-5,-5,-7,-2,1,-5,-3,-4,-1,-7,-3,-2,13,31,16,-3,-13,-5,-10,-8,16,22,41,-3,-3,-4,-2,-5,-1,28,-8,13,-5,2,-6,-4,12,-7,13,-7,2,-3,-2,-7,-5,0,-2,-4,-6,-5,-4,2,-5,-1,-5,-6,-4,-5,-4,-4,-3,-2,-6,-3,-2,-7,-3,-11,-5,-12,-5,-1,-4,-4,-6,-8,50,74,41,1,-7,-9,-5,-6,57,63,56,4,7,-4,-4,-4,1,40,-6,24,-16,-5,-6,-9,19,0,15,-9,0,-10,-4,-10,-1,-5,-1,-8,-9,-8,-8,-6,-4,-3,-8,-7,-11,-5,-9,-4,-3,0,-3,-6,-12,-7,-7,-7,-5,-1,-4,-4,-9,-5,-5,-5,49,75,69,10,-16,-7,-15,-15,58,84,91,11,10,4,-15,-10,-1,75,3,76,-13,-12,-18,-30,42,-13,45,-19,7,-18,-7,-18,0,-7,-2,-9,-12,-13,-20,-31,-13,-7,-8,-14,-21,-6,-11,-9,-10,-6,-6,-8,-12,-8,1,-3,-11,0,-7,-6,-13,-7,-4,-6
-1,0,1,2,2,-1,1,-2,0,-4,0,-1,-1,7,-8,3,-3,-5,-3,-7,-1,-4,-1,2,3,-5,3,8,0,4,-2,0,-2,-4,-6,-19,-1,-9,1,-4,-22,2,-10,19,-9,-1,-6,-9,33,13,34,12,17,-7,-5,-1,1,0,2,1,0,2,-2,-2,-16,9,-14,3,2,16,-5,2,12,-40,28,-12,-5,-10,-4,10,15,-6,2,12,-12,1,-24,-1,-30,21,2,0,0,-28,17,-28,-20,-1,-27,8,-28,-9,-9,-11,16,-18,22,-14,6,-16,2,-9,13,-9,10,6,-10,27,-19,6,-2,7,-6,-14,-8,-12,5,-10,-4,21,3,-8,6,-3,12,-6,-5,-2,-3,5,-5,6,-7,21,0,3,1,4,-7,-19,27,-10,1,-1,1,-1,-7,24,-13,0,1,-8,-25,-11,11,-4,-2,-21,1,7,-11,41,-7,7,-7,-6,6,3,36,-8,4,-32,-3,5,-9,8,-5,19,-21,-1,4,-5,10,14,6,8,16,12,5,20,24,17,3,13,21,4,24,7,17,14,12,2,9,21,-2,9,9,7,-4,-10,18,-3,-17,-3,13,-5,0,1,9,7,-19,2,-9,6,-16,-3,-2,-6,-2,1,0,20,-21,-2,1,-7,3,6,14,10,10,4,22,8,15,19,7,17,12,11,21,15,40,3,22,16,3,12,18,22,28,28,5,15,9,15,8,4,17,-8,-1,12,14,9,16,25,-18,18,-12,-22,4,13,25,5,-5,-3,5,-19,-7,24,-25,27,-10,5,-13,-6,5,12,36,18,9,3,14,6,-5,-16,2,9,0,22,-1,2,0,-3,-1,1,-1,0,19,21,-19,-24,9,14,-27,27,23,-30,1,-11,7,-1,-9,3,3,0,-7,-4,-6,-2,0,1,-5,12,-3,-3,-1,-1,5,-1,-3,11,-8,4,-2,0,3,-1,-1,0,-1,1,-3,0,-1,0,1,-1,-1,1,1,2,-1,-1,8,-8,-38,-7,20,-4,-11,8,20,-9,6,-26,5,0,-19,16,-4,-2,-24,-12,6,-25,-11,-1,-2,-6,-20,1,-13,3,-4,-16,-10,7,-2,-11,5,-9,0,-15,-1,2,-22,1,-18,-2,-21,-6,-4,-13,2,-4,3,-10,-11,-3,0,-2,5,5,-8,2,-6,-7,10,-12,-14,-12,22,-12,3,-5,0,-13,1,-3,-14,9,-40,7,17,-12,-37,-15,22,-31,-8,-16,-14,-11,-43,-5,-46,-7,-2,-7,-7,9,-9,-35,7,-19,9,-15,-7,-4,-33,-9,-28,-3,-17,-1,3,-41,6,-4,0,-13,-15,-4,-30,1,-3,9,-6,-1,-17,-6,0,3,-42,-13,29,-6,-26,-11,13,-36,17,-5,-25,3,-19,14,11,-21,-41,-9,21,-27,7,-27,-21,-12,-38,-23,-38,-5,-5,-22,-16,29,-15,-20,32,-23,0,-23,-3,-16,-28,-10,-26,-6,-24,-3,-20,-19,12,-16,-7,-14,-15,-8,-1,13,3,8,-14,-2,-2,-5,7,-77,-74,-43,39,-8,24,-26,25,-35,33,-59,-26,19,-69,38,8,-66,-62,-54,38,-91,37,-64,-80,-24,-55,-39,-57,-22,-42,-31,-25,42,-40,-46,44,-84,-14,-60,3,-39,-67,-26,-74,-23,-84,-19,-29,-63,10,-29,-10,-38,-44,3,-26,31,0,4,-17,-19,-17,-3
3,2,2,-2,2,-1,0,2,0,2,3,-12,5,0,-1,-1,-1,3,-5,-7,-1,3,-1,1,0,-4,-2,-45,3,-1,3,1,-1,1,7,62,2,-8,0,0,5,0,11,-22,7,2,1,6,6,6,10,9,-13,2,-2,-3,0,-1,2,2,-1,2,0,0,1,15,9,13,5,14,3,19,9,21,3,14,0,8,5,6,17,9,8,20,7,-3,11,2,13,-13,31,-7,10,7,4,6,12,6,0,4,8,4,-3,-2,5,14,8,0,9,7,6,3,-5,7,-1,17,3,10,4,-14,9,-1,10,-3,-1,9,6,0,7,5,7,-1,-2,6,-5,7,3,4,6,7,5,2,4,5,4,2,9,15,-3,6,12,-1,8,2,11,-34,9,8,5,1,6,9,-6,9,8,-4,6,7,8,-3,13,8,-1,13,14,1,8,-1,11,2,11,2,5,14,9,6,-8,8,9,6,0,0,9,11,12,8,13,10,12,11,7,15,11,9,11,16,9,10,15,18,15,12,13,9,14,9,8,15,10,3,11,8,4,5,0,6,15,8,10,16,6,10,4,13,13,2,17,11,-2,9,8,18,21,11,13,14,12,8,7,5,12,9,17,12,7,11,14,14,16,14,17,22,10,6,6,15,14,14,16,20,7,21,10,12,14,29,3,14,12,14,14,11,26,9,8,13,13,18,6,1,-10,-10,13,15,13,20,12,18,21,28,7,9,13,-4,-3,17,32,20,10,17,5,3,8,7,11,11,-12,20,14,12,-2,-1,-2,-2,-2,-1,-2,1,-17,13,10,-25,9,3,-18,14,-4,1,5,-3,1,0,-7,-1,0,-11,13,-13,3,-10,-1,-5,0,-19,29,-21,17,-7,0,-4,-1,-7,13,-13,7,-4,-1,-3,-3,-4,5,-5,3,-3,0,-3,0,0,0,2,2,-1,-1,2,-13,-9,-11,-10,-1,-16,-10,-1,-16,-11,-22,-8,-8,-11,-11,-6,-35,-11,-3,-7,-11,-11,-14,-13,-12,-15,1,-7,-15,-11,-7,-11,-9,-14,-43,-11,-25,-6,-10,-11,-7,-16,4,-19,-2,-12,-10,-5,-4,-6,-5,-7,-9,-9,-1,-7,-11,-6,-8,1,-12,-4,-8,-8,-2,-11,-1,-8,-7,-5,-10,4,-10,-7,-11,-10,-1,-5,-5,-11,-4,-3,-6,-8,-4,-7,-9,-3,-7,-8,4,-15,-12,-8,-1,-13,-9,-19,-49,-9,-16,-8,-13,0,-12,5,9,-4,-2,-4,-9,-7,0,1,-6,-3,-3,-4,-1,-10,6,0,-8,-4,-4,-3,-12,0,-12,-5,-11,-27,-5,-8,-19,-12,-13,-7,-3,-6,-1,-7,-13,-9,-15,-9,-6,-10,-21,-13,-13,-12,-16,-15,5,-16,-12,-9,-19,-13,-2,-4,-50,-3,-6,-9,-9,-9,-10,-7,19,-9,0,-10,-8,-10,-16,-11,-1,-10,-13,-18,-11,-11,-10,-8,-4,-11,-6,-8,-10,-11,-19,-1,-16,-28,17,14,-28,-17,-5,-13,-26,-10,33,-17,-22,-15,-24,-18,-1,-3,-35,-13,-31,-19,-24,-4,-3,-15,-36,-24,-30,-18,-13,-15,-75,-22,-32,-15,-15,-23,-25,-15,21,-18,-11,-22,-27,-16,-13,-18,-20,-16,-19,-21,-20,-26,-21,-15,-23,-22,-22,-24,-26,-27
0,-1,0,-2,-2,1,0,2,0,4,0,-1,14,5,-3,-3,5,5,0,-1,4,0,1,-1,2,6,12,1,1,4,0,-2,3,14,1,0,-6,-2,4,0,15,-15,36,24,25,1,-3,-22,-6,37,-1,30,5,14,-12,10,-1,-1,0,-1,-2,-2,0,2,10,10,-4,2,2,13,8,22,0,19,8,2,9,9,17,-3,13,3,1,0,-6,5,18,9,19,-12,24,9,5,10,-8,-1,9,18,-1,1,-13,5,13,1,1,22,0,37,10,-3,7,8,22,12,20,1,13,12,13,9,17,-13,7,18,21,9,-4,21,9,8,10,1,6,6,13,21,16,10,10,11,5,6,16,11,0,4,17,4,-5,1,17,12,3,1,23,0,11,8,9,6,20,-12,9,8,-8,-7,7,4,-16,7,23,17,15,2,10,-5,12,21,13,28,1,18,3,14,6,-2,16,13,7,-20,7,8,7,4,-1,6,-4,10,7,25,2,9,-4,-1,10,-6,14,1,-1,5,-9,-4,-1,-1,8,9,9,-4,12,7,20,11,-3,6,10,11,13,-9,-2,-3,4,12,3,-18,-2,-2,7,-17,-1,21,5,10,0,5,10,13,1,25,17,-5,8,15,11,18,20,16,16,18,17,9,2,6,13,30,19,23,18,11,15,8,16,1,14,16,0,23,-8,11,14,24,14,-7,32,17,25,4,13,7,20,5,1,0,-8,17,9,30,-44,14,15,-2,24,11,12,2,19,27,19,31,23,22,18,35,12,17,14,27,5,18,20,11,-1,1,2,0,-2,-2,-2,1,-23,-2,-8,-6,-5,-17,-29,21,-3,5,-11,-4,4,-10,7,-8,2,1,10,-1,3,-1,5,-4,5,-16,4,-19,-13,-5,-2,-1,-1,-3,18,8,2,0,-2,-2,-6,7,-3,7,-6,-3,0,-1,0,-2,0,1,-2,0,1,1,-5,9,-4,-17,18,2,5,0,-9,7,5,3,-13,-48,17,14,4,-37,-4,-5,-5,18,-33,-11,-3,-11,6,-8,-22,-9,7,-6,-4,1,-12,6,-16,-2,-4,-20,-10,-16,9,-3,-2,-12,-10,-10,-7,-2,-11,4,-4,-4,-13,-4,-15,0,-7,-7,-4,-18,-5,0,-17,4,-11,-20,1,-22,9,-13,-8,-5,-12,1,-13,-8,-27,19,-1,-21,-1,-4,-10,-19,6,-9,-2,-4,-4,2,-35,5,0,-6,0,8,3,-17,-17,-3,7,-12,-7,-9,-19,3,-8,-13,-9,-8,-10,2,-6,3,-4,-8,-24,-7,-7,-14,1,-10,6,-4,-22,-17,-11,-16,-27,-39,-27,-18,-8,20,-5,-11,-14,-6,-20,-13,12,5,-9,-15,1,0,-7,-7,-4,14,4,-1,1,-8,-13,-9,-14,0,-8,8,-7,-4,-8,-7,-9,-15,2,-8,-1,-14,-1,-12,-14,-13,-11,1,7,1,-7,1,-28,-11,-4,-8,7,-8,-3,-10,-5,-9,-10,-15,-88,-82,-29,-82,7,20,-13,-18,-41,8,-37,-82,-32,14,-17,-42,-18,-13,-31,-8,-22,10,-15,-10,-24,-20,-51,-27,-15,-23,-10,2,-19,-17,-21,-16,-25,-41,-9,-20,-41,-19,-8,-33,-34,-23,-22,-9,-12,-8,-16,-9,-32,-44,-10,-20,3,-21,-12,-18,-15,-6
2,-2,-1,-2,0,1,1,1,7,3,12,7,1,6,0,3,5,1,4,9,-3,11,0,2,7,-3,15,-1,-3,13,0,6,1,5,0,34,3,6,-2,2,-6,-6,-6,-11,-14,-7,-7,4,4,-36,-16,1,-6,24,30,19,-1,2,1,-1,-2,0,-2,1,10,4,20,5,-3,7,0,-8,1,-2,1,15,7,8,1,-1,0,-4,24,0,-11,1,7,11,-1,18,6,27,-1,6,-2,-6,20,-3,36,-17,1,-15,18,4,-9,-22,0,11,1,42,4,-4,17,-5,11,-9,-1,11,16,25,-12,24,-15,27,10,20,-7,-6,13,25,-2,2,9,-3,7,7,15,7,10,6,-4,0,4,9,-4,19,6,3,-1,7,4,-7,27,-14,29,12,-3,11,-14,13,-2,-1,-17,30,-5,7,2,-12,4,-9,35,-10,-9,14,-7,16,-4,-2,4,23,-3,30,18,1,21,6,-4,-9,14,-5,39,9,4,3,-1,2,7,7,5,6,8,6,8,-2,20,3,13,5,18,6,-1,11,30,-3,9,3,-3,4,10,5,15,5,13,5,16,1,16,-3,22,6,9,14,19,18,-11,14,30,2,27,5,-4,-2,2,-7,20,-11,-5,-3,6,6,3,5,21,-4,15,1,10,11,4,10,11,12,17,29,13,17,15,11,17,6,15,-1,19,18,9,16,13,5,17,4,16,12,31,4,2,20,11,15,10,11,8,15,5,23,6,4,19,15,3,-2,16,21,24,23,1,-6,-11,43,24,17,24,9,-3,0,-15,-23,-18,-2,32,28,-2,1,1,0,-1,0,-2,1,26,5,-4,0,-7,-4,-1,-22,-3,-1,3,0,-2,-5,2,-3,-4,3,-6,0,-5,-4,-1,-1,-2,1,-4,-6,1,-3,-4,-1,-3,-2,0,1,2,-4,-2,0,-1,-2,-1,-5,2,-6,-3,-1,-1,-1,0,-2,2,0,0,2,-1,-20,0,-8,-11,-8,-12,-5,7,-14,4,-4,1,-7,-21,1,-18,24,8,17,-8,-9,5,-12,6,0,-18,-11,28,-3,-4,-8,-8,8,-20,-2,2,-7,8,-7,-9,-15,23,-11,21,-11,-6,-4,-7,-10,-15,-4,-7,-8,-8,-10,1,-6,-7,-7,-1,-3,-5,-5,4,-27,-6,-11,-13,-5,11,-13,-5,-3,-8,4,-26,-2,-18,1,-2,9,17,-8,-6,-15,-3,-10,2,-2,-22,-12,33,-2,-4,-9,-1,15,-13,-2,13,-14,13,-9,-17,-6,33,-3,25,-10,-16,-10,-12,-2,-10,-7,-8,-18,-3,-9,-5,0,-4,1,-4,0,-5,-7,-2,-33,-23,-10,-37,-18,-20,-13,34,-3,-8,-7,-30,-7,-15,3,-25,40,21,-2,-8,-22,-17,-15,7,-11,-27,-30,58,-10,-15,-5,-15,40,-34,28,35,-25,38,-6,-17,-7,45,-21,47,-17,-25,-7,-7,-4,-26,-1,-21,-17,-9,-2,-8,-6,-11,-5,12,-8,2,-4,-22,-53,-42,-11,-45,-37,5,-15,43,-82,-49,-46,-76,-17,-42,-13,-32,55,34,8,-6,-31,-21,-34,10,-44,-44,-59,60,-37,-47,-29,-34,46,-58,35,42,-45,51,-40,-39,-27,60,-35,58,-35,-66,-23,-12,-13,-41,-19,-30,-43,-16,-6,-20,-10,-28,-11,14,-8,3,-23
0,2,-1,2,0,1,-2,0,-2,2,-1,5,2,0,-1,0,0,1,-3,1,-3,1,-2,-1,-3,-1,2,1,1,-2,-2,-1,-5,-4,51,1,2,-2,0,0,-10,20,89,19,-14,0,3,2,1,12,-107,17,2,5,4,7,2,-2,1,-2,-2,2,2,-2,7,1,-8,2,-6,1,-1,-1,0,0,-1,2,0,1,-7,3,4,-1,7,0,6,0,0,-2,3,2,4,4,2,-1,1,1,-8,7,-23,6,2,4,1,-3,6,4,-21,4,4,-7,-1,-3,11,8,-11,8,6,1,8,1,7,9,-2,3,5,6,5,-3,1,0,4,4,3,7,3,1,-4,2,7,5,-1,5,5,5,2,7,3,3,4,5,6,7,5,3,-1,1,2,7,-2,4,9,2,4,6,9,5,5,3,7,4,-1,3,8,7,4,6,1,4,1,10,3,8,9,8,-6,-3,-16,8,4,6,2,3,4,6,12,6,5,5,-1,1,8,5,14,11,-2,3,3,-1,1,5,11,11,3,-2,-3,-3,9,2,10,7,0,8,-1,-5,1,4,6,0,3,0,-5,-3,-3,-8,-34,-2,-10,-8,-4,-5,-3,-11,-41,-3,-1,-5,-8,-2,3,9,-5,3,2,4,5,4,5,16,13,7,-14,15,-1,8,-13,6,-10,28,18,-6,25,28,8,15,9,19,12,-7,11,1,33,4,20,-2,-3,25,15,21,-10,-6,32,21,18,21,16,4,17,9,-6,4,11,7,16,-3,5,-9,-17,2,-3,5,12,10,9,11,-1,6,14,11,-4,0,0,-1,-2,1,-2,2,-2,0,-5,-12,-25,-19,-16,-2,3,-17,-2,0,-7,-4,-4,-3,0,0,1,-1,-1,0,-2,-2,1,1,4,1,-3,0,2,1,1,0,5,1,-60,1,4,1,2,2,5,-36,-124,-39,4,2,4,1,2,2,-2,2,-1,-2,0,-1,2,-1,1,4,3,2,4,2,2,-14,0,-10,-3,-4,2,5,-16,-12,-12,-5,-5,-2,-5,0,-17,-24,-32,-25,-21,-8,3,-2,-23,-69,-11,-48,-15,-22,-6,3,-55,-50,-74,-37,-35,-6,-20,-5,-122,-1,-93,4,-55,-11,-14,4,-68,-14,-57,-13,-64,0,-14,-6,-1,-6,-11,-10,-3,-23,-2,-25,-16,1,-1,-7,-24,-5,-25,-48,-8,-22,-2,-19,-6,-30,-33,-28,-40,-5,-21,-8,-31,-42,-28,-8,-51,-36,-4,-29,-35,-25,-6,-7,-37,-48,-75,-44,-30,-5,-10,-4,-8,-17,-105,-19,-7,-22,-2,-18,-40,-46,-33,-38,-37,-2,-16,-2,-11,-15,-30,-12,-7,-7,-7,-10,-8,-9,-30,-8,-12,-7,-9,-9,-7,-14,-35,-7,-9,-15,-8,-11,-11,-14,-42,-13,-12,-12,-8,-7,-23,-17,-61,-15,-10,-13,-5,-10,-26,-13,-23,-4,-16,-12,-14,-10,-43,-8,-113,-3,-23,-22,-20,-19,-23,-15,-45,-14,-20,-20,-21,-17,-33,-50,-31,-42,-32,-43,-32,-43,-30,-33,-37,-50,-33,-27,-37,-60,-38,-41,-47,-36,-42,-41,-62,-48,-52,-48,-60,-48,-35,-39,-53,-26,-43,-55,-55,-56,-72,-40,-10,-26,-39,-52,-50,-66,-32,-54,-20,-51,-34,-16,-62,-11,-19,-27,-11,-53,-38,-45,-50,-33,-51,-33,-41,-33
-1,-1,-3,-2,2,1,2,-1,-1,-1,0,0,-5,-3,2,-9,1,-1,-3,-3,-5,-4,-3,-22,-2,-2,-4,-3,-3,-7,-7,-15,-5,1,-3,0,-2,-17,-3,92,-2,-5,-8,-3,0,-11,-1,-50,-15,-8,-6,0,-5,-5,20,-22,-3,1,1,1,0,1,-1,-1,0,-1,1,-2,-2,-1,5,2,1,-1,3,-6,0,9,-2,2,-1,1,0,-3,1,-3,-1,0,-1,2,-6,1,1,1,3,1,-6,-2,3,-2,-5,8,-4,-6,1,-7,2,-7,-1,1,13,-7,-4,-1,5,-7,-8,7,6,1,-2,2,-1,-5,3,4,9,2,6,0,7,3,1,11,-1,-6,0,3,-2,6,5,0,7,0,6,2,2,3,4,0,-1,6,-1,4,0,2,-7,5,11,7,-1,1,1,0,5,3,3,44,0,0,-2,3,5,10,16,8,8,-3,4,7,3,-6,15,5,-1,4,8,0,-1,10,7,6,1,1,4,3,3,3,3,9,2,2,1,3,3,4,3,11,3,1,4,0,1,7,15,9,7,5,3,0,5,1,4,3,7,0,5,1,6,3,3,0,5,7,5,8,4,5,17,10,6,4,3,2,-1,1,9,12,4,2,3,6,2,5,11,7,14,12,23,15,17,18,9,11,15,20,16,18,15,6,26,12,16,17,18,15,16,19,22,5,19,12,16,15,10,14,30,11,17,11,13,10,22,19,19,21,13,5,8,9,19,36,19,18,10,5,8,3,11,23,35,24,18,7,11,-1,21,15,19,26,-2,-1,0,0,-1,2,0,-2,-9,-18,-5,-15,-15,-16,-5,-20,-3,-5,-5,-5,-2,-11,-3,-4,-1,-2,-4,-3,-3,-5,-7,-4,0,1,-2,1,-1,0,-3,-6,1,2,-1,0,1,-1,13,-13,1,2,-1,1,0,0,-2,-9,0,-2,-1,1,-2,-2,1,-2,0,-6,-3,-2,-2,-5,-2,-7,0,-1,-1,-5,-3,-4,-6,-9,1,-2,-6,-9,-10,-12,-17,9,1,0,-6,-5,-6,-6,-10,-3,1,-5,-3,-7,-2,-9,-5,-1,2,-3,-6,-4,-5,-11,48,-15,2,-4,-1,-3,-6,-5,-7,-6,-1,-1,2,-1,-7,1,-8,-1,-5,-3,-15,-7,-11,-3,-10,-3,-3,-10,-3,-18,-14,-9,0,-7,-12,-6,-7,-4,-19,-21,-6,23,-6,-7,-9,-6,-6,-13,-7,-3,-7,-4,-8,-5,-8,-4,-10,2,4,-7,-5,-10,-7,-9,51,-16,-6,-3,-8,-4,-9,-15,-6,-5,2,-4,-1,-8,-8,-7,-1,-10,-8,-16,-8,-12,-15,-11,-24,-15,-13,-20,-10,-16,-8,-18,-8,-21,-9,-17,-16,-15,-19,-16,-26,3,-9,-7,-22,-18,-14,-16,-17,-32,-15,-20,-22,-21,-20,-26,-25,-26,-4,-15,-16,-14,-13,-18,53,-15,-14,-11,-10,-10,-15,-17,-14,-8,-11,-10,-11,-11,-13,-10,-14,-7,-21,-51,-33,-37,-36,-38,-33,-49,-29,-35,-34,-35,-28,-38,-9,-46,-28,-26,-25,-29,-49,-35,-45,67,-33,-30,-46,-52,-41,-42,-38,-26,-29,-33,-34,-25,-48,-48,-22,-25,-1,-30,-33,-27,-33,-32,58,-35,-18,-34,-23,-18,-26,-33,-26,-34,-18,-19,-16,-17,-18,-24,-24,-32
-2,0,1,-2,-1,-1,2,0,3,-2,2,-2,-8,-1,-2,6,4,8,1,6,0,-3,-2,4,2,-10,-8,-10,3,-3,6,4,-5,10,2,21,-2,-7,1,-3,16,18,4,-28,2,12,-4,-4,1,-20,-3,13,-1,-12,15,4,-2,1,1,2,-2,-1,-1,-2,8,8,3,-4,8,0,18,-5,5,-7,27,-4,-1,6,7,5,7,18,-3,4,3,5,14,0,1,15,-6,12,-15,2,-14,1,19,18,-23,-8,1,-4,4,-9,0,23,13,16,-21,-17,12,14,26,-19,-21,-1,23,-10,2,0,-4,-3,0,18,-3,-12,-24,6,10,4,3,6,11,7,12,12,-20,18,-6,-5,-4,14,10,-1,13,2,11,13,17,4,5,4,-5,12,-13,17,5,-6,9,8,-5,-6,27,21,8,-2,-1,-3,2,13,4,-11,23,13,14,8,7,17,-2,24,1,-10,8,5,-3,7,7,1,6,10,-12,9,10,15,14,5,24,7,14,4,27,-2,6,11,4,11,3,19,12,4,13,3,6,9,-6,10,28,0,10,0,14,2,1,11,18,-1,6,-2,6,-3,-3,25,21,-6,-7,-8,-6,6,-3,16,2,7,2,10,1,3,6,21,25,3,11,10,13,22,17,32,14,8,13,15,34,23,22,10,19,28,5,12,12,28,35,30,21,8,12,14,28,11,4,11,12,15,15,13,1,15,13,24,7,6,23,6,13,15,19,8,34,9,9,3,34,0,15,19,9,-9,20,16,7,28,23,25,7,26,24,5,-1,17,34,25,0,0,0,-2,-1,0,0,1,4,-32,-12,-58,21,-53,-11,-22,2,-14,0,-3,12,-9,-12,7,0,-6,-2,-4,-2,-6,-10,5,-3,-1,-8,2,-7,8,-3,2,-5,-3,3,-2,-3,0,-1,1,-3,2,4,-5,2,3,1,1,2,-1,-1,-1,-2,-1,0,3,11,-9,-15,-11,-10,0,-7,10,-6,-8,-20,-1,10,-2,-61,-9,11,-4,-27,-23,6,-43,-7,-4,-12,-16,-5,3,2,-24,-13,-14,-5,-21,-16,-15,-17,0,-7,-9,-13,-14,20,-10,-9,-13,-13,-9,1,1,-7,-12,-16,-1,-6,-9,-12,-6,-5,-6,-10,-6,-7,-8,5,-8,-18,-12,12,-12,-41,-14,-5,-18,1,-40,20,-22,-11,-24,8,-1,-47,-3,-9,-7,-41,12,1,-19,2,-1,-6,-22,2,-12,-30,-14,-21,-12,-18,3,-19,-9,-15,-17,25,-18,-7,-14,-3,-12,-9,1,-11,-6,-15,-3,-13,1,-8,-9,0,-10,-3,-11,-7,-15,36,-26,-19,-19,34,-37,-14,7,-22,-25,-12,-13,1,-10,-18,-23,20,-22,-37,-19,-20,-28,-24,5,-12,-16,2,12,-15,-23,-18,-14,-20,-30,-21,-17,-27,4,-21,-10,-26,-21,19,-26,-23,-13,-33,-11,11,-3,-27,-17,-16,-3,-9,-10,-9,-5,5,-24,-15,-3,-10,-3,34,-67,-92,-75,41,-40,-72,2,-57,-37,-34,-46,22,-35,-26,-85,26,-54,-76,-58,-56,-35,-62,16,-25,-48,-3,11,-26,-80,-52,-43,-41,-57,-38,-56,-56,6,-54,-18,-48,-40,24,-37,-32,-40,-48,-32,18,-20,-46,-31,-34,-21,-20,-34,-15,-14,10,-29,-29,-12,-22,4
2,-1,0,1,1,-2,-2,-2,0,-11,-3,-118,5,5,0,1,-9,-1,-61,1,4,0,0,1,-1,-4,-1,1,2,4,2,0,0,-2,-1,1,3,4,3,1,4,6,4,3,4,4,3,0,4,4,4,6,2,-5,8,1,0,1,0,2,-2,0,-1,0,15,-9,4,-11,3,12,8,8,-21,4,-14,-36,-2,7,5,5,8,-7,-26,-14,5,3,8,8,-7,-5,0,-1,-5,7,6,6,6,-1,-2,-2,3,4,4,10,3,6,-18,0,12,0,8,0,5,4,6,1,-5,8,7,3,8,-1,9,4,9,3,2,4,-1,4,-4,-6,-5,12,9,5,-1,-5,-5,-75,6,8,1,10,-4,-1,-60,-1,2,3,7,6,8,-19,5,-10,2,5,5,9,-7,5,-2,4,1,4,4,3,12,10,3,-1,5,5,6,6,9,8,4,4,6,0,7,7,4,2,10,3,7,2,2,4,3,-5,-3,-13,16,17,12,12,-5,-5,-21,-13,6,5,10,7,4,-67,-1,-15,-12,12,6,5,-12,1,-26,-9,2,5,3,3,10,-27,0,-2,0,2,2,14,9,-1,9,3,-2,10,11,8,15,4,12,9,15,16,12,10,16,10,12,14,20,20,20,13,2,5,0,3,10,30,22,19,8,-8,-3,-13,12,13,13,21,-3,-1,13,-2,-3,9,16,12,-3,-19,-7,-11,15,9,16,18,20,-4,16,4,4,17,12,13,18,1,12,10,18,13,18,18,18,13,12,19,22,12,4,19,15,19,12,13,26,7,20,9,-1,0,0,2,-1,-2,0,-2,-10,6,-6,10,-7,0,4,-8,-2,-6,-50,-4,2,0,0,-5,-2,-28,-8,-1,-3,4,0,-1,-3,-3,-7,-5,1,0,1,-1,-3,-5,-5,-5,-2,1,-1,0,-2,-4,-4,-2,-2,-1,-1,-1,-1,-1,2,1,1,0,1,2,-13,3,4,-8,-6,-14,4,-6,-6,-11,-18,-42,-19,-8,-6,-5,5,-7,-17,1,-13,4,-6,-9,-3,-12,-4,-4,8,1,-8,-8,-7,-1,-5,-1,-6,-7,-5,-8,-5,-8,-5,-13,-10,-4,-7,-6,-9,-6,-6,-9,-7,-9,-15,-11,-9,-7,-13,-7,-10,-10,-5,-9,3,-14,-1,-6,19,-5,-13,-1,0,15,-15,21,-7,-6,2,-11,3,-3,74,-12,-1,0,-10,-3,-3,72,-5,1,1,-1,-3,-10,59,-2,-4,1,4,-4,-4,-5,-9,-9,-4,-4,-5,-1,-7,-9,-8,-5,-8,-6,-2,-10,-7,-14,-11,-10,-6,-2,-13,-2,-15,-12,11,9,15,20,24,3,-14,-21,9,14,20,8,15,3,-3,-5,24,11,45,15,-1,-2,-16,2,15,23,12,13,9,7,-4,-13,18,9,6,7,-5,-2,-4,-1,2,0,5,-5,-9,-9,-9,-7,3,-4,-1,-5,-8,-12,-7,-4,0,0,-1,-3,-9,-8,-4,-4,1,12,5,-4,35,-27,-19,-43,10,33,18,45,19,-11,-3,-10,38,19,103,17,-11,-1,-7,-15,14,77,4,19,14,-8,1,3,69,11,14,11,11,-8,6,-12,-2,1,3,1,-11,5,-9,-15,-2,-1,-2,-3,-3,-8,-8,-4,3,6,-3,-2,-11,0,-13,4
0,-2,-3,-2,-1,1,1,-2,-11,36,-7,37,-1,-1,2,2,-8,-16,-14,0,0,2,2,2,-6,-5,-3,-5,3,3,3,4,-5,0,0,-3,-4,5,1,2,-4,-5,0,5,2,6,9,3,-3,3,-1,9,8,3,-7,7,-1,-2,2,-1,0,2,1,2,-19,14,-27,23,-7,2,-1,-6,9,15,-3,43,-1,-1,-3,0,13,-1,10,-1,14,1,-13,5,16,-4,10,5,8,1,2,-1,4,6,6,9,-3,-2,4,-2,-1,5,-11,1,2,7,-2,-1,3,-3,0,7,4,0,5,5,9,0,2,4,0,-3,4,6,22,12,-87,10,6,2,13,0,14,43,6,17,0,1,-1,2,20,12,30,8,9,5,-6,-1,6,14,9,22,7,1,7,-7,6,3,10,15,11,2,-3,8,4,2,2,10,14,14,11,5,7,-2,6,2,9,15,15,4,8,10,4,-4,6,-3,20,10,7,13,-1,9,15,6,8,3,-15,0,-28,15,2,8,5,2,16,27,15,18,17,17,13,8,3,17,0,16,8,7,13,4,7,17,10,12,9,5,14,11,9,15,4,24,10,5,14,7,5,19,7,16,3,0,7,8,4,21,9,17,10,7,10,12,-3,8,-11,12,11,2,12,-11,27,21,17,44,24,13,18,13,39,29,31,29,13,20,20,1,27,27,15,16,25,25,23,23,0,13,41,18,26,17,-1,20,13,35,7,34,24,13,20,31,33,33,39,45,42,32,30,36,22,19,17,33,21,35,41,30,2,1,0,0,0,-1,-1,-2,19,31,-36,36,-21,-11,17,-24,17,28,-20,35,-18,-2,2,0,4,-4,-1,-10,-4,3,0,-2,1,0,1,-5,-4,0,0,-1,-1,1,-1,-5,0,-5,-1,2,2,2,0,-4,-5,-6,-5,-4,-1,0,0,-1,1,2,-1,-1,20,15,-15,-3,-9,-8,11,4,45,3,11,-2,-1,-10,-2,-14,-6,-2,-3,0,10,-10,1,-15,-13,-2,-11,3,-12,-3,-9,-4,-8,-8,-5,-4,-3,-6,-5,-4,-6,-11,-4,-2,-1,-1,-5,-7,-6,-10,-6,-7,-1,3,-2,-4,-2,-2,-9,0,-9,-1,-1,-4,0,1,-13,-1,-1,1,4,-1,-17,-23,-2,5,-4,-5,-5,-10,9,-17,-14,-4,-6,-10,-2,-8,-14,-25,0,-15,-2,-2,-11,-4,-31,-4,-14,-6,-5,-10,-12,-14,-9,-12,-6,-7,-6,-7,-15,-10,-12,-5,-2,-2,-10,-6,-17,-11,-9,-6,-1,-6,-8,-6,-3,-12,9,1,-14,6,-21,-16,8,-9,0,2,-2,-16,-10,-16,-17,-14,-3,-15,16,-12,9,8,-9,-6,-16,-30,7,-12,-12,-6,-11,-7,-6,-27,7,-9,-12,-6,-8,-6,-14,-17,-2,-15,-14,-6,-18,-10,-14,-23,-1,-16,-14,-7,-14,-6,-10,-9,-1,-9,-7,-6,-5,-4,-10,-9,-25,-18,-56,-14,-18,-24,-23,-12,-2,-31,-14,-30,-29,-54,16,-24,47,-25,-5,-7,-29,-27,-28,-39,2,-24,-34,-12,-26,-18,-8,-32,-7,-22,-22,-10,-18,-11,-20,-18,-16,-15,-11,-3,-24,-31,-18,-29,-18,-24,-21,-21,-22,-2,-35,-11,-13,-10,-10,7,-18,-10
-2,2,-2,0,0,1,-1,1,-15,27,-9,-14,-2,3,-1,-2,-15,-19,-7,-4,-2,2,0,2,-11,-12,-2,-3,0,1,0,-1,21,-18,8,-2,4,2,3,4,-5,37,-7,-9,-1,-4,-8,-5,17,16,-9,-9,4,3,-11,6,2,-1,-1,2,-2,1,2,2,-10,3,9,-4,-5,-3,3,-3,-2,-5,-6,-4,-4,1,-4,3,0,-5,2,1,-6,0,-4,0,-5,9,-19,-10,-2,-8,-1,-4,9,11,5,-12,-14,-4,-1,-3,1,-1,6,-4,6,-4,0,6,0,9,-14,-13,1,-2,-14,-3,-15,7,-4,-3,15,-8,6,-3,19,1,10,8,7,3,5,7,-9,30,-7,-1,5,2,2,7,8,-1,11,-2,4,4,4,3,8,-3,2,5,-7,-6,1,11,11,7,-1,6,4,-7,2,-3,4,12,4,-23,4,6,-8,-14,-3,5,-1,3,3,1,5,-7,2,0,-3,11,-5,-7,-1,21,17,5,8,9,8,5,8,10,-4,18,23,8,15,10,14,10,27,10,4,9,4,4,8,12,15,5,14,14,0,15,9,11,12,-6,0,6,0,6,-3,10,18,7,23,12,5,9,8,20,27,11,22,16,26,16,19,15,6,6,4,11,-2,10,3,0,16,5,17,25,15,12,8,13,-22,18,19,0,7,1,-11,-5,23,5,-8,10,10,-1,3,-6,15,15,1,6,2,2,0,3,1,-3,-18,8,-3,-12,0,-5,24,-7,-25,-23,-10,-19,-11,-2,13,-41,8,7,10,-7,-5,-37,18,5,16,10,-1,-11,5,-1,0,1,-2,2,3,2,0,1,25,-12,-6,-13,-4,-8,-5,0,19,29,-14,-11,-2,-4,-5,-5,11,2,-5,-3,-3,-5,-2,1,8,0,2,0,-2,-3,2,-1,6,1,3,7,1,-3,0,-2,12,-5,10,0,6,1,7,3,2,2,1,0,1,-2,-1,0,0,18,12,1,9,-1,6,7,12,-2,-29,6,11,-16,5,13,18,-33,-9,-13,-22,7,-7,4,6,-15,-16,-3,12,1,3,0,-6,-2,-9,3,2,-3,1,3,-15,14,-15,2,-2,0,-1,1,9,3,9,3,-6,-3,-2,3,12,-9,5,1,8,-4,0,0,-2,5,-9,-5,-7,-8,-10,-6,7,-9,1,-11,1,-24,-7,0,-13,-27,-15,-3,-13,-1,-12,-1,-1,-18,-27,-2,4,-9,-5,-9,6,-18,-14,-5,-4,-2,-5,-3,-13,11,-8,-4,-5,-6,4,-5,22,-7,-1,-8,-9,-2,-4,4,-2,-8,-5,3,-1,-1,3,0,-5,-31,11,-7,-4,-13,-26,-17,44,11,-19,-4,-20,-3,-11,-4,5,-37,5,-16,-12,-9,-15,-13,-12,-39,-26,-6,-9,-20,-6,-12,-8,-28,-17,-12,-1,-11,-10,-11,-15,18,-16,-15,-2,2,-13,-11,12,-17,6,-7,-14,-14,-6,-9,-10,-29,-2,-8,-14,-11,-7,-10,6,-29,15,4,-4,0,-63,-32,55,-16,-18,-5,-2,-38,-58,-12,26,-69,7,-44,-62,-36,-40,-30,-2,-46,-56,-21,-41,-56,-27,-22,-45,-74,-48,-28,-16,-34,-44,-29,-39,-9,-43,-40,-21,-7,-28,-14,30,-26,-26,-29,-35,-31,0,-35,-73,-30,-19,-11,-29,-37,-6,-10
-2,0,-1,1,0,-1,-2,-2,-2,0,-2,-1,0,2,-1,1,0,-2,3,2,3,10,-1,4,-2,-6,-6,-4,-1,-5,0,-1,-9,1,44,-4,0,-15,0,1,-11,-14,-18,25,1,60,0,1,-3,2,-10,-4,15,-18,15,-3,-2,-1,0,1,-2,1,2,-2,-5,3,6,5,-1,7,1,15,-2,-5,10,7,12,19,3,3,0,8,6,-8,-16,8,7,-3,-7,-13,8,-12,3,-8,-6,1,-14,22,-6,-13,-11,69,7,-12,-2,-10,18,7,1,-5,13,7,3,16,-8,-8,-3,14,-2,1,-7,5,70,6,18,4,5,1,8,19,2,-6,-7,3,10,9,-1,8,1,-1,2,5,4,3,8,-2,9,8,7,14,5,2,2,16,-6,1,5,6,-6,-5,-25,-6,55,4,8,10,1,6,1,-2,-1,21,-9,23,-2,6,4,4,-11,-7,29,-13,0,11,7,13,-2,-9,-7,40,-8,2,5,0,2,7,6,3,5,6,8,4,4,16,12,6,-1,3,3,1,-11,13,18,-16,-1,4,3,-2,6,25,6,17,5,-2,0,-7,-7,15,17,-10,-4,2,2,7,4,1,31,-14,12,9,5,-7,16,26,10,16,8,16,13,-6,-5,21,14,-10,8,10,19,11,8,7,3,1,21,5,7,15,10,12,18,6,-1,2,14,8,11,15,10,9,18,15,7,11,0,12,5,9,6,2,5,-15,20,21,20,-7,5,5,2,-2,11,14,28,21,23,10,12,12,28,1,30,-2,22,21,17,2,18,24,5,20,-16,18,1,2,0,1,-1,-1,-2,1,6,-8,-8,-4,-19,-6,7,1,-1,-8,-6,-3,-3,-2,-2,2,-1,-3,-4,-3,1,-4,0,0,1,0,-3,-2,-4,-1,-1,-2,2,-1,-3,0,-1,0,-3,-1,1,-4,-4,-2,0,-1,3,-1,1,1,-2,-2,1,2,0,0,0,-13,-6,-9,-1,-6,-1,-8,5,-3,-6,-5,-8,-2,-3,4,-12,-19,-4,-1,10,-6,-6,-3,-5,-9,-13,7,9,-18,-2,2,-4,-8,-6,-7,-7,-5,-8,-1,-5,-4,-5,32,-23,-8,-3,-4,-2,-11,-8,-7,12,-8,9,-4,-1,-4,1,-6,-2,-4,-5,-2,-9,-13,-1,7,-5,1,-13,-7,0,-7,1,-4,-8,-2,-12,-4,-11,-17,-6,-6,-10,-4,-3,-5,-7,-12,-22,10,24,-22,-3,-1,0,-9,-12,-14,-11,-4,-17,-1,-6,-5,-2,30,-13,-11,-14,-5,-11,-8,-16,-5,18,-10,9,-9,3,-8,-1,0,-6,-6,-10,0,-1,-2,-15,-18,-33,-12,-4,-5,10,-9,-21,-19,-8,-19,-11,-9,-14,-19,-1,-15,-11,-28,-17,-21,-10,-20,-25,50,39,-49,-2,-8,-5,-7,-16,-31,-18,-23,-23,-5,-3,1,-15,43,-20,-12,-14,-5,-10,-16,-26,-14,35,-19,20,-14,-5,-9,-2,-13,-13,-5,-10,-7,-24,-62,-75,-5,-36,-23,-29,-9,-2,-71,-66,-20,-33,-36,-41,-34,-69,-75,-7,-20,-44,-56,-28,-73,-67,-66,-70,66,60,-84,-16,-18,-31,-19,-36,-37,-77,-27,-43,-81,-29,3,-20,58,-71,-40,-45,0,10,-26,-36,-26,43,-45,31,-27,-18,-23,-2,-13,-22,-16,-19,-21
0,-2,-1,0,0,2,2,1,0,10,4,10,1,10,3,4,10,3,4,-1,-5,-2,0,1,2,-10,-6,-10,-2,1,7,1,4,19,36,16,6,18,7,0,7,-10,-3,-4,-10,-6,15,-7,-9,-7,-14,-5,19,8,-26,5,-2,-1,0,-2,2,0,-1,-2,-6,7,-2,13,16,11,-2,0,23,8,16,-10,3,-8,7,-1,6,-19,-8,-2,10,-7,9,2,12,33,-5,-4,41,25,16,17,5,-10,12,40,-10,4,-4,18,19,-12,3,19,-18,15,-7,1,-2,-1,33,22,5,11,11,28,-21,2,15,8,1,-2,8,-13,0,13,-5,-10,21,17,8,4,2,0,14,17,8,13,10,-1,10,-14,-1,12,-1,7,-10,6,-5,16,1,15,18,-2,-6,19,20,13,35,10,-8,12,8,5,10,-14,11,-1,-17,8,21,-6,16,-3,8,2,33,18,1,2,-4,-19,5,5,13,14,-10,8,6,3,2,3,7,4,7,1,-1,2,6,-2,15,2,-1,4,5,19,-12,9,7,23,3,6,16,9,5,2,2,0,1,4,7,1,-16,-14,12,6,-2,6,18,29,10,19,37,14,24,-7,6,3,3,-9,5,10,12,-5,5,21,-6,-1,17,17,-7,1,2,6,7,12,24,22,14,23,6,11,14,23,24,14,19,-2,14,16,5,17,-4,21,3,18,15,8,5,9,15,-1,6,13,21,18,14,-1,1,2,9,4,13,2,6,9,6,-39,31,-19,21,0,-4,-15,14,5,0,13,-4,14,2,-16,10,-7,-16,10,-1,-1,0,1,-2,0,2,2,-20,-6,-21,-19,4,-8,-3,-29,0,2,3,-7,2,-12,13,-10,-1,5,5,-4,-3,-3,-3,-1,-7,-1,-7,-3,0,5,2,2,-1,-3,-2,0,3,8,2,2,-1,-1,-3,-2,3,7,-1,2,-1,1,-1,-2,2,2,1,1,-12,13,-13,0,-7,11,-23,-7,-1,-13,-17,-16,0,-7,17,-27,-29,-45,10,-6,-4,-32,-10,-4,-9,17,0,-20,-14,-22,0,-3,-8,1,-21,-15,-17,1,-6,2,-1,6,1,5,9,-2,0,-8,-7,-7,-14,-14,-5,-4,-11,-4,-9,-10,-10,-5,-5,-1,-6,-17,-7,-1,-14,-8,-3,-11,-19,-16,-7,-24,-16,-15,-25,-10,18,-11,-35,-40,20,-2,15,-26,2,-7,-16,27,-17,-12,-27,-10,-5,-4,-15,-12,-11,-14,-14,2,0,2,6,9,1,8,7,2,6,-4,-6,-3,-13,-11,-5,0,-12,6,-6,2,-7,-4,1,-7,4,-5,-24,-21,-13,0,-25,5,-22,-16,-23,-32,-20,-30,-29,-3,40,-26,-44,-46,46,9,25,-23,17,-4,-19,30,-33,-46,-36,-34,-13,-18,-35,-22,-23,-35,-37,-14,2,8,12,15,9,18,16,16,13,-6,-9,3,-29,-23,7,-7,-20,9,-5,-8,-17,-10,3,-2,-6,-7,-56,-57,-54,-36,-38,13,-70,-23,-66,-79,-74,-40,-54,14,52,-51,-51,-79,49,19,36,-65,23,-20,-47,36,-45,-115,-82,-86,-37,-49,-70,-45,-42,-40,-85,-5,6,3,26,19,6,23,21,35,5,-20,-41,-6,-44,-40,7,-47,-49,-5,10,-11,-25,-17,12,-13,-8,-38
-2,0,0,1,1,-1,0,1,-2,2,1,10,14,-118,2,-13,-1,1,1,-1,1,0,-83,4,-1,2,0,0,2,-4,0,-3,4,0,1,-3,-1,0,-6,-2,5,4,-1,2,0,3,2,2,2,14,-8,-2,3,2,7,2,-1,-1,-1,0,2,-2,2,-2,4,5,6,7,7,-16,6,-50,7,5,8,15,-9,-59,-36,6,5,10,6,-13,13,-11,-31,-21,7,11,12,10,-33,5,-16,9,10,7,4,7,5,-109,2,-4,5,6,6,0,11,2,-14,10,6,9,14,11,-1,18,14,4,-3,1,5,4,17,-1,-2,2,8,-2,6,14,-93,7,-11,-7,-7,8,4,15,10,-98,-2,-15,7,-2,11,3,-6,2,-57,-3,10,17,0,7,-2,-14,3,-86,14,4,0,1,-7,2,-4,0,4,1,-1,-2,-4,11,4,11,0,-3,-3,-4,2,-3,8,6,-9,7,-11,6,5,-5,8,-3,5,6,6,12,11,-17,-6,-5,6,6,-1,10,-8,-76,-38,-3,3,5,-2,8,1,-38,-15,-38,3,13,6,6,7,-19,-104,9,10,7,1,0,-16,-9,-10,-6,9,13,11,13,6,2,-7,-2,15,10,9,19,10,-4,-3,0,12,11,6,10,5,-1,1,-2,8,7,7,22,-54,-5,-9,1,15,12,11,11,-1,-42,-8,-18,22,12,18,13,-9,-3,-9,-60,11,22,16,11,11,-15,-24,2,18,18,18,21,1,13,-46,3,24,17,22,13,14,12,1,13,6,21,1,15,17,19,17,0,4,0,16,-1,8,21,11,6,2,-1,2,-1,0,0,1,1,-16,-10,-11,-22,4,6,4,31,-9,-2,0,-6,8,-3,-52,2,0,1,-1,-1,3,-2,-1,-5,0,1,1,-2,1,-2,-10,-3,0,-1,-2,-1,0,-6,-2,-1,-1,0,-2,-1,-1,-1,-2,-2,-2,-1,2,0,2,-2,-1,1,-5,6,-6,-10,18,-6,-1,12,5,-9,-5,-5,-2,-26,-9,12,-16,-2,1,8,11,-26,-55,7,0,-3,-2,-1,11,-13,4,-3,-3,1,-4,-3,-3,8,-9,11,-2,-6,0,-11,-4,-6,-4,-2,-2,-9,-3,-4,-7,-7,2,-5,-8,-1,-4,1,-6,3,-4,0,-9,-5,3,4,11,-3,11,0,1,-16,8,-7,-9,29,-1,25,2,0,3,3,3,-10,58,8,0,-2,-1,-2,0,15,-1,76,-1,2,-4,-5,7,-3,2,0,-4,-3,-2,2,-3,0,0,-3,5,-3,-2,-1,9,6,-6,1,-7,-2,-3,2,-3,-3,-7,-1,-32,-3,-2,17,8,-21,-2,1,-10,-22,-4,11,-4,-6,11,11,-34,-12,-23,8,-9,0,-40,-8,-8,-9,-1,0,-22,4,3,-1,-12,-5,-11,-1,-11,-3,-3,-9,-3,-14,-2,-3,-16,-5,-2,-8,-8,-12,-8,3,-11,4,-9,-6,-7,-9,-11,-4,-14,-8,-7,-8,-20,-12,-22,-23,19,-62,28,8,-11,-66,-32,-12,-17,61,14,24,-34,-4,-19,-10,-4,-8,99,3,-9,-1,-16,0,-24,23,12,86,-12,-13,-15,-12,-1,-1,2,7,-9,-9,-12,3,-8,1,1,5,-6,-14,0,-12,-11,-5,-1,12,-16,-2,-16,-5,-14,-7,-8,6
-3,2,-1,-2,-2,2,2,-1,0,1,-3,2,11,19,11,5,-1,0,0,3,12,21,15,5,0,0,-1,3,8,15,13,8,1,-1,2,7,6,14,11,6,0,0,5,3,3,7,2,7,5,-2,7,2,-1,-8,-1,9,-1,2,0,2,-2,-2,-1,-1,5,9,4,5,13,15,11,24,13,8,9,5,11,16,9,11,10,8,8,12,10,14,10,14,9,13,15,10,8,10,14,8,13,16,18,12,12,14,9,10,12,22,13,16,17,12,14,13,3,16,16,7,1,20,4,9,3,5,3,7,6,5,10,5,18,15,10,4,20,5,9,-1,9,10,14,9,10,16,6,11,10,9,13,8,8,14,12,9,8,10,12,8,9,11,13,11,10,6,12,14,11,10,6,12,14,4,9,10,12,9,15,11,4,12,11,16,9,7,10,17,14,13,16,8,10,10,14,9,3,4,3,-3,-1,3,4,2,6,5,7,2,7,5,3,2,6,7,1,1,3,-5,5,10,3,15,13,3,9,4,9,12,1,8,14,6,1,10,0,4,15,8,4,13,7,9,7,12,6,11,1,10,7,-5,10,10,3,4,0,7,-3,-2,6,9,26,25,28,23,20,13,18,14,31,27,26,24,24,27,16,26,30,26,19,24,29,22,22,21,21,37,28,31,22,36,25,29,25,32,39,28,23,22,20,16,14,40,34,41,22,29,25,22,18,28,12,36,35,23,31,35,18,32,46,41,34,25,41,37,-1,2,2,2,0,0,0,2,-4,-12,5,31,9,75,18,16,-5,-10,-5,-4,-7,-29,-6,-5,-2,-2,0,-1,-12,-14,-17,-6,-2,-1,-4,-7,-6,-9,-6,-3,-2,-2,-3,0,-4,-4,1,-1,-1,-1,-3,0,-2,-3,-1,0,0,-2,-2,-3,-2,0,-2,2,-12,-8,-14,-1,0,10,0,-2,-17,10,40,3,19,63,64,-3,-4,-19,-8,30,9,66,0,11,-7,-11,-1,-9,1,-28,0,-13,-10,-4,-4,-6,0,-1,3,-9,-13,-3,-9,-2,-6,-6,-6,-3,-13,-7,-11,-9,-8,-5,-7,-7,-3,-10,-8,-8,-8,-3,-6,0,-16,-11,-6,-12,4,2,-8,-10,-6,-10,10,19,20,55,24,1,-12,13,-7,-20,-7,29,14,-12,2,-9,-12,-11,-4,-5,-5,-1,-10,-13,-16,-10,-3,-4,0,-1,-17,-12,-10,-5,-4,-7,-5,-12,-12,-13,-5,-12,-7,-10,-7,-8,-13,-11,-17,-13,-9,-12,-8,-7,-3,10,22,15,11,22,15,26,-10,-11,-19,-9,3,-26,26,-7,-7,0,-9,0,23,41,22,27,-3,-3,-2,3,5,5,10,10,-10,-5,-6,-1,-2,-1,5,-3,-15,-3,-9,1,-1,2,6,2,-8,-5,-6,-4,-4,-5,-1,-5,-10,-9,-14,-11,-10,-3,-8,-15,-11,-1,20,5,29,9,26,23,-16,-32,-11,-8,5,-88,45,-1,-22,-1,-23,-11,13,52,6,-1,-12,-16,-23,-6,-2,-3,-3,6,-20,2,-18,-9,-12,4,-2,-9,-27,-16,-18,-13,-7,-9,3,-5,-25,-15,-16,-17,-18,-9,-8,0,-17,-17,-18,-20,-10,-2,-11,-12
2,1,2,2,-1,1,1,1,-1,0,0,0,-11,0,0,-1,-1,-1,0,0,0,37,-1,44,-1,0,0,0,1,0,-32,-1,0,-1,2,0,-1,2,0,0,-1,-1,-2,-2,-1,-2,-1,2,1,0,1,-1,-1,-4,-3,-1,0,-1,-2,1,0,1,1,2,2,-1,-4,-1,0,-2,0,-4,-1,-3,-1,-1,-9,19,-2,25,-1,-1,-1,-4,20,-13,-3,0,-1,-4,1,-2,0,-2,1,0,-3,0,-6,-1,20,-1,0,-1,-3,-3,-2,-3,-2,22,-2,24,1,-4,-2,1,-7,1,-7,1,0,-3,-4,0,-2,-5,1,0,0,-3,-1,12,1,0,-2,-2,-1,0,-2,-2,10,-3,0,-2,-1,-1,-3,-1,-3,18,-2,20,-6,-4,-1,-2,0,-3,-9,-3,-4,0,-1,-2,-2,23,-1,27,-3,0,-1,-1,15,-4,-5,-4,-4,-3,-2,12,-3,-4,-6,-12,-3,-5,9,-4,-13,-12,-4,-5,-1,0,0,-1,0,-1,1,0,0,0,0,-2,-3,-1,8,-1,0,0,-2,0,-4,-5,16,0,2,3,5,5,12,20,-14,15,-2,-2,-1,0,-6,-6,19,-5,-3,-7,-7,-4,-9,-16,4,-6,-2,-3,-5,-2,-12,-5,10,-4,-3,-1,-7,-3,-4,-4,8,-1,0,1,2,9,2,0,6,-2,3,-1,0,0,10,-2,8,-4,2,1,-1,0,-2,10,14,12,2,10,3,-2,13,11,18,13,-4,3,-1,-8,-3,19,17,12,-6,-9,-7,1,8,-2,17,-6,-2,8,2,13,0,-1,6,-2,3,-10,2,-7,0,-2,1,1,2,0,-2,-1,-2,2,2,-1,5,1,-2,-7,-4,-6,-8,-4,-1,-1,-1,-2,0,-6,1,-1,0,0,1,0,-1,0,6,-2,0,1,0,0,0,-10,0,-14,0,0,0,0,1,0,0,0,0,0,0,4,0,-1,0,-1,1,-2,-1,0,-1,-1,-1,0,2,4,-2,-6,-3,-1,-1,0,2,-1,-3,-2,-4,-9,-2,-13,-6,0,-3,-8,-4,-2,0,-2,-2,-1,1,-2,-2,0,104,1,1,1,1,-1,-10,-2,-1,-3,1,-1,-1,-1,1,-10,0,-10,1,0,0,0,0,1,-3,0,-4,1,-2,0,-3,-2,-1,-5,1,0,3,-13,-1,-8,-2,-4,-1,-5,0,0,-9,2,-5,-4,1,-11,-1,0,5,-19,-4,-4,1,1,-4,-2,-3,0,106,-2,2,0,0,-3,-1,-7,-1,-7,-2,1,-3,1,-8,1,-1,1,1,-2,-3,-6,0,-1,0,0,-4,0,-6,3,-3,1,-6,-3,-3,-2,1,-10,-8,-5,-4,0,-2,-6,-9,-13,0,-10,-11,-9,-6,-1,-1,-9,-8,-4,-13,1,0,-8,-9,-2,-13,-11,109,-11,0,1,2,-1,-7,-4,-11,-3,0,1,1,-1,1,-2,-5,-2,0,0,-1,-2,-3,0,-4,-2,0,1,0,2,-1,-1,-3,-1,-14,-9,-6,-30,-24,-13,-5,-6,-19,-26,-46,-8,-18,-48,-28,-24,-20,-9,-30,-18,-23,-22,-19,-20,-15,-9,-33,-17,-18,-28,112,-23,-1,-10,1,-10,-11,-13,-12,-19,-3,-1,-3,-3,-14,-8,-12,-9,-2,-7,0,-9,-1,-2,-9,-8,-6,1,-6,1,0,-2,-12,-8
1,0,2,2,2,-2,1,2,-1,-8,-4,7,3,11,3,3,-1,17,-1,5,-3,3,-1,-1,2,-11,-8,0,2,-1,0,-1,-3,2,-10,4,2,-11,-2,-7,-5,-15,-6,12,-14,-5,-14,0,20,25,-3,-3,-2,28,2,0,-1,1,-2,1,0,0,-2,2,6,-7,14,12,-10,7,-2,-1,0,4,2,6,8,-5,-10,-1,-8,13,-5,0,-7,-9,-8,-7,6,-1,19,7,-7,-15,-8,2,35,-12,-20,-2,-2,22,-14,-10,-9,1,12,26,-22,-9,12,7,16,3,0,-12,2,14,1,-16,-15,5,19,11,-11,-22,8,-11,21,-5,31,-15,-1,8,-42,-8,-8,20,-8,7,0,2,4,5,39,12,0,-13,3,1,-2,0,5,1,-2,2,-10,13,4,3,-9,22,2,13,9,-19,11,12,10,-11,18,29,-19,14,-1,12,5,14,-5,21,7,11,8,-8,16,10,5,1,5,25,6,5,9,11,6,3,10,-3,-4,1,10,-17,20,-1,7,-5,5,1,-1,12,5,-1,11,13,5,8,13,7,16,0,17,-15,5,-1,8,7,11,-3,20,-6,-1,7,11,0,4,1,22,-6,4,10,0,-4,17,0,8,13,-2,5,-1,7,28,15,22,11,11,7,26,21,24,4,0,8,-17,-5,-3,11,22,8,0,-2,5,0,16,6,8,1,10,9,2,-15,2,13,-3,22,5,8,23,6,-12,19,-6,3,11,-12,8,11,-6,-9,18,-1,-17,-2,-6,-4,-20,6,-7,8,7,0,18,10,19,-41,11,7,5,-2,1,4,0,-1,2,-1,2,-2,3,-2,15,-25,10,-28,-41,-21,-23,-37,1,-1,-14,-2,-3,-9,4,-7,-1,0,-2,0,4,3,-3,-1,-1,-5,-6,-3,0,-1,-4,-1,-1,-3,-3,-6,0,-7,-5,-3,0,-4,-4,-1,-2,0,-4,-1,2,2,1,-1,2,2,-1,-1,-3,-19,23,4,-27,-10,-24,-12,-9,28,-34,-9,-11,-19,8,-24,1,-29,-11,-21,-20,-9,0,3,7,-21,7,-13,1,4,-13,-10,-6,-18,3,-13,-2,-2,-13,-4,-5,-2,4,-2,-14,-9,-11,-2,-10,-4,-6,-5,1,-10,-13,-1,-14,-1,-3,1,7,-1,-1,-7,-2,-7,25,4,-3,-14,-10,-15,0,28,-20,0,5,-12,0,3,-4,-8,-9,-8,11,-25,10,-5,-4,-19,17,-7,-6,-13,-9,0,-7,-19,2,-18,-4,4,-18,-10,-10,-11,8,-1,-14,-17,-9,0,-1,-3,-9,-11,5,-1,-16,-5,-8,1,0,-4,3,-7,-3,-13,-1,-6,47,37,-33,-24,-58,-45,-5,42,-49,-9,4,-17,-14,-19,8,-3,-24,-23,19,3,23,9,14,-16,23,-12,-22,-13,-1,-24,-15,-23,-10,-33,4,-1,-27,-17,-24,-24,22,-1,-33,-10,-30,-3,-14,2,-31,-22,24,-15,-16,-17,1,-5,-6,-10,16,-9,-6,-3,-3,-26,50,-51,-65,-65,-85,-47,-38,51,-89,-73,-31,-56,-43,-58,-15,-52,-39,-36,28,-42,42,-10,4,-42,23,-51,-64,-60,-62,-42,-35,-39,-29,-73,-48,-29,-62,-63,-31,-40,36,-19,-53,-61,-70,8,-50,-1,-44,-53,18,-46,-44,-54,-21,-2,-7,-17,19,-29,-15,-2
2,3,0,-1,2,2,1,2,1,0,-2,-1,1,1,-2,-1,-1,-1,-1,4,-1,1,0,-4,-1,-1,0,2,-1,0,-1,-4,-2,-2,-1,-2,0,-2,3,-4,-2,-4,-7,-3,-10,1,-12,-34,-12,-7,-13,-15,-16,-16,8,127,-2,0,1,1,0,-2,2,2,0,2,0,1,3,-3,-1,-1,0,-1,-5,-2,1,-3,-10,4,-1,-7,-1,-1,2,-3,-3,-1,-7,-1,-7,-7,-2,1,-2,1,1,1,-4,0,-3,-1,-4,0,-12,-8,-4,3,0,3,3,1,-1,2,-4,-2,-5,8,-1,-9,-3,1,4,0,7,-3,18,-62,2,-9,0,-7,5,0,6,-4,-8,5,-16,-3,-4,-1,-4,-1,0,-10,10,-9,-3,-1,11,-5,-10,3,-6,11,-7,4,-13,-6,-1,-3,-1,-9,9,-7,0,-5,0,-11,-5,8,-12,11,-9,0,4,0,-9,-8,6,-12,7,8,-9,15,-1,11,-9,-4,1,-51,0,2,-4,-5,3,0,3,7,-2,0,-4,4,-4,1,7,9,1,-7,-4,4,1,-4,10,13,-13,-6,-13,-1,-10,-9,4,16,-13,-2,4,-4,6,-10,8,10,-4,-10,-15,-4,-3,0,4,16,-8,0,-10,-6,-19,-11,2,10,18,15,22,22,24,17,24,-61,0,6,-11,-3,-17,11,2,-2,-9,0,-2,4,-2,10,6,2,1,7,2,-15,12,0,11,21,3,-4,9,0,6,-8,-2,-5,4,17,15,21,13,-17,-30,-1,20,5,-8,0,25,-8,10,13,-3,3,-9,-19,8,25,-18,-3,27,1,19,2,39,-2,-6,-36,2,0,-2,-1,2,0,0,2,3,-8,1,-10,6,-10,-5,28,-3,1,1,1,-2,0,-5,-3,2,1,-1,1,-1,-1,-6,1,0,-1,-1,0,2,-2,-3,2,-1,0,1,-2,0,1,2,0,2,1,1,0,-2,-2,6,-16,1,-2,1,2,1,0,0,0,0,-3,7,-10,-1,2,11,1,0,4,-2,-6,-4,5,-12,-10,3,4,5,-7,-8,-2,-8,2,0,2,-3,0,-3,3,0,0,-4,0,2,-1,2,5,-1,1,-1,-1,1,-5,-3,-1,-88,2,-2,-2,3,0,-2,-82,-5,-30,6,5,5,1,4,2,14,-102,-59,4,2,9,8,4,-3,-1,2,-61,3,5,5,1,4,2,2,2,-64,4,-3,0,2,1,2,0,-2,-64,-2,3,2,4,-2,1,-3,-6,-65,4,6,2,-4,0,2,0,-4,-76,7,2,4,0,-2,2,-1,-1,-89,0,4,1,9,9,10,8,13,-109,6,7,-3,6,-1,5,2,-83,3,8,4,8,-2,-4,-5,-69,-2,2,5,2,-5,2,-2,-87,3,0,-3,-1,1,-5,-4,-84,1,0,-2,-1,4,-4,-1,-83,1,-5,0,-1,-8,0,0,-87,1,-4,-3,0,0,-5,-11,-19,-33,-40,-38,-46,-55,-74,13,-122,-27,-2,-14,-4,-2,-5,-12,-74,-18,-44,-20,-1,-15,-1,-17,-64,-19,-21,-60,-15,-13,-23,-11,-71,-11,-16,-25,-49,-16,-16,-29,-72,-8,-23,-9,-15,-50,-16,-8,-83,2,-12,-13,-6,-16,-63,-8,-83,-6,-20,-7,-17,-1,-20,-91,-19,-22,-20,-21,-21,-46,-76,19,-90
1,-2,2,2,-1,-1,0,2,-1,-1,-1,0,-2,1,-1,-1,1,-1,-1,0,-3,0,-1,0,-1,-2,-1,0,-5,2,-2,-1,0,-1,-4,8,122,7,-3,-1,2,0,1,9,-16,7,-2,-1,1,-3,-1,1,-14,-1,-6,0,2,1,-1,1,0,-1,-2,0,-1,-1,2,0,3,0,0,-2,0,1,0,0,2,1,1,1,0,3,1,2,1,1,0,1,4,1,1,3,-1,6,-1,0,2,2,3,1,-13,1,1,2,2,1,0,2,-1,2,2,3,-1,3,1,0,1,0,1,1,3,-1,2,0,0,4,3,3,0,1,0,1,-2,1,-2,-1,1,0,1,0,1,-1,1,-3,-1,1,0,-1,-1,-1,-2,0,0,-4,1,-1,1,1,2,-2,-2,1,-4,1,84,0,0,-1,0,-2,1,0,-5,0,1,-2,0,0,-5,1,-5,2,-4,-1,2,-4,1,-3,-1,-2,1,-6,1,1,1,1,-2,0,0,1,0,0,1,1,-2,0,1,0,0,1,0,-1,-2,0,0,1,2,2,2,0,-2,3,1,2,-1,0,-2,-3,-26,-4,-2,0,2,2,2,5,-7,4,2,4,1,4,1,0,-2,1,3,4,-2,-2,-3,-1,-3,2,0,0,1,6,8,5,4,2,6,7,3,3,5,5,5,7,6,-2,4,4,3,4,3,4,6,3,5,-1,2,5,2,8,2,7,6,0,1,0,-21,2,4,5,4,7,5,5,-1,11,10,8,1,5,4,1,-12,1,6,1,4,5,-1,7,-12,2,5,6,2,-1,-1,0,-2,-1,-1,2,0,-6,-4,-7,-2,-5,-1,-2,0,-2,-3,1,-3,-2,-2,-2,-1,0,-1,0,-2,0,0,-2,1,0,-1,-1,-19,-1,-2,-1,0,-1,0,0,-7,-1,-1,-1,0,-1,-1,-2,-5,-4,-1,-1,2,-2,2,2,0,2,0,0,-1,1,-3,-3,1,-3,-4,-4,-3,-3,-3,-4,-6,-3,-3,0,-1,-5,-3,-6,-3,-8,-2,-7,0,-4,-4,-6,-3,-7,-2,-4,-3,-2,-5,-3,-9,-1,-6,-1,-1,-4,-4,31,-6,30,-7,0,-2,0,-4,-3,-3,-3,-4,2,-4,-2,-1,-7,0,-6,0,-5,-3,-2,-4,-5,-1,-6,-5,-3,-6,-7,-4,-6,-4,-3,-2,-2,0,-6,-3,-5,-6,-5,-6,-5,-1,-1,-4,-4,-5,-6,-5,-3,-3,-2,-2,-5,-14,-6,-3,0,0,-4,-3,32,-6,34,-2,-2,-6,-2,-1,-2,-2,-3,-1,-4,-1,0,-3,-2,-4,-1,-4,2,-2,-5,-3,-5,-4,-5,-3,-4,-4,-7,-6,-3,-3,-6,-5,-2,-4,-4,-5,-6,-8,-7,-5,-6,-3,-5,-6,-5,-11,-6,-5,-5,-4,-5,-6,-6,-9,-8,-8,-4,-1,-4,-2,48,-3,47,-3,-3,-2,-3,-4,-2,-2,-3,-3,-1,-2,-3,-4,-4,-3,-3,-3,-2,-12,-13,-11,-12,-8,-10,-12,-13,-16,-19,-14,-11,-21,-14,-22,-12,-16,-18,-21,-10,-23,-15,-20,-19,-12,-18,-22,-22,-22,-14,-18,-17,-11,-18,-16,-17,-16,-17,-9,-9,-10,-11,-12,76,-16,78,-10,-9,-11,-8,-6,-8,-11,-11,-15,-14,-10,-9,-9,-8,-11,-13,-11,-9
1,-1,-2,-2,-1,1,1,2,1,1,1,1,1,-4,-3,3,0,0,0,2,-3,0,-3,6,1,1,1,2,-1,-3,-8,2,0,1,0,5,-3,-4,-15,-26,0,-2,1,2,5,0,27,-13,-5,-5,-4,-6,-9,3,96,2,-2,0,2,-2,1,2,-1,2,3,-1,5,4,3,-2,1,1,-2,0,2,0,2,0,-5,4,1,-1,-1,-3,-1,0,5,-2,0,6,0,-2,8,-11,15,-10,0,-1,5,2,-6,4,1,23,7,5,7,-7,8,2,-5,14,-1,-3,-1,11,-3,-3,30,17,7,4,-8,-9,15,6,42,-21,4,9,4,4,7,1,4,4,5,7,2,6,1,3,-1,13,2,-3,10,0,0,2,2,-6,-1,12,-4,8,1,-1,5,5,8,0,7,-4,9,5,17,16,-4,2,6,10,2,28,3,52,-4,-5,10,3,7,-4,44,4,0,-9,6,18,6,-5,3,3,1,2,3,3,4,5,5,3,1,5,0,-1,6,5,2,6,8,2,6,0,-5,10,4,1,4,4,-4,-9,3,-7,8,8,-2,4,3,0,7,10,9,25,-2,-8,-23,1,4,4,-2,28,11,4,6,5,1,7,-21,35,-9,-3,12,4,2,7,4,16,14,17,15,16,14,20,13,17,11,20,19,18,18,17,15,14,17,11,28,19,13,14,9,18,13,18,9,25,17,14,18,15,4,23,16,15,45,29,29,22,5,16,0,20,22,64,30,41,25,7,11,8,34,21,64,21,2,12,4,9,6,8,59,31,-3,-1,0,2,2,-1,0,1,-3,-6,-3,-15,3,-4,-5,-1,-1,1,1,-2,-3,-5,0,-3,0,-1,0,2,-3,-3,2,-6,2,1,-3,4,-2,1,12,-5,0,1,2,-2,0,5,-45,-4,0,0,0,4,-3,8,-88,13,-1,-1,-2,-2,1,-2,1,1,-2,-2,2,-4,6,-1,0,0,-6,-6,-3,-16,0,-8,-4,-1,-1,-1,-11,-12,-13,-13,-16,0,-4,-1,-4,-2,-9,-6,0,-10,1,1,1,1,-6,-3,12,-5,1,6,-1,-3,-4,2,-25,1,2,-1,2,-3,1,-8,-4,4,-3,1,2,2,-15,-8,-1,10,-8,2,7,-3,2,-9,2,-12,6,0,-5,-3,-6,-2,-10,-4,-7,8,-1,-7,-14,-6,-4,-3,2,-2,2,-6,-6,-8,3,6,7,0,2,0,-14,-6,12,-9,2,3,-1,-6,0,-4,-29,6,2,-3,3,1,-2,-3,-1,-3,4,1,0,2,0,-6,-68,7,-4,1,-6,-15,-11,-6,-1,-30,-4,-4,-9,-1,-12,-11,-8,-17,-4,0,-11,0,-7,-11,-33,-8,-5,-9,-5,-5,-12,-8,-28,-10,0,-8,-11,-6,-16,-12,-7,0,-1,-2,-3,-8,-12,-7,-127,-52,1,0,2,-1,-7,-24,-29,-1,-1,1,-1,0,3,0,-127,5,-16,-9,-28,-20,-18,-15,-10,-9,-14,-22,-18,-17,-22,-12,-7,-24,-26,-1,-23,-6,-38,-81,-33,-27,-11,-7,-15,-15,-45,-22,-15,-19,-13,-17,-15,-14,-25,-35,-24,-34,-11,-11,-9,-23,-20,-28,-31,-36,-3,-11,-11,-7,-16,-23,-32,-25,-10,-6,-6,-6,-4,-10,-100,-2
-2,1,0,-2,-1,-1,-2,1,-2,1,1,1,1,1,-1,-4,-1,0,1,1,1,1,1,-2,0,0,-1,1,2,2,1,-1,-1,-1,-2,-1,1,1,0,-6,-1,-4,-1,-3,-4,0,4,31,-11,2,-1,-6,-24,6,120,-4,-2,-3,-1,-1,0,1,2,1,1,2,-4,-1,1,0,-1,-2,0,0,-1,-1,-1,-1,-1,2,2,-1,-5,-4,-6,2,4,1,0,2,0,-2,2,0,5,2,-1,-6,-2,1,1,1,-2,2,-3,1,5,-3,-2,5,1,7,0,1,0,-2,3,6,3,-16,-1,5,1,2,5,7,-61,-17,0,-5,1,-4,-6,1,2,-4,-6,1,-3,-2,-3,1,-3,0,1,1,2,1,0,1,4,-3,-4,1,-1,-7,-4,4,-1,3,2,-2,5,0,0,0,4,4,-2,1,-5,2,2,1,-5,-16,4,-4,1,-18,-1,-2,4,-6,-2,-1,0,4,-2,7,-61,-14,-1,0,-3,0,-3,3,7,2,2,-5,-3,-1,0,-1,4,6,-7,0,1,0,-4,3,8,4,-6,-11,-4,-3,-6,2,12,7,2,-5,4,-5,4,5,7,5,4,-5,1,-2,-2,0,5,4,4,-4,8,-1,-9,2,5,0,5,6,8,5,8,9,-59,6,2,2,0,6,1,10,5,-1,4,6,-1,-2,1,2,2,5,-7,6,-3,4,-16,-3,7,9,1,7,-11,2,2,-4,4,11,3,4,4,0,17,1,6,1,5,2,-1,6,8,9,-2,4,-8,3,11,6,5,6,5,5,-2,7,7,2,4,0,-5,-2,1,0,2,-1,-1,-1,0,-1,-3,0,0,-19,-3,-2,3,-14,5,-1,0,-1,0,1,3,2,2,1,0,3,0,0,0,1,0,0,1,0,1,-1,-1,-2,0,1,-1,-1,0,0,3,-4,1,2,2,-1,-1,-1,10,-14,0,2,2,2,2,-1,2,0,-1,2,-3,-2,-3,1,2,1,3,0,1,1,-1,1,1,-4,5,3,2,1,4,1,3,0,-2,0,1,2,1,-4,3,-8,1,0,0,1,-9,-1,-11,-2,2,3,0,-8,3,-89,-13,-96,5,2,2,7,-101,-5,11,-6,-5,2,3,-6,3,-13,-111,-11,-2,-11,-4,3,-7,-3,0,0,-103,-2,-13,-6,1,-3,2,0,1,-104,-2,-12,-1,-2,-5,0,-2,2,-109,-2,-13,-5,3,-11,1,3,1,-121,-5,-9,-4,0,-1,-3,3,3,-103,-8,-15,-8,-8,2,-6,1,-5,-107,13,-127,4,-6,2,0,3,-5,-126,-12,-5,-6,-13,-10,-13,-5,-84,-13,-5,-8,-8,-4,-8,-7,-84,-17,-7,-9,-1,-8,-7,-7,-83,-11,-4,-9,-8,-10,-8,-11,-99,-14,-4,-4,-11,-6,-8,-9,-102,-12,-8,-8,-8,-6,-12,-9,-101,-4,-9,-9,-11,-10,-11,-10,12,-11,-45,-49,-53,-64,-82,-14,-98,-5,-20,-16,-24,-30,-40,-20,-79,-21,-49,-35,-25,-22,-20,-24,-81,-24,-17,-94,-20,-33,-13,-27,-85,-38,-8,-25,-77,-37,-24,-22,-113,-31,-26,-9,-20,-78,-38,-28,-85,-30,-5,-22,-20,-16,-91,-37,-110,-29,-27,-12,-13,-11,-30,-91,12,-127,-38,-41,-55,-23,-82,-7,-95,-8
1,2,1,1,-1,0,0,-2,1,1,0,1,0,1,0,-2,-2,0,-1,-2,0,0,0,-1,-3,-1,0,0,2,-2,-2,-2,-4,-2,3,1,0,-3,-2,-1,43,7,1,-3,0,-3,-4,-2,123,9,-27,-7,-2,-4,-7,-14,1,-1,-3,1,0,0,-1,-1,-1,-2,-3,-4,-2,-3,-2,-4,0,1,1,-1,-3,-1,-2,-1,0,4,1,-3,-7,-5,-6,-1,6,-2,2,-6,1,-3,-4,-4,4,-2,3,6,0,4,3,2,4,4,6,-1,4,3,-3,-2,-16,6,7,5,2,-1,2,1,-66,11,6,1,5,2,1,-2,-6,-3,0,1,2,1,-3,8,1,1,6,3,2,-1,7,-1,1,1,2,-1,-1,8,-1,2,2,4,-2,0,8,1,-3,-1,5,5,-1,6,-2,1,1,6,3,0,8,-2,0,3,1,0,-28,8,0,6,3,1,0,0,-48,3,5,1,6,2,-3,1,8,4,1,0,0,0,-3,2,10,8,-9,2,-1,1,-1,-2,16,5,-2,-1,1,-3,-3,-1,12,3,-6,-6,-2,-14,-1,-6,13,4,-7,5,-1,7,-5,-3,12,1,2,-8,1,-8,-2,-2,-41,7,-5,-8,-8,1,-2,6,-53,16,12,8,13,14,12,9,8,5,8,11,2,6,3,5,0,9,-6,5,8,5,12,6,24,5,3,5,-5,-21,0,-6,11,9,7,9,8,17,7,11,8,12,5,-17,6,10,9,3,10,0,0,12,10,4,-4,7,-3,4,16,2,5,12,13,-7,-6,14,10,19,20,12,2,-3,1,-1,-2,-1,-1,-2,3,1,1,-3,0,-1,0,5,-3,-4,4,1,-1,0,2,1,1,3,3,0,1,0,1,-1,1,0,2,0,0,1,-1,0,-1,1,-6,5,2,1,1,0,1,1,-48,5,2,0,1,-2,1,0,1,1,2,2,1,1,1,2,7,1,2,7,2,3,1,-1,3,3,4,1,4,-1,2,-5,5,6,0,3,3,2,0,5,-11,4,-13,3,2,2,0,2,6,-19,4,-12,4,3,0,5,-4,-127,-15,1,-14,4,2,0,-49,6,-127,-8,2,3,-2,1,-127,13,-8,5,-16,2,4,0,4,-2,5,-2,9,0,-4,-127,-7,7,-1,4,5,-2,-87,6,6,-9,7,2,-2,-87,8,-1,-10,5,-3,-3,-85,7,-2,3,6,-9,-6,-126,8,-2,-3,-2,-8,-9,-99,5,-3,7,-2,3,-44,-99,6,-6,4,-3,3,0,-127,-4,-3,10,-6,7,-3,7,-85,-2,-6,-13,-7,-4,-4,-8,-85,-2,-9,-6,-7,-6,-2,-7,-93,-3,-6,-6,-3,-7,-3,-6,-87,-11,-11,-6,-5,-4,-4,-5,-83,-4,-12,-10,-11,-6,-7,-1,-89,-12,-9,-10,-8,-2,-3,-2,-58,1,-14,-15,-14,-12,-10,-9,-126,-8,-82,-72,-65,-61,-49,-40,-84,-15,-29,-23,-23,-19,-30,-63,-80,-34,-21,-14,-17,-22,-78,-16,-90,-39,-17,-22,-32,-76,-13,-16,-88,-16,-13,-30,-68,-20,-13,-34,-93,-27,-30,-84,-35,-21,-12,-13,-94,-39,-76,-31,-28,-11,-14,-12,-31,-80,-37,-19,-17,-19,-20,-17,-98,-15,-81,-56,-52,-50,-40,-44
1,1,2,1,0,2,-2,2,-4,-1,-4,1,12,-3,29,-1,-3,-4,-2,4,-2,3,-1,-2,-3,-2,-7,-1,0,-2,2,-2,-4,-3,-4,-5,1,0,-1,-8,22,-2,5,-2,-16,-5,-6,0,-8,-15,-21,-16,-27,-17,-21,-1,0,0,-1,2,-2,-1,2,-2,-40,3,-14,4,6,-16,29,-5,4,-13,1,17,-10,15,-13,5,2,-2,7,4,-20,-6,-1,-2,0,-1,-4,0,-8,-3,-2,7,3,-1,6,-4,0,-3,30,-5,2,-20,-22,-3,-5,3,-15,-34,-16,-6,-20,4,-34,2,-14,4,-4,6,-8,12,-22,-19,-20,-4,3,7,-1,-1,-9,-4,-4,3,8,-3,13,-1,7,-9,26,-11,1,-7,-4,10,-6,2,-5,-11,-17,-9,-12,-6,13,5,7,-6,4,3,-3,9,-7,18,-6,-5,12,-6,17,1,-16,-4,0,0,-10,7,-15,-1,-8,-17,0,16,12,-8,7,-2,-8,-9,-9,1,8,11,3,4,2,1,-9,-2,-1,5,-8,-4,-6,7,-11,-9,-12,14,-10,6,14,3,24,5,-9,10,4,-18,-3,13,-17,4,-19,16,-14,-10,-12,-1,-13,-8,-3,17,-6,-1,7,-2,-9,-1,6,10,-4,5,-9,11,-2,9,-17,13,-31,-19,-8,-20,-22,-10,18,18,14,16,4,6,-14,15,9,18,14,0,17,17,29,10,0,11,-1,15,17,11,18,6,-7,5,8,1,14,8,25,4,3,-2,8,10,2,26,-13,19,15,15,-2,6,-13,18,19,7,1,13,5,27,10,0,5,7,6,1,-2,4,1,6,17,0,0,2,-2,1,2,1,-1,0,-27,23,-17,-29,-4,-14,4,-23,0,-2,-2,-3,-1,10,4,7,0,4,-5,0,-8,-2,-10,0,-2,-2,0,-3,0,1,-1,1,-1,0,-4,0,-1,4,-1,1,-2,2,0,-1,1,-2,-1,0,-2,1,0,0,2,2,0,2,-3,11,-6,-11,-41,6,-60,-6,-5,-7,-18,-39,-5,-21,0,-16,-10,-14,-6,-17,-14,77,-4,21,-11,-4,-14,-11,7,-14,-2,-16,-8,-11,-9,-6,-15,-8,-29,-12,-4,-7,-8,-10,-5,-5,-12,-4,-5,8,-5,-5,-6,-9,-8,-3,-5,-8,-6,-9,-7,-1,-4,-12,-1,31,-3,-7,-4,-21,-8,-12,-13,-5,-7,-3,-3,-3,-12,5,4,-23,-1,-9,-6,81,-9,53,-7,-7,-21,-9,-9,-8,-9,-11,-11,-18,-7,-22,-5,-16,-9,-8,-7,-2,-19,-1,-9,-1,-20,-4,1,1,4,-6,-5,-11,-4,-10,-17,-15,-10,1,-5,-3,-9,-2,-32,43,-19,-64,-22,-51,-16,-24,-4,-36,-19,-40,-19,-53,-8,-5,-55,-47,-24,-34,-18,83,-34,60,-10,-18,-25,-17,35,-16,-8,-11,-20,-27,-17,-19,0,-24,-18,-5,-5,-21,-6,-8,-5,-15,-9,-4,-12,25,-14,-9,-12,-17,-16,1,-8,-11,-8,-12,-1,-9,-8,-7,-37,57,-18,-42,-29,-26,-24,-20,-43,-44,-25,-58,-15,-64,-30,-42,-34,-75,-53,-57,-27,89,-25,65,-28,-72,-42,-36,50,-37,-32,-47,-31,-32,-35,-32,-19,-46,-35,-37,-24,-24,-38,-22,-28,-30,-25,-16,-41,43,-17,-27,-23,-32,-21,24,-22,-18,-23,-20,-20,-31,-18,-18
0,3,1,-1,0,1,-1,-2,0,1,0,-1,0,-1,1,0,1,0,1,-2,-2,-2,1,0,1,0,0,-1,102,-1,-1,0,1,0,1,-1,-1,-1,0,0,0,0,-1,0,-2,-2,-2,0,0,-4,2,2,-5,-2,0,1,0,-1,2,-3,1,2,-2,0,-3,2,3,2,3,1,0,-1,2,0,0,2,2,2,0,1,1,1,1,2,1,1,3,1,1,-4,1,1,-7,0,-3,1,0,-2,3,-3,1,1,1,2,-2,2,3,-1,1,0,0,0,-4,1,1,0,1,3,0,-2,0,3,-2,-6,-11,-2,0,1,0,2,2,1,-1,1,-3,0,0,1,0,1,1,2,2,2,0,0,-1,1,0,1,1,1,-1,0,-1,0,85,0,-1,2,1,-1,0,-6,-2,-1,-2,0,-2,0,0,0,-1,-7,0,-3,-8,-5,0,1,0,1,-2,-1,-6,-1,3,-5,-8,-6,0,0,2,2,1,2,3,1,1,2,2,3,4,2,2,4,2,2,2,1,3,1,2,2,2,1,2,-8,-3,2,-4,1,0,3,0,-6,-2,3,1,2,1,2,2,0,3,-4,0,-7,1,3,2,4,1,-7,1,-2,-3,3,2,4,0,3,4,3,3,-1,0,3,5,4,3,6,8,1,5,4,4,5,5,6,3,4,4,3,8,6,6,6,6,7,4,-4,5,4,-14,5,7,2,-4,1,-5,1,-1,-4,1,3,1,4,-5,4,3,-6,7,5,5,4,-1,-3,12,-1,8,-2,5,-1,-1,0,-2,5,3,3,-1,1,1,0,0,0,-2,2,-9,-1,0,0,2,4,3,2,0,-1,-1,-1,-1,0,0,-1,-1,-1,-1,0,-10,-1,0,0,-2,0,-1,0,4,2,0,-1,-2,-1,0,1,1,0,-1,-1,-2,0,-1,0,2,0,0,-1,2,0,0,1,2,1,-2,1,-3,-1,-3,-6,-6,-4,2,-6,-6,-4,-3,-7,-10,-6,-2,-5,-5,-4,-5,-4,-6,-3,-6,-9,-2,-2,-3,-3,-16,-2,-2,-6,-2,-2,-3,31,-1,32,-3,-3,-1,-3,-1,-4,-3,-4,-1,-5,-2,-5,-3,-2,-3,-1,-4,-3,1,-2,-4,-2,-2,-1,-2,-1,-1,-10,-2,-8,-1,-16,-1,-9,0,-3,-4,-1,-3,-2,-7,0,-2,-2,-1,-5,-2,-4,-2,-3,-2,-2,-7,0,-2,0,-6,-3,1,-3,1,33,0,33,-1,-3,-4,-2,-7,-2,-2,-2,-5,-1,-2,-6,0,-2,1,-3,-1,-3,-4,3,-3,1,-3,0,-2,2,-2,-4,-9,-5,-11,-12,-9,-3,-3,-4,-9,-8,-12,-4,-3,-3,-5,-4,-5,-4,-7,-7,-4,-13,-6,-9,-12,-5,6,-9,-15,-5,-6,-7,-4,44,-19,45,-7,-4,-4,-3,-6,-7,-22,-4,-2,-4,-3,-4,-3,-4,-14,-4,-5,-4,-4,-4,-5,-4,-15,-3,-6,-4,-14,-6,-20,-11,-7,-14,-14,-16,-12,-14,-5,-13,-20,-22,-11,-10,-6,-17,-13,-8,-15,-18,-12,-10,-6,-13,-12,-15,-10,-16,-11,-14,-9,-19,-15,70,-17,75,-13,-13,-9,-9,-12,-11,-16,-13,-9,-7,-11,-12,-8,-8,-14,-10,-10,-15,-13,-7,-11,-6,-11,-12,-12,-7
-2,-1,0,2,0,-1,0,2,0,0,0,0,-87,-1,1,-1,0,-1,-1,-71,0,1,-1,-1,-1,0,-21,0,0,0,0,-1,0,-3,0,-2,0,-1,-1,-1,1,1,1,2,0,-1,-1,-3,-3,4,2,-4,1,2,2,-3,-1,2,-2,2,-1,-2,0,1,1,-1,0,-2,2,-1,0,1,0,0,1,0,-99,0,1,1,-1,-2,-1,-63,0,2,2,1,-1,1,-24,3,0,0,-1,1,-1,-10,0,0,4,3,3,1,5,1,2,0,-5,5,2,3,3,-1,0,-1,5,-2,6,1,-2,4,1,1,0,5,0,0,-1,-9,1,-25,-3,87,0,-34,-14,1,-33,1,84,1,-38,4,3,-10,-1,82,2,-20,7,-30,-33,1,81,1,-14,2,-23,3,1,79,2,-12,5,-39,4,-5,82,6,-41,6,3,0,-22,4,7,-34,2,-6,1,-33,3,-42,-12,3,-8,3,-13,3,-9,3,0,-1,0,1,1,2,2,1,0,1,1,1,-44,-2,3,1,-2,0,-1,-40,2,4,0,2,1,4,-23,-3,1,-1,-1,0,1,-13,1,0,-3,-3,1,1,6,10,1,-6,-1,0,-1,-2,-1,7,6,3,-3,9,2,8,7,6,6,-4,11,6,-4,1,5,5,3,4,5,11,2,-4,5,6,3,6,-19,5,6,-5,0,7,1,-26,5,6,4,8,9,2,-4,8,10,5,3,7,5,-2,-10,9,0,-8,3,2,4,5,4,6,17,0,6,2,4,10,10,19,11,3,8,5,14,17,1,5,-6,10,14,8,0,2,1,-1,-2,-1,0,1,-11,7,-6,6,3,12,-36,-5,1,4,0,-55,4,-1,-1,2,1,0,-49,3,-2,-1,-1,-1,-1,-22,1,-2,0,0,-1,0,1,0,-2,-1,-2,-1,1,0,2,-2,0,-2,-1,-1,-1,0,0,-1,-1,1,0,-2,0,-1,1,-4,-14,-4,-9,18,-6,-5,2,-7,4,-5,21,-3,-5,-4,5,-2,-9,41,-6,-7,-4,1,-1,-4,21,-4,-4,-4,-1,-5,-2,18,-3,-4,-7,-4,-4,-4,6,-4,-2,-5,-3,-2,-1,-2,-2,-4,-5,-2,-2,-3,-4,-4,-4,-6,-4,-4,-3,-6,-2,-3,-3,-5,-1,-4,-5,21,-2,-6,-8,-1,-2,-4,11,1,-3,1,-1,-7,-1,29,-4,-4,0,-1,-4,0,27,-1,-6,0,-4,-1,-2,24,-2,-8,-1,-4,0,-3,16,-1,-3,-1,-6,0,-2,-1,-3,-5,1,-4,0,-6,-1,-3,-2,-1,-4,-1,-4,-1,-6,-1,-14,-8,-56,-27,-34,46,-50,-79,-2,-9,-10,-44,47,-31,-12,-9,-8,-10,-21,45,-19,-9,-7,-2,-13,-12,36,-22,-32,-7,-13,-8,-5,33,-17,-16,-12,-5,-7,-3,22,-6,-8,-6,-7,-3,-2,-3,-3,-3,-7,-6,-8,-2,-6,-4,-4,-3,-4,-6,-5,-4,-2,-3,-15,-20,-37,-17,-10,56,-35,-42,-20,-15,-26,-79,62,-17,-21,-13,-32,-15,-23,66,-53,-52,-33,-4,-47,-18,58,-25,-25,-32,-44,-16,-17,55,-21,-32,-20,-22,-15,-29,39,-16,-30,-14,-19,-11,-13,-17,-10,-23,-10,-12,-11,-6,-8,-10,-17,-7,-13,-9,-7,-6,-2,-15
2,2,0,0,-1,-2,-1,1,0,4,2,4,0,2,-3,0,1,2,1,1,2,3,1,3,-1,1,1,2,1,3,2,2,3,3,4,1,2,3,2,4,8,8,7,6,9,3,8,6,8,4,10,8,10,12,9,3,2,0,2,-1,-2,1,-3,0,10,13,11,15,12,21,11,10,9,10,15,12,10,11,7,12,11,19,10,23,9,16,10,13,18,6,24,8,27,0,24,0,10,20,11,25,4,23,5,15,16,8,31,11,22,1,13,-2,5,18,8,28,8,24,5,15,11,0,19,-1,28,5,11,1,11,33,5,26,4,22,10,25,28,5,32,2,30,2,23,7,2,34,6,34,2,27,3,30,31,-2,32,9,32,2,38,-3,7,27,2,31,8,38,-3,30,34,1,34,1,40,4,37,-4,3,33,3,42,-2,42,5,36,30,5,39,8,42,2,37,5,14,19,21,23,22,25,21,22,21,19,24,21,21,22,22,19,18,22,19,22,20,24,17,18,25,19,29,23,30,24,22,23,22,24,29,25,31,21,24,19,20,25,24,30,25,32,19,23,20,19,24,22,35,19,24,14,18,20,17,32,24,31,17,26,20,24,25,26,23,34,29,31,39,21,33,22,29,28,26,23,24,36,28,32,19,25,18,38,33,20,29,16,31,20,36,28,31,38,31,32,21,35,27,27,43,34,33,26,34,27,31,26,28,48,30,41,39,33,39,51,29,29,25,20,35,31,42,21,-1,-2,1,-1,1,0,2,-1,2,-7,-42,-9,-46,-3,-59,-13,-6,-1,-6,-8,-8,-7,-15,-12,-3,-1,-3,-2,-7,-5,-11,-11,-4,-1,-3,-3,-4,-4,-7,-9,-3,-2,-2,-3,-1,-2,-5,-9,-3,-1,-2,-3,-3,-1,-8,-8,1,-1,-1,-1,1,0,0,-1,10,9,4,-3,14,9,2,-4,5,1,3,-8,9,-4,3,-6,1,2,-19,-7,0,15,-12,2,-7,-1,0,1,-2,0,-8,7,-4,-1,-3,-5,3,-4,-4,-3,-4,-4,-4,-5,0,-5,-1,-4,1,-3,-5,-3,-7,2,-6,-2,-5,-3,-8,-2,-2,-1,-2,0,0,-4,1,-5,7,-3,-2,-12,-5,0,-4,-1,-7,3,-14,-2,-7,-10,-5,-15,-3,-5,-4,-7,-7,-2,-14,-6,-6,-2,-12,-4,1,-8,-6,-7,-3,-4,-4,-8,-8,-3,-6,-7,-5,-6,-11,-6,-4,-4,-3,-4,-7,-4,-9,-2,-6,-5,-4,-8,-1,-14,-3,-6,-6,-4,-8,-5,-8,-1,-8,-7,3,5,4,-7,7,-5,-2,-1,-11,-7,-11,-3,-16,-8,6,-4,-3,-10,-3,-9,-9,-9,4,-10,-10,-7,-11,-4,-6,-7,-4,-6,-8,-12,-8,-10,-6,-13,-4,-11,-9,-8,-12,-3,-13,-9,-10,-13,-9,-10,-7,-10,-12,-16,-8,-13,-9,5,-25,-16,-18,-2,-18,-13,2,-16,-6,-14,2,-20,-11,-4,-24,-22,-16,-4,-22,-18,1,-12,-13,-22,-19,-29,-15,-18,2,-31,-25,-16,-25,-12,-16,-8,-16,-16,-19,-32,-8,-28,-11,-30,-10,-21,-22,-19,-29,-20,-40,-23,-30,-21,-15,-29,-18,-39,-24,-36,-16,-24
0,1,-1,-1,-1,-2,1,-1,4,0,-5,-3,1,4,1,0,4,1,-4,-5,4,-2,2,-1,2,1,-9,2,-2,3,0,-1,0,-6,57,-17,1,2,2,1,19,-2,-60,0,-1,-2,-1,-3,2,16,-15,7,-9,-1,1,6,2,-2,-2,2,2,2,0,0,-4,8,-1,9,-4,11,0,7,5,16,-1,3,5,3,10,2,6,-5,11,5,14,2,2,7,5,7,0,-3,-5,4,7,3,3,12,-26,14,4,-2,-2,17,-8,31,-18,14,-7,11,-1,2,0,-31,19,-7,14,-18,4,6,35,-14,-11,-35,17,3,14,9,-1,10,7,11,-1,7,0,2,3,4,15,4,1,3,6,0,-3,6,5,11,5,2,-4,5,13,-3,7,2,5,1,8,-6,-3,8,6,11,3,0,4,6,6,3,-9,9,8,8,-1,6,-8,9,-3,7,1,2,6,7,30,11,13,3,10,3,11,10,5,10,11,7,6,9,7,12,13,5,9,5,4,6,8,5,10,9,15,11,10,15,5,15,9,14,16,15,9,5,17,8,0,4,5,9,-2,1,8,15,14,17,23,12,10,8,13,17,12,14,6,15,10,11,8,17,1,4,1,3,0,-3,1,11,13,21,18,18,8,22,15,19,23,9,15,15,12,22,25,18,4,6,17,25,18,22,14,15,18,7,14,8,27,17,25,15,5,21,31,20,17,16,28,29,32,23,10,22,30,30,16,14,-7,-6,18,37,21,39,11,15,50,23,17,24,27,8,27,27,-2,-1,-2,-1,2,0,0,1,-21,2,-7,5,-7,-5,-56,5,4,1,-3,0,-2,-1,-3,-1,3,3,-2,-6,-4,-1,-4,0,1,2,1,2,2,-1,-1,-2,0,11,-48,20,-5,0,0,2,-4,17,-27,24,-14,-1,-1,0,1,0,-1,2,0,1,-2,0,0,-9,-4,-8,-2,-2,-2,-2,-10,-4,-4,0,2,-7,-8,-1,-9,-6,-18,-5,-13,-3,-7,1,1,-17,-1,2,-13,-6,-8,-2,-16,-10,-6,-17,-2,-1,-2,-6,-7,5,-30,9,-5,-13,-3,-5,-22,0,-5,-5,-15,-6,-1,-6,-3,-14,7,-16,-7,-8,-8,-2,-11,-14,-2,-10,-1,-8,1,-13,-16,-4,-11,-8,-10,-2,-23,15,10,-16,-4,-13,-4,-36,0,-10,-12,3,-2,-3,-30,8,-6,4,0,-28,1,-29,9,-10,-6,-11,-14,18,-72,26,-11,-3,-9,-1,2,-50,12,-22,0,-9,-6,-9,-46,14,7,-6,-19,4,-9,-5,-9,-5,-7,-9,-11,-8,-5,-2,-19,-20,-8,-18,-3,-7,-9,-6,-10,-13,-13,-11,-7,-10,-16,-10,-10,-14,0,-9,-9,-9,-21,-8,-10,-17,-13,-15,1,-6,-12,-11,-5,-7,-14,-1,-8,-1,-3,-8,-3,-2,-9,-9,-7,-13,-8,-8,-1,-7,-14,-6,-7,-12,-4,-11,-18,-22,-16,-17,-11,-16,-9,1,-20,-33,-23,-58,-26,-19,-38,-15,-1,-16,-24,-30,-5,-32,-15,-15,-23,-6,-20,-20,-44,5,-31,-12,-15,-40,-23,-31,-13,1,-19,-19,-21,-14,-28,-4,-20,-10,-11,-13,-8,-19,-19,-25,-26,-24,-26,-27,-12,-28,-20,-29,-22,-22,-21,-30
2,2,-1,2,2,-2,2,1,0,-3,-2,-1,-1,0,5,3,0,21,-3,0,-1,-1,9,7,5,-6,16,3,0,2,4,3,-9,-5,4,-3,0,23,11,12,-11,8,-7,-1,-13,-6,-8,-5,-10,0,40,6,-1,-1,-10,9,-1,1,2,-1,-2,1,-1,1,1,5,-4,4,2,-4,1,-1,-14,2,9,13,2,3,9,5,16,6,15,12,0,7,-2,-1,9,10,4,-8,12,26,13,2,2,4,-3,7,-4,2,-5,27,16,-4,-11,5,5,10,7,-1,9,-9,14,16,15,-14,7,25,0,-7,12,0,14,7,17,9,25,7,17,-10,2,1,2,0,18,30,7,-4,7,10,-2,-2,13,22,25,6,4,-6,-3,-9,-4,-15,23,17,-5,-17,-5,15,-3,1,-4,-4,11,20,29,6,2,9,-5,-20,6,27,6,-8,-7,-3,-5,4,14,23,24,1,-3,-7,4,20,1,-21,16,28,11,14,6,9,16,2,3,1,8,4,12,11,12,0,-8,3,-9,16,-16,2,2,4,-2,5,11,22,1,20,16,9,16,11,16,0,5,0,12,7,7,5,-3,11,8,20,12,-7,27,28,-2,9,-19,-1,7,-2,15,3,7,15,-2,3,3,-6,3,15,26,28,26,5,29,14,3,12,16,33,23,12,22,13,1,8,18,41,23,24,4,6,9,14,21,22,28,11,14,-1,7,13,29,16,11,1,1,17,25,14,20,2,-1,19,27,27,12,18,5,13,-1,20,31,23,-4,3,9,19,13,23,16,8,17,19,2,-2,1,-2,1,-1,-2,1,21,34,7,-29,22,-3,-3,-24,-22,3,-19,-11,5,-11,-6,2,-5,-1,1,-8,-3,-5,8,4,-5,-3,-1,-4,-6,3,4,3,-4,-1,-5,2,-6,-1,5,0,0,-2,1,-3,-7,-4,-4,-1,-2,2,0,-2,-2,2,1,-1,5,10,-5,-7,10,-8,-29,-13,-21,38,-15,-17,4,2,-25,-17,-16,-8,-3,-15,0,-18,-13,-8,-5,-8,14,-19,-20,-21,-1,5,-17,16,-12,9,-6,-5,-5,-9,-4,-10,-12,-3,0,2,2,-3,1,-12,-8,-11,-7,-5,-3,-6,-8,-3,-8,-2,-3,-4,-5,-1,-8,19,-6,-1,-25,-17,-1,-11,-10,27,-1,-15,5,-3,-7,-10,1,4,-21,-14,2,-1,-4,6,7,-8,23,-11,-17,-6,2,-1,-12,23,-2,21,-8,-20,-11,0,-2,-1,-9,-2,11,-3,7,-7,9,-9,-1,-13,-7,-9,-11,0,-1,4,-8,-1,2,-4,5,-4,34,46,-7,-17,-4,-55,-44,-41,-3,46,-37,2,-37,-24,-16,-27,3,-7,-16,-15,-20,-20,-16,-10,18,-11,27,12,-16,2,-8,24,-19,29,-3,20,-15,-26,-5,0,-4,-25,-27,-15,11,26,29,-5,-1,-24,-8,-10,-13,-15,-4,-7,-6,-2,-3,0,-4,-3,-1,-3,17,42,-19,-69,-21,-31,-57,-33,12,61,-29,12,-19,-16,-40,-34,15,-76,-25,-31,-44,-58,-37,-33,21,-31,35,11,-12,4,1,45,-35,43,3,33,-16,-39,-29,-1,-13,-31,-41,-34,14,50,30,-26,-5,-46,-15,-32,-25,-56,-21,-8,-43,-18,-13,-6,-6,-17,3,-7
-1,2,1,1,-1,-1,0,2,-2,1,-2,2,-2,0,0,-1,-2,-1,-1,-1,0,-1,-1,-1,0,-1,-1,1,1,0,0,-3,-2,-4,0,-1,0,0,-6,18,-2,-2,-2,0,-8,-4,0,35,-4,-1,-5,-8,7,101,-25,-33,-1,-2,2,0,0,2,2,-1,-3,4,1,1,1,1,3,5,2,-2,0,-1,1,-2,1,-3,0,0,0,-2,-1,3,1,4,-3,-1,0,-2,-1,0,-2,-1,-1,-2,-1,0,1,-4,-1,3,-2,-2,-2,-2,-1,2,2,-18,-5,-3,-2,2,-5,3,2,-16,2,-9,-2,3,0,-17,5,-9,0,1,2,3,-5,2,-8,-2,-1,1,3,2,-2,0,-2,4,-3,-11,4,-3,-5,2,-1,1,6,0,-1,1,1,-1,2,1,0,-2,-4,-3,-2,-1,4,-7,-2,-4,1,-2,-9,1,-1,-9,0,-1,-1,1,-3,1,0,-30,2,0,1,-2,2,-44,4,-12,0,0,-5,0,1,1,2,3,1,3,-2,-4,-1,0,-3,0,-4,0,1,0,1,1,-6,3,-2,-6,-2,-10,2,2,-4,2,-4,-1,-2,1,-5,-6,-9,2,-1,-1,-4,-11,-6,7,-3,-3,-7,-5,-4,-7,-1,-4,0,-14,-2,1,-6,-2,-1,2,2,-8,-5,8,1,6,1,-1,5,2,-5,8,15,7,2,0,0,-4,-2,4,8,-8,2,3,-4,-24,7,1,4,1,4,11,3,-4,-4,-6,1,3,-1,5,-1,-5,2,5,-4,-8,-6,1,11,2,-5,-9,-3,-2,13,-4,0,-3,2,-6,-6,-3,3,-2,1,-7,1,-1,-1,0,2,-1,1,0,-19,-4,-8,-4,0,-5,3,-22,2,1,-1,-2,3,3,-1,-2,1,0,-1,2,2,1,-1,1,0,-1,1,2,1,2,4,4,1,1,1,2,2,3,7,-15,0,1,1,1,1,3,-7,-30,-2,1,0,-2,0,-1,0,3,0,1,2,-1,-1,0,5,-1,1,-2,0,2,1,2,-2,4,-2,-1,3,-5,2,-4,1,-4,2,0,-4,2,-1,-30,-8,-27,0,-3,1,1,-27,-3,-45,4,1,2,1,-25,-77,-37,-94,-3,0,-7,2,-92,-9,-15,7,-127,4,3,0,-32,1,-127,-1,-19,5,-25,-13,3,-4,4,-21,2,3,-2,-28,-7,5,-13,5,-31,-70,2,1,-25,-11,3,-18,-2,4,-86,4,0,-31,-12,1,-5,-23,-1,-93,2,2,-2,-17,5,1,-9,4,-88,4,2,-24,-94,-5,2,-16,3,-80,5,-93,-10,1,-10,4,-27,4,-89,6,-3,-16,-13,-12,-12,-6,-95,-15,-28,-7,-16,-14,-12,-12,-94,-14,-37,-13,-24,-22,-15,-18,-91,-23,-29,-9,-9,-17,-14,-26,-91,-15,-16,-12,-16,-13,-21,-28,-96,-19,-10,-13,-26,-15,-28,-29,-94,-25,-7,-21,-24,-28,-31,-27,-51,-4,-30,-17,-23,-31,-73,-33,-111,-30,-84,-17,-26,-43,-41,-32,-68,-24,-27,-22,-44,-12,-4,-31,-87,-30,-64,-86,-28,-27,-27,-58,-77,-54,-13,-26,-73,-30,-49,-44,-93,-55,-33,-26,-32,-68,-43,-50,-93,-41,-13,-24,-19,-22,-86,-56,-57,-28,-86,-32,-71,-38,-31,-91,-28,-81,-30,-11,-19,-19,-49,-23,-88,-27,-56
2,1,-2,0,-2,0,1,-1,-1,-1,0,0,0,0,3,3,0,-1,-1,-1,-1,-1,2,12,-1,-2,-2,-1,-1,-1,-2,26,-3,-1,0,0,-1,-3,-7,42,-1,-2,1,1,2,-11,3,81,2,1,-1,0,-1,-25,11,48,-1,-3,-2,1,2,-2,2,1,-3,-2,-4,-1,-1,-3,-1,0,-1,-4,-4,-2,-1,-1,-1,-3,-8,-3,-4,-5,-4,-2,-1,-1,-4,-5,-4,-6,-3,0,1,-4,-5,-4,-6,-5,-5,-1,-5,-5,-4,1,-5,-1,-5,3,-2,-4,-1,-3,-5,-2,3,5,0,-16,-14,0,-4,-6,-4,0,2,1,4,5,2,0,1,0,-4,-2,2,6,4,0,-3,2,-1,-6,3,-1,4,-2,2,0,0,4,-3,-3,2,3,3,1,2,0,0,-4,-4,-1,3,3,-1,-2,-3,-2,-2,-2,1,4,3,-6,-8,-7,-4,0,1,2,6,-4,-5,-4,2,0,-2,4,3,1,3,2,1,2,3,4,5,12,1,0,0,0,1,0,4,13,1,-1,0,2,-2,0,2,11,-2,-1,-2,-2,-2,0,1,7,-2,-2,-4,-9,-4,-5,-2,-1,-4,-3,-9,-7,-2,-7,-9,-12,-1,0,0,-6,1,-1,1,-11,1,1,-2,-1,0,1,3,-1,6,4,-3,7,2,3,5,7,-6,7,6,4,0,0,3,3,-10,-1,-2,8,2,-9,6,-1,-9,1,-13,-17,-5,-6,4,4,-10,-1,-7,6,-1,0,8,-6,10,-3,10,-5,5,1,-2,-1,2,-3,-11,-21,-16,5,-4,-7,-4,-2,-20,-3,-15,-1,-7,-5,-1,0,1,1,-2,2,-2,-1,-6,-9,-11,-15,-7,-6,-8,-8,0,-2,-6,-2,-4,-1,-3,1,0,-1,-2,-1,1,3,0,-10,2,0,2,0,-1,2,-2,-31,1,1,3,3,2,4,-15,-68,3,3,2,3,2,4,-36,-127,-2,1,2,-2,1,2,1,0,8,5,3,7,3,4,2,4,5,6,2,6,2,0,-1,1,6,6,1,1,4,-5,-1,-8,5,3,2,2,0,-8,-9,-7,3,3,3,1,2,-10,-24,-14,5,4,4,2,3,-16,-11,-51,7,4,6,4,-2,-127,6,-104,5,7,3,0,3,-47,-2,-125,-126,-26,-19,-2,-6,-1,3,2,1,-126,-15,-22,-2,-9,-3,-10,2,0,-106,-13,-13,-1,-8,-3,2,-2,-1,-117,-16,-20,-5,-17,-1,1,0,2,-119,-118,-28,-10,3,-2,2,-3,1,-123,-35,-57,-1,0,-4,3,-7,-3,-29,-126,5,2,4,-8,0,-15,-108,-126,-12,-10,-10,-15,-19,-13,-11,-44,-10,-9,-10,-5,-13,-11,-16,-38,-9,-10,-13,-13,-12,-17,-15,-68,-9,-11,-11,-13,-11,-15,-15,-101,-7,-10,-13,-11,-10,-21,-15,-108,-10,-13,-12,-11,-16,-16,-7,-94,-10,-13,-15,-18,-16,-39,-8,-126,-20,-21,-20,-23,-17,-26,-13,-126,-48,-30,-31,-31,-33,-18,-49,-44,-17,-26,-52,-58,-35,-49,-67,-41,-17,-36,-41,-44,-36,-28,-55,-53,-21,-23,-29,-56,-38,-52,-55,-51,-28,-22,-32,-34,-51,-40,-41,-82,-38,-21,-25,-26,-26,-53,-43,-63,-26,-26,-21,-25,-26,-119,-17,-122,-31,-27,-20,-17,-26,-50,-49,-122
-1,-1,1,-1,0,0,-1,-1,0,-1,2,4,-2,0,-1,0,-1,1,2,-1,-1,-1,-1,0,1,-3,-1,0,0,-2,-1,-1,-5,-5,-5,0,0,-2,0,-3,5,57,-1,-7,-4,-3,-4,-2,18,121,15,-6,0,-3,-2,-8,0,-3,-1,0,2,-2,-1,-1,1,0,-1,3,-5,0,0,4,2,-5,2,0,-2,-5,6,-9,1,2,1,1,0,2,1,-3,4,3,0,-1,-3,0,-6,0,1,6,4,4,0,-3,-4,-1,7,-27,6,3,7,1,-1,-7,1,-31,-6,21,0,7,-7,2,0,-55,7,5,5,1,-3,-4,2,-3,2,-2,-8,-1,-1,-6,1,0,4,-2,-6,-3,-6,6,5,-3,3,-5,0,-2,8,-2,-2,5,-3,2,-5,8,-2,4,-2,6,3,-9,13,-7,3,0,-6,11,-9,12,-1,2,0,3,12,-30,11,0,6,-4,7,-4,-8,-58,3,-1,4,9,-9,2,0,14,2,-1,0,0,1,1,3,10,1,3,1,-12,-4,3,0,15,-1,5,0,-3,-3,1,-3,18,7,-14,-12,-3,3,2,0,22,5,-3,-15,-6,7,-2,5,14,3,-6,12,-1,-4,0,7,-21,10,-3,-10,6,4,3,22,-43,16,11,13,13,11,13,11,15,6,3,10,13,0,17,22,9,13,2,17,-2,14,-3,18,5,17,20,11,12,18,14,0,6,-2,20,-8,14,-3,0,14,2,17,19,0,-12,9,-7,2,8,3,17,11,0,1,0,-41,5,8,18,24,18,3,18,15,-12,14,-2,12,14,22,12,0,0,-1,-2,-1,1,1,0,4,1,1,-1,1,-1,-12,2,1,6,0,3,1,3,1,1,-1,5,-1,1,1,2,0,1,0,4,0,-1,1,0,0,1,4,0,2,2,-2,1,0,2,6,-50,-3,1,1,0,0,1,2,-1,-2,-2,-2,0,0,0,1,1,-1,-4,-2,-4,-8,1,2,8,-1,5,-3,1,1,-2,5,6,6,1,1,1,-2,8,11,-16,1,-17,1,5,-1,0,-15,9,-20,4,-9,5,5,2,-124,-2,-106,-22,4,-10,3,3,5,-56,-7,-127,-10,3,3,0,11,-127,14,-25,6,-19,5,-3,-6,8,-4,7,-6,9,-6,-22,4,-7,1,-6,9,-9,-22,-110,-12,10,-5,7,-9,-21,-126,4,7,-8,2,-11,-19,-98,3,-10,-19,11,-8,-24,-122,3,-7,8,-25,-12,-22,-124,3,-4,1,-7,-82,-61,-104,6,-10,10,-5,5,-44,-126,-27,-16,10,-2,5,-5,-2,-76,-8,-17,-12,-10,-5,-11,-6,-81,-11,-12,-11,-10,-5,-7,-9,-90,-11,-11,-8,-8,-9,-7,-8,-91,-17,-17,-5,-5,-6,-4,-11,-86,-15,-17,-6,-9,-10,-8,-14,-84,-15,-18,-15,-13,-8,-4,12,-77,0,-24,-23,-16,-18,-13,-15,-127,-18,-77,-60,-28,-22,-17,-13,-62,-41,-30,-18,-28,-22,-35,-36,-88,-43,-19,-22,-27,-27,-49,-31,-78,-33,-37,-40,-42,-82,-17,-30,-68,-49,-35,-47,-79,-30,-31,-36,-72,-49,-48,-53,-37,-14,-24,-27,-77,-45,-62,-43,-25,-22,-11,-86,-52,-64,-29,-21,-22,-10,-19,-27,-108,-13,-88,-43,-30,-15,-26
0,1,1,-1,-2,1,0,2,1,2,0,-16,3,1,0,0,1,0,9,-20,16,-2,0,0,-1,1,-1,-84,2,1,0,1,-1,3,-5,13,-3,1,1,0,-5,-5,3,-2,4,-9,4,1,-5,-11,-14,1,-1,8,-7,4,-2,-1,3,0,-1,-1,2,-2,10,0,9,-7,5,-1,5,-2,1,-1,20,-2,25,-2,-5,0,2,21,2,-2,-4,21,6,0,-8,6,2,67,-1,1,-4,5,-4,17,-10,6,-7,16,-2,5,-7,-10,6,3,18,-2,4,-4,1,-10,1,5,-1,-13,12,-7,6,8,-5,-3,13,1,8,-1,21,1,1,1,-13,2,16,-3,-2,19,2,-9,1,25,3,3,12,-3,18,-1,19,-4,3,2,-4,14,-2,66,-3,-2,1,6,-2,-1,21,2,13,1,1,6,-2,27,-2,9,-12,17,12,-3,24,-5,-6,-2,2,10,20,0,-3,4,-18,17,2,0,-5,21,2,3,7,10,4,3,1,1,5,4,7,16,1,6,1,-2,2,1,-1,9,0,1,11,0,9,14,16,1,19,13,10,11,9,0,2,16,1,7,7,-6,11,-5,2,5,2,4,9,-3,1,8,12,16,12,5,6,3,6,-2,1,16,3,0,7,-4,8,6,9,18,10,8,11,13,7,20,5,19,5,24,13,14,19,5,19,23,27,3,16,4,10,24,23,64,26,17,18,14,7,1,30,25,31,2,1,7,3,14,8,21,-26,18,14,24,25,-7,12,29,59,16,20,8,23,22,5,22,24,23,0,16,-2,0,-1,-2,0,1,2,-2,-8,-2,1,-13,-20,-2,7,-19,-5,-7,-6,-7,-6,-1,2,-5,-1,1,-2,46,3,-4,1,-1,-1,5,-66,15,-53,4,4,0,0,2,-5,10,-7,0,0,2,1,2,-7,4,-7,0,-2,0,-1,-2,-2,1,1,2,1,2,-6,-5,-7,-7,-8,-9,-5,-8,-13,-13,-22,-6,-35,-9,-8,-11,-10,-16,-10,-3,-5,-24,-7,-9,-15,-13,-13,63,-12,-11,-9,-6,-8,-14,-17,-1,-15,-24,-13,0,-8,-2,-31,-4,-20,-1,-9,-2,-5,-7,-5,-7,-6,-3,-7,0,-2,-8,1,-6,-3,-8,-1,-8,-14,-3,-7,4,2,-7,-7,4,-6,-17,6,-4,-3,-13,1,-7,-6,1,-16,-2,-31,2,-6,-4,1,-9,-10,56,-8,-18,-4,-8,-12,6,-32,0,-28,6,-7,1,1,-30,4,-10,7,-28,-2,-7,-25,-5,-9,-3,-8,-4,-25,-3,-2,-11,-1,-10,0,-8,-2,-29,2,-7,-3,-11,-12,-9,7,-9,-7,-2,4,-16,3,-7,-9,-11,-3,-3,-8,-23,-15,-8,-3,-6,-9,-23,-36,64,-24,-22,-7,-9,-4,-4,-7,-14,-9,-5,-4,-6,-1,-4,-4,-10,-2,-5,-2,-4,5,-5,-9,-9,-11,-7,0,-2,-4,-2,-11,-6,-7,-2,-3,0,0,-49,-27,-18,-38,-25,7,-14,2,-25,10,-3,2,-12,-26,-8,-17,-8,-7,-21,-16,-10,-30,-22,-6,-41,-43,62,-49,-60,-10,-17,-17,-11,-22,-34,-25,-7,2,-9,-20,-15,-8,-21,3,-9,-10,-11,-9,-16,-14,-14,-16,-15,-1,-13,-17,-17,-8,-14,-9,-10,-19,-28
1,-1,0,-1,-2,0,1,-2,6,-8,7,-17,9,-18,7,2,5,3,-2,-2,-1,-6,2,4,3,1,5,-9,3,-8,0,4,1,6,2,3,0,1,1,2,1,4,7,-3,11,-3,11,0,12,-4,9,-4,15,-9,11,-7,1,2,0,1,0,1,2,-1,1,3,5,-44,11,-18,5,1,-1,4,-20,4,-9,2,-8,5,5,-11,-2,-11,-3,1,-3,-3,-7,4,-14,-3,-15,-6,-16,3,1,-3,4,-24,7,-37,4,-16,6,6,13,-7,-3,-11,5,-1,8,6,1,11,4,5,-7,3,6,24,9,14,-1,10,5,10,-16,12,-17,17,-22,16,-32,15,11,-22,13,-16,17,-19,15,-11,-12,8,-16,7,-20,9,-13,9,13,-13,14,-72,16,-25,9,-17,-4,15,-24,7,-34,11,-16,9,8,-13,10,-13,12,-13,12,-14,-17,12,-11,13,-1,14,-15,9,3,-10,16,-8,22,-11,8,-16,6,-3,4,-3,-6,-1,11,9,-3,7,-11,5,-27,7,-6,11,1,-15,-4,-31,-7,-32,1,-2,-5,-6,-16,-5,-61,-14,-10,0,-3,1,-5,-3,-25,-8,-11,3,2,7,-3,3,-15,-7,-8,8,4,2,2,-8,-2,-7,6,6,0,3,-1,-5,-7,3,-3,6,-4,6,-9,8,-8,6,0,19,4,-11,-1,-10,-3,-3,12,5,-10,-7,-24,-13,-17,-12,-9,7,6,-14,-5,-38,-15,-24,-4,-5,4,0,-20,-11,-30,-14,-22,7,8,-4,-1,-11,-2,-32,-1,-5,-4,4,-4,-20,-7,2,-18,-1,-4,-3,4,12,9,-1,0,0,2,-1,0,-2,-2,-1,-2,2,6,10,23,18,10,16,11,-15,-1,8,8,12,21,10,10,6,-3,-2,3,-10,2,-2,4,3,-2,-2,-7,-3,-12,-2,-3,0,-4,-2,-2,-7,-3,-10,-2,1,-1,0,-3,-3,-5,-5,-3,2,1,0,-2,-1,-1,1,2,-2,1,3,-2,9,-1,12,-1,11,-3,8,7,9,-8,11,0,0,9,-9,29,1,64,-5,23,-3,4,-7,7,-5,12,-5,14,-2,-6,-5,-6,3,-5,5,-1,2,-8,-6,-6,-2,-7,-1,-6,-1,-5,-7,-8,-6,-6,-7,-5,-4,-8,-9,-11,-11,-6,-5,-5,-13,6,-6,8,-5,14,-12,15,2,-16,31,-6,11,-4,27,-1,4,16,-13,30,-5,51,-13,24,-4,1,8,-4,26,-4,16,-7,7,4,-8,19,-7,10,-6,13,0,-8,13,-7,7,-4,7,-3,12,10,-3,7,-7,3,-12,14,-5,-6,3,-7,-3,-4,2,-9,9,29,7,16,-5,9,1,10,-6,0,22,-3,10,4,10,-9,-10,21,-9,45,-11,53,-16,30,-10,0,1,-8,13,5,11,0,0,-3,-2,4,-1,4,5,-1,4,-9,-3,-11,4,2,5,4,2,-7,-11,-4,-4,7,0,3,-5,-5,-8,-4,-2,4,1,2,-1,37,-17,39,2,3,-49,1,-13,-5,50,-2,40,-26,45,-25,-4,47,-55,56,-27,79,-38,46,-42,-2,2,0,66,16,63,6,-1,6,-3,32,8,31,13,20,10,-14,22,3,13,13,29,0,18,16,-9,10,1,16,0,24,5,2,1,0,2,1,8,7,14
-1,2,-1,-2,0,2,-1,-2,-1,-9,-1,3,6,6,-3,1,-2,-3,-4,8,1,17,-2,-1,1,1,11,-8,5,-2,3,3,3,24,-4,-12,3,8,7,2,-9,-7,0,1,0,-14,-17,-1,-8,-23,-2,-11,-22,-11,-29,5,-1,1,-1,-1,2,1,2,1,-14,7,-7,13,7,0,8,9,0,9,-13,16,-9,20,-4,6,5,-7,15,-3,-1,6,25,18,6,9,7,3,26,-14,-2,22,-16,0,12,-5,-10,-26,5,6,-5,-16,-10,15,-14,-9,-14,19,-8,-13,-4,-4,1,0,10,16,-4,-5,-1,-14,19,-5,7,1,9,22,7,-14,5,-2,-4,5,-6,-1,6,1,-3,6,2,-7,6,-23,3,25,6,9,1,6,-12,-7,6,1,14,0,-4,10,-9,4,-11,2,6,12,1,-15,-15,-12,-4,-13,15,1,5,0,1,7,0,-9,10,-4,4,14,0,3,16,13,-13,-10,-4,15,3,13,-1,4,7,16,15,9,15,9,0,15,1,8,6,12,6,7,-12,-6,12,10,-1,2,10,-8,-3,17,-5,25,18,5,18,0,-11,17,14,4,11,16,23,20,9,5,17,17,37,17,22,9,-1,10,2,15,20,4,18,-2,-16,-1,2,9,4,-1,24,27,11,9,11,9,10,2,12,14,14,14,13,14,24,18,-8,4,6,6,25,11,13,7,11,21,-8,13,12,27,16,20,7,12,-7,24,22,18,13,10,-7,9,-10,-36,38,1,14,21,30,23,28,27,9,15,39,7,28,11,9,24,15,16,-1,-3,0,1,2,2,-2,-2,-2,-1,-3,27,-31,-7,-20,-5,-32,-21,-5,-7,-13,16,-18,25,-19,-2,3,-8,0,-3,-9,6,-7,-3,1,-2,4,-4,-5,-1,0,-3,5,2,1,-3,-1,-4,-1,-3,1,-2,-2,-3,0,-4,0,0,0,-2,1,2,0,0,-2,1,1,-14,-8,-9,6,-9,-4,7,-3,-8,-6,-9,-9,0,-12,-8,-17,-13,-7,1,-9,-13,-1,-16,-12,-10,-13,-4,30,-3,-5,6,-1,-2,-8,-1,-12,8,4,-9,13,-2,-12,-10,-7,-2,0,-1,-1,-8,-2,-7,-4,-14,-4,2,-1,-2,-13,-5,-5,-7,3,-14,-4,0,-26,7,3,15,6,19,-1,18,-5,-12,-3,2,-11,-26,-10,-19,-12,-7,-8,-9,-9,-14,-2,-19,3,-21,45,-16,11,-10,-6,15,-18,0,-23,18,8,0,22,-6,-13,-9,-8,-11,-5,-8,2,-13,-8,-2,-10,-5,-16,2,-2,-4,-7,-13,-9,-7,-5,-12,-13,-3,-14,-1,-11,-18,14,34,-7,15,-5,4,-3,24,-16,-22,-22,-57,-15,0,-17,-18,8,-20,-25,-23,-18,-31,34,-18,-12,-15,-1,-1,-24,-2,-39,35,26,-29,29,-13,-9,0,-13,21,2,-6,-3,-18,-19,-13,-17,-13,-15,-11,-9,-8,-12,-18,-15,-11,-7,-7,-42,-16,-47,-18,-21,-36,0,35,-15,17,-24,-24,-54,39,-52,-53,-68,-75,-46,-48,-24,-38,-16,-54,-56,-48,-23,-95,57,-43,-86,-30,-11,-13,-37,-21,-60,43,47,-51,31,-34,-33,-14,-45,6,-8,-17,-13,-28,-39,-28,-31,-45,-32,-50,-16,-27,-25,-24,-36,-40,-25,-27
1,0,2,-1,1,-1,2,-1,4,2,3,6,3,-2,-1,0,4,3,2,1,1,-1,-3,-1,4,0,-2,0,1,1,1,1,2,0,2,2,2,-1,3,-1,2,1,3,4,2,0,4,4,6,4,0,-4,3,9,3,4,-2,1,0,1,1,1,2,1,-2,-127,-115,-77,-65,-36,-16,12,0,3,4,7,7,10,7,4,2,1,2,14,4,4,8,6,0,3,1,3,3,10,-1,5,3,1,5,-1,2,4,5,7,1,4,4,0,1,-2,0,4,4,4,5,-1,1,-4,4,4,1,1,0,1,5,6,1,4,-18,-105,-124,-76,-58,-27,-5,-1,12,3,7,7,8,10,6,7,4,-1,4,7,6,2,6,4,4,5,10,7,2,3,10,2,8,7,10,6,4,4,5,5,2,9,6,3,-2,4,5,6,8,2,5,2,6,7,1,7,8,11,-4,-1,11,6,8,5,25,25,11,8,4,5,8,8,-9,-18,-4,-7,2,1,0,5,-7,-4,-14,1,9,-1,1,3,-3,-4,-17,4,5,-1,8,4,10,8,1,2,2,-2,4,3,9,9,13,6,0,5,6,9,4,4,10,1,-3,5,1,5,-5,4,5,-10,-1,-9,6,6,31,13,2,8,4,4,10,20,16,8,11,5,5,4,10,19,12,10,11,12,18,15,15,19,15,12,23,15,9,19,21,12,9,15,25,14,16,21,17,13,10,11,7,19,15,17,18,17,23,12,22,18,26,11,-1,18,24,20,24,23,22,19,20,19,2,1,-2,2,1,-2,0,-2,-22,-3,-18,-2,7,-1,8,6,-5,-2,-1,-3,2,-1,2,-1,-3,1,1,-1,-2,-2,-3,-2,0,0,0,-2,-4,-4,-3,-2,1,-1,0,-2,-2,-2,-3,-1,1,1,-1,0,-3,-3,-3,0,0,-2,0,1,-2,0,1,-3,3,-7,9,11,21,-2,12,18,-1,-1,-3,-11,-9,0,-4,-2,-6,3,5,6,4,-2,-4,-11,-3,-3,-9,-6,-7,-6,-1,3,-5,-8,1,-5,-3,-5,-5,-2,-3,-7,-7,-3,-5,-5,-5,-3,-1,-3,-7,-6,-5,-7,-4,-2,-5,-5,-4,-3,-4,-9,-3,-3,22,25,31,23,20,-5,10,10,-4,0,-7,-14,-6,-8,-9,-9,-5,0,-7,-4,-6,-9,-5,-9,-3,-6,-5,-11,-12,-9,-2,-5,-5,-6,-9,-4,-9,-8,-9,-1,-7,-7,-8,-6,-6,-9,-10,-11,-7,-7,-9,-7,-7,-4,-8,-6,-5,-7,-5,0,-3,-7,-7,-6,83,84,85,76,70,53,52,46,0,-6,-10,-10,-6,0,-7,-5,-15,-4,-14,-8,-9,-8,-7,-11,-16,-6,-13,-14,-9,-4,-5,-6,-9,-12,-9,-9,-11,-6,-12,-5,-7,-9,-8,-6,-6,-5,-10,-7,-5,-11,-9,-13,-8,-4,-5,-6,-10,-9,-7,-7,-7,-8,-7,-8,127,126,95,80,74,60,39,44,-28,-9,-18,-41,-19,-6,-45,-42,-35,-16,-26,-15,-35,-21,-23,-19,-45,-20,-37,-25,-28,-22,-24,-24,-29,-32,-26,-29,-17,-25,-46,-16,-9,-23,-26,-20,-13,-18,-30,-17,-15,-29,-25,-23,-22,-14,-14,-20,-14,-16,-20,-16,-16,-10,-21,-18
-3,1,-2,-1,-1,2,0,-2,2,-2,-12,-3,-4,10,3,3,-2,4,-3,-5,-1,-1,4,6,-4,0,38,-4,-3,1,10,4,-2,4,-17,18,5,-8,7,4,1,7,13,-9,-4,9,-2,6,3,-24,8,18,23,14,10,9,-2,-1,1,0,-2,-1,-1,-1,-10,4,3,9,-5,18,6,15,4,0,7,0,4,15,4,6,-10,-1,11,16,10,-6,13,8,10,3,5,-14,6,9,10,4,-1,15,4,1,9,9,-3,21,22,-3,5,-8,9,36,-7,9,-2,-10,-14,40,10,-8,12,24,19,8,12,18,24,20,7,8,5,13,19,26,1,1,11,7,-25,2,8,9,11,11,-2,12,17,4,0,7,21,19,3,6,12,14,1,6,6,17,21,-2,5,6,20,-2,22,3,9,17,-5,19,11,29,8,4,16,20,30,-20,25,20,21,15,11,11,4,24,8,16,18,29,-2,6,-1,6,-3,6,3,6,6,7,21,-1,2,9,10,8,-3,7,4,8,-10,25,1,20,0,12,6,2,-7,4,-3,13,15,10,2,6,1,3,-1,10,17,8,-2,1,3,5,4,9,9,7,3,15,-3,3,11,14,-3,15,11,9,-3,10,1,4,6,11,9,25,23,28,6,7,16,-3,15,3,17,14,17,18,4,22,3,14,6,33,12,26,20,23,29,-8,-3,18,13,26,18,14,9,15,25,-14,29,15,7,12,-9,36,-53,49,8,1,21,15,41,-31,40,4,12,27,17,21,22,45,-2,9,30,37,6,11,2,1,-1,-2,-1,-1,-2,2,-21,-6,-11,23,-49,7,-20,-12,11,-16,-6,-5,-10,14,-9,7,3,3,-11,-2,-8,7,-2,3,1,0,-7,7,0,-2,-3,2,3,3,0,-6,0,0,-3,0,0,10,-6,2,0,0,-1,-2,-1,0,-2,1,-2,2,0,-2,-9,-7,-21,11,-25,-10,2,-9,3,-22,4,-2,6,-28,-4,-3,17,-15,-29,-17,12,6,-9,-7,12,-18,-13,-7,-17,4,-16,-6,-14,4,-24,20,-15,-16,-6,5,-18,-1,-5,-3,-11,-1,-10,-5,-5,-10,1,-15,-5,-10,-7,-6,-8,-9,-9,-6,-3,-2,-5,-3,-3,-39,-5,-10,0,-12,-3,-3,-7,14,-35,21,-21,4,-16,5,22,-26,0,-23,19,-11,7,-5,-10,6,-23,-2,-17,7,-12,0,2,3,-10,25,5,-22,2,0,-4,-8,2,-4,-9,10,-13,0,-2,4,0,-9,-1,-12,9,-12,-6,8,-8,0,-11,3,-9,-2,-24,-11,-7,21,-36,-8,-15,3,-8,-7,-19,-14,-5,0,-8,-10,6,-38,-32,-33,22,-16,5,-3,17,-9,-20,-19,-13,13,13,-5,-24,8,10,17,-4,-9,-5,24,-11,-9,-7,-12,-17,-2,-12,-7,3,-6,-4,-7,-17,-20,0,-7,-18,8,-16,-18,-1,1,-5,-10,-41,-65,-35,15,-46,-35,-28,-1,-47,28,-12,9,-15,-11,-51,-13,24,-62,-24,-78,37,-35,-4,-40,13,-14,-71,-36,-33,15,34,-38,-18,-18,-6,32,-30,-24,-11,46,-37,-22,-9,-14,-22,-4,-22,-13,11,-7,-21,-7,-30,-34,-4,-64,-39,8,-25,-15,-8,4,-2,-21
-2,1,-2,2,-1,2,-2,1,8,-5,6,-1,4,1,0,0,5,-2,6,-1,1,6,0,1,9,-9,11,-9,4,-3,-2,0,33,-45,43,-37,8,-13,1,-4,27,-39,36,-36,23,-17,6,-4,26,-27,13,-17,9,2,-4,0,0,-2,1,2,-2,-1,1,-1,-10,0,-8,5,-8,8,-5,4,-11,0,-9,5,-5,2,0,-1,-2,-23,4,-14,-1,-4,2,-1,8,-36,28,-35,8,-12,5,-7,0,-13,-3,-10,-6,-5,-1,-2,-23,-12,-27,-6,-25,11,-14,4,-27,-2,-35,-1,-28,6,-17,3,-2,-56,11,-19,-2,-6,6,4,-3,-1,-3,-1,1,-6,1,-1,0,-7,2,-4,-6,-10,-5,-2,-4,-6,-6,-7,-3,-4,0,-8,-9,3,-16,1,-22,4,-13,1,2,-9,-6,-11,-5,-6,2,-7,-2,-20,4,-25,5,-7,-4,1,5,-48,10,-39,5,-16,-5,-4,-8,-17,-9,-1,-10,-21,-1,0,-6,-5,-2,-3,-1,-4,-4,-5,-1,-6,-6,-5,-3,-5,-3,-5,2,-8,-3,-4,1,-4,-5,-3,-4,1,-9,2,-8,0,-1,-3,-11,-3,-24,-4,-23,-6,-12,-6,-1,-16,-15,-12,-14,-14,-1,-7,-12,-13,-16,-10,-3,-5,-4,-7,-14,-11,-38,-8,-11,-16,-13,-13,-13,-8,-9,-8,-3,-8,-4,-2,-3,-7,0,-10,-1,-10,-9,2,-12,-7,-9,-4,-2,-9,-4,-5,-17,4,-5,5,-7,-2,-4,-6,-20,-5,-17,-6,-8,-2,-3,-10,-4,-23,-14,-20,-1,-13,-11,-8,-23,-4,0,-38,-6,-19,-15,-11,-1,-8,-13,3,-14,-5,-8,1,1,0,2,1,2,1,2,0,10,-8,6,-3,4,-3,10,-1,-1,2,-1,2,4,3,2,0,-4,-2,2,3,0,3,0,-1,-4,-1,-2,-1,2,-1,1,2,-1,-8,-1,-5,-1,1,0,0,-4,-6,-1,-2,-1,-2,1,2,0,1,1,0,-2,0,-1,-2,6,-5,1,-4,-6,-5,-4,-7,6,-3,3,-8,5,-5,-5,-5,0,4,-5,2,1,1,-4,-2,3,17,-7,4,-5,-1,0,1,10,-14,7,-6,2,0,-1,-3,20,-22,23,-23,17,-6,8,-3,3,-9,1,-3,3,-3,5,-1,-3,6,-10,7,-6,6,-2,1,5,-1,-4,-4,0,-12,1,-4,2,-3,4,-8,5,2,1,-1,7,-6,13,-4,1,-7,6,-4,-2,17,-4,5,0,0,1,4,14,-4,11,-6,4,-1,3,3,15,-21,22,-16,18,1,3,3,7,-10,10,-6,9,2,7,-2,8,-2,5,3,5,5,9,9,12,-5,10,-7,7,-3,5,-2,8,-5,15,-2,10,5,8,4,10,-1,6,0,-2,-2,-1,3,3,7,8,5,2,5,2,6,23,-6,27,2,10,4,6,8,31,-38,45,-4,29,6,22,8,13,1,12,3,11,-3,10,6,10,12,8,11,11,12,11,9,0,-24,-8,-16,-17,-15,-13,-25,-12,-26,-30,-31,-6,-21,-8,-24,-28,-14,-16,-17,-52,-27,-27,-22,-24,0,-28,6,-39,-8,-26,-15,34,-51,40,-31,8,5,-20,2,58,-89,69,-62,54,-11,15,-6,16,-31,30,-6,11,-21,6,-9,22,6,14,5,10,12,15,3
2,-3,-2,1,-1,-1,2,0,4,3,5,8,-1,-3,-20,-5,5,2,4,5,5,-3,-7,-8,3,2,6,6,4,-1,-3,-5,3,3,6,6,5,0,-1,-3,9,1,8,3,10,1,-2,0,4,3,9,6,4,-3,3,-2,2,0,1,-2,2,2,0,-1,9,11,8,8,-4,-10,-6,-7,9,12,10,4,2,-9,5,0,12,10,9,8,2,-5,-16,-1,12,7,11,4,2,-12,-2,-7,11,9,10,6,1,-2,-6,0,8,18,12,17,7,-3,2,4,13,13,17,6,2,13,6,6,4,11,6,11,4,0,5,7,13,6,13,5,8,-13,6,-7,14,11,8,13,2,4,-24,2,8,8,9,4,5,-15,-8,-2,8,12,6,4,-10,1,-7,2,10,9,6,1,3,-1,2,6,6,10,8,6,9,6,6,7,9,6,15,4,11,2,5,6,-4,0,6,1,6,5,-1,13,10,12,10,7,5,-8,-33,-18,8,6,4,6,5,-14,-23,-28,5,2,1,1,-5,-10,-35,-22,2,1,3,2,-1,-10,-23,-26,7,8,2,4,-4,-9,-24,-19,8,13,11,4,3,3,-7,-14,7,6,8,10,6,8,0,-5,8,11,12,12,14,7,0,-2,20,21,20,17,10,-21,-33,-35,15,18,15,15,4,-17,-31,-47,10,10,5,4,0,-26,-33,-24,10,5,1,-4,-7,-21,-24,-9,6,4,1,-15,-10,-10,-13,-5,-2,4,-15,-17,-15,-26,-10,-3,10,-5,-8,-1,-15,-2,-6,-11,-3,-14,-10,-1,-5,-9,-9,0,1,-1,-1,1,2,0,2,-1,-23,-11,-13,-8,-5,-3,21,22,-4,2,3,3,6,3,10,11,-3,0,0,2,-2,-2,-4,0,-1,-2,-1,-1,0,-6,-5,-4,2,0,0,0,-1,-5,-8,-6,1,-1,0,1,0,-3,-6,-4,-2,1,-1,1,1,0,-2,1,-6,-2,-7,1,0,3,19,14,-5,-8,-1,2,-3,-2,20,20,-6,-2,0,-1,3,9,1,22,-13,-11,-3,-1,1,5,-2,4,-8,-12,-10,-7,-2,-7,5,-7,-10,-13,-8,-7,-8,-8,-11,-6,-9,-10,-10,-9,-8,-9,-8,-7,-10,-10,-12,-10,-10,-12,-10,-10,-6,-5,-12,1,-1,5,12,20,-7,-5,-5,-7,2,-11,36,14,-9,-6,-4,9,2,23,-9,33,-10,-10,-4,1,2,1,3,-5,-7,-5,-7,-3,0,-2,0,5,-8,-7,-4,-7,-5,-9,-9,-6,-6,-3,-8,-5,-7,-10,-9,-5,-6,-9,-5,-10,-10,-11,-9,-9,-5,-11,-8,-9,-1,22,47,55,6,2,3,3,15,25,52,57,-7,-6,-9,4,-6,33,31,42,-7,-17,-16,-11,5,9,16,24,-10,-27,-14,-10,-1,5,12,14,-8,-14,-10,-14,-4,0,9,10,-10,-16,-15,-14,-9,3,7,6,-9,-10,-10,-9,-9,0,6,2,-9,-9,-16,-15,-14,22,54,61,-19,-4,-11,4,21,13,76,82,-11,-13,-13,18,1,63,41,62,-17,-38,-10,-8,12,13,38,50,-10,-40,-5,-4,5,4,29,36,-28,-10,-6,-6,-5,8,13,19,-9,-4,-7,-4,-9,-8,12,13,-4,-10,-3,-5,-14,-4,8,22
-2,2,0,-1,2,1,-2,2,0,-4,0,8,-28,4,-1,-1,0,1,-5,2,103,1,-5,1,-1,-1,-1,5,-1,9,-1,0,-1,1,2,0,2,-1,0,0,0,2,0,3,0,1,-3,0,-4,-7,0,-5,-6,-5,4,-4,-2,-1,1,0,1,2,3,1,-1,6,7,2,7,1,7,4,8,1,-1,10,0,4,2,4,2,3,5,3,-11,1,6,3,8,2,3,7,10,11,1,4,5,3,9,4,9,3,7,4,6,3,7,7,-2,6,1,6,3,4,4,4,4,9,4,3,3,4,5,2,7,7,2,4,4,3,-2,5,8,9,-19,4,1,4,4,0,9,-8,5,5,6,5,5,5,41,2,7,4,4,4,2,5,3,11,5,8,8,3,1,-2,2,5,5,6,4,3,7,9,4,4,1,2,1,1,10,5,11,4,4,4,1,5,2,5,4,5,-1,3,6,6,7,5,-7,5,7,6,7,6,9,8,-8,8,8,6,3,2,1,-2,6,-7,2,1,7,4,6,8,-4,9,4,4,5,6,6,4,4,6,8,7,5,8,9,5,7,5,5,7,4,10,8,10,5,8,7,10,5,8,7,8,7,6,9,8,18,13,9,13,8,15,3,11,14,13,16,9,3,8,17,12,14,12,12,5,17,5,13,9,11,10,8,8,7,15,12,10,9,8,7,7,12,7,13,13,11,0,5,11,10,11,8,7,10,10,12,22,0,13,14,4,5,14,4,14,6,17,13,9,2,-1,1,-1,0,-2,1,0,-8,-6,3,-10,-6,-8,-13,-4,-3,-3,-5,-7,-6,-9,-6,-2,-1,-4,-2,2,5,4,1,-2,-2,-2,-1,-2,0,-3,-3,0,-2,-1,-2,-2,-3,-3,-2,-1,-2,-1,-1,-1,-2,-2,-2,-2,-1,-2,-2,0,2,1,2,1,-4,-10,-6,-8,-11,-6,-7,-5,-3,-7,-2,-7,3,-12,5,-4,-5,-7,-8,-14,13,-14,-8,1,-5,-6,-9,40,-10,36,-8,-6,-3,-2,-7,-2,-3,0,-5,1,-3,-4,0,-7,2,-5,0,-6,-4,-6,-2,-5,-3,-6,-2,-7,-5,-3,-4,-2,-6,-3,-5,-6,-2,-2,1,-7,-14,-6,8,-6,0,-3,-7,-2,-4,7,-9,-3,-8,-8,-4,-14,15,-17,-3,-4,-5,-1,-7,49,-10,44,-13,-5,-3,-8,8,-3,-1,-4,5,-7,-7,2,-4,-2,-7,-2,-7,3,3,-5,-3,-5,-4,-6,-3,-5,-5,-4,-5,-5,-8,-4,-4,-3,-8,-3,-5,-7,-9,-1,-14,-9,-9,-9,-12,-11,-3,-14,-12,-9,-7,-3,-11,-5,-14,-7,-3,-4,-3,-4,-3,52,6,52,-5,-6,-9,-11,-8,-6,8,-9,-5,-5,-7,-11,-8,-9,-3,-8,-11,-10,-9,-7,-8,-4,-5,-9,-9,-7,-8,-7,-8,-6,-1,-7,-8,-6,-16,-7,-17,-18,-29,-16,-31,-16,-6,-16,-20,-10,-22,-15,-22,-17,-30,-14,-21,-21,-16,-23,-15,-13,-11,-17,-13,63,-8,65,-15,-16,-14,-29,-7,-13,-7,-15,-10,-6,-16,-13,-12,-13,-15,-15,-17,-10,-10,-13,-13,-11,-16,-16,-20,-14,-15,-12,-13,-13,-10,-17,-17,-15
2,0,1,-1,-2,1,-2,-2,-1,-3,-18,-3,3,5,4,3,2,-7,-11,-3,4,-2,2,3,2,-1,-23,19,7,12,8,7,1,-9,-20,-13,10,9,7,13,11,5,26,-3,-10,5,-8,-3,-8,13,-7,6,26,13,41,-2,2,1,1,2,-2,1,-2,-2,1,0,12,-5,6,-5,1,-23,-1,-5,-14,-8,18,-2,20,6,-3,-7,-3,13,5,11,12,21,7,-1,-6,-9,17,10,-1,31,8,-6,-3,3,-7,-13,1,-5,5,-4,-37,39,24,-6,28,17,4,8,12,14,27,-4,20,31,1,-13,9,20,5,-5,2,14,-24,19,-5,-3,-10,-7,-2,5,-1,-11,-6,-5,-2,1,0,-4,16,6,-22,9,6,6,-15,-5,-11,13,-14,1,20,-10,-9,6,3,-14,-1,4,-2,6,-3,24,10,6,9,18,-3,-10,27,-12,-7,3,-17,5,21,25,12,8,1,1,8,-3,-8,-3,-5,-5,11,-1,30,5,5,7,5,8,6,13,25,4,8,14,15,0,-3,-1,16,-12,4,6,3,-5,-4,-12,6,-2,-5,8,2,-1,11,5,16,-5,23,30,26,12,-10,-11,9,-11,4,14,11,7,10,-6,15,0,-2,9,5,-6,10,15,31,9,14,16,31,20,10,14,25,17,5,4,7,-15,7,16,13,17,9,11,-5,-5,20,8,5,6,17,1,-8,-7,0,7,-13,2,6,2,-2,-1,9,14,2,-1,-3,0,16,-7,-5,13,1,-5,9,11,0,-5,6,9,7,1,39,-15,-4,-5,0,10,26,3,-19,-9,-11,-10,-2,-1,2,0,0,1,-1,0,-7,-44,3,-30,-4,-31,12,-15,9,-19,-7,-10,8,-2,5,-9,4,-3,-10,1,4,0,3,0,-1,2,-5,6,13,4,2,0,0,1,-3,6,-5,-1,-6,-6,-1,6,-9,2,-4,1,-2,-6,2,0,-1,0,2,1,2,2,-10,1,-2,-14,5,-10,9,4,10,-20,-15,9,-8,-13,-39,4,-5,-34,-5,-21,0,-8,-12,-18,-13,-9,-10,-14,-10,-3,1,-9,-18,-27,13,-12,6,6,1,-8,-11,-8,-12,-9,-18,-2,7,-7,-8,10,-7,-8,-6,2,-2,-9,-6,-4,-8,0,-2,7,-6,7,5,-8,18,-17,9,0,15,8,3,-25,4,-10,7,0,-2,11,-13,-34,8,0,-16,-6,3,-9,1,-3,-20,-9,0,14,-2,-4,-18,-25,16,-12,15,10,15,-1,-9,-16,-5,-9,-13,9,16,-11,-8,22,0,-7,-9,1,3,0,6,-9,-3,-4,8,0,-4,10,-21,-5,17,-14,3,-22,21,-6,10,-30,2,1,-16,-2,-7,-3,-12,-38,-14,-18,-27,-19,0,-16,-17,-15,-33,-17,-3,6,-9,-11,-18,-37,21,-23,10,29,32,-1,-14,-17,-29,-14,-6,-4,28,-13,-5,23,-11,-24,-10,-3,-12,-9,-5,-8,-7,-2,7,13,-1,4,-43,-4,27,-25,31,-28,50,-7,18,-50,25,1,4,19,-28,11,-30,-63,-14,-39,-59,-27,3,-47,-36,-35,-57,-34,-22,27,-24,-26,-41,-80,42,-61,27,20,42,-25,-38,-38,-47,-39,-29,-1,33,-35,-24,38,-19,-44,-17,-4,-30,-39,-16,-25,4,-14,22,40,-10,12
-1,2,0,-1,0,1,1,1,4,1,3,-1,-4,2,3,0,5,0,1,-8,0,3,-1,-1,11,-7,-2,-3,3,-1,1,-1,8,-52,-6,6,2,0,1,0,12,-1,5,1,5,3,1,1,-4,-30,4,-15,16,3,-10,2,2,0,-2,-1,0,0,1,2,10,9,4,-1,3,-3,1,2,1,-4,8,4,0,1,6,4,34,7,20,-3,5,4,5,3,3,-2,1,14,6,8,-3,4,-13,93,-8,10,7,-3,8,-11,-19,3,-1,0,2,3,-1,3,52,-8,28,-5,1,8,-1,-5,9,-13,24,6,-3,-4,2,4,8,7,3,3,1,16,-1,3,-3,10,-4,5,14,0,8,7,4,8,4,12,3,4,7,7,11,7,12,-4,6,6,-1,7,-3,80,0,9,11,4,1,2,22,4,6,3,-4,4,7,7,-1,11,9,6,7,8,7,-3,15,-1,-9,10,24,12,7,9,6,7,7,5,3,6,4,4,1,6,4,3,4,7,8,3,3,3,3,-3,4,-1,8,4,1,2,-7,-7,-3,5,-2,4,29,27,-9,19,13,17,5,-1,9,15,6,10,7,2,-6,-3,12,14,-4,4,1,8,-2,-4,8,17,2,-6,-3,7,2,-4,6,8,12,10,9,15,6,15,9,16,9,11,15,11,11,15,12,19,11,11,10,12,21,20,19,4,17,9,10,17,11,12,17,42,17,9,23,22,1,13,30,28,16,18,8,11,19,18,23,25,21,35,26,15,21,7,26,23,13,12,23,-33,-11,8,1,1,0,2,-1,-1,-1,0,12,9,7,-16,-5,7,-13,-17,-1,3,-2,2,-2,-1,-4,-10,0,-1,-3,-1,0,-1,-2,-6,4,24,-1,3,0,0,-3,-1,-98,23,-98,-2,-1,-3,0,0,-11,15,-22,-8,-2,0,0,0,2,-1,2,-1,-1,2,1,2,-2,2,1,-13,4,10,-3,-3,-10,-4,-4,-16,-13,6,5,-5,-1,-8,-11,-10,-2,-2,0,-11,-1,-9,-12,-17,-1,0,0,-4,-12,22,-10,-5,-1,-10,3,-2,-13,0,-10,-21,-5,-2,-2,-1,-37,-2,-27,0,0,-5,0,0,-6,-7,-10,3,-8,7,3,0,0,3,-7,-2,1,-5,-7,-6,-1,-5,-2,-9,-12,2,-4,-3,-2,-3,2,-20,1,-9,-6,-11,-11,-3,-21,1,-1,-8,-6,-5,-5,31,-11,-6,-5,-7,1,4,-26,-2,-16,-3,-3,-4,1,-5,11,-9,0,-21,-2,-4,-4,-2,-8,-38,-6,0,-9,-1,-1,-5,6,1,-11,-10,-5,2,-12,-10,-8,-6,-7,-1,-10,-11,-4,0,0,-20,-5,-8,-6,-9,-11,-9,-2,-6,-12,3,-1,-6,-5,-13,-12,29,-34,-22,-6,-11,3,-5,-7,-15,-15,-2,-14,-11,-10,-6,0,-6,-7,-10,-5,-8,-3,1,-6,0,-18,-3,2,-1,-2,-1,4,-35,-20,-32,-33,3,-17,-18,-10,-4,-11,-28,-39,-15,-9,-1,7,-16,-10,-56,-21,-7,-25,-19,-8,1,-13,3,-7,-17,-5,-15,-16,17,-23,-18,-21,-16,-10,-2,-12,-26,-9,-6,-6,-15,-7,-14,2,-15,-6,-16,-12,-12,-8,-9,-15,-25,-16,-15,-10,-3,-8,-4
-2,-1,0,-2,-1,-1,1,-2,1,-1,0,1,-3,0,1,-1,-2,-4,-2,0,0,-2,2,-2,3,0,-2,1,-2,-3,2,-1,3,2,-3,-1,1,-15,2,-5,2,-3,0,-4,5,40,-13,25,4,7,8,0,-15,24,-3,16,2,0,1,-2,0,-1,2,-1,8,0,8,-3,7,-5,-1,-10,3,-3,6,5,0,-9,-4,-3,2,7,-3,-1,-7,-3,-2,0,-1,-2,1,11,2,4,-8,2,0,-2,13,-3,-7,16,7,24,6,-6,1,-7,23,20,-39,14,-8,-1,0,8,11,-52,-15,1,-2,-2,-14,0,3,12,-28,14,6,11,3,-7,6,5,7,5,15,5,4,4,-1,2,2,3,13,9,7,0,-2,-3,5,-1,-6,24,15,12,6,6,-6,4,9,-3,8,14,9,-3,1,7,-9,4,-6,9,10,14,4,25,-2,-3,4,-6,12,14,-21,25,-1,5,-2,2,-6,11,21,8,5,8,7,6,8,2,1,4,5,7,8,3,5,2,8,5,9,9,8,4,9,10,15,3,4,10,9,-2,9,3,23,4,6,11,6,8,0,-1,27,1,8,8,4,5,-6,-5,17,-6,15,16,16,14,16,19,49,-13,6,10,10,0,9,5,17,12,4,15,13,14,16,5,3,3,18,12,21,13,16,10,-2,7,24,19,13,16,12,19,9,8,15,31,21,10,23,15,34,8,2,18,29,29,4,25,24,17,14,28,19,27,29,4,25,0,20,21,23,25,4,40,-22,32,14,16,18,-18,13,22,20,4,0,2,-1,-2,-2,1,1,-2,22,-4,-3,-12,2,-16,-22,-9,10,-8,-3,-2,-2,-8,14,-6,-2,-3,-1,3,-4,-4,11,-6,-3,-1,-7,-2,-3,-2,11,-4,-3,-3,-1,-8,-5,6,11,-8,-3,0,-4,-2,-11,-3,38,-5,2,1,0,2,1,-2,-2,-1,0,1,0,-2,16,-3,-5,0,-2,5,-7,-8,1,-3,1,-4,9,5,-5,-6,0,-10,0,-5,-5,-1,-2,-6,-8,-3,0,0,-1,-2,-2,-5,-7,-2,-5,-7,-2,0,-4,-11,-14,-1,-6,-6,-1,-3,-6,0,-10,-3,20,1,-7,0,-4,-6,-12,-10,3,-1,9,7,5,-3,4,-5,-3,-9,-5,-4,-2,-5,0,-16,1,-9,-5,2,-4,-2,-9,-9,-1,-8,-4,-9,-7,-4,-9,-7,-7,0,-3,3,-1,-9,-6,-5,-2,-4,3,2,-7,-10,-10,-3,-3,4,-3,-4,-4,-3,-10,-10,46,-8,2,3,-4,-9,-3,-16,-5,9,-3,1,-7,-25,2,-17,-23,-20,-8,-11,-13,-7,-12,-17,-25,-21,0,6,-5,-1,-10,1,-3,-4,-14,-16,-15,-20,-17,-13,-29,-11,-6,-9,-3,-7,-17,-11,-10,-2,-3,-8,-14,-9,-16,-16,-13,-24,-7,-8,-10,-18,-16,-4,50,15,-5,-6,-8,-6,-21,1,55,-22,-1,8,17,-24,-5,-12,-28,-13,-18,-22,-12,-9,-4,-32,-23,-19,-15,24,-22,-14,-8,-23,-8,-18,-10,-10,-14,-26,-22,-14,-24,-13,-6,-11,-8,-21,-23,-8,-12,-7,-4,-10,-14,-17,-17,-15,-19,-22,-13,-8,-11,-13,-18,-15,51,-25,-5,-9,-10,-9,-18,-16,58,-43
-1,-1,-2,1,-1,0,1,1,1,2,2,1,-4,-1,-2,2,-1,-4,9,4,3,4,3,2,7,10,11,12,0,-1,2,1,25,-11,9,-9,-1,-3,7,2,0,27,2,19,-1,-15,0,4,-2,-6,2,2,-1,12,10,8,-2,-1,1,-1,-2,-2,-2,1,11,2,-7,-5,8,-2,-2,-3,-1,8,14,18,4,7,-1,1,9,31,23,3,20,-2,11,-6,38,1,-1,0,7,9,-15,14,-19,12,-1,25,-13,-3,-4,-12,22,-2,-23,14,30,21,-6,-4,4,-10,18,21,-10,-23,2,1,34,-16,5,-17,10,3,-8,4,10,0,0,7,-9,14,12,4,-6,8,10,-4,4,16,11,-2,11,-4,0,5,21,21,-1,9,12,-6,3,23,0,-2,-4,-3,26,-9,18,-5,20,-11,1,-1,-10,36,10,23,-16,4,6,-3,27,-8,6,-7,3,6,14,2,9,11,-28,21,11,15,0,6,4,7,8,9,6,8,3,2,6,4,3,7,-9,11,5,4,0,10,10,5,1,-3,4,-3,1,24,24,7,-1,13,-2,2,18,15,16,24,20,11,14,4,3,5,29,12,-23,-2,2,-1,13,25,3,23,3,11,6,-3,-8,12,19,14,6,9,12,2,11,7,3,15,17,27,5,18,0,4,13,3,20,21,20,-6,-3,4,0,9,10,22,17,5,0,3,20,14,-2,5,13,7,28,10,21,21,24,12,5,-1,-6,13,39,25,-1,0,5,12,9,19,18,-4,17,10,21,11,4,15,19,36,-13,28,10,15,1,0,-1,0,2,0,0,0,34,-23,-24,37,-55,10,9,-20,2,1,-1,3,-2,-4,3,-4,-1,2,-2,5,-3,-1,-1,-2,-2,2,5,-3,-5,-1,-2,0,-2,0,-2,-2,-1,-1,1,-1,-3,-1,1,1,-2,-2,-1,-2,1,0,2,0,-2,1,-1,-1,5,-6,-15,14,-27,2,-9,-4,-7,-16,-10,-6,10,-2,-3,-8,5,-4,-10,0,-34,1,-2,-6,2,-13,-9,3,4,-13,-6,-7,-13,11,39,-3,-4,-2,-1,-2,-7,15,-11,-16,-10,-5,-6,-3,-4,-14,5,-7,-7,-4,-7,-2,-5,-3,1,1,-7,1,-3,5,-3,-22,9,10,-3,13,-8,-15,1,-4,-15,3,-5,0,20,-10,9,-12,-2,-10,-4,-3,-8,-13,-14,-25,-14,13,8,-11,-8,-4,-25,8,44,-5,-11,2,-5,-6,-19,35,-20,-17,-9,-5,-5,-7,-5,-13,17,-9,-7,-6,-8,0,-9,-4,-4,-3,-2,-4,-10,-7,14,-25,-35,37,-22,37,-25,-9,-14,-10,-12,-13,8,-6,32,-22,1,-5,-7,-20,-12,-13,-11,-17,-5,-9,-22,35,22,-15,-12,-8,-25,37,60,7,-13,-3,-6,3,-7,45,-7,-30,-17,-2,-8,2,-11,-8,41,-9,-11,-10,-8,-4,-5,-6,-9,-12,2,0,-2,-1,7,21,-39,77,-52,49,-38,-42,-37,-34,-46,-38,10,-33,51,-52,-39,-36,-16,-34,-40,-4,-14,-30,-45,-22,-23,55,41,-21,-33,-31,-75,52,64,32,-62,-5,-12,-20,-23,54,-54,-47,-29,-24,-33,-21,-20,-23,47,-25,-18,-39,-24,-24,-8,-20,-22,-17,-12,-16,-19,-18
-1,-1,-2,-2,2,-2,-1,-2,-3,-7,-10,-6,3,3,9,5,-3,-7,-5,-3,1,3,6,9,-3,-4,-3,0,1,4,2,4,-1,-5,0,4,1,4,2,1,1,-1,1,2,2,1,1,-2,19,9,8,6,-5,3,4,14,2,-1,2,1,-1,1,-1,-1,3,2,-8,-2,-2,3,11,3,3,-4,-1,-3,-1,1,1,11,-2,-5,-6,-7,-6,0,0,3,-4,-8,-5,-6,-8,1,-2,3,0,-4,-7,-6,-3,0,7,3,-4,-4,-4,1,-7,2,3,6,7,-7,-1,-2,2,8,5,11,7,4,-5,7,2,6,10,9,9,4,4,1,0,4,6,5,5,5,-4,0,3,3,7,10,4,2,2,-1,2,3,4,4,3,-1,-1,-7,-2,1,5,6,0,-1,-1,-5,1,0,6,5,1,3,-1,3,0,9,6,6,2,-1,5,7,4,4,7,1,11,4,4,14,4,3,2,8,10,11,7,11,12,15,17,15,15,6,11,10,16,14,18,17,5,13,9,18,12,13,15,10,8,5,9,5,13,12,10,7,9,7,10,-1,9,14,10,9,6,8,7,5,13,14,14,12,9,9,10,12,15,14,17,17,14,13,15,17,13,15,17,16,5,2,-2,-6,0,8,9,11,7,8,-2,-1,5,11,7,4,-3,5,7,5,3,9,13,4,-1,4,7,-1,7,2,1,3,-2,4,8,-2,0,13,14,-2,-2,7,0,6,14,15,-3,6,8,10,18,9,18,30,24,18,23,8,7,14,19,5,11,22,-1,0,2,2,2,1,1,1,21,17,26,13,25,12,29,16,15,23,22,28,21,11,13,-1,8,8,14,12,5,3,-1,-3,-1,1,3,3,1,-3,-5,-3,-3,-6,-1,0,1,-1,-5,-5,-5,-5,-5,0,-2,-2,-4,-3,1,-1,1,2,0,1,-1,2,23,17,13,22,16,11,16,17,17,14,-4,28,13,14,7,19,18,11,26,14,24,3,19,5,18,20,23,24,18,12,11,-3,10,17,15,13,6,5,-2,-5,2,2,5,6,-3,0,-9,-5,-5,-5,-5,-2,-5,-8,-9,-9,-5,-7,-7,-8,-11,-12,-8,-11,13,9,6,16,9,16,7,8,11,2,6,6,15,-1,16,1,7,20,9,27,15,3,1,-3,22,6,21,18,17,12,7,2,8,15,10,8,6,14,8,6,8,1,-1,4,4,9,10,6,-3,-6,-4,0,-1,4,-1,11,-2,-10,-8,-6,-4,-5,2,1,22,20,22,29,23,25,29,25,31,26,24,43,23,41,55,29,18,14,15,14,13,11,10,2,11,9,12,3,2,1,-2,-8,8,5,8,6,-1,-4,-10,-3,5,6,7,1,-7,-1,-8,-10,5,5,3,-2,-6,-8,-7,-8,2,8,8,0,-3,-4,-2,-6,51,47,38,46,42,42,57,44,48,58,58,65,47,54,56,62,53,40,50,63,45,32,36,28,52,55,59,42,34,34,31,24,38,45,43,32,22,35,22,22,40,32,32,19,17,21,27,17,32,22,15,12,10,10,20,16,21,20,13,12,11,17,19,19
2,1,2,2,1,2,2,2,3,4,2,-1,-3,4,13,4,2,2,-3,-6,-3,-4,7,2,0,-1,-1,-4,0,2,6,3,-2,7,-1,2,5,9,8,7,-3,0,5,10,13,11,7,4,-2,0,4,8,20,9,2,-4,-2,-2,2,2,1,-2,1,1,3,9,6,12,0,9,3,12,7,9,11,8,5,12,18,13,9,14,7,8,9,7,19,8,14,3,15,5,13,13,15,13,7,4,10,11,14,16,12,13,1,9,17,23,13,23,16,8,7,5,17,12,29,17,15,9,3,3,9,11,8,8,5,1,23,32,17,16,20,16,7,22,17,23,22,23,15,21,29,7,21,21,21,15,13,17,23,18,14,27,17,18,15,21,17,19,26,13,17,23,19,20,15,13,16,21,14,17,23,23,15,19,18,13,16,18,21,24,14,17,15,15,9,24,11,25,10,17,14,15,18,18,16,10,20,15,18,23,22,15,17,24,27,17,19,19,12,14,17,15,20,17,18,14,14,17,15,22,17,19,17,20,9,21,18,21,24,16,19,18,13,12,20,20,13,16,27,24,14,31,26,25,16,26,18,17,13,17,21,13,6,9,35,38,38,40,40,27,43,30,32,40,41,44,37,43,37,25,44,39,41,37,38,35,36,30,43,46,44,41,30,35,41,49,49,43,38,39,39,45,39,39,50,42,40,47,38,47,34,36,54,42,43,48,43,34,37,41,28,40,49,32,37,42,33,26,0,2,1,1,-1,0,2,2,2,-2,-20,-6,-5,-19,14,-17,1,-4,-8,-8,2,-5,11,-14,1,-3,-6,-10,-4,-11,3,-5,4,-2,-4,-7,-2,-9,2,-4,6,-2,-2,-1,1,-8,-4,-3,6,1,-1,0,-2,-6,-4,0,0,0,1,2,0,2,0,-1,3,8,6,4,-35,27,7,0,-7,-5,-8,20,-61,-5,15,21,-9,1,-10,-8,12,1,25,-46,-13,-10,1,-9,11,-6,0,-13,-3,-9,-9,-8,-3,-3,-11,-13,-5,-13,-8,-5,-4,-12,-10,-12,-4,-5,-9,-14,-8,-12,-8,-14,-2,-7,-11,-8,-11,-8,-11,-5,-11,-2,-6,2,0,20,-16,-14,-6,-27,-14,2,20,-28,-1,-35,-17,-7,-5,15,-20,4,1,7,-9,-11,11,-31,-8,-5,-4,-9,-4,11,-23,-14,-12,-3,-6,-6,7,-18,-13,-18,-5,-20,-12,-15,-22,-11,-18,-8,-16,-12,-21,-16,-18,-11,-5,-17,-10,-15,-10,-14,-6,0,-8,1,7,-3,-8,-16,5,9,-5,-2,9,13,-14,-2,-10,-6,-15,-7,-1,17,-13,-6,-11,-14,-16,-1,-2,9,-16,-13,-7,-10,-5,-3,3,1,-15,-15,-9,-11,-8,-3,-6,-9,-13,-13,-11,-10,-19,-3,-8,-9,-15,-13,-11,-13,-13,-8,-13,-15,-15,-13,3,28,-23,-7,-17,9,-13,-17,12,0,-32,-17,22,14,-22,-84,-29,-22,-24,2,-17,-3,-22,-19,-13,-11,-7,-17,-11,-3,-29,-20,-18,-6,-28,-21,-14,-11,-14,-18,-16,-23,-20,-18,-16,-22,-28,-22,-21,-17,-18,-15,-21,-20,-33,-25,-18,-18,-16,-18,-24,-24,-20,-29
-1,-2,0,2,0,-2,-1,0,0,2,2,0,-2,-3,0,0,0,2,1,0,-1,-3,1,-1,0,1,6,3,4,2,3,1,1,4,7,8,6,6,4,3,2,5,4,5,10,8,5,6,4,6,3,7,-2,-1,5,3,-1,2,2,1,1,-1,-1,1,8,10,7,11,6,4,7,9,13,12,12,10,7,18,6,7,8,11,11,11,7,9,11,10,12,11,13,9,11,9,12,7,13,12,10,15,11,14,7,18,13,12,19,11,18,13,16,13,7,18,13,11,5,16,9,13,14,5,10,1,9,1,9,4,10,12,7,12,10,5,22,6,15,10,14,8,9,5,8,13,10,14,8,14,4,12,11,9,14,8,12,10,9,7,14,17,12,10,10,13,9,14,9,18,10,9,18,9,18,11,18,7,10,14,9,19,5,15,14,11,13,12,16,8,9,10,14,11,12,13,16,13,15,14,18,20,13,15,16,17,18,10,16,18,13,16,14,12,20,9,11,13,18,15,14,22,11,9,16,16,17,16,21,13,16,14,21,19,17,17,16,16,21,12,23,18,18,18,20,16,14,15,20,18,24,27,21,20,18,17,22,26,23,22,23,20,24,24,24,22,27,24,23,27,24,29,30,25,21,24,28,23,27,25,28,19,25,22,23,27,23,25,25,28,23,21,20,27,32,24,25,22,15,28,24,22,27,28,31,27,31,32,26,35,24,25,23,28,27,27,26,18,24,31,22,20,-1,-2,2,2,1,-2,1,2,-3,2,-2,-5,-8,6,-28,6,5,2,2,-9,30,-16,40,-1,4,-1,-2,-3,-3,3,1,2,3,0,-2,0,0,-1,0,2,2,-1,-1,-2,-1,-3,1,1,3,0,-1,-1,-2,-3,0,1,2,0,0,-1,0,-1,-2,-2,-8,-12,-3,28,-31,-7,-16,33,-8,-8,-18,-6,7,-6,-25,4,-15,-11,-16,22,-24,-5,-10,39,-8,-10,-10,-21,26,-18,32,-15,-9,-12,-5,-8,-2,-14,-4,-12,-9,-11,-8,-10,-13,-5,-11,-5,-9,-8,-10,-6,-11,-10,-8,-8,-13,-7,-10,-12,-9,-9,-8,-8,-8,-8,4,-13,6,-9,20,-12,-9,-12,-15,-7,-12,2,-32,12,-7,-14,-10,-12,29,-29,17,-6,-15,-9,-10,29,-16,-5,-18,14,-9,-10,19,-12,-3,-14,-3,-14,-10,7,-12,-9,-10,-5,-11,-8,7,-13,-9,-9,-9,-12,-10,-12,-7,-10,-10,-7,-10,-8,-12,-10,-2,-2,-3,-7,-15,5,-18,-1,-8,-8,-2,-12,5,-35,6,-8,-11,-16,-15,-10,-26,6,-26,-13,-12,-11,-11,-14,-7,5,-13,-16,-9,-11,-17,-8,-5,-2,-10,-8,-6,-13,-7,-11,-11,-5,-6,-9,-5,-7,-8,-8,-10,-6,-11,-8,-7,-7,-10,-9,-12,-6,-9,-8,-26,-22,-31,-26,-39,-28,-55,-22,-29,-34,-19,-34,-15,-21,-20,-33,-26,-23,-23,-30,-6,-30,-16,-29,-26,-32,-31,-11,-37,-29,-35,-51,-25,-30,-12,-27,-22,-28,-28,-34,-21,-27,-29,-31,-26,-32,-31,-26,-15,-33,-28,-24,-29,-26,-27,-30,-29,-29,-28,-25,-27,-26,-26,-27
2,2,3,-2,-1,-1,1,1,-4,-14,-11,-17,-18,-13,-3,-3,-4,-10,-11,-14,-15,-13,-15,-10,-4,-8,-9,-9,-15,-12,-15,-14,-7,-5,-4,-7,-9,-10,-13,-10,-6,-5,-5,-5,-7,-7,-10,-9,-3,-7,-10,-10,-12,-8,-17,-13,-1,0,2,1,-2,2,-1,0,-10,-12,-10,-9,-4,-5,-3,-3,-5,-15,-6,-10,-1,-1,-4,-1,-8,-6,-9,-8,-7,-7,-4,-2,-14,-8,-7,-7,-4,-8,-4,2,-13,-13,-7,-5,-7,-2,-6,-5,-16,-12,-10,-13,-10,-3,-7,1,-20,-19,-6,-4,-7,-12,-11,-9,-20,-22,-20,-8,-9,-9,-8,-7,6,-5,5,-6,2,-7,-5,-12,-5,4,-6,3,-6,4,-8,-4,8,-9,7,-7,3,-8,0,-10,-12,4,-5,3,-11,-1,-6,5,5,-9,5,-10,-1,-10,2,-5,-10,3,-13,4,-8,7,-13,3,1,-8,4,-12,10,-4,0,-16,-15,5,-5,0,-2,3,-4,1,-1,3,7,1,7,6,-2,1,0,4,4,3,2,3,4,4,0,4,3,6,0,0,0,6,3,5,-4,-3,1,1,-1,-1,-1,-1,1,-2,-8,-6,4,1,1,2,4,0,1,5,2,5,0,0,1,0,-1,1,0,0,4,2,-3,3,-2,-1,11,6,50,38,-1,-60,21,-59,36,43,-61,38,40,-31,-17,33,37,1,-24,-55,-38,12,23,23,33,44,-60,17,28,25,33,-63,17,35,22,-46,2,20,13,-55,-2,-60,20,31,6,25,18,10,-23,39,25,23,21,14,-7,25,37,14,25,19,27,29,14,25,14,27,2,-1,2,-2,1,0,1,1,-39,-48,-33,-54,-29,-33,-35,-19,-45,-45,-46,-32,-41,-27,-14,1,-52,-39,-39,-38,-36,-34,-27,-3,-59,-41,-46,-43,-53,-29,-29,-6,-57,-53,-49,-51,-56,-38,-29,-4,-58,-49,-53,-48,-47,-44,-42,-8,-1,0,2,-1,-1,-1,0,2,-1,0,1,3,3,-1,-4,-8,8,9,8,9,3,-3,0,-1,9,9,7,9,-1,-4,0,-1,5,5,5,2,4,-1,1,-2,4,4,7,4,3,-2,-5,-7,5,7,9,4,2,-4,-5,-5,7,8,4,5,1,-4,-7,-5,5,10,5,7,0,-2,-7,-5,7,-16,5,-17,7,-15,6,-16,-17,13,-12,12,-21,5,-18,7,10,-17,13,-11,8,-20,9,-24,-17,14,-15,10,-17,9,-17,5,13,-14,13,-14,10,-15,10,-18,-11,13,-14,12,-15,11,-17,7,10,-17,12,-13,13,-18,7,-15,-19,11,-16,12,-18,10,-18,8,-13,-20,-15,-17,-14,-16,-17,-17,-15,-18,-18,-14,-18,-20,-21,-22,-18,-18,-17,-19,-23,-22,-21,-21,-16,-13,-18,-15,-20,-18,-17,-21,-18,-18,-18,-18,-19,-20,-27,-20,-18,-20,-21,-20,-20,-17,-20,-19,-19,-17,-21,-20,-17,-22,-24,-20,-16,-15,-19,-16,-19,-22,-23,-19,-50,-46,-47,-37,-43,-44,-41,-48,-57,-41,-61,-34,-44,-37,-63,-67,-61,-53,-39,-52,-46,-58,-45,-58,-65,-20,-40,-43,-43,-51,-60,-46,-62,-55,-37,-47,-45,-46,-44,-67,-45,-50,-47,-44,-46,-43,-56,-40,-51,-54,-47,-32,-34,-54,-47,-55,-54,-46,-50,-37,-43,-49,-80,-40
1,2,1,0,2,0,-1,-1,1,4,10,15,3,8,2,-8,3,8,10,12,4,10,1,-9,6,0,0,19,1,3,-5,-4,0,-4,11,-8,15,-11,-2,-5,-4,-3,1,6,-9,2,-6,-7,3,-14,-22,-13,-16,13,7,2,1,0,-1,1,-1,-2,0,-1,-8,13,11,9,11,14,13,4,6,17,23,3,12,15,-1,9,16,22,6,17,11,20,2,12,-5,3,2,-1,14,21,13,11,19,19,13,3,21,2,13,11,18,-8,3,-1,12,1,1,15,5,13,-23,12,-12,-12,-4,3,-1,-3,-7,-28,8,-2,10,-3,4,23,10,-4,-9,15,27,-2,4,9,16,10,3,11,6,11,17,5,8,16,20,4,13,16,-8,18,-19,17,3,12,5,15,4,-4,26,-36,21,-7,15,4,-8,9,-10,20,-16,20,-3,8,14,-26,-2,-23,23,-1,20,14,-18,15,-6,-12,8,12,-15,11,4,12,2,9,9,8,18,22,3,3,12,16,17,17,25,21,1,17,25,20,17,10,27,13,3,12,5,20,15,4,8,14,-3,8,3,-3,4,-31,9,10,-10,15,4,9,11,8,2,17,2,13,7,-12,-9,0,-5,12,6,3,5,11,-10,3,9,26,11,11,12,7,3,30,32,15,-1,8,10,20,7,27,10,46,1,3,10,28,17,2,17,19,-8,0,-11,25,11,16,4,35,-3,4,12,-20,34,3,17,11,-15,14,-34,1,-9,35,4,12,30,-23,-26,14,26,4,11,24,7,-3,-15,19,34,13,3,17,1,0,-1,2,0,-2,0,-1,-18,38,-18,12,11,9,-7,2,-2,-7,8,-2,2,-1,-13,-4,-2,-12,-10,-2,-12,-4,-11,-7,-1,1,-9,4,-1,-4,-6,-3,0,-3,12,-9,8,-11,-2,-2,1,8,1,-1,2,-3,-5,-1,-2,2,2,0,2,1,1,-2,5,27,4,11,-17,-11,4,-13,-18,-4,6,16,7,-25,10,8,-8,-22,-2,21,29,-23,-7,2,-17,-5,-8,13,-15,0,-15,5,-1,-13,14,-6,10,-9,-4,-12,-11,4,-9,3,-16,-8,-12,-6,-7,4,-8,-9,-2,-13,-13,-8,6,-7,-5,-11,-4,-19,-7,-17,2,-16,-14,-7,9,-28,3,9,-26,-10,-17,8,19,-27,13,7,-9,-14,5,9,7,-27,-6,16,-18,-8,1,11,-13,-12,-6,-15,-16,-13,1,-4,7,-20,-13,-12,-9,-14,7,-8,-6,-4,-22,-17,-13,11,-20,3,-14,-7,-13,-13,11,-24,-4,-26,-8,-13,-2,-14,-24,3,-31,-50,-21,-27,14,-41,-1,-12,4,-1,-9,6,21,28,6,-4,-16,52,35,-30,-54,48,-18,-5,22,31,0,-9,-12,-20,-11,-9,30,2,11,8,-8,-14,4,-9,0,6,-8,-1,-8,-6,5,-5,3,-1,1,-5,-11,1,-10,3,-3,-2,2,-1,-5,-5,-46,-19,-63,-3,-53,-77,33,-29,-39,-73,-15,-36,51,-39,39,25,-29,-52,-12,61,17,-42,-34,64,-35,-28,31,43,-12,-25,-23,-21,-38,-6,30,-11,3,-13,-31,-30,-11,-35,-18,-10,-33,-20,-21,-30,-22,-17,-25,-20,-22,-29,-37,-8,-17,-17,-26,-24,-22,-28,-19,-20
1,0,-1,-2,1,2,0,0,-3,7,-14,9,-26,6,-13,3,-1,4,-4,-6,-13,-9,-1,0,2,2,-2,-5,-10,-1,-3,1,2,2,1,-15,0,-9,1,-3,-4,9,-2,-5,-2,-9,12,-3,0,4,-16,5,-15,-1,0,5,-1,0,-1,2,1,-2,2,-2,3,9,-7,12,-8,7,2,14,8,-9,0,-3,0,-7,-4,0,3,0,-2,1,-15,-3,-10,8,5,-1,-5,-21,-10,-12,-10,-3,-5,-4,-8,-21,-10,-11,-8,-2,12,8,-13,-12,-12,-16,2,3,8,-4,-1,3,-4,5,-1,3,5,-7,1,2,-6,-1,-1,4,12,-7,19,-19,9,-14,11,-9,-12,12,-13,13,-19,3,-18,11,13,-10,3,-6,1,-21,3,-9,-13,10,-21,17,-33,12,-24,5,7,-9,-2,-27,14,-18,5,-10,-4,-1,-7,7,-9,5,-17,10,-5,-14,7,-2,3,-16,6,-4,-28,12,-4,8,6,12,-9,-3,17,23,7,4,-11,2,11,19,24,10,16,-18,-11,-5,8,7,8,22,-12,-7,-35,2,-9,16,17,6,-9,-16,-22,-16,5,15,9,8,-5,-14,-45,-7,-6,16,23,3,7,-23,-3,-23,6,13,19,32,7,-8,-19,0,-1,15,23,24,8,-1,1,10,17,25,22,4,13,-2,4,-3,13,4,20,7,10,6,-7,-4,0,10,6,5,1,6,-9,0,-7,6,1,15,-13,6,-14,0,-10,17,16,-3,3,-15,-5,3,-7,9,29,16,5,-17,1,13,9,15,19,13,13,4,18,4,30,25,3,12,15,20,20,32,21,15,0,1,-1,-1,1,2,1,-2,-15,-26,3,24,31,19,13,-26,-1,1,9,9,6,2,8,3,8,5,5,-6,-5,1,6,3,7,1,1,-18,-5,-7,6,5,6,4,-7,-11,-9,-5,1,3,4,3,1,-13,-7,-7,2,1,-1,-1,-2,-2,0,1,0,1,18,4,15,11,31,9,12,6,6,5,9,9,12,10,-6,-4,-11,32,-6,25,-10,31,3,5,-5,24,-8,20,-8,10,-5,16,5,-2,15,-12,14,2,12,-2,2,-5,6,-7,4,-4,6,-4,-6,0,-5,-3,1,-4,-1,-6,-2,-4,-12,-7,-7,2,-8,-14,10,20,-8,22,9,24,-18,17,-1,-5,17,6,20,3,32,-11,-4,25,1,23,-11,32,-1,9,13,0,9,3,25,-4,19,-1,-2,7,6,12,1,21,-1,18,10,0,18,-7,14,-3,17,-7,2,25,-2,2,-3,6,0,17,10,-4,5,-3,8,-4,6,0,-19,-20,5,13,29,20,2,4,-8,-22,-6,9,18,5,-9,-8,-20,4,-11,32,7,31,-2,14,-17,7,-5,14,17,16,8,-1,-3,-3,12,10,9,18,-4,5,-3,-4,-1,12,20,11,2,-6,-13,-16,-6,17,13,5,0,-4,-9,-13,-10,10,7,2,-7,-7,-45,-20,-37,25,42,15,-5,6,12,-22,30,-11,51,26,34,-62,-41,54,-16,59,-18,55,9,19,-8,5,17,31,63,19,32,2,6,15,24,41,21,39,1,22,9,7,31,13,40,13,28,-3,-8,17,2,20,17,22,-2,13,6,-10,2,7,15,7,3,-14
1,-2,2,-2,2,0,-2,2,-2,-1,-2,2,-3,-3,-3,0,-3,-3,-1,-1,-5,-7,-3,4,3,-1,2,2,-3,-4,-4,4,9,11,15,6,8,3,16,3,-6,-1,-5,11,9,16,-50,21,-22,-1,11,4,20,9,46,1,-2,-1,-2,-1,1,1,0,2,2,-2,12,2,1,-7,1,3,7,2,2,0,-1,5,3,0,0,-2,0,14,-19,-2,-19,2,-8,13,-8,0,-1,13,-13,18,4,20,6,6,43,10,8,0,15,-6,24,22,9,-23,54,0,12,18,-3,-11,27,54,7,-21,2,8,-6,9,-10,15,16,59,3,0,4,-4,9,5,3,7,5,3,3,8,10,-3,5,-11,8,0,11,5,2,-5,-10,1,-20,16,0,3,7,-3,-3,-1,19,2,15,-1,-2,9,0,14,6,-1,1,-5,3,-14,-8,9,-7,6,-2,8,18,12,46,6,-9,-3,2,8,8,4,-1,-10,14,7,3,6,9,6,4,7,15,11,22,11,11,2,12,9,9,6,1,8,2,3,-1,9,7,6,3,2,-13,-2,2,12,-5,-12,-18,-8,-22,-5,-10,-1,6,24,10,24,33,11,0,19,3,13,4,22,-1,-7,-1,15,8,12,5,21,18,12,21,8,19,14,15,11,23,12,-3,11,20,7,16,14,15,2,17,-15,24,18,28,11,19,8,16,3,10,19,12,15,-11,12,-2,-12,7,-8,14,6,9,11,11,5,8,-9,-23,6,2,36,4,28,11,4,-15,14,-18,2,61,13,13,-4,10,20,27,19,32,-5,0,1,1,2,0,-1,-2,-2,9,-8,9,10,8,6,-17,20,1,-9,-3,3,-3,-4,-9,8,-2,-2,-2,4,-6,10,-8,11,-4,7,0,3,-4,2,-12,11,-1,4,7,2,5,12,6,6,-2,-1,3,1,7,-17,-6,-11,-2,-1,1,1,1,-1,-1,0,-5,11,-5,-9,11,-5,-31,3,6,2,-32,6,-18,0,-14,0,3,-33,2,-9,-14,-17,-2,1,-17,-11,-16,-10,-3,-11,-24,-5,-6,0,-10,-11,-3,-23,-9,-22,-9,6,-6,-3,-9,4,2,-14,-2,-11,-7,0,1,-10,-3,-7,3,-8,0,-14,-1,3,5,-3,0,-6,10,-7,6,-11,-9,-10,-2,5,-14,-6,1,0,-17,-7,0,-31,-10,-15,-4,-13,-5,-7,-13,-6,-14,-8,-14,-3,-19,3,-4,2,1,-13,-6,-20,-1,-19,2,13,0,3,-12,-12,-7,0,1,-8,-2,-6,12,-11,9,-20,-8,-6,-7,9,-26,3,-9,10,-8,-17,-11,-12,0,-1,-53,-18,11,4,-11,-8,-24,-3,-59,-23,-17,-23,-5,-7,-24,-17,-22,-10,-24,0,-13,-24,-18,-8,-13,-7,-13,-4,-20,-15,-21,-20,-19,-18,8,7,8,7,-17,-8,20,26,-8,-8,-14,-11,-9,-9,-24,-71,-13,-11,-3,7,-3,-3,-10,17,-8,-35,-70,-7,4,-34,-54,-25,11,9,-27,-13,-61,3,-45,-22,-20,-56,-4,10,-32,-32,-17,-39,-40,0,-9,-45,-43,-22,-11,-9,-17,-6,-23,-27,-23,-46,-29,-22,13,-3,0,-3,-37,-33,19,23,-3,-17,-12,-9,-8,9,-44,-52,-24,-28,-5,-3,-25,-7,-45,23
-1,0,2,1,-2,0,2,2,4,11,4,12,1,-8,-8,-3,5,10,4,6,-1,-6,-10,-6,4,6,2,5,-3,-2,-5,-3,0,4,3,6,-1,1,-4,-4,0,6,1,8,6,7,5,6,12,11,17,22,6,5,-2,-2,2,-1,-1,-2,0,0,2,2,-5,4,-1,-7,-1,-11,-6,-4,-1,1,-4,2,-4,-6,-21,-7,-1,-4,0,-7,-3,-9,-8,-10,2,-1,-2,-6,-7,-2,-11,-13,-2,-1,0,-6,-10,-7,-8,-19,1,0,-8,-9,-10,-7,-22,-14,-9,5,3,-21,-14,-21,-25,-8,2,1,2,-6,-9,-19,-11,-7,9,0,2,-12,8,2,4,1,6,4,-1,4,1,1,-1,-6,6,4,6,0,9,1,-1,-3,-1,11,4,8,0,5,-4,0,4,7,5,0,3,-9,-3,-6,-1,6,-1,-3,-9,-4,-5,8,2,-2,0,-4,2,-1,-10,-11,1,-6,-6,-2,-2,3,-4,8,13,14,15,13,19,13,9,11,16,14,14,14,14,16,9,9,20,22,18,22,21,11,16,9,17,31,21,23,25,18,7,12,16,17,17,16,18,12,4,5,13,18,16,16,11,0,-2,4,21,20,18,12,14,1,1,6,14,25,12,12,4,-3,5,12,12,2,5,-8,16,9,24,9,15,14,1,-4,2,18,3,5,21,6,17,3,15,6,13,8,7,24,18,20,12,19,8,13,17,20,9,7,13,15,9,5,20,10,6,7,8,11,-6,4,19,18,22,0,20,16,5,9,21,16,15,18,-9,2,6,17,2,-1,-2,-1,-1,2,2,1,-17,-30,-27,12,-10,23,5,-7,-6,-19,-11,-6,10,15,11,5,-2,-6,-1,10,11,16,15,6,-3,-4,1,6,8,5,8,2,-3,-2,1,3,-2,0,-5,-2,-3,-2,2,-1,-5,-9,-6,-6,0,2,1,2,2,1,2,0,3,-5,4,2,42,8,12,7,3,-19,44,28,21,-8,22,17,-20,-1,-21,24,3,42,14,11,-15,5,-8,10,7,25,15,33,-5,1,0,7,10,22,21,17,0,-5,2,9,9,11,16,12,-7,-3,1,-1,7,3,6,5,-8,-4,4,-2,-2,-2,0,4,1,-3,10,-1,33,-2,0,5,-15,-2,-8,15,1,31,3,11,-6,-25,-2,5,17,-1,13,5,-17,-1,-5,11,14,15,-8,17,-6,1,7,14,5,6,7,2,-4,3,5,17,2,6,-1,2,1,3,10,0,3,-3,-5,-9,8,10,-2,7,-3,-4,-19,-5,-2,0,7,0,28,-11,-1,-4,6,-1,13,-9,15,10,4,4,-3,11,2,0,12,12,15,12,-12,-13,-12,-13,1,8,20,14,-14,-17,-15,-19,-9,13,11,9,-15,-10,-13,-16,-6,9,12,5,-13,-15,-11,-23,-8,0,14,8,-12,-11,-10,-16,-3,6,15,7,1,33,16,-2,34,-11,-5,-1,2,-3,10,-2,25,44,9,18,8,-10,5,-11,14,1,20,17,-16,-5,-16,0,9,23,7,28,-2,-5,1,4,0,27,9,15,0,1,2,9,9,18,27,24,10,2,3,2,6,14,18,14,-5,3,3,4,12,19,10,12
-2,2,2,2,1,2,-2,-2,-3,-5,-5,11,-2,10,0,0,-1,-2,-2,0,-4,-2,-1,0,-1,-8,-3,-3,1,3,-1,1,16,4,9,-1,2,-6,-2,-1,7,9,-10,-4,-5,-1,-1,-1,-14,-9,-4,-3,10,-3,10,0,1,1,-2,2,0,2,0,2,11,-4,-14,25,1,26,-2,-5,-1,0,0,-13,-2,1,-6,-1,4,-18,-10,-3,9,3,-12,-4,34,2,18,-3,-18,-7,17,-11,-3,-10,-1,23,-7,-6,-4,-15,-8,27,-23,-13,-13,-13,-11,-16,-16,-27,-10,16,-8,-26,-9,-4,15,-2,5,1,-15,-14,-2,-9,13,-16,14,16,-18,-4,22,-1,-8,0,-11,-2,-3,0,0,-11,0,8,-1,6,1,-7,-4,-6,7,-13,-3,26,-2,-8,-10,-8,12,0,16,-8,-1,-4,-5,-2,-9,-4,-12,-23,-1,0,5,-6,7,5,-2,-2,-15,-10,-4,-1,2,-10,-7,10,3,-23,-3,0,4,8,18,-8,5,1,1,14,14,16,20,25,19,21,19,12,3,14,17,12,-5,0,11,15,-3,10,7,-9,3,-6,-6,8,-4,9,3,-18,6,-5,-6,3,14,9,18,8,1,12,4,12,5,10,12,-8,9,-2,5,16,8,14,2,3,7,7,2,-2,26,26,34,10,8,-8,38,22,26,16,16,25,16,25,17,6,19,29,24,25,11,4,22,20,14,10,14,32,27,18,1,18,11,18,29,-6,16,14,0,14,-15,20,15,2,24,22,18,15,16,23,38,17,0,14,6,20,2,43,12,26,15,14,34,23,2,-1,0,2,1,0,2,2,-1,1,29,3,-10,16,-1,19,-24,3,1,0,6,4,-10,5,0,0,0,-6,-2,-6,-2,-1,-1,-4,1,0,-4,1,2,-1,2,2,2,1,-1,-2,-1,-1,-2,0,-1,0,0,-1,0,0,1,-1,-2,0,0,2,1,0,-6,-7,-14,-38,-41,-5,-5,0,-13,40,36,-12,-37,12,-29,26,-5,-9,28,-12,61,-17,-15,-9,-17,1,-18,0,-6,-3,-11,-8,-8,-14,-13,-13,-5,-8,0,-4,-1,14,-3,-14,-12,-6,-6,-2,-1,-6,-2,-6,-4,0,-1,-2,2,-4,-3,-3,-3,-9,-3,-4,3,-13,-15,-12,-11,2,-20,-3,-3,49,35,-4,-18,-4,-10,20,-23,-1,13,-3,35,-7,-16,-14,5,-11,-7,-14,-12,-12,2,-17,-16,-25,-16,-2,-11,-6,-6,-3,-1,22,-8,-17,-10,-3,-9,-7,-23,-6,-17,-5,-5,-3,-5,-3,-3,-6,-1,-7,-5,-2,-10,0,-30,-53,-51,-16,-43,-21,-6,-12,-39,63,62,-40,-52,-61,-42,57,-33,-36,25,-31,61,-43,-41,-24,-5,-12,-14,-12,-14,-12,-12,-18,-15,-43,-22,-8,-20,-16,-13,-1,-6,38,-24,-20,-23,-7,-17,-12,2,-16,-14,-9,-12,-9,-9,-6,-6,-10,-3,-10,-12,-6,-1,-4,-15,-34,-25,-90,-25,-31,-17,-32,-29,67,60,-89,-101,-44,-88,63,-54,-75,20,-29,62,-27,-42,-39,-13,-66,-29,-26,-29,-33,-45,-34,-41,-90,-34,-19,-36,-63,-44,-27,-14,53,-36,-43,-37,-9,-38,-44,7,-38,-28,-20,-11,-20,-16,-15,2,-33,-9,-16,-21,2,-20,-23
-2,-1,1,2,2,2,2,1,-83,-18,0,6,4,2,1,2,-43,-10,4,4,3,2,2,3,-17,-3,4,2,2,2,2,2,-5,-1,2,1,1,1,2,2,-5,-1,1,0,2,-1,0,1,0,5,4,-1,2,-3,1,-1,-1,-2,0,-1,2,0,1,0,-90,-9,-8,4,8,3,6,10,-20,2,-16,2,5,7,3,6,-14,-9,-8,3,5,6,8,6,-6,-5,-1,-1,3,5,7,6,-5,-3,-1,3,7,5,6,6,1,2,1,7,9,4,6,6,1,6,4,3,4,5,5,9,3,0,4,4,4,5,5,7,-38,-4,-3,3,3,5,3,7,-95,-10,1,0,3,2,5,4,-12,-21,-7,5,3,5,1,5,-5,-3,-13,-8,2,1,3,4,-2,0,-9,-7,-6,0,3,3,-2,1,-1,-3,-4,-5,0,3,1,5,1,2,-3,-11,-7,2,6,0,3,1,1,-18,-12,-14,-126,-17,-9,-7,-8,-10,-5,-6,-38,-17,-10,-5,-4,-8,-5,-6,-50,-17,-8,-9,-7,-7,-3,-4,-58,-15,-5,-5,-9,-5,-8,-2,-54,-17,-4,-4,-6,-8,-7,-5,-34,-16,-3,-1,-2,-6,-4,-5,-43,-12,-4,-1,-4,-3,-3,-4,-38,-14,-4,-5,-3,-6,-5,-6,-44,-17,-7,-3,2,-3,-3,-7,-100,-32,-9,-2,1,2,-5,-2,-50,-31,-14,-5,-10,-7,-8,-5,-37,-11,-14,-11,-9,-11,-2,-6,-14,-16,-12,-15,-5,-15,-16,-5,-17,-13,-17,-13,-13,-18,-6,-8,-25,-14,-8,-12,-18,-4,-11,-9,-12,-21,-23,-14,-17,-6,-2,-12,-2,-2,1,-1,-1,-1,1,0,65,18,-9,-9,-4,-4,-4,-11,63,22,-3,-5,-5,-3,-2,-4,34,10,-3,-3,-2,-2,0,-3,15,3,-1,-2,-2,-2,-2,-1,5,2,0,-2,-1,-1,0,0,5,1,1,1,0,-1,0,0,2,2,-1,2,-1,1,0,2,16,-2,-8,-6,1,-5,2,0,58,-1,-6,5,2,-1,-3,5,10,0,0,-2,-3,1,-6,-1,10,-2,2,-3,-1,-7,-3,-8,1,-2,-1,0,1,-4,-1,-1,-2,-6,-1,-5,-1,-2,-2,-5,-4,-1,-1,-4,-2,-4,-4,-2,1,-4,-3,-4,0,-2,-3,-7,1,-2,-2,-4,0,-5,0,-2,18,2,-2,1,-1,2,2,1,24,6,3,1,-1,0,-1,-1,11,4,-4,-1,0,-3,-2,-5,3,-4,-1,-2,0,-1,0,-3,0,-1,-1,-1,0,1,0,-3,4,-1,0,-2,-1,0,0,1,-3,0,-3,1,-3,0,-1,1,-4,-2,-3,-2,-6,-7,-4,-7,44,-2,-3,-3,-4,-4,-5,-5,30,18,0,-11,-4,-6,-5,-4,13,1,-2,-9,-4,-13,-4,-7,4,-1,0,-4,-5,-8,-8,-5,3,0,-1,-8,-5,-4,-4,-5,6,1,1,-3,-5,-6,-1,-3,2,0,-1,-3,-3,-3,0,-3,47,127,-11,-7,-5,-10,-16,-5,120,-16,-10,-17,-15,-8,-9,-3,86,49,1,-26,-17,-9,-2,-2,61,34,-22,-11,-16,-26,-18,-26,43,17,-1,-6,-5,-4,-9,9,21,-6,-7,2,-9,-14,-6,-8,17,4,-5,-10,-4,-9,-5,0,7,0,-10,-6,-12,-6,-8,-3
2,-2,1,1,2,-1,-2,0,3,6,-2,-103,1,5,4,2,2,1,-1,-100,-1,2,2,-1,3,0,0,-75,-1,6,4,0,3,-1,-2,-64,1,8,2,0,0,-2,-3,-8,1,-4,1,-1,-8,0,1,2,3,1,-9,-8,2,-1,0,0,-2,-2,-1,1,-1,-4,-9,-6,-4,5,0,2,-2,-1,1,-55,0,0,4,-3,-2,3,4,-21,2,3,0,-5,4,3,2,-7,0,-1,1,3,6,0,6,-11,1,3,3,2,5,-1,-6,-5,-8,2,-5,1,-1,3,-4,-4,-7,-4,8,-4,2,9,3,2,1,3,-2,-6,6,-5,1,1,9,-3,1,-1,0,6,3,-34,3,9,-1,-2,0,5,8,-32,3,2,1,-3,7,11,5,-26,-5,2,6,2,13,3,8,-20,3,2,5,7,-4,6,-3,2,2,7,-4,-4,4,-3,6,9,9,-1,1,-7,-1,-2,6,10,3,1,-9,-8,16,12,12,67,8,10,9,7,16,14,19,45,14,7,0,7,7,5,10,45,11,11,6,8,2,6,15,27,17,10,1,3,18,11,5,29,14,14,3,7,17,-2,0,31,-1,10,5,7,10,7,8,32,-1,4,1,5,12,2,3,23,2,8,4,16,16,2,9,51,18,8,6,17,11,15,22,28,20,16,5,18,3,25,26,25,16,21,4,16,7,-1,11,19,17,15,14,14,20,21,14,17,25,3,29,21,1,1,19,11,38,21,11,8,15,4,11,26,-11,32,20,11,17,23,20,32,19,12,13,26,0,1,-2,-1,2,-2,-1,2,7,-15,-45,-1,-7,6,-2,-7,-2,1,2,-20,3,0,-1,-2,4,6,3,-30,3,3,0,-1,3,3,5,-31,2,2,-2,-1,2,1,4,-34,0,0,-5,-2,1,1,2,-22,0,1,-5,-2,-2,0,0,0,2,-2,2,0,-2,2,-10,-1,-8,0,-12,6,-6,1,-7,0,-2,-4,2,-6,-1,-9,-18,5,-19,-18,4,-1,-2,-3,-11,-2,-17,-1,-4,4,0,-7,-7,-5,-1,0,2,1,-1,-6,-5,-5,-9,-10,-2,1,2,-14,4,-2,0,-4,-1,3,1,0,2,3,-4,1,4,-7,-3,-8,-8,0,-2,-10,-6,-1,-15,-19,-5,6,-17,-7,-5,-5,-4,-21,-21,-3,-15,-28,0,-7,-3,-4,-15,-2,-22,-5,-7,-4,-5,-13,-20,-4,-11,-8,-5,-2,-8,-21,-13,-4,-17,-13,-6,3,-1,-9,-9,-5,-12,-1,-8,-4,-3,-3,-4,-2,-8,-6,-14,-6,-4,-13,-13,2,-8,-14,-4,-15,-9,-17,-11,-8,-8,-7,-11,-7,-3,-18,-11,-14,-17,-12,-6,-6,-7,-16,-19,-8,-20,-20,-6,-7,-7,-14,-16,-16,-10,-3,-7,-3,-6,-16,-13,-13,-11,-5,-8,-8,-7,-13,-7,-10,-7,-5,-9,-5,-4,-4,-6,-8,-7,-1,-4,-4,-13,-23,-23,5,-1,-26,-15,-15,-15,-33,-54,26,-13,-17,-24,-4,-5,-37,-63,5,-40,-30,-10,-10,-8,-24,-40,21,-44,-30,-20,-16,-7,-21,-38,8,-21,-10,-18,-12,-14,-17,-26,2,-26,-18,-16,-7,-15,-18,-13,4,-16,-14,-20,-8,-8,-3,-10,6,-3,1,1,-17
0,0,0,-1,2,0,-2,2,0,-2,-1,1,-1,0,-1,-2,-1,-1,0,-1,0,2,-2,0,0,-1,-1,-1,0,-1,-3,-1,0,-2,-1,-4,0,-9,1,-6,-1,-3,-1,-1,25,-13,0,-9,-19,-19,-24,-16,21,122,24,-8,2,1,0,-1,-1,-2,0,-1,-7,-1,0,-2,-9,4,-1,4,-4,-4,1,-10,-5,-7,-2,-2,-5,-4,-11,-1,-4,-4,2,0,5,-5,-10,-4,-14,1,-7,2,-6,-5,3,-2,2,-3,8,5,-5,-1,-17,-5,7,10,7,-8,2,0,14,4,5,-13,15,9,-8,1,9,-18,-32,-51,4,-1,-9,0,-4,4,1,0,-5,-10,-3,-3,-15,2,-6,-5,-4,-10,3,-2,-3,4,-10,-1,-11,0,1,3,-4,-9,1,1,-3,-5,-2,-8,2,1,1,6,-6,-9,-5,-7,5,6,10,-3,-8,9,-2,-11,-13,-4,5,9,3,4,-4,-5,1,-1,1,-62,-26,3,-4,-1,-2,-4,11,8,-1,-8,-2,-4,-5,1,10,9,1,-1,1,-5,-3,-9,2,14,6,-3,3,-6,0,-1,2,10,-15,-5,-1,-21,3,-11,7,8,-5,-4,-9,-9,3,3,-9,10,1,6,1,1,1,-11,4,11,11,6,9,7,12,12,2,-101,6,14,-18,-47,1,-14,-17,22,12,-2,16,2,3,15,9,-2,1,0,-16,10,10,-8,8,15,-5,-9,-2,3,-21,18,-4,16,-16,18,10,7,24,1,6,17,7,17,-13,6,2,1,-13,-25,-31,5,7,-9,15,15,7,12,4,-19,14,11,12,18,-18,-37,21,15,2,2,1,1,-1,0,2,-1,-2,-18,-7,-11,-14,9,-21,-3,4,1,2,1,0,3,-3,2,0,1,-1,-1,1,2,2,-1,1,-2,-1,0,0,2,-3,-1,0,-1,0,2,1,2,1,4,2,-1,1,1,-8,-1,4,8,2,2,2,1,2,-2,-1,1,5,4,-2,5,-14,-4,-2,5,-6,-5,-3,3,-5,7,-2,-7,0,5,-2,4,4,-1,-11,9,1,6,-10,2,0,6,2,6,3,-7,-2,-3,2,-5,8,2,0,-11,-5,-5,-79,-3,-71,-11,9,4,-11,-67,-20,6,-14,-71,3,11,-3,13,-10,-103,-11,14,9,10,15,-6,13,2,13,-9,-7,5,8,9,-6,7,-2,11,-95,-4,13,5,7,-4,15,2,-7,-72,-4,8,3,8,-2,1,9,-6,-68,-6,4,0,-1,-24,-7,5,-12,-75,-3,2,-4,-81,1,0,12,-1,-120,-10,-88,2,-1,7,3,9,-14,-126,-7,14,7,0,-6,-8,-3,-52,1,3,1,3,-6,4,-1,-48,0,2,-1,-2,8,3,-7,-47,-7,9,0,0,-2,6,-7,-55,-2,0,1,-2,0,2,-4,-51,-3,-5,3,2,-3,5,6,-70,-3,3,3,-1,-3,2,-10,9,-4,3,-85,-88,-83,-71,-6,-89,-5,-73,-16,-11,-18,-7,-13,-58,-32,-16,-39,-15,-39,-24,-13,-51,-40,0,-56,-43,-32,-33,-36,-66,-12,-32,-37,-44,-44,-14,-40,-61,-5,-26,-17,-25,-58,-51,-17,-42,2,-27,-19,-8,-31,-63,-28,-108,-30,-70,-8,-5,-13,-12,-66,-10,-73,-47,-81,-80,-86,-73,1,-83,-20,-78
0,0,-1,-2,-1,1,1,0,14,-1,-5,-5,-4,-3,-2,-1,12,-6,-7,-7,-2,-5,-1,-3,10,-9,-10,-6,-6,-4,-3,-4,11,-12,-9,-9,-4,-8,-2,-2,7,-8,-8,-11,-1,-8,0,-2,2,-2,-3,0,-6,-2,-6,-2,-1,1,-1,-2,1,0,1,2,-49,-59,-52,-62,-54,-64,-56,-54,-52,-70,-62,-59,-65,-53,-52,-63,-56,-80,-65,-60,-60,-58,-47,-78,-64,-59,-56,-57,-68,-62,-73,-58,-49,-64,-60,-71,-49,-69,-64,-65,-67,-72,-65,-47,-63,-68,-43,-53,-49,-63,-58,-58,-56,-58,-64,-47,-63,-59,-77,-64,-54,-54,-43,-70,35,-24,34,-24,36,-29,35,-24,-23,37,-24,38,-22,35,-28,33,33,-25,34,-25,35,-23,32,-27,-28,35,-24,36,-19,34,-23,34,37,-60,35,-21,35,-20,32,-23,-27,37,-19,35,-22,36,-23,35,37,-22,35,-22,38,-24,35,-21,-26,39,-19,37,-25,36,-25,35,-45,-41,-46,-47,-45,-41,-42,-36,-36,-39,-42,-39,-41,-38,-35,-32,-38,-38,-40,-23,-41,-37,-34,-44,-32,-38,-37,-35,-28,-28,-36,-35,-29,-31,-37,-22,-33,-36,-34,-39,-36,-34,-40,-39,-33,-34,-34,-33,-33,-40,-37,-42,-37,-39,-34,-35,-38,-37,-39,-31,-30,-34,-36,-31,-5,-46,-37,-51,-38,-7,-18,-9,-18,-7,-19,-9,16,-21,-21,-9,4,-9,6,3,-7,-5,-50,-21,-28,-13,-40,22,-16,18,-4,-1,8,-31,-13,13,5,-50,-5,3,-8,-23,10,-7,-20,9,-14,-2,-6,1,-17,-5,38,-8,-27,-9,-8,18,-7,-12,-12,-12,-19,-2,2,0,2,2,1,2,0,-1,-1,-36,-1,-49,-6,-41,-6,-43,4,-2,-13,-8,-9,-11,-6,-7,7,-6,-11,-11,-7,-10,-6,-6,5,-5,-10,-6,-8,-8,-7,-8,6,-4,-8,-9,-5,-6,-4,-6,7,-2,-8,-5,-4,-4,-6,-2,3,-2,0,1,-2,0,-1,-2,-51,-53,-45,-38,-42,-46,-49,-44,-43,-41,-50,-42,-45,-41,-32,-46,-55,-46,-49,-40,-47,-41,-53,-46,-52,-47,-50,-58,-37,-46,-55,-55,-53,-51,-43,-53,-46,-57,-76,-57,-45,-46,-52,-43,-47,-57,-57,-81,-57,-44,-58,-53,-59,-51,-44,-44,-38,-56,-50,-52,-55,-57,-80,-45,-40,23,-44,19,-24,21,-41,22,22,-31,23,-27,21,-43,24,-34,-42,24,-38,23,-40,23,-37,20,22,-49,23,-32,22,-43,22,-32,-30,22,-48,23,-36,21,-41,19,19,-31,24,-43,22,-35,22,-71,-41,24,-40,23,-39,21,-47,18,22,-39,20,-34,21,-38,18,-30,-35,-40,-49,-45,-36,-34,-31,-38,-37,-34,-43,-32,-33,-37,-42,-40,-39,-39,-35,-52,-37,-46,-36,-43,-35,-34,-42,-32,-43,-39,-39,-48,-37,-40,-36,-39,-48,-33,-47,-40,-38,-41,-44,-48,-47,-30,-33,-54,-39,-43,-40,-48,-36,-48,-31,-38,-37,-44,-43,-33,-37,-25,-37,-34,-14,-37,-32,-39,-24,-39,-29,-50,-40,-34,-87,-37,-46,-44,-62,-40,-51,-65,-35,-70,-27,-65,-37,-55,-39,-64,-71,-50,-36,-66,-40,-34,-51,-45,-56,-55,-43,-35,-46,-39,-49,-58,-58,-42,-45,-41,-34,-44,-34,-50,-52,-38,-41,-54,-39,-76,-39,-40,-46,-30,-83,-45,-77,-38
-1,1,1,-1,0,0,-2,-1,0,2,-3,3,0,-1,-1,0,3,-2,6,4,2,18,1,-3,-3,-1,18,-4,1,-11,0,0,-8,1,-3,10,2,-10,-2,1,8,-4,-13,-12,11,11,3,15,-12,19,26,28,6,9,-24,-11,-1,0,0,-2,-2,2,-2,0,-7,8,-14,0,-1,9,-3,-10,-1,4,1,12,1,-2,13,10,1,10,15,-9,2,39,3,-5,5,14,0,-12,-5,-9,0,-5,3,-4,-2,-17,-13,13,16,1,-2,0,11,10,46,-6,-15,11,-3,16,48,-15,-13,33,15,-19,-3,6,-16,10,1,-27,-10,2,10,3,2,-4,10,-3,13,1,8,5,15,5,-3,15,5,19,5,-3,4,16,17,9,16,-9,6,-4,10,9,1,6,-16,7,21,5,-5,-3,10,-4,7,18,-9,13,14,-27,-4,17,29,25,9,21,28,9,10,10,6,-5,-1,-1,-8,16,14,0,-10,4,12,9,13,17,10,4,8,8,8,18,1,8,11,-10,16,8,8,8,-8,12,6,2,-2,8,9,19,9,21,-5,6,14,7,6,8,-1,16,10,-9,-2,-6,10,5,-9,12,0,-2,2,0,10,12,-15,22,19,-6,10,25,11,8,17,17,4,15,25,4,19,11,15,12,13,4,27,-6,19,17,16,11,4,10,20,23,15,4,6,20,14,-2,-1,8,2,7,7,20,-2,18,10,7,25,8,-9,23,-1,-3,14,14,14,7,3,14,-3,17,23,27,15,10,-3,1,31,-5,16,15,8,-7,-1,23,7,-3,10,9,-2,1,-2,-2,-2,-2,1,-3,-13,1,-26,-9,-11,-4,-6,-15,0,5,-12,-1,0,-8,2,-9,6,5,-10,-1,-2,-7,-4,-2,4,1,-13,4,3,-4,-1,-2,4,-7,-10,-9,3,-3,-2,-2,2,-5,-11,-2,6,-1,-1,-3,1,0,-2,1,-2,3,-2,-1,-6,9,-7,-5,-19,4,-26,-2,0,0,-16,2,-2,-3,-9,1,0,-6,-10,-15,-10,-12,1,-13,-2,-11,-35,1,26,-20,-5,2,-8,-5,-15,9,-18,-6,-11,-8,-4,-6,-8,-8,-10,2,-9,-2,-8,-8,-6,-4,-2,3,4,-5,-5,-3,-3,0,8,-17,0,-7,-6,6,-22,-12,-10,2,-4,15,-5,-31,-8,13,-19,-14,-10,12,-12,-11,-15,-13,-5,-3,2,-25,2,-6,-31,9,21,-21,-3,20,-9,-3,-19,18,-19,-6,-8,-15,3,-23,0,-16,-7,-8,-18,-9,-17,-2,-11,-5,-11,12,3,-8,4,-14,-3,-9,4,-14,-15,-1,-11,18,-23,-17,-11,1,3,-15,-22,-32,-18,13,-22,-28,-31,2,-29,-9,-24,-12,-1,-19,-24,-21,-12,-15,-65,13,26,-24,-6,13,-9,-8,-24,14,-20,-16,-9,-20,-8,-18,-22,-12,-15,-26,-21,-4,-11,-24,-18,-17,-34,15,12,-14,0,-13,-27,11,14,-16,-17,-8,-15,29,-40,-47,-25,-5,5,-22,-23,-66,-18,27,-67,-53,-58,20,-34,-14,-41,-69,-35,-31,-61,-80,-22,-24,-45,23,34,-36,-28,29,-49,-6,-60,20,-35,-29,-9,-39,6,-36,-49,-41,-28,-47,-30,-31,-62,-45,-28,-37,-47,20,42,-20,14,-35,-43,0,17,-25,-66,-13
0,2,2,2,-1,0,2,0,-3,5,1,-1,-5,-1,0,1,1,7,1,4,-1,-6,2,2,2,0,25,1,-3,1,-4,0,-2,7,-13,-8,0,-5,-2,-3,30,6,20,-3,-11,-5,-10,-1,-37,-31,-40,-25,-10,-11,-10,-8,-1,2,0,2,-1,1,-2,-2,-8,0,5,-1,-4,7,0,1,10,9,3,4,-4,1,0,8,20,4,11,-2,21,-7,-6,0,-5,10,-3,-7,-7,10,7,-5,19,-12,-18,-11,-1,-4,-13,2,-1,-2,-19,26,-24,-10,1,1,-5,-3,9,-4,5,-12,-10,5,-10,-1,10,-3,7,-3,1,2,-2,-2,-1,-16,2,4,-2,9,10,-1,-12,2,2,-6,10,8,-2,16,1,12,-2,7,2,1,-3,2,31,1,1,-3,-6,2,2,-3,-11,14,-8,-16,1,1,35,-12,16,-5,9,2,-18,-2,-7,7,-15,-5,-2,7,-1,2,12,3,9,0,4,0,8,4,2,5,1,6,2,4,2,5,-4,0,6,4,-2,12,5,2,-5,6,2,-5,-8,-7,-7,-3,5,8,-9,15,2,-4,-1,-1,10,19,15,7,8,14,7,3,-4,21,14,10,9,9,6,10,10,4,13,12,7,16,7,2,-13,4,-13,-2,-1,3,-23,-13,2,6,11,4,10,4,11,6,6,6,-2,10,11,16,0,6,9,11,-2,23,6,10,-7,2,6,19,3,28,14,-11,-16,-2,8,23,17,17,1,17,15,20,19,-1,21,5,30,11,14,9,-3,-8,13,7,-14,20,-15,15,17,8,40,-25,16,8,2,5,-1,-1,1,-2,2,-2,-2,-1,-3,-4,-6,-5,-6,0,-6,8,-7,5,2,2,-3,-1,-1,9,-7,2,1,-1,-3,-3,-2,1,-5,2,-7,-2,0,-3,0,-2,-3,-1,-7,-3,-1,-2,0,-5,-6,2,-5,-1,-2,-1,1,-4,1,1,0,1,2,-2,-2,2,-8,-2,1,-10,-13,9,8,0,-4,-14,-5,-7,3,-8,-9,-13,-10,-18,-6,-12,-12,-29,-10,-4,-28,-5,19,-4,-21,-6,-7,-4,-3,23,-15,12,-1,-3,-5,-3,8,-7,-6,-6,-4,-3,0,-3,-3,10,-5,-1,-6,-3,-5,0,4,-6,0,-4,2,0,0,-5,-6,-6,-10,2,1,-3,-21,-1,6,-21,0,-14,3,-7,-16,-21,-15,-12,-7,-14,-15,-27,-16,-16,-13,-14,25,-14,-20,-16,2,-7,-17,11,-23,20,-5,-2,-14,4,0,-37,-10,-11,-11,-5,-2,-5,-6,20,-13,4,-6,1,-7,-6,3,-15,-4,-13,1,-7,-3,-11,-20,-11,-38,-10,-9,5,-22,-21,-15,-29,-17,-24,-15,-23,-26,-18,-30,-38,-43,-25,-25,-51,-35,-27,-56,-24,36,-39,-32,-24,-12,-29,-14,22,-34,22,-13,-16,-33,-12,0,-20,-25,-23,-22,-11,-17,-20,-16,27,-34,-15,-14,-17,-21,-14,-20,-24,-22,-20,-16,-18,-11,-16,-34,-52,-55,-35,-59,-5,-44,-64,-49,-67,-50,-61,-48,-74,-56,-22,-77,-68,-50,-41,-55,-69,-53,-47,-74,-61,57,-59,-66,-62,-68,-55,-69,53,-68,51,-17,-25,-42,-34,4,-60,-66,-31,-59,-17,-37,-21,-52,38,-43,-60,-25,-42,-48,-29,-60,-50,-23,-26,-34,-36,-27,-53
1,0,-1,-2,0,2,-1,-1,1,-8,-6,0,7,5,4,4,0,-4,-5,1,10,2,4,4,-2,1,-1,1,1,3,1,1,1,5,3,0,-1,-1,3,1,3,3,4,-1,2,2,2,3,11,3,7,7,9,-5,8,11,-2,0,1,0,1,1,0,1,8,2,11,10,12,2,5,12,-5,-22,1,7,6,6,6,10,2,0,0,-2,-1,6,9,6,4,-2,-2,0,4,2,12,9,4,-1,2,3,3,2,6,13,3,-5,5,7,10,2,10,16,1,4,11,4,9,24,17,12,-3,3,3,16,11,7,10,8,10,6,4,-4,5,8,14,12,9,7,-1,5,7,9,10,14,5,4,4,6,-4,-2,9,5,3,1,10,4,4,-5,4,11,3,5,12,6,6,-4,-8,2,4,12,7,8,13,2,-4,-3,10,11,18,11,15,9,6,3,8,13,14,15,8,14,3,6,10,13,14,9,6,7,15,17,12,15,14,20,16,21,16,12,12,18,16,20,17,19,15,14,12,21,19,22,15,15,20,17,18,23,19,21,20,23,24,17,25,25,27,24,24,29,21,24,24,14,21,23,23,26,20,26,22,20,26,21,24,23,21,15,25,32,31,30,-8,27,26,12,25,28,24,32,26,26,27,30,41,32,29,28,29,20,19,17,31,38,27,30,26,29,32,2,-4,30,42,25,5,39,41,14,12,28,30,19,23,25,19,29,38,30,19,10,18,40,31,6,22,19,48,34,36,17,17,18,-1,0,0,2,0,-2,-1,2,-19,5,38,61,7,-70,-13,-27,1,22,19,38,-11,-11,-9,-9,5,6,10,3,-10,-7,-6,-6,0,0,4,2,-4,-4,-5,-2,0,-1,1,1,-3,-1,-2,-1,0,1,2,0,-4,-2,-2,-1,0,2,-2,-2,2,1,0,2,3,-7,12,47,42,-15,-14,-4,-3,2,-9,27,29,-25,-8,0,3,-8,1,0,-1,-2,-11,-15,-6,3,-1,1,-11,-5,-5,-12,-10,-2,-8,-5,-4,-9,-8,-10,-3,-6,-3,-6,-6,-5,-8,-6,-5,-2,-4,-8,-6,-8,-2,-6,-9,-5,-6,-5,-8,-7,-5,-1,-14,-7,7,43,45,-5,-6,-13,-1,-8,2,22,29,1,-14,-1,-5,-8,-15,12,1,-2,-7,7,-6,-4,2,5,-4,-13,-7,-7,-9,0,-4,-5,-7,-10,-9,-6,-4,-1,-5,-7,-5,-3,-5,-3,1,-3,-6,-6,-6,-6,0,-1,-3,-5,-6,-7,-4,-2,-4,-7,-16,-20,20,79,90,-4,-28,-11,-19,-17,-21,25,42,1,-5,-23,-22,-37,-20,-20,-23,-14,-29,-24,-17,-19,-13,-21,-21,-18,-21,-22,-18,-13,-13,-13,-10,-11,-21,-22,-12,-11,-9,-10,-10,-14,-17,-19,-19,-15,-14,-12,-14,-14,-14,-16,-21,-19,-14,-12,-18,-15,-17,-16,-49,-32,-104,82,78,-6,-45,-45,-32,-127,-64,6,54,-5,-55,-61,-117,-124,-55,-29,-40,-40,-33,-37,-53,-38,-26,-32,-87,-40,-75,-36,-31,-31,-68,-31,-29,-31,-31,-31,-43,-29,-27,-28,-26,-29,-28,-40,-31,-37,-30,-29,-31,-28,-21,-60,-33,-36,-31,-29,-32,-38,-26,-54
1,-2,0,-2,-2,0,-2,-2,2,-1,-8,-3,0,0,1,0,2,1,-3,0,1,0,0,1,0,-2,-2,-1,-1,1,0,0,0,-2,0,-1,-1,1,-1,0,3,-1,0,-2,0,-5,0,2,-4,-7,2,-9,-20,-16,-31,-28,0,-2,-2,2,-1,0,0,-2,0,0,-11,-15,4,-7,5,1,5,3,-6,-13,0,-1,2,-1,6,-2,-3,1,3,4,-5,2,-5,3,-1,5,0,5,-1,3,-2,0,0,-3,1,0,5,-1,2,-33,-5,-4,-7,0,0,1,-16,-6,-1,-1,1,-13,0,3,-2,-1,-6,-10,-6,2,-1,5,-14,-5,0,10,-5,-1,-16,-3,-1,1,-3,2,-2,-2,-1,-1,-3,3,-10,4,0,0,-4,-3,4,-19,-7,-13,-1,1,-1,-1,-5,-5,-6,-4,-3,-4,1,2,-15,-10,-8,-11,-18,-7,0,-3,0,-9,-6,-10,-1,1,-2,2,-4,0,-3,-1,-3,-5,-1,-2,-1,-4,6,1,-2,0,0,-3,2,3,8,9,3,-4,3,-1,-6,-10,7,-6,-4,-2,2,-1,0,-26,0,1,0,4,-3,1,-2,-3,5,-2,-19,-1,0,3,2,-7,0,3,0,0,-1,1,-5,-8,3,4,-6,0,4,-4,-2,1,1,-4,-1,-3,0,-2,-54,17,27,38,-6,-5,-41,10,-36,25,37,35,-7,1,-7,-5,-47,10,26,11,-24,-2,3,-20,18,-64,-11,-48,-14,-18,-13,-4,4,-13,11,-16,-29,14,7,-3,-30,-6,-3,-3,-38,-24,-9,-4,-1,-1,4,3,-2,-1,-22,5,0,-21,-40,-25,4,-1,-14,-6,1,2,1,-2,-1,2,0,-1,-20,19,28,8,9,-9,-11,-7,-6,-102,2,-96,2,6,-4,-1,-7,-5,5,-4,0,2,-1,0,-3,-5,1,-2,-1,0,-1,0,-3,-4,0,-1,-1,-1,1,-1,-2,-2,1,-1,-1,0,-1,-1,-1,0,1,2,-1,0,-2,-2,-125,3,37,-14,-79,-2,-2,-5,-44,-8,79,-3,-20,-2,-27,-22,-81,-27,-11,-34,-115,2,-3,2,-1,-95,-7,-109,-1,-9,-3,1,-5,-6,-2,-6,-1,-9,-4,-2,-2,-5,-6,-4,-3,-3,-6,-2,-3,-2,-3,-5,-3,-1,-5,-6,-8,-3,-5,0,-3,-3,-1,1,-7,-61,39,-72,-5,-5,-5,-11,1,-1,69,2,-19,-4,-21,-10,-19,-60,0,-86,-31,-4,1,0,-81,-6,-4,-9,-88,-26,-5,-3,-7,-11,-6,-6,-8,-93,-13,-12,-2,-5,-9,-3,-5,-7,-71,-23,-5,-4,-5,-3,-5,-10,-5,-92,-4,-3,-4,-3,-10,-3,-7,-14,-45,-17,63,-82,-59,-54,-34,-49,-56,-84,103,-55,-82,-67,-74,-106,-6,-5,-94,-16,-61,-11,-4,-10,-9,-16,-83,-3,-16,-12,-15,-8,-7,-25,-64,-18,-10,-12,-19,-14,-9,-12,-67,-20,-12,-12,-18,-11,-13,-8,-83,-9,-16,-7,-14,-8,-8,-9,-78,-10,-10,-7,-7,-8,-44,-93,73,18,-87,-51,-48,-41,-23,-48,119,8,6,-68,-56,-76,-25,-74,-85,-45,-79,-17,-28,-19,-49,-35,-86,-29,-71,-34,-28,-30,-27,-58,-74,-20,-31,-82,-33,-21,-31,-24,-84,-27,-27,-25,-84,-11,-40,-20,-43,-15,-16,-16,-8,-43,-31,-21,-31,-12,-13,-23,-17,-18
-2,0,0,0,-1,1,-1,2,1,3,5,3,3,4,2,1,2,3,3,3,3,2,4,2,2,3,3,3,3,2,2,1,1,3,4,3,3,2,3,1,1,3,4,5,4,3,3,1,0,2,3,5,7,10,4,1,-1,0,2,-2,0,0,-2,2,6,8,9,9,7,7,5,4,6,9,11,10,8,9,8,7,7,6,10,8,12,7,9,6,6,8,6,14,8,7,3,3,7,4,7,9,13,4,11,4,3,3,5,15,5,9,4,7,3,-1,-3,0,10,7,9,0,2,2,-2,9,9,11,10,8,7,8,11,8,11,5,6,3,8,13,7,16,9,9,5,8,7,4,11,8,13,6,11,5,2,6,4,12,7,8,3,10,13,4,6,3,11,4,11,3,-1,10,-1,6,4,9,2,-1,9,0,6,-1,8,4,7,3,1,3,-3,0,2,0,6,8,11,13,17,17,16,14,19,17,13,18,19,21,19,18,18,16,15,17,17,20,21,17,21,17,15,14,16,19,15,14,18,16,11,15,14,15,14,20,16,16,12,8,15,15,17,20,20,14,16,10,11,18,17,27,33,28,16,9,10,10,21,21,32,24,29,29,33,34,43,35,36,28,33,37,39,46,41,38,34,33,37,37,41,41,46,40,42,30,32,35,35,47,39,40,36,35,25,27,32,41,42,40,35,41,28,19,22,43,42,39,43,28,31,35,42,29,47,40,47,41,24,30,24,27,48,30,42,47,1,1,-2,2,1,2,-1,-2,0,3,8,3,3,-3,2,-6,6,3,6,3,2,2,2,4,6,5,6,4,4,3,3,4,7,7,6,5,4,5,3,4,7,5,3,6,6,5,5,5,6,4,3,4,6,6,5,5,-2,0,0,0,-2,1,1,1,-11,-12,-6,-13,-17,-14,-9,-13,-14,-11,-16,-13,-14,-21,-17,-12,-17,-17,-18,-25,-21,-16,-8,-15,-16,-18,-19,-16,-16,-17,-17,-15,-13,-16,-15,-14,-14,-12,-13,-12,-13,-14,-13,-12,-13,-12,-13,-13,-12,-13,-13,-12,-11,-10,-10,-11,-12,-12,-12,-11,-11,-10,-10,-9,-13,-13,-13,-14,-15,-15,-13,-12,-14,-18,-15,-16,-14,-18,-19,-12,-18,-19,-17,-18,-19,-17,-15,-17,-16,-14,-14,-16,-18,-20,-11,-14,-12,-13,-12,-16,-16,-15,-15,-11,-9,-12,-16,-12,-12,-13,-15,-14,-10,-14,-13,-14,-11,-9,-13,-14,-13,-13,-13,-12,-12,-11,-9,-14,-25,-24,-24,-26,-22,-28,-21,-22,-21,-21,-22,-23,-24,-22,-23,-20,-17,-21,-22,-21,-24,-23,-19,-17,-18,-16,-23,-20,-20,-22,-16,-17,-17,-20,-19,-20,-21,-22,-22,-19,-16,-18,-20,-18,-20,-19,-19,-16,-14,-16,-20,-20,-18,-18,-18,-18,-14,-15,-19,-18,-19,-20,-19,-19,-17,-9,-15,-19,-16,-17,-11,-17,-18,-18,-22,-16,-12,-15,-21,-13,-16,-25,-13,-13,-16,-17,-18,-20,-24,-16,-17,-16,-23,-13,-13,-19,-11,-17,-10,-16,-8,-16,-14,-22,-11,-12,-20,-15,-13,-17,-23,-18,-13,-18,-10,-20,-17,-20,-15,-19,-15,-18,-20,-21,-28,-20,-22,-19
-1,2,2,1,-2,2,-1,-1,3,3,3,3,2,-2,0,-3,4,3,1,-1,1,-61,-2,2,2,3,3,3,0,5,-7,-4,-1,4,3,3,3,2,-2,-5,1,3,2,9,6,-8,-7,-3,-1,-20,-3,-5,-7,-5,-8,-3,1,0,2,2,1,2,2,1,2,7,4,8,12,2,15,4,6,9,4,9,3,5,4,16,6,1,4,14,1,69,-5,16,6,-1,5,3,5,7,0,7,-4,6,4,6,5,-2,9,5,1,-4,12,9,4,4,-2,0,8,0,4,1,1,5,-6,4,-1,6,-3,-8,-2,-3,3,3,8,-3,3,9,3,7,5,12,-6,6,7,4,8,7,7,3,3,-1,2,10,4,53,-7,12,10,0,4,3,0,3,4,2,3,9,0,0,-3,2,-4,12,5,5,15,4,3,5,-3,4,1,1,1,5,2,6,-3,-1,4,2,1,-5,4,-9,2,1,7,11,12,12,9,8,10,9,8,3,8,3,0,10,1,10,11,11,10,10,9,45,19,22,14,9,6,8,10,10,9,13,10,3,-1,3,7,7,5,7,4,0,9,3,4,0,1,8,12,12,8,6,1,7,5,10,2,7,14,7,2,10,7,7,18,23,20,22,18,25,19,32,10,24,19,14,23,27,28,15,21,20,19,21,22,87,25,30,21,16,21,3,26,20,26,21,19,21,2,9,6,18,14,23,15,10,21,7,18,-4,13,11,0,15,19,12,3,24,8,20,10,14,14,24,-5,20,16,24,2,2,2,0,-1,-2,2,1,-30,-10,-13,1,-5,-1,-4,-11,-8,-3,-8,13,3,34,-5,8,-1,-3,0,3,-94,18,-93,5,-2,-2,1,-1,-7,3,-13,1,-2,-3,0,-4,-4,-3,-5,-1,-1,-2,0,-1,-3,-2,-3,0,0,1,-2,2,1,-1,-2,1,-3,-16,2,1,3,-2,10,-3,-9,-2,1,-26,-2,-9,3,-33,-3,-4,-27,-6,-6,57,-14,-2,-3,-5,-12,-17,-24,12,-16,-11,-7,-9,-12,-6,-49,-5,-26,-1,-5,-10,-4,-12,-7,-15,-7,-11,-3,-9,1,-6,-7,-8,-8,-7,4,-4,-5,-6,-8,-7,-7,-4,-3,-8,1,-19,-4,3,8,-31,-9,-6,-8,2,-41,8,-37,-1,-6,-2,-5,-3,-13,38,2,-9,-7,-2,-11,0,-29,-1,-29,1,-3,-5,-4,-23,-1,-18,0,-37,-8,-4,-19,-3,-9,-3,-12,-8,-4,-16,-5,-9,-3,-6,-6,-7,-19,-2,-11,-7,-6,-3,-4,-7,-6,-16,1,-9,-9,-14,-4,-9,-15,-8,-11,7,-4,-13,-13,-6,-7,-10,-19,-14,-25,70,-18,-5,-6,-8,-14,-6,-19,-15,-10,-12,-14,-5,-13,-3,-11,-17,-10,-4,-10,-14,-5,-8,-17,-17,-15,-10,-7,-7,-3,-7,-20,-16,-13,-10,-8,-11,-8,-6,-15,-13,-11,-9,-19,-37,-26,-35,-20,-65,-11,-11,-20,-23,-38,-26,-12,-15,-29,-2,-19,-24,-21,-23,-42,71,-32,-9,-22,-16,-25,-14,-32,-25,-27,-17,-25,-17,-29,-19,-22,-25,-24,-18,-14,-21,-20,-22,-25,-16,-30,-25,-8,-24,-16,-19,-23,-24,-28,-29,-22,-18,-14,-18,-13,-29,-12,-28
0,-2,-2,-1,-2,0,1,-1,-1,-7,-5,-7,-8,-3,1,-4,3,-3,-4,-5,-8,0,-1,-2,-1,-1,17,-2,-2,-2,-1,3,2,7,12,1,-1,4,-1,3,2,-4,-4,0,-3,-11,1,8,-1,-13,-17,-17,-8,-15,6,4,1,-2,1,-1,-1,1,2,-2,42,-5,44,-34,43,-31,7,-21,18,-1,31,9,-2,0,2,-2,1,31,5,5,26,3,0,5,4,21,11,13,10,6,-7,4,22,11,12,-15,5,-7,2,-10,-26,-2,-15,-12,-14,-2,-7,-7,0,25,0,-8,-5,8,-7,-7,10,5,9,-24,3,-4,4,1,28,0,16,-11,34,-5,25,-26,-18,25,-11,29,-14,38,-16,28,23,1,26,6,33,-7,22,-13,-27,27,-10,34,-7,9,-9,24,34,-16,33,-25,9,-7,14,-11,-17,32,-18,17,-21,14,-9,9,28,-10,18,-14,27,-24,16,-2,-5,13,-12,17,-24,22,-28,22,23,9,23,13,19,19,6,14,23,17,11,20,22,9,28,3,13,15,9,11,14,-3,11,4,15,-6,9,7,-1,2,15,5,3,13,0,9,9,-7,16,-13,23,-6,17,16,18,2,13,-3,-1,-2,9,5,9,-12,12,-13,4,-4,7,-6,4,3,10,0,25,17,26,20,23,34,17,37,20,27,22,21,18,36,32,20,16,21,16,22,35,27,39,18,10,-24,7,13,24,-15,33,13,27,0,5,4,-8,24,11,23,41,26,40,11,14,-1,22,-18,15,24,12,-12,30,28,8,26,2,19,0,32,2,5,14,-9,1,2,0,0,0,1,2,-1,42,-68,42,-46,36,-42,33,-58,13,-23,6,-9,-9,-7,3,-11,0,-1,-6,-9,-5,-6,-1,-2,1,4,5,-1,-3,-1,-1,-2,1,-1,9,3,-5,-3,-4,2,-4,9,-6,11,-12,6,-1,2,0,1,1,1,2,0,-3,2,13,-18,6,-17,-5,-12,0,-5,-8,-14,-9,0,-3,0,2,-12,-7,-21,0,-12,-8,-10,-16,-2,-14,-11,-18,-16,-2,-14,-14,-10,-14,2,-19,9,-8,-14,-5,-2,-12,2,-6,8,-9,-8,0,-7,-5,-13,-10,-7,-10,-9,-14,-5,-1,-4,-5,-3,-7,-4,-6,-7,4,-15,-3,-1,3,0,18,-5,17,-37,16,-8,15,0,-7,1,-1,0,-32,-4,-17,-1,-15,-3,-13,1,-8,-25,-3,-25,-2,-7,-13,0,-14,12,-12,-8,-16,-1,-10,4,-6,20,-17,-22,-10,-5,-10,-3,-14,-4,-11,-14,-13,-17,-3,-10,-4,-9,2,-4,-5,-11,11,-36,0,-36,-3,-36,22,-25,2,-8,-3,-6,-23,0,-23,-22,-23,-15,-40,-17,-22,-24,-37,-23,-19,8,-16,-26,-27,-48,-15,-15,-12,-7,-6,10,-19,-17,-12,-11,-20,15,-9,27,-21,-15,-15,-8,-16,-5,-16,-18,-21,-14,-17,2,-10,-13,-14,0,-22,-7,-12,-5,27,-70,-22,-99,-19,-53,24,-53,-68,-50,21,-66,-38,26,-19,-12,-77,-40,-62,-50,-15,-70,-43,-46,-43,23,-68,-32,-28,-63,-38,-20,-8,-20,-13,21,-30,-31,-27,-14,-20,20,-5,35,-56,-31,-5,-43,-29,-9,-35,-33,-37,-47,-56,-26,-9,-40,-34,-17,-26,-32,-43,-37
0,-2,-1,-2,0,1,0,0,6,8,-8,11,5,1,1,1,7,5,-11,4,2,-2,0,3,2,0,12,6,6,2,0,2,1,3,3,6,1,3,3,2,6,2,8,1,9,4,-6,-1,1,3,-6,0,-3,-6,-11,-9,2,-2,0,-2,-2,-1,-1,2,2,20,3,25,2,7,7,1,21,0,6,-40,10,0,8,8,7,4,59,2,3,6,-6,5,11,13,11,11,14,5,-3,5,12,9,10,12,8,8,11,3,6,11,11,8,-11,8,-1,10,0,-3,15,-7,10,9,8,3,7,9,8,7,11,10,15,6,4,14,3,13,-4,7,6,11,20,-1,8,5,9,5,7,5,11,11,23,8,8,15,3,9,10,6,11,18,9,4,6,-2,-6,12,7,1,4,7,7,13,9,5,8,3,8,11,11,0,-6,12,9,12,-3,16,1,7,16,9,3,-1,-8,2,12,5,5,5,6,5,6,8,9,7,1,7,0,-15,7,3,5,6,10,6,20,17,14,7,10,6,6,2,8,6,12,14,2,8,-1,-4,4,1,7,3,-3,3,3,2,5,9,2,9,8,13,6,12,10,4,5,8,10,9,9,2,15,16,16,6,4,11,-2,15,16,12,14,15,14,11,22,2,17,17,16,15,19,15,27,20,43,19,12,16,16,12,7,25,5,27,11,1,8,16,5,17,9,-15,11,5,23,14,-4,15,-4,9,13,17,15,22,12,12,14,14,7,8,4,7,11,-11,10,6,10,24,12,16,-1,1,-2,-1,0,-1,2,1,-15,-13,-14,-19,-16,-11,-11,-13,-13,-5,61,-11,44,-14,-6,-7,-5,-70,-2,-72,1,-9,-4,-3,-4,0,-6,-5,-7,-4,-1,-1,-5,3,-9,0,-6,2,0,-1,-3,4,-2,-1,-4,-2,1,0,0,1,0,0,2,2,-1,2,-5,4,-15,-22,-20,-7,-8,-11,-17,2,-11,-32,-13,-15,1,-3,-94,-12,75,-10,30,-4,-15,1,-5,-19,-16,-25,-14,-8,-8,-3,-11,-8,-8,-10,-5,-13,-6,-6,-9,-8,-7,-2,-8,-9,-6,-7,-5,-9,-8,-5,-8,-7,-2,-3,-6,-5,-4,-7,-4,-6,-5,-6,-25,-2,-10,-2,-16,-10,-6,-11,3,-11,-11,-60,-2,-10,-6,-7,-93,-22,86,-12,25,-2,-14,-11,14,-26,-23,-17,-3,-11,-9,-6,-21,0,-6,8,-18,-6,-13,-8,-10,-12,-6,-5,-2,-20,-11,-14,-13,-10,-4,-5,-9,-10,-13,-16,-15,-9,-7,-8,-11,-8,-7,-20,-6,8,-10,12,-5,-3,3,-8,8,-4,-30,-5,11,-8,-9,-7,-113,-6,95,-39,-5,-4,-8,-18,16,-6,-7,-18,5,-5,-2,-6,3,5,-14,2,4,-9,-5,-6,0,-6,-10,-1,-5,-3,-6,-8,-1,2,-8,-13,-6,-8,-6,-6,-3,-2,-9,-9,-6,-6,-3,-6,4,1,-28,0,-27,-46,-48,-26,8,-3,-38,-65,11,-14,-35,-19,-95,-53,96,-47,18,-10,-38,-19,23,-11,-25,-18,-4,-25,-17,-21,-14,-2,-21,7,-9,-23,-15,-21,-12,-16,-10,-9,-15,-16,-19,-19,-16,-16,-12,-16,-12,-24,-13,-7,-11,-5,-14,-14,-18,-19,-11,-8
2,0,2,2,2,0,0,2,1,1,-3,1,-4,-2,2,-1,3,6,1,1,-1,5,-1,-1,1,1,-4,0,-1,-1,-1,0,3,3,-3,-2,0,2,0,-2,-2,4,0,0,1,-5,-1,1,9,-2,2,-4,3,-6,3,-4,0,-2,0,1,0,-1,-2,-2,-1,-1,8,3,-2,-2,4,-9,-3,5,2,1,3,2,3,0,-5,-8,8,-8,-7,4,-2,6,5,-5,8,1,-4,0,4,-8,-2,0,9,5,-8,-1,18,-3,5,1,-9,4,-7,3,-17,-11,-2,-15,-7,1,-2,-1,-11,1,-3,2,2,5,2,-6,8,-2,4,-5,2,5,-3,-1,2,1,-2,-1,8,3,-2,3,4,5,4,2,0,0,1,1,-3,-3,-4,1,-3,-1,-2,0,-1,-9,8,3,1,0,-10,-6,-1,-6,-1,-2,-4,-1,1,-4,-1,-5,-7,2,2,2,3,1,-5,-9,-2,1,-6,-3,9,2,-3,4,0,5,-2,-1,11,7,2,9,7,4,7,9,5,6,17,-8,0,11,-3,0,10,-9,8,0,10,9,6,13,1,8,8,6,0,-11,-2,-1,9,0,2,-2,7,10,-3,2,5,5,5,2,7,6,-8,-8,0,1,0,7,0,2,-3,-1,9,5,-3,2,-6,9,0,8,3,15,-1,14,12,4,15,5,12,7,14,19,5,10,10,9,11,9,-6,0,4,10,19,5,12,-7,9,5,10,21,4,11,24,15,5,14,6,4,17,3,11,3,8,1,-13,2,9,15,-1,5,18,-2,10,5,15,1,10,13,8,13,1,2,2,2,-2,1,2,-1,7,2,-41,-2,48,-2,9,-18,-2,2,-3,-124,4,-122,3,-6,-1,1,0,0,4,-2,-4,0,0,0,0,-3,-1,-3,-1,-1,1,0,-2,-1,-2,0,-1,1,0,0,0,0,-1,0,-1,0,2,1,0,0,-1,0,-1,0,1,-2,-118,-7,14,-8,-96,-1,-1,7,-6,-6,72,-1,-4,10,2,-2,-126,-5,-23,-3,-84,0,10,-1,-4,-107,14,-127,-1,-4,2,1,-10,-2,-4,-2,-6,-3,-2,-5,-2,-7,-5,-6,0,-1,-2,-8,-2,-2,-4,-2,-3,-2,2,0,0,-10,-10,-8,-1,-1,-1,-1,-12,-111,-1,-115,26,-8,-4,18,-7,-4,79,-13,-5,-8,3,-4,2,-83,-3,-71,-2,0,-2,3,-106,-11,16,0,-98,2,4,-114,-1,-3,-4,0,-5,-102,-90,0,-1,1,-3,-3,-3,2,3,-2,-3,-3,-4,1,-4,-4,2,-1,-1,2,-2,-1,-18,-4,-5,-10,-9,-12,-97,2,31,-18,-91,-31,-127,-84,115,-104,-126,-44,1,2,-7,-6,-92,3,-14,12,19,3,-5,-8,16,4,-14,-8,-5,-27,-6,-7,-57,-8,-1,-8,-2,-2,-5,0,-73,1,-3,-2,-5,-1,-1,-3,-101,1,-10,-2,-2,-1,-4,-3,-88,-1,-3,-1,-10,-16,-12,-83,-89,-85,33,-15,1,21,-81,-51,127,-98,-74,17,-20,-3,-6,-41,-44,1,-33,17,25,9,-35,-38,20,-20,-48,-14,-11,-43,-61,-22,-27,-36,3,-86,-25,-19,-8,-12,-4,-18,-47,2,-6,-11,-7,-11,-19,6,-40,-5,-40,-5,-9,-6,-19,-7,-13,-11
1,1,2,0,0,1,2,2,0,3,0,3,0,-2,2,1,1,-3,1,-1,-3,-1,6,3,0,2,-4,2,2,5,-3,5,0,-1,-5,-4,-6,-4,-4,-3,-3,16,10,-2,27,-2,1,0,4,-5,-17,23,-19,1,-14,1,2,2,1,-2,0,1,-2,-2,-13,2,4,-2,4,-2,1,11,3,12,5,-1,-6,2,15,-1,3,16,-7,10,-11,32,-5,17,19,-2,-30,4,32,-2,-33,0,10,-6,14,-16,55,10,-10,-8,24,11,-31,-19,12,3,7,0,-2,11,-33,32,3,-12,-39,15,-3,33,-14,16,-33,16,-17,-11,0,10,2,-2,17,3,5,5,10,-6,-7,6,4,30,3,-3,12,4,-10,0,18,1,10,-1,21,11,-5,9,1,-2,5,16,3,31,2,2,-17,15,9,2,-3,16,22,7,16,7,-2,-6,14,8,-29,13,17,-11,-29,-1,11,6,22,17,29,14,-8,4,2,3,7,4,6,0,7,3,-3,0,3,6,3,-6,3,8,-1,4,8,0,3,-15,12,14,6,-1,21,9,9,8,23,5,9,12,8,17,8,7,-11,25,6,5,19,18,8,-10,4,13,-3,3,15,-9,8,4,7,8,-3,2,-2,3,-5,0,-9,-7,5,22,17,12,23,2,6,1,19,16,4,17,9,17,17,19,16,16,-3,5,9,6,20,24,10,18,19,2,4,19,32,18,17,12,16,25,9,19,12,55,17,26,36,28,31,22,14,21,16,27,19,2,17,17,5,21,17,2,28,14,25,12,7,-4,-2,1,0,-1,-2,-1,0,1,-50,-5,-24,-8,29,-10,-4,10,-5,-2,-2,3,11,-6,1,1,-2,0,0,0,1,-7,2,3,0,-3,3,-2,-4,-1,4,0,3,-5,-3,-5,-4,-5,-9,-6,2,-7,-2,-2,-3,1,-3,-1,-1,1,2,1,2,-1,2,1,-7,-9,-13,-12,21,-5,-3,3,1,-3,-12,-4,5,-2,-16,-3,-4,-6,1,-8,3,-8,-6,0,0,-2,3,-7,-6,-19,-2,5,-11,-6,20,-1,-15,-8,32,-1,-9,-5,-7,-1,-14,-4,-8,-4,-2,-11,-7,7,-4,-3,-8,-6,-5,-6,-1,-7,3,-4,-2,-8,-11,-7,-15,-3,0,-14,-9,-1,-6,-4,-20,-7,-1,-14,-13,-3,-11,-12,-6,0,-8,-6,-7,0,-12,-5,-1,1,-13,-30,-16,22,-22,-24,25,-19,-8,-5,36,-9,-7,-4,-13,-7,-13,-3,-3,-4,-3,-18,-10,11,-11,-8,-8,-15,-10,-5,-2,-11,-10,-6,-1,-7,-19,-12,-29,-60,24,-36,-11,-5,-12,-23,-24,-3,-18,-5,-20,-3,-20,-23,-8,-17,-17,-9,-9,2,-10,-22,-1,-8,-32,-41,-6,34,-27,-43,37,-33,-21,-40,43,-11,-16,-17,16,-15,-28,-12,-8,-17,-8,-23,-18,30,-21,-2,-23,-12,-9,-10,-16,-17,-18,-14,-14,-12,-23,-57,-37,-89,20,-37,-13,-4,-80,-39,-115,-16,-79,-3,-94,-1,-67,-56,-64,-16,-35,-15,-31,-78,-39,-51,-8,-5,-75,-67,-16,53,-59,-72,55,-75,-26,-57,61,-45,-28,-31,27,-48,-51,-16,-9,-27,-19,-50,-52,54,-42,3,-54,-72,-36,-14,-37,-28,-40,-19,-37,-33
-1,-2,2,-1,0,-1,0,2,4,-13,8,18,10,6,3,-1,2,0,-5,-1,1,1,4,1,2,-1,-3,-1,-1,-3,-1,-1,1,-1,0,4,1,-1,0,3,2,0,0,3,5,6,2,2,-4,-12,-10,0,0,-7,-4,-5,0,2,-1,1,1,2,-1,2,13,-2,30,22,28,-7,17,-5,20,18,14,12,30,24,38,0,-5,0,41,28,18,4,12,15,6,19,1,30,-11,35,4,13,-16,4,16,-3,13,0,29,4,3,-6,5,-6,6,3,8,4,-4,-7,0,3,-19,3,3,2,-14,-5,-15,1,-5,-5,-2,0,-9,-3,19,10,11,-11,1,2,3,3,9,16,-1,17,-5,11,6,4,4,-6,0,13,-5,-13,7,1,2,2,-13,9,2,9,5,-22,-26,4,4,-6,10,9,-31,-7,-1,7,-4,-1,-3,1,3,-10,2,4,-2,-14,-9,-19,-8,1,-4,-8,-29,0,-18,-7,10,12,-4,-2,13,2,5,-8,6,4,5,14,9,-11,-5,-7,0,11,-7,19,14,15,5,4,-11,-3,-2,10,21,6,10,-2,-5,-5,-8,-20,22,5,-33,-29,-29,1,-2,4,-3,-1,-8,-3,1,4,8,-9,18,-29,-21,-7,-1,6,-1,10,11,-4,-17,-8,30,20,26,0,9,9,12,10,6,13,13,35,26,16,-2,3,27,20,12,0,18,35,14,7,9,16,28,29,17,25,9,-10,24,24,23,29,31,20,18,5,-1,43,24,44,24,22,-38,-5,3,33,9,16,39,62,4,1,34,38,18,-7,-14,19,31,5,1,1,1,-2,0,1,0,0,-40,-52,7,17,11,-55,-3,-88,-17,-15,-7,11,12,-7,-6,-26,-16,-9,-6,0,2,-1,0,-14,-13,-6,-4,0,-3,2,-1,-10,-13,-5,-3,-3,-3,-1,-1,-13,-11,-7,-5,-7,-6,2,1,-11,0,1,1,0,1,2,0,-2,14,4,12,15,14,8,3,17,24,9,13,13,19,1,15,-4,8,14,7,4,8,7,3,7,4,7,4,9,14,7,15,4,6,7,6,6,5,7,5,7,6,12,6,6,6,6,5,4,11,7,10,7,5,8,9,5,8,5,10,9,5,4,5,6,-22,-7,-12,-6,-4,-15,-17,-5,2,-14,-14,-18,-3,-8,-2,-30,-16,-6,-15,-4,-10,-3,-25,-14,-14,-12,-18,-11,0,-5,-2,-14,-20,-8,-16,-6,-21,-6,-15,-11,-14,-18,-10,-7,-9,-10,-8,-10,-16,-6,-18,-9,-9,-3,-5,-16,-15,-15,-7,-13,-6,-7,-15,-7,-21,-15,-11,17,-12,-31,-47,-27,-13,1,-14,-86,-2,-18,-1,-39,-16,-2,-14,-11,4,-10,-19,-15,-18,-20,-30,-31,-13,-4,-16,-22,-16,-32,-22,-19,-19,-27,-33,-20,-14,-28,-22,-24,-10,-20,-27,-16,-13,-21,-9,-22,-19,-11,-13,-27,-13,-4,-19,-21,-19,-16,-17,-10,-40,2,0,40,3,-66,-24,-43,53,43,-31,-38,9,-19,-39,-80,-52,8,-7,23,49,-8,-31,-45,-3,-41,-73,-50,30,52,-41,-72,-88,-14,-57,20,-56,-54,-51,4,-46,-60,-63,-68,26,-91,-19,-42,-79,-74,-64,-96,-64,8,-39,-31,-68,-9,-72,-68,-71,-60,-31,-45
0,-2,0,-2,-2,1,-2,2,5,-2,3,-1,-4,1,0,2,-3,-6,-3,-3,-1,-2,1,0,-4,19,4,15,1,1,7,0,-15,1,41,-17,-1,22,1,8,-6,2,-26,-4,-3,-14,18,-6,11,-33,-11,-19,-2,12,-23,-16,0,2,2,3,2,1,-1,1,1,-4,18,0,6,3,7,9,-9,-16,-10,7,-3,-1,0,-1,-11,18,3,13,-8,3,24,-6,2,-10,8,-3,-1,30,11,4,14,-23,-5,-28,1,-18,8,-7,4,-8,12,-5,11,28,-8,3,-13,21,-18,28,17,-10,-7,-1,3,-7,-36,18,-12,11,-10,15,2,-4,10,12,2,6,-4,13,20,-3,0,2,1,-13,7,1,-10,15,16,-7,-9,24,14,-8,-1,-1,24,-8,1,15,-13,4,-8,-1,-1,27,-1,0,-3,13,-6,8,2,12,6,-21,19,-3,-4,-15,23,-13,-6,38,-6,9,9,7,-23,-10,21,-16,26,-2,9,11,-5,1,13,5,13,8,14,11,-2,14,8,8,9,12,17,9,-4,-1,1,-4,5,10,6,5,-4,-5,-1,-2,-6,15,9,29,14,6,7,10,4,7,24,-2,-17,-8,14,15,-16,10,7,2,6,-4,8,1,-1,11,11,-5,-25,-2,7,10,1,-2,14,10,12,12,17,13,27,15,30,9,13,13,0,1,14,21,9,13,30,-2,-2,8,7,9,14,7,6,25,7,-3,0,17,11,6,16,20,21,9,5,2,0,28,3,38,12,4,26,23,31,-6,30,19,6,9,6,1,9,19,-4,-12,26,24,20,9,-1,-1,-1,1,-2,-2,2,-1,17,-4,-2,-21,6,-29,-6,0,3,0,-2,3,-2,-2,4,-6,-6,0,-4,6,-5,1,-2,-7,4,4,7,-3,1,0,2,1,3,-6,5,-1,0,3,7,0,2,-2,3,-3,-1,4,0,2,-2,1,-1,1,0,1,-2,1,-1,-18,3,-24,-28,-4,6,1,6,5,-27,-11,-5,3,-6,-11,-1,21,-12,-22,-15,-30,3,-4,-20,-14,-14,-11,-10,-3,0,-16,8,-22,20,2,-1,-9,-15,-2,-11,-4,-12,6,-15,-6,8,-4,-7,-8,-9,-16,-9,1,-21,-7,-9,-9,-11,-8,0,-9,-4,-5,-1,-3,15,-22,17,-8,-18,-5,-2,16,-9,-7,7,-19,-11,4,10,29,-19,2,-9,-4,0,0,5,-29,-17,-11,-4,-6,-5,-14,6,-30,24,0,9,-12,-1,12,0,0,-10,10,-11,-7,14,0,3,-9,-6,-14,-7,2,-11,9,-4,-14,-8,3,2,-5,-11,1,-10,-8,-15,-18,12,-22,-27,15,0,11,-5,0,20,-10,3,9,-3,41,-28,-28,-25,-22,1,-2,-11,-38,-28,-39,-5,-9,-12,-16,30,-41,17,25,8,-14,-17,18,-3,2,-6,8,2,-8,35,-2,-8,-12,-4,-33,-27,27,-12,2,-10,1,-8,-3,-3,-1,2,-7,-10,-30,-7,-60,16,-23,-22,31,-1,38,-87,-7,36,-50,15,11,-17,40,-52,-40,-36,-43,2,-4,-26,-41,-62,-56,-26,-55,-34,-16,23,-97,17,32,41,-61,-44,39,-36,-6,-24,-9,0,-43,40,-14,-39,-41,-26,-46,-44,20,-42,8,-19,0,-28,-10,-4,-14,14,-21
1,2,2,1,-1,2,0,-2,1,7,4,-8,5,-4,2,1,2,12,1,-1,6,-5,-2,9,-2,-7,-14,-4,1,-1,1,2,-3,-12,-7,4,4,7,7,8,-6,13,-4,0,5,10,-16,3,13,-4,26,-10,-18,-7,-36,-2,1,0,0,2,1,-1,3,-1,-10,10,-2,13,0,3,6,-7,5,11,-1,1,7,13,1,9,11,0,7,-1,11,14,1,1,17,-4,7,-9,-6,3,8,11,4,6,-4,-5,-1,17,3,0,4,20,35,1,-1,-21,-10,5,-2,5,17,-2,-12,6,-1,-12,9,-4,8,16,-2,5,9,-11,-11,11,11,9,7,5,19,-17,16,3,8,6,4,21,0,11,9,24,-8,13,17,-5,9,-1,19,-13,21,5,8,-3,3,0,-5,9,18,19,-24,5,-9,11,6,26,5,1,11,-9,2,-11,25,-9,8,-2,-12,21,-9,7,10,3,12,-9,-1,11,17,-29,-4,2,-6,12,1,14,7,17,2,-6,2,24,7,20,26,5,6,7,5,1,0,-12,11,-9,24,18,19,16,22,8,12,14,15,7,-7,9,-17,-8,8,2,9,-1,6,18,-1,0,10,3,5,-6,-6,9,6,5,5,-3,5,4,6,-1,5,5,3,-3,-5,13,15,21,14,25,25,23,19,3,22,26,20,37,44,14,13,31,-4,20,17,6,29,3,31,27,43,13,26,17,10,16,35,24,28,25,-29,4,9,11,35,13,9,10,12,4,8,-1,37,22,16,33,-16,27,9,10,20,7,10,-3,13,14,17,7,1,-1,-2,-2,3,-1,-2,0,-33,11,-24,12,-18,-8,9,-10,-2,8,-10,11,-16,2,-18,0,2,-2,4,6,-2,-6,6,2,1,-13,-3,-14,5,-10,-6,3,1,-6,-8,3,4,21,-4,4,4,-6,-3,-2,2,-2,-5,-1,2,1,-2,-2,-2,2,-2,-1,-14,-8,-16,10,-16,-36,31,-12,-10,-18,12,10,0,-10,2,17,-15,-10,-32,13,-33,-22,-19,-20,15,-2,13,4,-21,-9,-4,-2,-7,-18,-14,-17,-14,-5,-12,-5,-7,-19,-4,-19,15,-2,6,-2,-2,-7,-5,-7,-9,-6,-8,-6,-11,-1,-12,3,-1,-7,0,-15,-4,-22,-8,9,-31,-5,3,-16,-8,14,-12,10,-2,-5,-23,3,1,-12,7,-2,-32,-17,-30,-3,11,1,20,17,-15,-25,-3,-14,-19,-23,-12,-23,8,-6,-7,-11,-12,-28,-26,-8,1,9,-2,-7,-29,-18,-5,-11,0,-23,17,-12,-17,-8,-8,-1,-16,-10,-8,12,-24,-15,0,-4,-17,-7,34,-8,-9,-4,-20,0,-15,5,-16,28,6,-11,-9,-2,-16,-20,-18,-12,12,-18,24,0,-25,-13,-14,-2,-26,-31,-10,-21,-28,-21,-20,-12,-12,-12,-15,-21,10,-14,12,13,2,-18,-13,-20,-4,5,-25,-11,-3,-6,-22,-11,-4,-12,-7,-14,-39,-44,-39,-20,-27,-27,45,-22,-5,-3,-16,23,-42,30,-35,40,6,-75,-15,6,-31,-19,-41,-37,29,-23,19,10,-48,-29,-26,-12,-44,-44,-34,-40,-21,-28,-36,-29,-29,-20,-29,-38,-3,-21,9,17,0,-36,-26,-25,-15,-12,-26,-38,-20,-4,-28,-9,-8,-40,-13,-19
1,-1,-2,1,-1,0,2,-2,4,6,0,-2,-2,7,3,6,3,2,1,-1,1,1,3,3,3,2,2,0,1,-1,2,3,-4,1,-1,0,1,0,1,2,-6,5,-4,0,-5,1,-1,5,82,42,74,34,7,-1,-12,1,2,-1,-1,2,-1,-2,2,2,19,-14,11,2,15,3,17,2,11,3,10,6,9,6,8,3,5,12,5,3,7,-3,4,1,5,9,3,9,-4,-1,1,2,10,0,9,6,7,-6,3,-5,1,6,-1,8,-9,-1,7,-13,4,-6,-2,1,1,-5,3,1,22,1,-9,7,-2,0,-1,4,17,-5,13,-2,13,-2,14,0,-8,11,-6,17,-4,16,-3,14,9,-3,10,-4,15,-4,8,-1,-2,12,-6,12,-1,5,-5,6,9,-7,9,-2,9,-2,5,-3,6,7,-6,11,-4,6,-4,7,15,5,7,-7,5,-2,12,-6,9,14,3,20,-4,4,0,18,12,8,11,6,10,3,10,-5,11,8,8,2,-2,0,4,1,10,7,15,2,8,1,7,2,13,9,12,3,9,4,9,-2,12,9,15,4,7,-5,4,2,12,2,7,-4,5,-1,7,-6,6,4,0,4,1,-3,1,-9,7,4,0,-1,2,-2,3,1,17,3,13,20,-1,-10,-8,-2,0,14,-9,32,-12,14,18,5,12,0,31,9,-14,10,16,17,28,37,7,16,6,13,7,2,26,12,3,-9,18,5,23,11,35,14,-3,-22,5,26,12,-12,3,19,1,14,17,28,16,22,37,20,18,21,49,19,37,22,1,0,2,0,1,2,-2,-2,8,-85,0,-75,-5,-73,-3,-41,7,2,0,-14,7,-4,8,-13,4,-1,2,-15,7,-13,1,-14,1,-5,-6,-8,-1,-12,0,-14,-2,-5,-4,-5,-4,-6,-2,-14,0,-8,-3,-11,-3,-9,-3,-17,-1,1,-2,1,2,2,-1,0,6,-6,-4,-7,6,3,9,-4,-3,0,2,5,3,8,-2,1,0,-6,3,-1,9,-1,9,-7,1,-3,-2,2,-6,-1,-1,-4,-1,-2,0,-1,0,-1,-1,0,-3,-3,-3,-3,-2,-1,-1,-7,-2,-6,-8,-4,-7,-4,-3,-4,-5,-8,-11,-10,-3,-3,-2,4,-13,1,-8,3,-8,2,-4,4,1,-3,-1,-6,2,-15,10,-12,-9,5,-13,13,-13,8,-5,4,4,-14,-2,-13,3,-10,4,-14,-7,3,-7,0,-9,3,-10,3,3,-19,-1,-8,-6,-6,1,-13,-12,-10,-20,-4,-11,-6,-8,-1,-22,-8,-24,-13,-10,-14,-10,-7,-10,-11,11,-3,-5,1,15,-1,-14,-11,-14,-8,-10,-14,-23,-16,-6,-11,1,-6,0,-14,-6,-7,-14,-11,-13,-13,-7,-10,-14,-16,-19,-22,-15,-19,3,-15,-14,-12,-15,-14,-16,-15,-15,-13,-13,-16,-25,-23,-11,-27,-18,-18,-16,-21,-28,-18,-26,-28,-54,-79,-93,-101,-12,-33,6,-39,-5,-22,21,-12,-38,-20,-22,-22,-49,-16,-20,-41,-14,-20,-24,-24,-14,-47,-19,-17,-14,-12,-26,-29,-24,-12,-18,-6,-8,-27,-17,-24,0,-18,-24,-38,-28,-32,-43,-43,-45,-34,-24,-10,-35,-31,-23,-44,-56,-54,-19,-61,-27,-12,-32,-50,-82,-113,-104,-84
1,1,1,-2,-1,2,-3,2,7,-2,12,3,-15,5,-1,6,3,-2,3,5,-8,10,2,11,2,-1,-2,1,-12,-2,1,6,-1,1,-18,-11,1,1,0,7,-3,-4,36,30,38,12,22,-5,-3,-2,-15,5,16,0,-19,-15,2,-2,0,1,1,-2,0,2,6,0,16,1,-7,4,3,5,4,-2,4,9,-12,19,-8,-3,-4,6,4,-1,-3,-4,6,-2,-8,1,-1,-2,1,-5,27,-15,8,-11,19,31,9,15,25,6,3,0,16,12,-5,25,2,17,2,15,-8,4,-14,3,-3,11,-1,4,4,2,20,11,30,15,-4,-9,4,22,-3,3,7,3,10,4,14,6,-6,3,1,-19,7,10,10,9,1,17,-8,3,19,17,9,0,-5,-11,9,13,10,15,9,18,-16,11,21,22,1,7,20,7,12,16,24,-16,-17,-10,-28,-2,27,1,0,3,6,3,-8,39,24,3,11,4,0,1,-3,-3,26,1,2,1,-2,7,-8,2,12,9,2,6,8,2,11,15,25,6,-4,-4,12,3,-2,13,19,11,0,18,-4,-4,-21,-2,9,4,-2,14,2,-4,0,4,13,9,-1,14,25,17,14,34,36,33,32,28,-1,-10,1,-14,10,1,-6,18,8,7,7,15,21,7,4,-13,15,12,16,13,19,13,-4,-13,3,14,16,37,23,19,-3,-5,16,12,10,14,16,5,1,5,11,6,-5,12,-4,-1,4,9,7,-14,-14,-11,-26,13,20,-1,15,13,4,4,36,1,16,25,9,2,6,24,17,7,17,7,0,2,-2,-2,-2,-1,-1,-2,-7,-19,23,1,-6,-24,-5,8,5,2,5,2,-2,5,-9,15,0,0,-3,-7,-10,-2,7,13,0,-2,-4,-3,-4,-6,3,7,-1,-4,-7,8,-7,2,0,2,0,2,-2,10,-12,8,-5,1,-2,2,1,0,1,2,-3,-2,-9,-10,-1,-6,-20,1,-4,-12,-2,-8,-1,-9,7,12,-4,0,8,41,3,-15,21,-27,-6,-1,2,-2,-1,-13,18,-16,-6,0,-2,-7,-21,-11,-10,-11,-17,-5,3,-16,-16,-13,-7,1,-9,-3,-5,8,-1,11,1,18,-13,-1,-10,-5,-1,-1,-5,-1,-6,-3,-7,-4,-2,-3,-1,-15,-9,-12,-9,-19,-5,-15,10,-7,0,-9,-10,27,-10,-3,20,-15,-17,-8,-5,-3,-25,-12,17,-20,2,-15,-3,-8,-17,-18,-3,-15,-19,-1,-4,-17,-12,-14,-12,3,-6,-15,-11,-2,0,16,1,8,-13,-3,-10,-12,0,-18,6,-7,-14,-8,-2,-22,-8,5,-22,-6,-7,2,-6,-19,-8,-22,14,-18,-15,-6,-5,42,-24,-21,13,-37,-22,-15,-7,5,-25,-40,28,-46,-3,-3,-3,-15,-29,-28,-16,-24,-20,2,-2,-25,-14,-33,-16,1,-2,-2,-8,10,2,28,24,30,-18,14,-8,-14,-11,3,-14,-10,-9,-10,-14,-24,-57,-6,-20,-12,-33,-14,-17,-39,-31,-37,39,-40,-22,-29,-21,57,-34,-53,16,-37,-58,-20,-12,-2,-39,-50,44,-34,15,-19,-13,-27,-37,-44,-7,-51,-24,-6,-2,-32,-19,-48,4,11,-17,-12,-21,9,3,40,39,48,-41,26,-28,-23,-4,-5,5,-27,-8,-20
-1,-2,0,-2,2,-1,1,-1,0,1,3,3,-15,1,3,2,-1,2,1,-3,-12,-1,3,2,1,3,5,5,-1,4,4,2,2,1,6,6,0,4,6,3,4,8,6,10,4,8,12,5,2,6,8,5,3,2,14,14,-3,1,3,2,2,0,0,-2,4,8,8,1,-1,1,5,-2,10,12,8,6,5,1,5,5,6,10,7,11,3,9,4,7,11,8,16,5,14,3,13,6,10,16,7,14,7,17,2,18,12,15,16,1,24,12,15,10,11,20,8,18,4,14,9,22,13,8,12,-5,18,-2,10,9,10,14,4,11,-3,14,1,9,14,8,14,5,7,4,11,7,10,20,7,11,2,15,9,13,20,10,15,3,13,4,19,10,7,13,9,11,7,19,9,19,16,8,20,9,17,8,19,8,1,20,11,12,5,15,9,12,13,8,20,5,15,3,16,7,15,15,12,17,27,20,18,16,13,18,16,20,15,15,16,16,15,18,10,20,13,13,12,14,16,19,20,20,17,16,17,18,20,22,21,24,13,22,19,21,21,25,17,19,19,15,26,21,19,20,16,13,13,12,20,19,19,23,15,15,11,16,18,24,26,15,14,20,22,26,19,25,23,16,18,18,19,22,21,21,21,22,16,18,19,27,21,23,24,19,23,23,26,20,27,24,25,33,27,26,31,24,21,21,31,35,32,20,33,32,28,24,36,35,28,35,34,16,17,27,31,33,30,27,25,31,30,26,2,-1,2,-2,2,2,1,1,11,-8,-14,11,-31,15,16,24,4,-3,-11,16,-31,23,-2,4,0,-3,-2,-1,-9,0,-1,1,1,-2,-1,1,-9,-1,2,2,-1,-2,-2,1,-8,-1,1,3,-1,-3,-2,0,-8,-2,0,1,-2,1,-2,-2,1,-1,-1,-2,-1,-10,38,-17,-12,-29,35,1,3,-7,32,2,-11,-24,38,7,1,-14,22,38,-20,20,28,-1,-3,4,-17,20,-25,18,-9,-3,-8,1,-7,-2,-3,-6,-4,0,-5,-7,-7,-10,-6,-9,-4,-7,-4,-8,-3,-7,-7,-10,-5,-8,-9,-7,-8,-7,-8,-2,-6,1,-5,2,10,-12,-13,-11,11,5,0,-7,-10,11,-5,14,14,-2,0,-9,2,26,-19,8,21,5,-10,-9,19,-7,-8,-18,10,7,-7,17,-10,-3,-5,-4,-12,3,8,-12,-7,-8,-8,-8,-11,-13,-9,-9,-14,-3,-12,-8,-14,-8,-6,-17,-5,-12,-4,-8,-4,-10,19,14,22,-19,26,-1,32,11,-9,-6,-12,-8,13,5,6,-1,0,-5,-7,-25,19,-10,-4,-8,-3,-4,-4,-12,20,-8,-11,-8,-2,4,-6,-10,19,-7,-3,-6,-3,-6,-6,-12,9,-3,-6,-6,-2,-4,-5,-12,8,-7,-8,-5,-5,-5,-8,-14,9,-5,-9,-9,2,-10,26,-22,36,1,40,2,-15,-19,-13,17,20,49,14,-10,-13,-21,-15,3,15,10,-12,-8,-15,-19,7,-15,17,-25,-1,-25,-15,11,-10,-6,11,-12,-11,-6,6,-23,-9,-21,-6,-16,-12,-19,-12,-12,-25,-17,-9,-16,-17,-17,-13,-18,-13,-18,-4,-12,-19,-23
-2,1,-1,1,1,2,1,0,-1,-3,1,5,-15,-4,8,8,-2,-1,2,1,-8,-18,3,8,7,5,-8,8,-5,16,4,4,11,15,9,-5,25,14,1,8,12,-12,3,5,11,7,13,-9,-10,4,24,21,5,12,-5,13,2,1,-2,-2,-2,-2,2,-2,-2,4,5,10,3,-4,13,-11,-2,4,6,14,20,1,20,10,8,0,2,8,21,21,4,11,14,2,13,24,-5,17,9,16,2,3,12,7,12,7,11,16,12,16,6,9,15,14,-1,1,6,1,19,27,-8,5,19,9,19,10,0,5,19,31,-4,-6,-11,17,15,23,20,8,6,12,19,-1,24,14,19,6,15,22,16,23,5,27,10,10,25,16,22,18,18,-2,3,28,16,21,10,20,25,4,12,24,10,21,11,3,20,33,28,0,13,8,11,2,16,19,28,20,0,28,17,15,18,6,18,11,11,3,8,6,4,5,20,5,2,-1,12,13,19,20,19,5,15,2,10,9,5,16,6,-6,13,11,3,-11,12,14,3,-7,1,1,-1,-2,21,7,13,-13,-1,3,4,-12,8,7,17,-5,22,12,-9,3,13,-4,22,-5,4,2,-9,0,9,14,10,-25,14,21,14,21,22,21,32,12,23,5,36,21,29,21,29,12,24,25,12,19,9,26,6,5,18,14,11,24,23,11,5,21,22,16,-6,-2,25,16,7,7,-2,12,7,-10,11,16,27,-28,17,16,-5,-21,22,45,40,14,2,1,4,-16,28,34,10,13,33,0,2,0,0,2,-2,-1,2,2,-40,-5,24,20,25,-26,17,-25,2,-4,4,-33,8,-25,9,3,4,-4,1,0,-11,5,-3,2,1,-7,3,-7,-2,7,-7,3,-2,4,3,-19,12,8,-1,9,-7,5,0,-15,10,-5,-1,6,2,-2,2,2,2,0,0,1,-7,-17,-41,3,-6,-5,-16,-9,6,-14,-7,-4,-8,-17,-24,4,8,-2,-26,-28,-18,-20,3,-13,-9,-24,6,-14,-23,-40,-4,-3,-10,-13,-8,-22,3,-12,3,-6,-5,0,-9,-12,2,-8,-2,-14,-15,-4,-9,4,-10,-6,-10,2,3,-2,3,-3,2,-2,-1,-9,-11,-12,-11,-1,-10,-15,8,-21,1,8,5,-7,22,-15,-5,-6,3,-15,-23,-17,1,-1,-7,3,-22,-20,-11,2,-18,-14,-10,1,-5,-30,-5,-17,12,-6,10,-19,-19,1,0,-18,6,-8,-2,-12,-9,-5,-8,3,-9,-9,-5,-2,-7,-3,-1,-3,1,-9,-16,-4,-26,-6,-19,-4,7,4,6,-18,15,7,23,-16,1,-24,-30,2,4,-2,-26,-18,-24,-2,-2,-13,-17,-9,10,-14,-29,-14,-3,15,8,3,-8,-22,1,-1,18,-3,4,7,-8,3,12,12,7,-2,-14,-14,-3,-6,-13,-3,-21,5,-6,7,-8,-23,-3,-4,-9,-11,-42,-7,-13,29,-8,5,-17,-37,23,2,33,8,19,-13,-63,-1,0,6,-33,-71,-22,19,-3,-12,-32,-34,11,-24,-23,-32,-19,6,-16,-4,-22,-23,-5,4,11,-12,-4,-12,-9,-1,0,-10,-1,-21,-30,-27,-15,-5,-12,-28,-20,-3,-20,-8,-15,-16,-7,-7,-7,-19
0,-2,0,-3,2,-2,1,-1,8,6,12,1,6,9,-1,-5,6,15,2,0,0,-5,4,-7,1,1,-1,3,5,8,-1,3,-14,-12,-16,-10,8,18,1,13,8,19,-11,17,22,31,20,12,-14,-18,-18,-4,-30,-17,4,4,0,2,2,-1,-1,2,-1,0,15,-2,7,14,9,14,0,15,5,7,6,10,2,-1,10,6,-4,7,-5,26,-1,-11,-11,19,11,1,-7,-6,6,4,5,1,2,0,5,16,23,-4,12,-8,10,-4,-7,-7,27,-9,26,-12,-15,-4,-24,-10,-9,3,-14,0,-6,13,1,5,8,24,-7,16,4,-6,-4,-11,-2,-1,3,-5,-9,3,6,4,-4,3,-9,-10,13,6,-16,0,8,-18,-3,-11,3,-1,1,9,-3,-8,-8,-3,-4,1,8,0,4,-2,5,-6,4,10,-8,24,-2,19,-2,25,-1,-9,-4,5,17,0,-3,-3,-8,6,-12,12,1,20,4,-9,11,4,5,1,-3,13,4,12,3,9,11,2,3,3,-1,8,8,2,20,18,-5,15,9,7,6,-1,27,6,5,-2,15,-4,3,0,11,-1,-7,3,-11,-1,-2,0,15,-11,-8,4,6,-11,17,20,23,13,12,22,21,26,12,-10,30,1,-7,6,-1,4,12,-5,6,8,6,21,19,20,7,11,14,20,18,20,24,10,13,4,23,23,16,16,35,13,2,3,27,29,18,26,14,12,18,18,23,27,15,4,19,7,4,-1,38,25,22,12,25,18,11,0,9,14,27,23,31,1,13,7,38,27,16,6,31,10,0,0,-1,-2,-1,0,0,0,3,-14,12,-11,-25,22,-59,-4,-11,5,-1,-3,-9,18,-7,-1,-5,6,-3,-6,-2,7,-7,-3,-2,-2,1,-1,-3,3,1,-6,-3,-8,-4,-6,4,8,16,0,-2,-7,5,-2,5,3,4,1,-1,2,1,-2,2,2,2,-1,3,2,23,6,-6,1,-9,2,-5,-16,-4,-10,-7,-20,-1,-16,-8,13,-6,8,1,13,-25,-6,-4,-6,0,-9,-22,12,-7,0,-7,-8,11,-7,-16,-24,6,-23,-7,-16,-9,-14,-16,-13,12,-13,-2,-15,1,-3,0,-5,0,-4,3,-9,-9,-7,-9,-17,-7,-6,0,3,-13,7,-4,-1,5,1,14,-23,3,-9,-14,8,-17,-2,-20,14,-11,7,8,-2,-4,-15,2,-1,9,-19,-11,7,2,3,-10,-8,16,-11,-11,-21,7,-7,-15,-23,-10,-19,-6,-12,12,-8,-2,-16,10,0,0,7,-4,8,-4,-10,-3,-7,-6,-11,-8,-2,-23,-16,5,-1,-24,-9,-14,-17,-15,8,-15,-30,-26,20,-6,-24,-15,22,-13,10,18,0,-17,-31,0,-2,11,-38,-37,26,-42,-19,-14,3,22,-17,-11,-26,9,-25,-17,-24,-34,-26,-8,0,23,0,-2,-8,3,0,4,13,17,0,-11,-14,-10,-17,-12,-3,-12,-2,-57,-52,-35,-21,-67,-27,-27,-23,-27,-44,-23,-87,-81,35,-36,-28,-66,23,-17,15,20,-32,-62,-51,-13,12,19,-52,-61,27,-64,-26,-42,-42,27,-53,-46,-50,30,-37,-64,-41,-38,-27,-25,-20,35,-9,-14,-23,8,5,6,25,34,9,-24,-19,-10,-10,-16,-7,-23,9
0,-2,1,2,0,0,2,0,3,3,2,3,3,1,2,2,2,2,2,1,1,1,2,3,3,2,3,2,2,1,1,2,3,2,2,2,2,1,2,2,2,0,2,1,1,-1,0,2,2,2,0,-2,6,4,6,7,-1,-2,2,1,2,-2,1,2,10,11,10,12,10,13,11,10,11,11,11,12,11,10,9,10,11,12,12,13,14,10,11,10,13,16,12,13,10,13,10,12,14,9,15,8,13,8,10,5,4,13,10,13,7,15,11,10,7,2,12,8,15,7,12,3,0,5,2,16,8,14,7,7,16,14,15,11,17,13,14,13,10,17,12,15,14,14,13,17,16,12,19,13,15,12,15,14,10,18,13,17,12,16,14,18,15,10,17,12,18,14,14,9,13,15,13,19,13,17,11,15,13,11,15,13,18,11,18,15,14,15,12,23,14,23,14,15,19,19,18,16,17,16,18,17,17,17,17,16,14,17,14,16,18,15,17,16,13,17,14,15,16,15,18,13,16,15,17,17,18,18,16,16,15,18,17,16,18,16,20,16,20,17,16,18,17,15,15,20,20,18,16,15,9,11,12,17,17,16,16,12,44,43,47,45,43,47,44,38,49,47,46,45,44,47,46,43,44,45,48,41,40,42,43,38,43,43,42,45,48,42,42,42,56,46,53,50,44,40,48,43,38,39,49,60,47,46,35,38,44,53,41,48,45,44,47,43,45,39,54,49,40,44,47,41,2,0,1,2,2,-1,-1,-1,-6,-10,-11,-6,-9,-9,-9,-8,-8,-8,-5,-5,-3,-4,-10,-7,-7,-8,-6,-8,-5,-6,-8,-8,-7,-7,-8,-7,-6,-6,-8,-7,-7,-8,-7,-8,-7,-7,-7,-8,-6,-8,-8,-7,-8,-7,-7,-7,-1,0,-1,-3,-2,-1,0,0,-6,-10,-8,-13,-7,-11,-12,-9,-6,-10,-8,-12,-8,-16,-9,-7,-8,-9,-14,-11,-6,-7,-11,-7,-10,-9,-10,-10,-10,-8,-13,-5,-8,-12,-10,-11,-11,-11,-10,-9,-10,-9,-11,-10,-10,-10,-9,-8,-9,-9,-10,-10,-10,-8,-10,-7,-9,-8,-11,-9,-10,-7,-8,-9,-10,-8,-8,-13,-8,-11,-10,-9,-9,-9,-9,-13,-11,-9,-11,-10,-11,-13,-12,-10,-9,-10,-10,-6,-11,-10,-11,-12,-11,-10,-13,-10,-9,-13,-14,-12,-12,-10,-11,-10,-11,-12,-12,-14,-13,-13,-11,-10,-11,-9,-12,-12,-11,-11,-11,-10,-9,-10,-10,-11,-11,-10,-13,-12,-12,-16,-14,-17,-16,-14,-10,-15,-16,-16,-15,-18,-16,-16,-19,-17,-18,-19,-18,-20,-20,-20,-15,-18,-16,-16,-18,-17,-17,-14,-17,-15,-14,-18,-17,-19,-14,-18,-13,-15,-13,-15,-17,-16,-16,-16,-15,-15,-13,-13,-16,-16,-14,-17,-17,-15,-11,-13,-16,-18,-16,-18,-16,-15,-44,-44,-42,-42,-40,-38,-39,-47,-47,-44,-47,-40,-44,-38,-48,-48,-46,-48,-42,-44,-45,-48,-42,-45,-50,-40,-45,-42,-48,-44,-45,-49,-46,-43,-43,-47,-42,-49,-42,-53,-54,-53,-48,-56,-53,-53,-51,-52,-58,-54,-60,-62,-65,-60,-60,-58,-53,-60,-66,-88,-65,-56,-55,-49
-1,0,1,2,0,0,-2,0,-53,-49,-50,-44,-42,-29,-18,-6,-55,-51,-50,-53,-29,-24,-12,-2,-54,-50,-53,-27,-26,-21,-10,-1,-67,-70,-33,-66,-22,-24,-11,-2,-67,-65,-68,-21,-19,-16,-10,2,-17,-51,-14,-23,-8,-16,-12,-4,-2,1,1,2,-2,-2,-2,2,11,13,11,10,4,7,-1,4,11,17,11,11,7,4,6,3,14,11,12,9,8,4,2,4,15,11,13,7,8,8,4,3,13,11,12,7,10,5,4,5,12,12,9,10,6,12,9,1,10,14,13,9,11,8,2,4,6,9,10,13,7,5,1,1,-8,5,-13,8,-14,14,-8,10,6,-9,8,-11,9,-12,13,-4,-8,8,-11,3,-10,11,-8,6,7,-11,9,-10,5,-10,6,-13,-11,9,-9,6,-9,0,-16,2,11,-11,6,-9,3,-13,4,-13,-10,8,-11,3,-14,4,-13,4,6,-14,1,-14,5,-13,5,-13,-11,-9,-13,-13,-12,-8,-15,-13,-14,-7,-10,-15,-9,-8,-12,-9,-8,-8,-9,-11,-8,-10,-11,-11,-9,-6,-5,-8,-3,-6,-10,-11,-6,-3,-5,-7,-6,-9,-9,-7,-9,-5,-7,-9,-8,-5,-6,-5,-10,-8,-9,-12,-9,-9,-9,-9,-7,-7,-7,-8,-10,-9,-13,-9,-10,8,-22,6,-21,-38,4,4,6,-1,3,5,-3,3,-47,3,-8,-1,-6,0,-3,8,-11,3,-6,-2,2,-7,-2,-5,0,-1,-10,12,2,14,-4,12,9,-1,-2,8,2,-6,-1,-2,6,-6,-4,-1,-1,-4,-4,4,5,-4,2,-3,1,1,-7,7,6,0,2,2,-1,1,2,1,1,-1,-13,-16,-12,-10,-17,-7,-14,-22,-11,-7,-9,-5,-9,-6,-13,-12,-5,-4,-4,-4,-4,-9,-14,-12,-3,-3,-5,-6,-9,-10,-17,-15,-5,-7,-8,-12,-13,-16,-13,-11,-8,-13,-9,-20,-24,-11,-8,0,-2,-1,1,2,0,0,2,0,-37,-32,-34,-38,-38,-33,-24,-13,-33,-39,-38,-33,-32,-28,-23,-23,-38,-43,-38,-36,-29,-35,-30,-26,-38,-40,-38,-36,-32,-23,-33,-30,-45,-36,-41,-37,-33,-29,-28,-35,-36,-35,-37,-37,-38,-30,-28,-35,-34,-43,-34,-41,-30,-33,-28,-26,-33,-37,-34,-40,-36,-31,-27,-16,-36,-18,-30,-23,-33,-25,-36,-28,-29,-33,-20,-29,-24,-37,-33,-37,-26,-18,-32,-21,-32,-26,-38,-22,-22,-33,-19,-39,-25,-40,-26,-34,-35,-22,-35,-25,-32,-32,-39,-23,-23,-36,-22,-37,-22,-34,-23,-32,-32,-31,-36,-30,-29,-19,-36,-22,-37,-39,-22,-32,-21,-37,-19,-25,-30,-29,-26,-25,-30,-28,-30,-32,-25,-33,-29,-27,-32,-27,-28,-30,-30,-26,-27,-26,-28,-27,-26,-30,-29,-28,-22,-30,-27,-25,-30,-30,-28,-26,-30,-30,-28,-26,-24,-28,-26,-31,-33,-29,-32,-31,-29,-25,-26,-29,-22,-26,-31,-30,-31,-29,-28,-26,-31,-24,-31,-24,-31,-25,-40,-68,-30,-37,-30,-39,-27,-43,-32,-30,-38,-37,-36,-56,-32,-30,-37,-26,-32,-42,-35,-32,-31,-22,-27,-33,-30,-32,-29,-30,-58,-17,-52,-20,-32,-27,-29,-32,-15,-49,-34,-60,-36,-44,-51,-42,-36,-34,-43,-49,-29,-39,-48,-29,-40,-52,-33,-32,-39,-40,-34,-32,-34,-32
-2,-1,-1,1,-2,1,-2,-1,-3,1,-5,1,-5,-6,-9,2,-3,-4,-7,4,-2,13,3,2,-1,-2,-6,-2,1,-10,-9,1,-1,5,-6,9,-3,34,3,7,-1,-3,2,-6,-4,-20,-11,-15,-9,1,0,1,-9,-10,-7,-9,2,1,-2,-1,3,0,-2,-2,18,9,1,4,-6,20,-7,11,14,1,-9,19,14,14,-8,15,12,6,2,5,0,9,9,-5,-6,-9,-8,3,-7,4,-3,-9,-4,0,6,-10,3,-9,4,-6,5,11,-7,-12,-18,-4,8,-8,8,-1,2,-13,-13,-11,-6,-21,-4,6,-15,2,-34,11,-14,3,-1,9,5,-4,16,19,-2,6,1,0,7,16,3,-2,9,9,6,-3,-15,7,-4,17,15,9,-4,15,-4,-12,7,1,4,0,1,0,-15,13,3,34,19,1,3,6,4,5,-6,-3,-16,9,-1,6,13,-7,3,2,-7,4,0,14,5,4,-6,9,0,-9,11,6,24,20,19,13,9,19,0,5,18,10,12,13,15,20,1,-2,3,6,3,-2,-19,17,0,-5,19,-3,7,3,18,9,-13,-9,1,-12,3,-10,-24,5,-2,-9,9,-2,5,9,-2,20,-5,-6,-11,-11,2,-11,-23,10,1,-2,6,-1,5,-4,-17,9,12,14,17,22,22,26,22,12,-5,14,19,27,13,31,28,31,7,0,-11,14,6,21,17,22,-6,0,4,9,13,-3,18,12,-15,-4,-28,10,3,6,-8,11,-1,-4,24,2,8,-9,7,23,9,6,6,6,-5,23,-14,2,9,-48,24,11,-20,-9,12,13,2,2,-2,2,1,-1,1,-1,-22,-21,9,-8,-22,27,-49,30,3,-15,1,-6,-8,-9,-20,11,4,-8,-1,3,-1,-1,3,3,3,1,-1,3,0,-3,6,-1,3,1,1,1,1,-5,8,-1,2,0,1,-1,0,-4,2,0,0,2,1,2,0,-2,0,1,-12,5,16,17,-6,8,-9,2,-2,-20,10,-3,9,-32,13,3,-16,-33,-4,-11,-45,-29,-48,-11,-11,-9,-6,-10,8,-12,-14,1,-4,-3,-5,-5,-14,-14,-11,-12,-6,-7,0,-7,15,-10,5,-7,-7,-5,-2,-5,-7,-10,-15,-7,-22,-5,-6,-7,-7,-5,-7,-3,-3,19,14,6,10,12,-6,4,-9,-30,7,13,-1,7,10,14,-29,-28,10,-26,-20,-36,-8,-22,-25,-13,-12,-4,14,-17,-14,12,-4,-13,-6,-21,-9,-17,-20,-22,-13,-12,-1,-7,20,-10,3,-7,-6,-8,-10,-3,-8,-9,-14,1,-4,-4,-7,-5,-6,-4,-9,-11,-15,21,23,29,-15,36,-1,11,-24,-37,-11,-8,17,-25,13,17,-21,-35,4,-7,-29,-20,1,-20,-17,-31,-4,-34,25,-8,4,12,4,-21,-24,-27,-26,-39,-36,-8,-3,-19,-1,-13,27,-24,20,-7,-3,-6,-15,-13,-8,-30,-13,-13,-5,-5,-4,-10,-13,-9,-2,-7,-33,33,42,45,-46,55,-15,45,-47,-75,-7,16,33,-41,19,32,-81,-57,6,-88,-87,-94,-27,-57,-74,-77,-32,-65,27,-5,1,17,-23,-57,-46,-70,-71,-84,-73,-48,-42,-65,-20,-48,27,-63,5,-41,-33,-33,-46,-26,-43,-69,-58,-33,-22,-13,-16,-28,-42,-31,-27,-30
2,0,2,-2,-2,0,0,-2,0,0,-1,-2,3,4,8,2,0,0,-1,0,-2,0,3,2,1,2,4,-5,-3,-5,-4,-1,4,1,2,-1,-6,-3,-4,-2,2,3,4,4,0,8,1,-1,2,-4,1,6,15,20,0,-4,1,1,-1,-1,1,1,0,0,-3,-1,-4,-6,-1,-4,0,-3,0,-1,-1,-1,-3,6,5,4,-1,0,2,-2,3,5,-1,2,-2,3,5,3,8,6,4,3,0,1,5,9,10,11,13,4,-5,-4,5,9,9,22,8,14,4,-15,-6,15,29,20,9,7,-10,-3,3,20,23,22,21,6,2,-6,-3,-10,1,-5,1,-3,-5,-1,0,-1,-5,5,0,5,-1,-1,5,4,6,4,11,4,-3,4,-4,6,8,13,8,6,2,-2,0,2,19,12,10,-2,3,2,5,10,17,17,3,8,1,4,3,12,22,17,0,-1,-2,5,7,10,13,16,0,1,12,13,11,7,12,15,10,-4,9,11,10,11,11,15,15,13,12,10,14,9,14,17,24,14,18,20,11,17,16,20,26,14,17,15,16,19,23,22,32,18,17,11,9,19,28,28,32,15,13,15,12,25,30,31,29,16,23,10,12,19,19,33,25,20,7,-6,-4,-9,6,5,9,2,-8,0,-3,0,-3,9,2,10,12,1,7,10,15,9,17,10,6,13,11,20,19,20,21,7,11,10,15,23,27,25,23,21,22,24,23,10,24,37,26,17,30,23,19,26,9,24,35,22,19,26,14,30,25,36,14,13,2,0,1,0,2,0,0,-2,11,9,9,8,-10,25,17,8,1,-2,1,-10,10,-12,8,0,-1,1,4,5,6,6,3,1,-2,1,1,5,6,8,6,2,-4,-1,1,1,6,6,4,2,-4,-3,-2,0,4,3,1,0,2,2,2,-2,2,0,2,2,18,6,-2,14,-13,2,5,12,14,28,59,-1,-20,22,38,6,12,10,17,58,2,-5,-14,-15,10,16,8,-3,4,-18,8,-8,7,7,10,3,12,0,0,0,5,3,2,2,7,5,1,2,2,2,-2,4,5,6,6,0,1,5,-1,4,8,4,3,3,18,-1,16,-11,13,-3,35,13,0,20,13,33,-14,42,3,8,13,9,22,-6,0,-15,29,-6,5,12,-11,11,-12,1,-5,18,15,-7,5,-9,15,-3,10,-10,-6,4,-3,5,-2,5,0,7,2,-4,5,0,4,-1,5,-1,2,1,-1,1,0,3,-2,6,19,17,23,-3,7,28,37,19,-7,-7,-3,-8,4,-17,-8,13,4,3,-12,-2,-2,-12,-12,-5,6,2,9,-2,-3,-4,-14,-9,-2,5,-2,4,10,-4,-4,-6,-3,-7,-4,-2,-2,-2,-13,-8,-3,-4,-7,-1,-3,-3,-11,-9,-1,0,-2,-5,-1,-11,-8,-5,32,8,37,9,15,6,44,35,-15,0,8,17,-1,-21,-34,14,0,0,-5,-19,-3,-10,-3,-3,-3,-7,-9,3,-11,-6,-20,-13,-7,-5,-3,-19,15,-12,7,-19,1,-6,-10,-11,-11,-10,-6,5,8,-10,-7,-9,-12,-12,-6,-10,1,5,5,-7,-7,-13,0,13
-1,1,0,-1,2,-2,0,1,-4,5,-3,-6,1,0,2,0,-9,-4,1,-3,9,-6,-1,0,2,3,10,-11,1,2,0,3,29,20,-3,15,-3,28,-8,5,1,-19,-15,5,15,28,26,0,-2,-14,5,-14,11,-22,-8,-9,-1,2,2,3,-1,-1,1,-1,-2,5,-7,-3,-2,-9,3,2,0,5,3,-8,16,6,-4,1,5,9,7,-1,3,2,-14,31,8,9,9,2,-13,21,-16,-4,-2,-7,-14,15,17,18,30,1,-15,2,44,-24,60,-8,10,-6,5,8,4,12,18,1,-4,11,18,2,31,44,-15,28,3,15,-2,7,8,-6,-6,1,8,-2,18,9,7,3,-2,0,4,6,3,-3,5,6,19,-8,-12,4,0,18,8,-4,5,-3,0,-3,10,5,3,3,-2,16,-5,7,-9,-2,-15,1,8,15,-2,14,10,-5,20,-1,10,3,-10,1,1,-16,-8,17,23,15,9,-9,4,5,9,10,3,10,3,9,-8,-2,-9,-1,-5,-9,6,3,0,1,6,-3,0,-3,13,4,-2,-10,-7,-2,-1,-12,11,5,-9,14,-1,-9,13,5,-10,8,18,17,9,34,15,22,18,2,1,16,16,20,-3,17,30,17,-5,12,4,-5,1,-3,0,4,13,18,18,12,6,22,1,13,8,8,7,9,-1,1,19,29,2,7,8,14,20,7,7,-3,24,17,9,-11,8,5,3,7,-14,25,4,3,7,29,6,16,30,21,11,2,20,-6,17,2,7,7,3,4,-29,16,-2,3,8,14,-7,28,9,18,17,0,1,-1,0,-2,2,1,-1,2,-32,-10,-6,-20,-1,-13,-18,-4,-1,7,-4,3,2,-3,3,3,3,-7,-5,-3,-4,-4,-3,2,0,1,-3,-2,-5,-3,2,0,1,11,4,1,2,-3,4,0,-2,3,-2,-1,1,0,3,1,1,-2,-2,2,-2,1,-2,2,-2,-5,2,-15,6,-10,5,-5,-20,-16,-16,-17,-14,-9,-24,-2,-7,-28,-16,-9,-13,-12,-8,8,-6,-10,-14,10,-17,0,-4,-12,-5,-2,-18,0,-15,-6,7,-12,-3,14,10,-21,13,-9,9,-6,-2,-6,-14,-6,2,8,-6,-2,-5,-1,-2,-3,-14,-9,-8,-17,-5,9,15,-8,6,-11,12,0,-18,-16,-22,-9,-10,10,-27,6,2,-21,-13,-5,-10,-23,2,14,-7,-15,-17,22,-23,19,-10,-12,2,0,-10,5,-9,-13,14,-7,0,26,7,-17,14,-5,11,-2,2,-14,-16,-15,10,6,2,2,-13,7,-11,-2,-6,0,-10,-4,-2,12,6,1,-7,-25,-2,0,-13,-20,-17,-7,-16,-15,-26,-18,7,-48,-28,-21,-39,-29,-13,11,-10,-23,-17,4,-27,14,-17,-42,7,-12,-17,14,-27,-12,9,-15,4,30,34,-33,32,-8,31,-2,-7,-11,-30,-13,22,14,12,12,-5,3,-8,3,-23,-3,-10,-8,0,27,36,-6,21,-46,33,-9,-33,-17,-32,-20,-74,-1,-54,-58,10,-95,-27,-73,-68,-60,-6,25,-6,-69,-47,27,-56,31,-50,-63,22,10,-23,36,-92,-32,41,-35,-4,37,45,-44,42,-59,31,-31,-16,-42,-27,-31,27,20,14,17,-34,-6,-32,0,-44,-2,-28,-51
-1,-2,-1,2,1,2,-2,1,3,6,0,7,-2,-5,7,5,2,7,-2,4,2,-6,5,7,1,-1,-4,6,0,4,5,6,-5,-2,-15,-1,8,7,17,6,-12,-7,8,19,-7,23,1,-1,54,47,19,10,34,9,20,15,1,1,-2,-1,-1,1,-1,-2,12,6,-3,1,20,6,23,10,7,7,-4,23,6,5,6,14,2,4,3,14,12,46,8,4,4,7,23,10,1,4,5,15,0,-2,-4,15,35,5,1,3,-4,22,23,-2,11,16,22,12,4,0,14,23,19,-2,7,9,3,16,22,-6,19,10,0,21,8,-2,-3,3,7,7,2,8,1,1,-7,5,-1,3,7,11,12,3,14,3,11,10,0,6,5,19,9,7,0,8,11,-7,14,3,-4,28,24,-4,-6,-2,-1,-2,9,15,-1,10,-13,1,14,16,15,6,6,-1,10,8,-1,11,6,11,-1,17,9,10,11,8,15,-7,9,10,10,7,8,18,25,8,13,18,14,10,5,9,12,12,22,6,5,-3,4,12,11,16,10,11,0,3,14,16,12,21,13,17,4,7,7,4,24,0,12,0,15,7,12,13,17,10,11,6,22,3,20,13,20,22,28,15,10,20,26,3,9,7,13,20,3,18,19,-7,25,12,6,1,19,9,26,19,17,23,29,8,8,1,26,33,17,26,17,14,17,-6,20,40,31,39,24,23,9,5,34,13,38,39,13,14,12,14,45,36,12,20,5,19,13,6,41,25,19,17,12,0,-3,11,-2,2,-1,-2,0,0,0,1,10,0,7,-15,20,-11,-3,-1,-6,7,8,-2,-7,11,-2,-2,-4,4,2,-1,-13,3,-5,2,-2,-5,-4,-5,4,5,7,0,-1,-3,-4,-6,1,-12,5,-3,2,-5,-2,-5,2,1,6,-3,2,1,1,-1,-1,-2,2,-1,-10,-13,-8,-14,-34,-11,3,-12,-16,10,-40,6,-5,14,-14,1,-23,-2,44,-14,-15,25,2,-1,6,-21,7,-1,-2,-5,-18,-1,-10,-9,-21,-21,-1,-15,3,-12,-7,-27,-16,-13,-5,-12,-11,-8,-13,-9,-8,-19,-4,-16,-2,-7,-40,-7,-5,-2,-3,6,-4,-4,0,-2,7,-20,14,-17,15,-23,3,3,2,8,-9,-6,-5,7,-27,11,17,-26,-3,36,-9,2,2,5,14,9,-18,-4,5,10,2,-16,-9,-23,8,-15,1,-8,-16,-16,-18,-13,-14,-12,-7,1,-3,-27,-9,-13,9,-15,-7,-20,-30,-4,-8,-4,-10,4,-7,-14,-22,-37,-18,-23,-2,-19,25,7,1,13,-8,13,-13,-15,13,16,-46,2,1,-13,-20,6,-14,-15,-14,3,20,5,-16,-3,-2,2,-12,-10,-16,-15,21,-8,-3,1,-12,-19,-5,-13,-10,-12,6,-6,-12,-13,-13,-2,11,-12,3,-3,2,-6,-4,-13,-6,6,5,-5,-38,-28,-107,-51,-3,-32,21,2,-9,14,-14,21,-90,-27,6,21,-73,10,19,-32,-43,36,-17,14,-30,0,24,2,-36,-8,0,9,-1,-40,-22,-26,31,-24,-3,-17,-36,-25,-7,-19,-16,-7,-8,-22,-28,-32,-27,-5,9,-25,-16,-9,-7,-4,-16,-13,-23,0,6,-20
1,2,1,2,2,2,0,1,1,2,1,0,5,35,2,-5,3,1,0,-1,1,-2,1,0,-1,1,0,0,0,-1,-3,1,-1,1,1,1,-1,-4,-3,0,2,-1,0,-2,-5,-6,3,6,-6,-4,-5,-8,-6,-4,-1,0,0,-2,-1,1,-1,-2,-2,-2,-6,9,8,4,-41,-4,9,-2,11,4,4,8,11,0,9,7,5,6,6,6,10,5,13,1,8,5,5,9,4,9,-3,5,7,10,6,7,3,11,0,1,10,8,12,3,3,4,12,5,11,8,8,9,-1,9,2,10,9,-5,-5,2,13,2,2,5,7,13,7,3,-37,8,-17,8,12,9,4,10,7,24,8,13,10,10,8,5,5,7,4,11,6,4,6,6,3,7,7,3,8,6,1,6,10,2,5,5,6,4,4,3,5,2,4,11,-2,6,7,-1,-1,-1,12,4,9,7,5,-2,9,7,-2,8,11,9,10,10,7,5,6,9,10,11,9,7,2,18,2,3,6,8,5,3,6,5,9,0,9,8,8,-7,6,14,14,3,10,8,-1,9,5,-2,8,3,14,14,3,13,10,8,8,-1,11,9,8,16,9,18,7,7,6,7,6,4,15,-7,2,8,23,27,26,27,15,21,15,24,26,26,25,25,22,39,17,19,23,24,18,21,17,13,6,20,26,21,21,12,18,10,23,12,17,19,14,17,19,26,15,19,37,29,30,32,11,36,24,11,28,37,22,-17,8,34,-13,35,21,16,-1,32,32,-12,17,26,0,-2,0,2,2,0,0,2,-20,-7,-14,-66,30,-122,-115,-90,-7,-7,-2,-6,-14,-10,-22,1,-3,-4,-5,-5,-3,0,-2,0,-1,-3,-4,-1,-3,-3,-4,0,-1,-3,-4,-3,-3,-4,-4,-3,-1,-2,-3,-3,-5,-4,-3,-1,0,-1,2,0,2,1,1,-1,1,-26,-10,-3,52,62,48,8,-4,-4,-61,-28,-73,-9,-44,-126,-6,1,-11,-45,18,-97,9,-25,-12,-5,-11,-3,-2,-3,4,-11,-5,-9,-6,-4,-7,1,-12,4,-7,-9,-7,-5,-7,-6,-9,-1,-7,-7,-7,-6,-8,-7,-2,-7,-7,-6,-9,-9,-8,-4,-7,-12,-7,-3,-4,-45,68,75,57,-14,-3,-10,-7,-18,-2,-71,-50,-92,-7,0,-9,-10,22,-10,0,-8,-8,-7,-57,-7,-6,-4,-3,-29,-13,-21,-7,-16,-4,-11,-6,-10,-12,-6,-13,-5,-12,-7,-10,-4,1,-10,-7,-8,-6,-12,-5,-14,-10,-7,-9,-8,-8,-6,-6,-5,-123,-111,-127,-126,100,126,106,-30,3,0,-9,-1,-4,-105,10,7,-9,2,-6,-2,16,-6,7,-10,-7,-12,-7,-11,-3,-10,-7,-6,-7,-7,-8,-9,-11,-12,-14,-10,-9,-15,-10,-11,-4,-9,-6,-9,-9,-8,-10,-10,-10,-8,-7,-12,-10,-9,-13,-12,-11,-9,-11,-11,-88,-42,-126,-127,127,127,122,-28,-11,-20,-17,-33,37,-118,-94,-119,-24,-9,-24,-27,22,-19,-5,-32,-22,-23,-29,-22,-19,-23,-14,-58,-23,-24,-27,-24,-21,-27,-16,-22,-20,-23,-23,-16,-19,-22,-18,-15,-10,-21,-18,-20,-20,-26,-19,-22,-19,-13,-20,-18,-24,-11,-24,-20
0,2,1,-1,3,2,-1,1,-1,-4,-6,-5,0,3,2,2,-5,-15,-7,-2,1,-1,0,-1,0,41,-5,-14,1,2,2,0,-6,-27,-5,48,0,2,4,0,-3,41,14,32,4,12,-1,6,-1,-11,7,-25,-9,-13,-7,-8,1,-2,1,2,-1,0,-2,-2,0,1,5,-4,11,-1,1,-2,-13,5,-3,4,-1,-3,7,-2,9,4,4,-9,16,1,-1,1,-9,20,2,20,-2,8,-2,0,23,7,13,-11,2,8,1,3,-7,4,16,-4,-14,-8,-1,4,7,2,10,-19,8,-7,20,-11,3,6,0,0,-11,3,24,-9,-7,-1,5,-7,7,4,1,-1,13,-1,10,3,0,0,7,9,-18,3,5,11,-2,3,0,14,-4,26,-4,-7,12,4,9,10,-13,3,-3,22,11,11,4,1,-5,10,0,12,9,6,-1,4,-7,-11,3,2,-7,3,-2,2,-6,15,17,-7,-12,-3,10,12,14,4,12,9,5,5,8,3,6,15,15,4,11,5,8,6,10,4,14,1,1,12,6,6,-4,-4,-6,-5,4,-3,4,1,7,-2,10,-3,9,-18,10,0,8,0,14,15,12,14,17,11,16,4,5,13,11,2,19,12,14,-10,6,-10,13,-1,-7,1,15,14,20,14,15,14,17,13,30,15,18,8,14,6,13,13,-2,13,20,14,14,9,13,15,3,20,10,10,16,0,25,15,23,21,20,12,15,13,22,10,-4,23,-4,6,27,26,8,28,24,8,22,8,14,16,26,18,8,17,22,-2,27,22,18,25,-2,-1,-2,1,2,0,0,1,15,-13,-5,13,-3,-5,9,-16,5,-8,-3,-1,-3,-9,8,-7,0,-1,-7,1,-3,0,-1,-3,1,5,-2,1,2,-2,-4,-1,2,1,-1,-1,4,-3,-3,1,3,1,2,3,1,-4,-2,0,1,-2,1,1,-1,-2,2,0,0,10,-13,2,-6,3,12,0,4,-1,9,6,-3,-9,14,-4,2,-10,-23,-7,-10,-7,5,8,-22,-19,-12,-7,-8,-10,-6,1,18,-9,-3,-5,-2,2,-4,-3,-7,-14,7,-8,25,-9,-7,-3,-1,-8,10,-6,-2,-8,2,1,3,-3,-7,-4,-11,-7,-1,3,-8,3,-6,2,-10,-6,-7,-4,-6,-6,0,7,-16,-6,-5,5,5,-10,-16,-3,2,-11,-1,-4,-24,-23,-11,-13,-16,4,-4,-6,15,-10,-4,-9,-8,-2,-6,-9,-11,-12,14,-15,19,-8,-8,-7,-2,-4,19,-4,4,-9,-13,-9,-1,1,-1,-3,-6,-9,-1,-3,-8,27,-48,-6,-17,-17,-11,-10,-9,-16,10,-6,-16,-17,1,-2,-2,-9,-32,-10,-9,-12,4,-4,-17,-30,-20,-31,-17,-10,-7,-19,18,-25,-4,-27,-18,5,-16,-15,-13,-24,4,-12,33,-4,-14,-8,8,-12,11,2,16,-6,-6,-6,-10,-7,-11,-11,-16,-14,-10,-7,-12,36,-71,0,-74,-20,-18,-17,18,-37,31,1,-48,-18,10,-19,-1,-6,-66,-53,-33,-46,11,-3,-40,-65,-15,-76,-9,-15,-17,-33,39,-19,-6,-29,-48,-6,-15,-40,-37,-32,21,-14,56,-24,-30,-17,0,-12,6,-3,13,-30,-6,-11,-27,-8,-10,-14,-22,-23,-15,-12
-1,-1,2,-1,2,-2,2,-1,3,4,4,2,3,5,6,3,3,3,2,-1,1,4,4,2,-1,-3,-15,-3,-6,2,-1,-2,-9,-12,-20,-37,-23,-10,-6,-8,-35,-27,-25,-31,-26,-24,-29,-24,-13,-35,-33,-24,-31,-19,-28,-11,-2,1,2,2,-1,1,0,-2,7,10,8,10,8,13,10,13,3,12,4,16,3,10,5,10,9,14,4,6,1,10,5,9,7,-1,10,7,6,1,10,3,8,-1,9,-6,14,-7,9,4,-2,-6,1,-9,7,-11,8,7,-1,8,-13,14,-7,11,-2,13,-5,0,1,13,2,-4,2,5,4,8,10,7,3,11,9,9,15,14,7,11,9,13,8,8,10,10,9,10,9,3,-1,11,4,4,16,11,8,4,8,1,12,11,5,9,5,1,4,7,6,4,11,-10,-2,0,4,8,0,4,-8,-1,-13,5,-1,3,6,6,7,0,3,-2,9,7,20,17,19,15,16,15,14,18,19,15,20,12,13,20,16,17,19,17,15,17,15,14,17,18,21,11,17,5,15,15,19,17,22,8,16,9,24,12,17,18,9,9,12,9,10,10,13,11,15,8,10,-7,10,5,10,12,7,7,-2,-1,4,1,5,4,24,25,28,23,24,24,17,24,36,29,29,23,26,31,35,19,33,30,29,25,23,26,28,33,22,27,32,29,21,21,29,30,38,40,34,41,38,20,27,31,32,10,13,34,40,22,30,22,21,7,12,9,28,19,11,40,2,18,-16,2,38,9,17,17,1,-2,0,1,-1,0,2,2,-2,-3,3,-16,-36,-7,-30,-4,-1,-4,-2,-1,-3,-1,-3,-3,-3,-2,2,-10,1,-5,-7,-3,0,-9,5,-31,3,-6,-4,-3,0,-9,5,-38,3,-12,-2,-3,1,-6,3,-40,2,-6,-3,-3,2,1,1,2,2,-1,-1,1,-13,-5,-5,-9,-5,-5,-7,-11,-2,1,-16,-12,-1,-15,-5,-13,-10,-10,-12,-24,-17,-7,-17,-7,-14,-20,-10,-14,-6,-24,-17,-13,-16,-15,-15,-28,-18,-11,-14,-8,-11,-12,-18,-13,-13,-8,-11,-9,-17,-18,-10,-12,-11,-10,-18,-8,-17,-16,-11,-11,-10,-12,-10,-12,-17,-14,-16,-10,-8,-4,-16,-8,-16,-18,-8,-17,-10,-5,-18,-6,-12,-14,-14,-8,-15,-13,-14,-15,-11,-9,-9,-15,-10,-16,-9,-14,-13,-15,-16,-31,-14,-12,-10,-11,-10,-17,-18,-19,-22,-14,-16,-13,-15,-13,-15,-9,-14,-18,-14,-9,-17,-16,-9,-14,-20,-13,-13,-12,-15,-18,-21,-25,-30,-27,-18,-14,-21,-19,-26,-23,-28,-27,-23,-24,-19,-17,-20,-16,-19,-21,-23,-12,-12,-10,-12,-15,-24,-21,-13,-16,-15,-21,-22,-30,-22,-21,-25,-18,-20,-18,-27,-30,-20,-19,-22,-16,-16,-16,-28,-22,-23,-14,-19,-14,-14,-14,-13,-22,-12,-7,-14,-10,-21,-31,-34,-22,-46,-40,-24,-36,-31,-39,-27,-32,-22,-35,-41,-30,-34,-41,-33,-36,-23,-34,-32,-42,-31,-29,-37,-25,-23,-30,-29,-43,-38,-36,-39,-40,-43,-30,-34,-31,-40,-34,-50,-44,-35,-34,-38,-42,-34,-36,-40,-36,-43,-33,-42,-38,-34,-42,-31,-31,-32,-30,-36,-38
-1,-2,1,1,2,2,-1,-1,3,-1,-5,-1,-1,3,3,-1,1,-5,-5,-1,0,3,-1,-1,2,-3,-7,-3,0,-1,-1,-3,-1,-6,-12,-7,-6,-2,0,-4,6,3,-6,5,2,-1,-4,-7,-8,13,-6,-1,-8,-1,5,15,1,0,-2,-2,1,0,-2,-1,-21,-11,4,-12,-5,-3,-2,8,-10,-24,-12,-3,-7,-6,-10,-3,-12,-19,-16,-15,-7,-2,-3,-2,-15,-59,-15,0,-8,-17,4,-4,-4,47,-16,73,-9,-17,-13,11,33,23,-29,-21,22,-1,-23,-7,-30,-32,62,12,-17,-25,0,13,71,4,-49,-8,19,-26,-14,-10,-9,1,3,3,-12,0,12,-3,0,4,-6,-1,0,0,0,11,-4,7,-2,-4,3,1,5,0,-12,-3,1,-8,-5,8,-3,13,0,-15,-18,5,14,-8,1,3,-18,4,-11,7,-2,-5,-13,-4,8,-1,-33,-5,-19,7,0,6,-13,6,-4,6,-6,-9,-7,3,5,1,5,-2,4,3,6,3,3,3,7,3,-2,10,2,2,5,9,4,-3,8,7,2,4,5,-13,11,-6,4,10,7,3,-5,-17,1,-17,-8,15,4,-14,15,-7,11,1,23,5,19,-3,12,7,-10,-2,8,6,1,5,3,2,11,8,13,17,1,0,4,-1,6,2,-4,-2,6,-4,7,13,2,3,2,0,7,21,0,-1,10,5,4,0,12,12,4,2,14,-3,-3,26,14,9,34,0,11,2,30,13,-1,11,6,40,42,25,2,-2,6,4,10,54,15,8,8,9,15,3,-3,21,6,12,34,11,9,9,1,2,-2,1,2,2,1,-2,12,-12,-7,-40,-19,11,3,5,8,-13,-12,-9,0,0,4,4,-1,-5,-11,0,-1,-2,-1,-2,-3,-9,-6,-3,-1,-3,0,-2,-3,-6,-4,-4,-1,-1,0,-2,-9,-7,2,-3,1,-2,-3,-2,0,-2,-1,1,-2,2,1,1,2,6,-7,-1,-6,-6,2,0,4,-5,-10,-5,-4,0,-4,0,6,-1,-3,1,7,-14,-1,-12,-3,-2,-4,3,-5,-9,-6,-5,6,-7,-2,-21,2,-1,-2,-3,-47,-5,0,-5,-30,1,0,1,1,6,16,1,-2,0,-3,-7,5,4,-2,3,-6,-1,-1,-6,-3,-6,1,-6,0,-4,-11,-8,-3,-13,-2,-14,-4,-22,-14,-22,-7,-1,-11,-19,-6,-11,-26,-18,1,0,-6,-11,-9,-9,-5,-18,-58,-9,-9,-11,-19,-7,-8,-5,-4,-39,-9,-50,-6,-1,-8,-2,-18,-11,16,0,-3,-6,-9,-12,2,-37,-2,-66,0,0,-5,-16,-27,-20,-27,-33,-41,-12,-12,-17,6,-33,-63,-26,-2,-15,-32,-13,-10,-4,-6,-30,-9,-36,-23,-16,-17,-5,-17,-9,-9,-11,9,-30,-32,-11,-55,-8,-4,-3,-18,-9,-2,-13,-52,-46,-4,8,-15,-10,-41,-56,22,-30,-27,-21,-21,-11,14,-14,-35,-8,3,-11,-6,-7,-52,-65,-49,-52,-52,-13,-31,-4,-31,-54,-71,-65,-13,-70,-44,-37,-62,-16,-21,-35,-21,-62,-83,-40,-68,-19,-48,-45,-38,-18,-29,-35,-74,-8,-71,-7,-56,-23,-8,-22,16,-25,-63,-78,4,14,-32,-14,-77,-69,38,-44,-26,-30,-45,-28,50,-67,-55,-61,8,-47,22,-22
2,1,1,-2,1,0,-2,3,4,6,4,0,-3,-4,-2,2,5,4,3,-2,-2,-2,1,7,6,2,2,3,0,-1,3,5,8,14,6,3,13,8,4,6,16,33,23,28,12,7,0,7,28,25,30,25,23,26,13,12,2,1,-1,0,-1,2,2,1,0,2,13,2,4,-5,1,-7,3,11,0,9,-1,1,-4,2,3,15,4,11,6,4,-4,3,19,10,13,12,8,6,7,2,28,12,31,10,23,2,8,-5,30,35,27,32,15,13,11,-8,29,27,26,29,27,7,4,8,31,43,18,31,12,18,16,1,12,0,7,-3,18,3,22,0,-1,15,-7,15,2,20,3,19,16,5,15,-2,22,2,16,2,-1,13,2,21,-2,19,3,20,22,-3,24,1,24,5,17,-3,-3,29,-1,33,6,25,0,13,19,7,24,3,20,-3,11,-3,9,23,2,24,4,20,2,11,-2,4,3,8,1,9,-2,9,-1,7,14,9,5,4,12,1,-3,12,10,10,9,15,-1,8,7,16,13,6,10,12,9,0,19,16,16,16,24,17,3,8,18,15,14,9,11,21,8,8,32,21,31,22,36,34,21,16,24,24,34,34,30,34,35,30,27,20,21,23,29,28,31,24,23,30,20,27,24,28,26,23,36,27,30,14,34,30,22,19,26,41,34,39,17,31,32,19,36,22,45,32,40,38,29,24,40,61,57,44,40,34,47,41,36,59,55,54,45,53,42,32,40,55,39,42,52,66,38,37,1,0,1,2,1,-1,0,2,-51,27,-1,18,-16,43,-25,30,-12,7,-13,4,-13,0,-4,-6,-4,2,-3,-8,-4,-6,-3,2,1,-5,-1,-7,6,1,0,-2,1,-7,1,-17,11,-5,4,-3,-1,1,-2,-2,-1,0,-5,-4,0,1,1,-2,2,-2,-1,0,-13,-16,3,-15,-14,-1,0,1,-6,-9,1,-22,-5,-12,-13,-6,-20,0,-15,-14,-22,13,-28,16,-15,-2,-35,-6,-9,-5,-6,-16,-5,-8,0,-16,-1,-15,-3,-7,-5,-6,-7,-4,-14,-4,-8,-3,0,0,-2,-6,-9,-4,-8,-4,0,-3,-12,-2,-9,0,-1,-5,-6,-16,-1,-13,-7,-14,-2,-29,-30,10,-17,6,-25,6,-36,9,-16,-17,12,-17,-6,-20,-2,-16,-22,-2,-18,-2,-26,-11,-11,0,2,-7,-4,-21,-1,-12,-9,-16,-9,-3,-22,-3,-10,-3,-10,-11,-3,-13,-8,0,-9,-3,-5,1,-18,1,4,-1,-7,-12,-15,0,-14,-11,-30,-24,-28,-12,-26,-8,-12,-17,-34,-18,-13,-17,-4,-12,-24,-24,-23,-22,-10,-3,-12,-13,-10,-10,-24,-13,-1,-12,-7,-10,-5,-23,-19,-25,-10,-13,-3,-7,-16,-12,-19,-14,-18,-9,-11,-7,1,-9,-9,-19,-6,-7,-6,-12,-3,-4,-10,-11,-11,-7,-6,-7,-16,-19,18,-25,-25,-15,-11,-24,-13,2,-38,1,-37,-3,-22,6,-7,-23,-11,-18,3,-30,-6,-21,-5,-13,-14,-13,-20,-10,-3,5,-14,-11,-9,-24,-14,-8,1,-4,-20,-14,-20,-8,-7,-6,-12,-5,-14,-4,-14,-6,-12,-3,-4,-4,-2,-3,1,-13,-12,-1,2,2
1,-2,2,0,-1,2,1,-2,1,9,9,9,8,7,7,5,4,9,9,9,9,9,9,4,2,6,10,8,7,7,7,5,1,1,0,3,4,2,5,3,-4,-12,-9,-10,-13,-13,-14,-2,-12,-21,-23,-15,-18,-20,-15,-15,1,-1,-1,1,-2,1,-1,-2,22,23,22,23,22,23,25,22,23,24,27,22,23,24,22,20,24,21,20,20,24,19,16,24,18,16,17,21,15,21,20,17,14,8,11,10,11,8,10,12,-7,13,-6,9,2,9,11,12,-5,-37,-5,-4,-5,-7,-4,-3,-18,-25,-31,-18,-17,-34,-41,-6,18,13,23,23,20,23,16,21,8,24,27,24,22,21,21,20,21,13,21,19,17,20,22,17,14,18,15,17,15,18,13,11,16,14,9,16,16,14,18,12,16,18,12,15,11,17,12,18,14,6,8,4,7,4,16,10,12,2,-2,14,3,10,9,10,31,29,28,27,28,28,29,35,28,28,32,30,27,26,35,31,28,29,26,23,28,23,27,31,27,20,25,29,24,31,25,27,29,23,27,23,21,26,22,24,25,17,17,19,20,25,28,27,14,0,12,16,7,12,7,11,16,16,20,27,25,26,17,23,52,41,44,47,52,52,52,61,40,47,46,45,49,54,56,53,39,39,48,43,45,40,56,46,41,46,38,42,40,43,35,39,46,39,35,31,27,32,28,39,53,46,46,38,52,41,4,40,58,11,48,42,63,30,38,43,47,18,51,44,41,12,31,19,2,2,-2,1,-2,2,1,-2,-21,-71,3,-14,-7,-6,-81,-60,-3,-4,-9,-13,-8,-7,-7,-6,-1,-9,-8,-11,-7,-8,-10,-5,-2,-9,-9,-6,-8,-6,-6,-7,-4,-5,-6,-2,-5,-4,-5,-6,-1,-6,-5,-2,-5,-8,-5,-6,-2,-2,-1,2,-1,-1,2,1,2,0,6,-8,-13,-6,-15,-16,-46,-11,-29,-11,1,-72,-14,-43,-14,-65,-6,-35,-78,-35,-68,-5,-24,-23,-23,-25,-32,-20,-24,-34,-24,-28,-26,-21,-27,-24,-25,-24,-21,-22,-22,-21,-21,-21,-16,-22,-22,-20,-21,-20,-20,-25,-21,-19,-25,-20,-23,-18,-20,-14,-20,-22,-8,-30,-1,-9,-14,-15,-21,-25,-70,-65,-25,-4,-3,-12,-79,-11,-21,-32,-9,-46,-42,-50,-28,-51,-35,-25,-30,-37,-41,-34,-21,-24,-18,-35,-33,-30,-35,-25,-37,-18,-26,-25,-25,-24,-24,-22,-22,-25,-31,-27,-24,-24,-23,-27,-26,-25,-28,-23,-24,-21,-21,-23,-27,-25,-37,-55,-63,-68,-33,-79,-42,-45,-27,-25,-31,-33,-28,-32,-31,-37,-28,-24,-32,-27,-28,-31,-29,-27,-25,-21,-22,-26,-17,-21,-23,-32,-21,-22,-21,-22,-22,-19,-26,-25,-19,-21,-16,-18,-20,-17,-19,-21,-21,-21,-23,-21,-20,-23,-23,-24,-22,-23,-24,-22,-24,-24,-21,-23,-44,-49,-58,-102,-63,-45,-94,-49,-64,-56,-56,-42,-32,-23,-80,-67,-55,-35,-52,-60,-57,-79,-37,-65,-55,-54,-49,-49,-51,-34,-51,-48,-36,-49,-44,-46,-45,-49,-50,-47,-48,-39,-43,-38,-45,-45,-43,-42,-43,-35,-37,-39,-38,-43,-43,-42,-48,-42,-43,-35,-40,-41,-44,-44
0,1,-2,3,-2,-1,-2,0,1,1,3,6,12,3,-1,-2,1,1,1,5,4,2,-3,-1,2,2,3,3,3,0,0,-1,1,3,4,1,2,1,-1,-1,3,2,2,2,3,3,-2,2,0,-8,3,-1,19,18,24,26,0,1,0,1,2,-1,2,-1,9,2,12,7,9,-16,-1,2,8,5,12,6,10,2,4,1,8,9,6,9,6,6,5,-1,6,9,9,5,4,8,4,4,8,8,8,7,7,5,4,3,11,6,7,3,11,4,6,5,5,9,0,7,3,9,6,16,2,9,13,17,5,9,13,9,3,-4,2,-2,1,-13,-15,-4,2,6,3,6,6,-1,-4,1,3,7,6,4,6,6,3,0,0,6,3,5,4,6,0,4,4,1,10,7,1,0,3,6,1,5,6,5,2,2,-3,4,-1,1,4,5,8,-3,6,13,6,7,7,4,3,5,7,3,6,6,7,9,10,6,2,3,6,6,9,10,11,5,4,6,9,14,11,9,10,5,10,11,11,7,6,8,9,9,7,12,3,6,6,-1,7,13,9,3,10,4,3,10,7,6,8,5,9,6,11,13,18,11,12,4,8,9,10,14,11,11,8,8,35,48,42,40,54,47,51,57,38,43,53,53,63,45,51,47,53,60,59,64,58,62,62,54,47,65,68,61,67,61,60,48,63,53,66,81,60,68,53,57,51,67,75,71,74,72,56,49,45,55,53,64,57,63,53,39,61,62,66,67,59,65,46,55,-2,2,-2,1,-2,-2,1,1,5,-17,-4,-21,16,-12,-6,-10,4,-6,3,-7,11,-5,-3,-8,1,-1,-2,3,4,-3,-4,-8,0,-1,-1,-1,1,-2,-1,-5,1,-3,-1,0,-1,-2,0,-1,1,-2,-2,0,2,-3,2,-3,-1,1,-1,0,0,0,1,-2,-6,-2,-7,-3,-1,-7,-8,-1,-3,-17,-6,4,2,-5,-8,6,-7,-5,-7,-17,1,1,11,0,-4,-12,-4,-8,-4,-12,1,-3,-6,-10,-17,-9,-11,-8,-4,-4,-9,-16,-15,-11,-19,-12,-4,-6,-12,-15,-15,-10,-15,-6,-1,-7,-6,-5,-7,-13,-10,-6,-2,-9,-6,-4,2,-1,-5,-7,1,7,-5,0,-8,0,-2,7,5,6,1,-13,2,-6,7,2,4,-1,-6,0,-1,5,5,-1,-4,-7,-3,-8,-1,-7,5,-5,1,-7,-7,3,-1,-4,-15,-3,-7,-3,-1,-1,-1,-12,-5,-11,-1,-9,-2,1,-10,-7,-12,2,-9,-7,2,3,0,0,5,10,6,11,0,-2,-2,-8,2,23,9,2,-2,-4,-14,-9,4,2,-1,-5,-7,-6,-2,-15,-2,-2,-1,-3,-8,-6,-14,-13,-5,-6,-1,-5,-9,-11,-11,-18,-10,-11,-1,-11,-11,-12,-12,-13,-13,-7,-9,-10,-16,-19,-19,-12,-15,-7,-2,-8,-5,-5,-12,-33,-7,-8,-4,6,-13,-13,-38,-31,-17,20,10,14,-30,-41,-28,-40,-47,-12,-30,-4,-22,-36,-37,-25,-27,-15,-26,-20,-33,-39,-37,-34,-14,-26,-25,-27,-28,-33,-43,-42,-30,-29,-27,-18,-31,-41,-38,-41,-34,-33,-14,-17,-36,-34,-36,-33,-34,-19,-15,-22
-2,2,0,-2,2,-2,-2,1,5,8,8,7,4,3,4,3,5,7,7,7,6,5,5,3,4,4,5,5,5,6,6,5,3,3,3,4,6,10,4,8,0,-1,0,3,7,14,15,13,-2,4,-2,0,8,12,20,17,0,2,-1,1,-1,2,1,1,10,12,11,18,13,16,16,18,11,13,12,16,14,15,17,14,11,13,13,16,18,15,15,16,9,15,14,15,17,17,18,18,13,9,15,15,18,17,18,19,13,10,16,20,17,23,18,22,0,14,8,18,12,17,24,20,-8,9,-2,15,18,15,21,21,11,10,10,13,18,11,14,11,14,12,15,12,12,17,12,10,12,17,14,13,12,13,14,12,14,15,16,12,13,13,13,14,12,16,17,19,14,16,13,19,16,15,16,14,22,16,18,17,16,14,12,12,17,22,17,16,14,18,12,14,16,16,20,18,17,19,17,19,19,23,24,21,17,22,22,19,23,24,27,25,19,18,20,19,23,23,22,23,19,23,20,21,25,24,23,21,19,24,24,25,26,20,23,24,19,21,22,21,21,24,22,23,21,26,25,23,29,26,32,25,27,28,27,26,26,31,29,25,51,50,45,45,47,51,58,49,51,51,47,47,47,49,48,47,47,46,44,47,49,47,51,51,46,51,42,51,39,54,49,47,51,52,52,43,59,54,50,50,56,48,42,48,44,41,58,47,46,47,62,48,52,66,60,70,55,57,48,51,59,52,62,65,2,-1,-1,0,-2,-1,0,0,-52,-52,-39,-32,-46,2,-39,-64,-8,-9,-7,-8,-8,2,-9,-6,-3,-2,-3,-3,-3,-3,-7,-3,0,0,2,-1,0,-2,-6,-4,1,1,2,-1,1,-3,-4,-4,0,2,2,-3,-1,-3,-4,-4,2,-2,1,-2,-1,-1,-2,1,-25,-19,-23,-32,-18,-19,-16,-25,-13,-15,-2,-18,-20,-11,-21,-19,-16,-16,-14,-16,-22,-13,-14,-21,-18,-17,-18,-16,-18,-19,-25,-18,-18,-14,-16,-17,-19,-20,-20,-19,-19,-19,-20,-19,-16,-19,-17,-23,-20,-16,-17,-19,-19,-15,-17,-17,-15,-20,-18,-19,-15,-18,-21,-15,-21,-22,-22,-29,-19,-19,-18,-17,-18,-11,-16,-21,-24,-15,-17,-19,-19,-18,-17,-19,-21,-18,-20,-23,-16,-14,-19,-12,-19,-19,-14,-16,-12,-17,-14,-16,-15,-17,-20,-16,-16,-15,-17,-15,-17,-14,-17,-14,-15,-16,-15,-17,-16,-14,-14,-15,-17,-15,-21,-11,-18,-17,-14,-17,-27,-23,-25,-26,-25,-21,-22,-25,-18,-23,-21,-28,-32,-33,-29,-31,-24,-21,-23,-22,-28,-31,-23,-26,-22,-23,-24,-26,-30,-31,-33,-26,-22,-19,-22,-21,-25,-29,-31,-26,-23,-23,-25,-26,-27,-26,-33,-27,-25,-18,-22,-22,-24,-24,-27,-26,-25,-23,-22,-19,-20,-25,-24,-25,-48,-43,-50,-71,-53,-60,-41,-53,-38,-48,-39,-52,-51,-54,-92,-45,-35,-44,-45,-38,-38,-46,-52,-33,-47,-42,-45,-35,-53,-52,-60,-49,-39,-38,-42,-43,-47,-58,-60,-54,-40,-41,-43,-45,-50,-50,-52,-53,-43,-35,-44,-48,-46,-49,-49,-57,-52,-39,-48,-43,-47,-48,-49,-44
1,-2,-1,-2,0,-1,-2,0,2,4,0,6,4,10,5,3,2,3,1,1,4,3,4,0,2,2,6,6,3,6,3,2,3,9,6,11,7,8,8,7,9,8,16,5,13,5,21,14,7,-5,-8,-13,17,27,36,25,-2,0,1,0,0,-1,2,-2,15,8,4,8,16,14,7,15,12,8,11,14,16,17,7,8,14,14,14,11,12,5,9,7,17,16,12,7,8,4,7,9,16,9,19,17,13,4,10,16,19,22,2,8,20,16,25,14,13,6,14,-1,5,25,15,20,7,2,-2,0,-6,12,15,19,17,7,10,7,22,17,14,16,16,16,10,16,13,22,19,24,8,7,10,8,13,15,22,17,15,7,12,6,6,13,11,18,14,10,2,8,9,10,15,9,19,14,10,2,13,14,10,13,6,10,2,0,6,14,24,12,10,1,8,-8,5,11,14,18,18,13,9,9,11,15,7,9,11,8,3,9,7,7,6,5,10,8,3,3,3,4,4,6,12,4,6,5,7,9,2,3,14,3,8,3,10,19,9,5,4,8,0,5,9,17,18,6,17,7,10,1,20,28,28,16,12,13,7,1,13,23,23,11,26,22,18,22,26,25,24,18,23,34,24,28,30,21,20,19,18,30,20,24,27,24,28,22,27,31,29,22,30,22,28,20,39,29,40,29,26,21,22,23,32,31,33,25,34,13,30,16,44,32,42,57,33,21,19,26,28,21,32,31,35,16,35,29,-2,-2,-2,-2,-2,2,1,-1,4,-16,-12,12,-8,-13,-10,-27,0,2,4,-4,-3,-6,-4,-7,-1,-2,-5,-6,-7,-3,-2,1,0,-5,-8,-7,-7,-4,-2,0,-1,-7,-9,-2,-4,1,-2,0,1,-5,-6,-2,-2,-3,-2,-1,0,-1,-2,1,-1,1,0,-2,-6,-4,-12,11,16,15,-3,-14,3,-21,-42,-8,21,-13,-26,-35,-6,5,5,4,-24,-14,-24,-12,-8,-8,-2,-11,0,-14,-7,-14,-11,-10,-10,-10,-18,-12,-7,-9,-12,-17,-19,-13,-17,-9,-11,-11,-14,-16,-16,-19,-14,-11,-9,-10,-16,-15,-17,-18,-13,-10,-8,-9,-4,-7,2,5,16,2,-11,-5,-3,-19,-19,3,-4,-47,-12,-22,14,-5,-3,-14,7,-2,-7,-15,-13,-18,-14,-10,2,7,-18,-11,-21,-23,-16,-4,-9,-6,-2,-17,-22,-19,-14,-12,-14,-11,-9,-8,-18,-16,-18,-16,-17,-12,-16,-12,-12,-15,-14,-15,-20,-14,-12,-20,-29,-34,-25,-8,-1,-7,-23,-31,-8,3,10,-1,20,-8,-1,-9,3,12,18,5,11,5,-6,-9,-3,-1,10,6,0,-5,-9,-8,-5,0,-1,-4,-8,-4,-9,-9,-9,0,-3,-3,-3,-9,-9,-11,1,-2,0,-10,-8,-17,-8,-12,-6,-6,-3,-9,-16,-15,-12,-12,-17,-27,-21,-10,17,-8,-12,-21,-2,6,18,8,14,-29,-2,-9,5,12,16,5,25,-6,-1,-22,-4,8,7,18,28,19,-10,20,9,-5,9,-5,1,0,8,-4,-7,13,-4,6,-13,1,-7,-5,-5,6,-1,-11,1,-23,-12,-21,-4,2,-5,-5,-13,-8,-27,-21
2,-1,0,0,-2,0,0,0,6,0,-27,8,3,4,1,-1,4,7,-16,3,-1,1,0,1,5,-3,-41,-1,6,-4,6,1,4,16,-1,-5,4,0,3,-1,9,-14,2,-2,12,-2,-1,11,-8,24,24,-1,14,-6,3,-12,0,-1,1,-2,-2,-1,2,-1,11,2,-14,6,3,-1,4,9,-1,16,1,6,-7,5,-3,-2,11,-2,-7,-7,24,-9,-2,-1,1,3,9,2,29,3,20,-6,10,-3,-2,0,13,10,5,18,-4,27,-6,-1,3,2,-22,-2,4,17,-17,8,-5,16,-2,6,-2,12,-7,6,24,0,4,-1,21,-12,-4,20,0,7,1,0,20,9,-17,9,8,6,0,9,-4,35,-4,-8,1,4,20,0,28,-3,30,11,1,15,1,20,-7,26,-15,18,17,-5,17,-2,13,-6,17,-6,35,10,-9,16,5,8,29,10,16,16,23,-6,2,1,16,1,18,6,24,15,10,10,43,9,1,9,4,5,11,7,25,11,-8,1,-3,5,5,0,37,22,-16,17,14,3,11,13,38,21,5,15,1,12,-3,-15,13,17,-8,6,5,-17,7,1,17,23,-3,10,16,8,4,-8,21,14,-8,-3,-8,8,13,-24,7,23,-12,1,6,7,24,17,23,19,3,17,8,3,19,21,23,14,10,4,-29,11,7,27,18,4,-4,16,12,3,14,3,45,29,6,10,9,7,-14,23,3,22,-21,-17,17,3,-8,-9,16,-5,28,27,7,28,-6,-40,3,-29,31,6,7,-3,-2,-10,26,11,9,11,4,15,-1,2,2,-1,2,1,2,1,24,-22,-19,9,-36,1,-16,-4,5,-12,-8,4,-7,13,-7,5,3,4,-1,6,-1,1,1,0,6,-13,-9,-12,-3,-1,-3,2,4,12,-4,3,0,-3,5,-1,2,4,1,1,-1,1,-3,-1,-2,0,2,-1,1,0,-1,1,9,-11,-3,-6,4,-16,-4,-4,-10,-33,4,-13,-6,4,-12,-6,-18,-8,-8,-15,2,5,4,-3,14,-3,34,-16,-23,-1,-6,-1,-26,-18,-3,-23,-14,-10,-18,-9,-1,-17,7,2,-8,5,-7,-1,-9,4,-12,3,-10,3,6,-7,0,2,2,0,-2,-10,-6,7,17,-11,7,3,-5,4,-15,1,-17,-36,-1,5,-21,1,-7,-21,-25,-33,7,-13,8,2,-1,5,-3,-3,17,-13,-19,-12,-6,-12,-8,-31,4,-28,-15,-10,-16,-2,-17,-9,-1,7,-25,6,-5,-8,-10,-16,-11,-5,-11,-7,-2,-7,-8,-7,-4,-3,-3,-6,-23,-9,24,-18,-8,2,-27,-15,-31,-14,2,-33,13,-3,-7,-1,-17,-18,-18,-6,10,-24,7,-7,-7,9,30,-14,36,-32,-29,-13,-11,-11,-27,-23,-23,-12,-18,-11,-18,-13,12,-16,5,6,-6,12,-22,0,-14,6,-25,6,-21,2,6,-11,-1,3,-1,0,-10,-7,-7,-6,31,-9,8,36,-26,-20,-35,-30,1,-66,27,-56,-55,-29,-45,-49,-30,-14,27,-48,-12,-28,-21,-8,39,-23,45,-46,-56,-52,-17,-32,-32,-48,-6,-20,-51,-21,-23,-1,10,-34,16,21,-25,18,-35,-10,-35,-13,-28,12,-37,5,14,-14,-18,0,-2,-2,-24,-24,-15,-18
2,1,-2,-2,0,-1,2,-1,4,-5,2,-1,-2,0,0,-1,7,-4,4,-3,0,-2,-1,0,15,-9,13,0,0,-1,0,-2,4,67,10,-8,0,0,-2,-2,8,-18,11,4,-5,-1,-4,-2,13,63,3,1,-6,1,-16,-5,2,2,1,1,-2,2,-1,0,0,4,-4,1,1,1,0,6,2,1,6,5,-1,1,0,-2,9,5,7,1,-1,-1,-2,-1,-30,-11,-24,3,-1,5,-4,-3,6,28,11,4,-8,1,-2,3,13,4,13,16,3,0,-3,-7,16,19,0,4,-7,-9,3,2,-3,7,11,4,4,12,-14,-9,0,-1,5,4,-1,6,2,0,5,0,2,5,9,10,7,3,0,1,-2,8,4,0,1,1,-31,8,-10,0,1,0,6,0,12,48,12,6,0,-2,3,5,2,2,29,5,-11,2,1,0,13,-6,4,15,6,4,-1,-3,8,6,12,-4,-10,1,7,5,6,9,11,3,2,2,2,4,9,3,11,8,0,1,-6,1,12,6,12,9,4,2,4,4,-1,-1,-6,13,9,4,2,2,4,11,25,12,12,2,6,8,9,-2,3,-2,-5,0,-1,0,5,4,9,6,4,2,5,10,6,11,6,12,9,8,6,10,20,17,13,11,6,15,9,23,21,18,15,10,13,12,14,-10,4,12,14,18,4,10,11,9,-3,8,-3,12,18,4,11,5,20,68,31,30,7,12,15,15,18,20,14,9,14,9,1,13,16,35,16,-22,21,18,13,4,17,18,7,11,32,14,15,6,0,-2,-1,-2,1,1,-1,-1,-4,-13,0,6,-4,0,-4,-19,0,-13,-9,-8,-3,-3,-3,-4,-1,-10,-15,-3,0,-1,-2,0,-1,53,1,-4,0,-2,0,2,-26,-23,-15,-2,0,2,-1,1,0,-21,6,1,0,0,0,2,1,-2,2,1,1,0,-2,-2,2,-14,-5,10,2,5,12,1,3,-2,4,6,2,-7,0,0,-16,-6,-26,4,-7,-2,-5,12,-15,5,-9,-3,-7,-1,2,1,-10,60,-4,-6,-2,2,0,4,11,-23,12,-10,1,-4,0,3,-2,3,-7,-2,-1,-5,0,4,-9,7,2,3,4,-2,2,5,-4,-14,4,6,1,-3,2,-6,-9,3,-9,-2,-14,-7,0,6,2,-9,-4,2,-12,-2,0,5,5,0,-23,0,-7,4,-5,0,-15,59,-5,-6,-2,-3,2,-4,28,-19,-8,-6,-6,-1,-3,-2,-7,-5,-8,-2,-4,-11,-6,-2,3,-14,2,-3,-6,-4,-9,-1,-3,-5,-3,-3,-4,-6,-3,-2,-6,-9,-7,-11,-6,-8,-3,-4,5,7,-13,0,-6,-5,-2,10,-17,-7,-12,-9,-3,1,-7,2,8,56,-8,-14,-4,-3,-7,-3,1,3,11,-9,2,0,-4,-5,-1,3,-7,1,-1,-8,-7,0,2,-12,2,-2,-1,-4,-3,-3,-14,5,-51,23,-12,-14,-14,-23,-16,-10,-1,-7,5,-20,-24,-10,-6,3,-7,-3,-14,-4,-10,16,-17,-1,-23,-13,-15,-9,-15,-3,-22,50,-20,-18,-9,-14,-5,-10,9,-11,1,-14,-18,-13,-17,-16,-11,-17,-18,-10,-8,-22,-11,-5,-30,-17,-11,-11,-11,-14,-24,-6
2,2,1,-2,0,0,-2,-1,-1,2,-3,-6,-5,5,-4,-1,-1,-3,-1,-2,-9,2,-4,0,0,1,-1,-2,-4,0,-14,9,0,1,2,-2,-4,-2,-70,5,-1,-2,3,1,-2,-1,1,18,7,3,-3,-1,-28,9,7,4,2,2,-2,1,-1,2,-1,1,-3,-1,-7,-2,4,-4,9,-2,0,-6,-1,1,2,0,7,2,0,-3,2,-2,2,22,0,30,0,-11,2,4,9,-1,-23,-1,-6,0,-4,-3,5,-13,90,-11,-3,-1,-5,-6,16,-2,8,-5,-10,-61,2,3,-1,24,0,38,0,-22,2,19,1,19,-9,9,9,4,13,4,9,2,5,0,16,7,2,13,3,10,4,3,0,7,8,0,16,3,8,3,2,-9,9,10,1,10,-3,18,2,5,11,10,11,-2,75,-1,-2,4,2,5,4,11,12,20,9,2,13,-1,4,11,15,5,4,10,-2,16,1,7,9,18,2,5,4,4,10,6,10,5,5,7,8,6,9,9,12,4,9,8,4,4,7,14,15,9,9,1,6,-7,0,1,-3,7,7,10,14,12,20,20,55,33,1,1,6,-4,6,8,9,8,4,9,7,9,11,-1,19,4,0,-5,2,3,1,-6,-4,7,5,9,14,9,13,8,14,13,14,14,11,14,10,12,21,19,17,19,9,11,16,15,23,12,8,-1,20,17,6,25,10,26,18,4,10,20,37,17,83,31,10,-15,20,19,25,16,26,11,18,7,18,11,7,17,48,26,3,22,4,15,11,34,43,24,-1,-1,1,-1,2,0,-1,-1,-15,-9,-4,-15,0,-10,7,-8,-6,-6,-4,-5,-2,-6,6,-1,-5,-3,0,-2,-3,-7,-12,4,-1,0,1,-1,2,-1,26,8,0,1,-3,-2,0,-112,12,-117,1,1,0,-3,0,-21,11,-9,0,0,-2,0,2,2,2,-1,-3,5,-4,0,-29,-9,0,3,3,-6,1,-6,-6,-1,2,-5,6,-1,-16,-5,4,-43,-8,-41,2,0,-1,-7,-14,-14,-14,-3,0,4,-3,-3,-6,-10,33,-10,1,-1,0,-2,-11,-6,-1,-6,3,5,-3,-1,0,-17,-4,-10,-5,4,7,-8,-3,-7,-8,-4,-8,1,-7,-4,-1,-10,6,-3,-12,-4,-3,-4,0,1,-10,-11,-2,-6,0,-4,-9,-4,-11,4,0,-6,-7,-5,-1,-21,-12,-5,-1,-5,-3,-5,-1,-7,30,-5,-3,-7,-3,-6,2,-28,0,-9,-3,-4,-1,-2,-20,0,-10,14,-1,0,-2,-17,-8,-4,-15,-12,-1,-4,1,-8,-12,3,-1,-9,-3,-7,-2,-1,-6,-2,-14,-5,-9,-4,-2,-9,3,-18,-7,2,-4,-11,-6,-4,-1,-7,-11,8,-3,-7,-3,-9,-12,-19,33,-11,-5,-5,-8,-10,-4,-6,-14,-4,0,-8,-7,-6,-13,2,-14,0,1,2,-2,3,-6,-17,-3,-6,-15,-15,-26,-18,-13,-32,-11,-9,-9,-31,-4,-26,-24,-6,-15,-3,-16,-17,-11,-26,-6,-4,-6,-10,-10,-21,-7,-13,4,-13,-6,-6,-6,-15,-11,-14,-11,-20,18,-20,-9,-9,-6,-12,0,-16,-17,-19,0,-9,-8,-13,-16,-1,-25,10,-3,2,-8,-8,-17,-21,-13,-4
-2,-1,2,1,-2,-2,2,1,3,0,1,3,-20,0,6,-5,5,6,3,6,0,-25,6,-6,5,3,2,0,3,-1,-9,-8,5,1,-4,7,4,20,-2,-30,1,6,-1,9,19,-6,-8,-19,-16,11,13,29,13,25,13,24,0,0,0,1,-1,-2,-2,2,0,1,-4,-4,-8,6,-7,8,0,7,-2,0,-3,-5,12,-3,0,10,0,12,-1,-23,11,1,3,-10,7,2,7,9,-19,-3,-1,-1,14,1,15,13,5,7,-2,-5,-8,25,13,1,-5,9,8,20,-8,-16,-28,37,22,-7,-17,-3,11,16,-4,-21,9,2,0,-1,-4,14,-11,-2,9,-12,-1,-4,-9,-2,10,-10,-5,-8,0,15,-7,-11,6,7,2,0,-10,1,23,-2,-14,-10,17,-3,2,-2,2,30,4,10,-5,51,-6,11,-23,5,24,-16,31,-6,-2,9,15,21,3,32,-24,27,-7,13,1,-7,7,16,27,5,1,5,5,-2,11,7,6,6,0,8,5,0,-2,16,16,7,-4,0,7,-8,6,4,15,17,1,-4,15,-1,4,0,7,17,-5,3,6,1,19,10,20,11,-2,-24,11,-5,10,16,28,23,-21,0,21,-1,21,4,31,40,7,10,15,10,6,17,21,27,9,1,1,23,13,6,3,-2,2,4,-11,-4,20,22,7,30,12,11,0,-7,24,22,12,36,-14,-20,15,10,2,-12,36,28,17,-5,2,31,30,28,37,64,4,-6,20,0,29,36,43,31,-7,-12,19,30,31,38,45,69,7,28,-4,9,35,36,-25,29,0,0,0,-1,-2,2,2,-1,0,6,-15,-2,-9,-11,6,4,-2,-3,-6,-1,-3,-9,-1,1,-4,7,2,-1,-1,0,-11,-2,-3,2,4,3,0,7,-1,3,-1,1,2,0,-1,1,-35,10,1,6,7,7,1,-20,-8,6,1,-2,1,1,-2,2,-2,1,2,-6,8,-10,-4,-5,-4,-3,-1,-8,-3,-11,-4,8,-20,0,-18,4,-3,-8,2,-18,0,2,-12,9,6,-3,-2,0,-14,1,0,-3,7,-3,-4,-4,-11,38,5,-4,2,-8,16,-37,-6,-13,4,-3,-1,6,-8,-12,-25,1,1,3,-5,-1,-8,-4,-3,-7,-7,-19,-7,-1,7,-7,2,10,-18,-21,-11,-29,-21,-5,-5,-3,-10,-18,-7,-10,6,-21,-5,4,8,3,-1,-12,-5,4,-24,-3,-2,6,4,-6,-8,-4,-10,14,1,-3,-2,-2,13,-22,-14,9,2,-2,3,3,-4,-25,-12,0,-2,-8,5,-5,-19,-2,-4,-1,-1,-14,18,-5,-17,-15,-13,-30,9,-24,-19,-12,-28,-3,-19,3,-9,8,8,-14,-15,-4,-3,-7,5,2,8,-26,-24,3,-2,-34,-7,3,23,-23,-23,-60,-29,43,1,-6,-6,1,21,-24,-5,-16,3,8,6,-10,-28,26,-32,-22,1,3,15,10,4,-28,-1,-10,-15,-30,18,-1,-6,3,-13,-15,-1,-20,-26,-26,-3,-13,-35,-3,-10,-10,-1,-29,-5,-22,12,1,3,-1,3,-54,-34,24,-9,-26,-3,-5,12,-32,-24,-38,-28,43,0,-1,-14,2,41,-26,-8,-1,8,-1,2,-8,-17,29,-24,-45,-18,-5,14,5,1,-52,5,-3
0,-1,-1,-2,-1,2,-2,2,0,-1,1,2,13,-1,10,1,1,0,1,1,0,-70,0,2,0,-2,0,-1,-25,2,1,1,1,-1,1,-11,-1,5,1,2,4,3,-3,0,2,1,3,5,9,1,-5,-4,-7,-8,-13,-4,1,2,-2,0,-1,2,-2,2,0,-2,-2,5,8,1,4,2,2,4,4,-3,9,-4,-13,5,3,5,-3,7,0,-26,-4,1,2,5,0,3,-12,-2,-1,6,5,-1,0,-15,4,6,-5,3,0,2,-10,-8,-6,-7,5,-4,0,8,0,-3,0,3,-3,1,12,11,11,-4,3,3,-5,-1,6,-3,6,33,8,-18,12,89,8,6,-4,8,34,4,89,5,8,-21,4,6,10,72,9,-27,14,6,-17,0,47,4,19,2,1,-9,-1,32,6,-10,10,33,2,4,32,9,-26,11,6,5,10,41,1,-6,19,-3,1,-3,47,2,-35,9,2,-4,-3,7,5,3,3,4,2,8,7,6,1,0,0,-1,2,1,-2,2,6,7,10,3,8,-14,11,0,5,3,-1,1,-8,8,6,-5,-1,-6,-1,2,-4,-2,-4,-3,8,-1,5,-5,-6,6,-2,0,0,-3,4,-9,-7,10,2,-6,2,-9,1,-8,-10,4,-11,-3,15,9,7,7,10,-3,-5,11,3,8,5,9,10,15,46,6,9,5,9,10,11,-32,11,7,8,7,-3,11,-50,6,2,9,1,10,-3,-38,1,-23,5,2,2,1,9,3,-7,-3,3,-4,17,-5,-9,-8,6,11,8,6,18,-7,-13,-10,5,13,20,-3,-2,1,2,0,-1,2,-2,-2,-1,-6,5,4,-5,4,-16,22,0,-4,1,-4,-1,-62,-4,-19,-1,-2,0,-1,-33,2,-5,0,-3,0,0,-15,-8,-3,-2,1,0,-3,-10,-2,-5,0,0,-1,-1,-2,0,-4,-3,-2,2,0,1,1,1,1,-1,-1,-2,0,1,-14,-3,2,-14,-8,-10,15,-6,-11,1,-5,-4,5,9,-6,-3,-8,-7,-2,-21,24,3,-6,3,-4,-7,-6,-1,-27,-5,-40,-5,-8,-2,-4,-2,-11,-1,-5,-3,-1,2,0,-4,-1,-8,-2,0,3,-1,-4,-6,-4,2,-3,-1,-1,-2,-1,-9,-7,-3,-4,3,-16,-3,-11,-9,1,-7,1,-3,-5,-7,-11,-16,-3,3,-22,-4,-9,-11,-5,-7,14,1,-15,-5,-2,-11,-1,-10,-8,1,-7,-3,-9,-3,-6,-7,-11,-7,-3,-7,-4,-3,-2,-7,-6,-1,-2,-8,-5,-10,-7,-3,-8,1,-2,-5,-8,-5,-7,-1,-1,-2,-5,3,-14,4,-5,-23,-17,-37,32,-8,-11,-20,-23,-26,-34,5,-24,-12,-27,-17,-6,-13,35,-37,-26,-19,-13,-28,-17,0,-8,-16,-12,-13,-21,-15,6,-15,-16,-17,-3,-14,-15,2,-9,-16,-12,0,-7,-8,3,-12,-14,-13,-10,-8,-5,1,-6,-8,-7,-15,-6,-10,-9,5,-42,23,-4,-61,-24,-45,21,-32,-30,-21,-37,-34,-28,3,-45,-20,-52,-30,-10,-19,56,-42,-42,-23,-19,-36,-42,-2,-28,-21,-29,-23,-40,-20,6,-27,-39,-38,1,-24,-28,10,-21,-32,-19,-1,-13,-13,-2,-25,-23,-19,-22,-14,-21,5,-16,-19,-18,-21,-14,-26,-12
-2,2,-2,-1,0,0,1,0,1,-2,0,-2,0,1,0,-1,0,-1,-45,-1,0,-2,-1,-1,0,0,0,-110,0,0,1,0,-2,-1,1,0,-117,0,0,4,1,-2,0,-1,1,-58,1,7,-13,-5,-1,-2,-8,0,27,13,2,1,2,-2,-2,2,3,-2,-7,-1,-11,-1,-2,3,-2,-2,-5,-12,-6,-1,-3,1,1,-3,-3,-5,-37,0,-3,-3,-5,-1,1,-6,-2,-31,-2,-1,1,-2,1,1,-3,-1,-37,-7,-2,-8,1,-5,-4,-6,-4,-38,1,-4,-7,5,-7,-11,1,7,-38,-5,0,-7,-2,4,-2,4,-3,-7,63,4,4,-5,1,-1,9,-3,-9,63,-1,9,-1,3,-1,9,6,0,66,1,1,1,3,-3,5,10,1,68,-5,4,-1,-1,11,1,-7,-1,67,0,3,-6,2,-23,-11,6,-4,67,-2,-3,10,-20,-5,-15,-25,1,70,3,2,-7,-14,2,3,-17,2,67,0,-1,-5,-1,-2,0,-1,0,-1,-9,-8,-4,-4,-1,0,-1,0,-1,-38,0,2,-3,-5,1,-5,-16,-3,-3,2,-10,-3,2,-12,-2,-2,-8,-36,-22,-9,2,0,-10,-10,2,-20,-38,0,-2,-12,-8,-6,-5,1,0,-37,9,-14,6,-9,3,10,18,13,13,36,5,5,0,4,-4,7,-1,1,49,5,0,3,-8,0,12,-5,3,54,3,8,1,0,4,-4,6,-11,67,0,7,3,-13,9,9,11,-13,65,-1,1,-11,12,15,-5,3,-4,54,9,-8,-18,-36,3,14,21,-11,27,-4,-18,16,10,33,35,41,30,35,1,-2,-2,-1,0,0,-2,0,19,16,-6,-8,-15,-1,-13,-4,4,4,-33,-1,0,-2,-4,-5,1,0,2,-50,0,1,-2,-1,0,1,0,1,-51,-1,0,-3,0,0,1,0,1,-114,0,-1,1,1,0,1,-1,-1,-52,-2,0,2,0,2,-2,2,0,-2,3,-1,-10,-9,-13,-11,4,0,-2,9,-7,2,-8,-3,-6,0,-7,1,-25,-4,-7,-17,-3,0,-8,-1,-7,-32,-4,-3,1,-6,2,-3,-1,0,-31,-10,-3,-21,0,0,-1,-1,-6,-51,-22,1,3,-2,0,-3,0,-34,-35,2,-5,2,-5,-3,-5,1,2,38,-9,0,-3,-10,-9,-3,-12,2,0,-11,-5,-11,0,-4,-2,-10,-2,4,-39,-3,-2,0,-2,-2,-2,0,-1,-37,-3,-3,1,-4,0,-1,-3,2,-38,-1,-6,-1,-2,-1,-1,1,0,-85,-4,-6,-5,-1,-3,2,-2,-1,-20,-1,-1,-4,0,-2,1,-5,-3,19,25,-4,-7,-30,-16,-11,-10,-8,-10,23,-11,-8,-9,0,-46,-6,-5,-2,18,-20,-4,-11,-22,-57,-4,-11,-6,12,-13,-11,-8,-44,-2,-6,-16,-18,16,-7,-22,-44,-1,-5,-11,-11,-4,22,-13,-30,3,-3,-4,-3,-19,-7,33,-58,0,2,-1,-3,-6,-2,-19,61,6,-9,-39,-15,-44,-30,-36,-1,-7,4,-25,-40,-3,-9,-41,-14,-14,-44,-6,-39,-28,-35,-10,-20,-20,-25,-32,3,-17,-17,-25,-10,-9,-3,-5,-10,2,-9,-17,-21,-8,-3,-2,-6,-12,-15,-20,-35,-1,-3,-4,-5,-11,-23,-7,-47,-2,-3,-6,-6,-6,-56,-38,63
0,0,1,0,1,0,2,0,5,5,4,5,6,-4,-56,-66,3,4,3,3,4,3,-22,-29,4,3,3,3,4,4,0,-13,2,2,2,2,2,1,2,-1,0,-2,-1,-1,0,-1,0,-4,0,-1,-5,-3,-9,1,-1,-1,1,0,0,2,-1,0,-2,2,11,7,3,-9,-1,-32,-127,-66,9,4,11,-1,-33,-55,-7,-74,8,10,6,-1,-7,-38,-51,-114,9,8,6,2,-6,-6,-32,-26,6,8,10,2,-1,-19,-9,-32,9,6,6,5,4,0,-2,0,6,10,6,8,7,5,3,3,9,8,7,10,6,6,3,4,5,4,6,-4,-6,-38,-126,-98,2,6,-2,1,-3,-21,-105,-126,6,1,8,-5,-9,-72,-46,-118,-1,5,-1,0,-49,-43,-14,-19,5,-4,-8,-44,-25,-22,0,-24,-8,-9,-40,-30,-8,0,-5,-3,-15,-50,-37,-13,2,-1,3,-4,-55,-40,-19,0,0,1,1,3,-24,-24,-26,-30,-26,-21,-39,-22,-8,-11,-10,-15,-12,-9,-20,-26,-5,-9,-5,-9,-9,-20,-47,-37,-6,-8,-5,-9,-8,-18,-44,-27,-6,-5,-7,-6,-4,-14,-25,-22,-7,-8,-3,-5,-4,-11,-39,-22,-11,-10,-5,-11,-2,-12,-25,-23,-12,-12,-6,-8,-7,-8,-15,-20,-30,-35,-30,-19,-31,-12,-28,-17,-29,-36,-15,-26,-31,-20,-37,-37,-4,-12,-33,-33,-18,-54,-17,-56,-39,-35,-36,-10,-29,-26,-36,-65,-36,-28,-39,-25,-26,-32,-44,-32,-16,-62,-21,-27,-21,-31,-42,-35,-48,-30,-49,-20,-25,-29,-40,-63,-31,-32,-34,-32,-28,-26,-41,-54,2,2,-3,-2,0,2,-1,2,-4,-10,-1,-3,-3,19,88,51,-4,-2,-2,-2,-4,9,55,62,-5,-2,-2,-4,-2,1,27,31,-3,-3,0,-3,-2,0,3,15,-2,-2,-1,-1,-3,0,1,3,-1,0,-1,0,0,2,3,2,-2,-1,-1,2,2,1,1,2,1,-6,-3,-1,3,3,1,1,-1,-2,-4,-4,3,-2,-9,5,-2,-10,0,-1,-6,1,2,7,-4,-4,-6,-3,1,0,-3,2,-6,-4,-6,-2,-3,-1,0,1,-4,-3,-5,0,-1,0,3,2,0,0,-8,-3,-2,1,2,2,2,-4,-4,-3,-1,-2,-3,-1,0,-3,1,3,1,-3,-4,-1,-3,-2,-2,0,1,1,6,-4,2,-12,-5,-4,1,4,1,6,2,-5,-8,-1,6,2,-5,0,-5,-5,-1,2,-1,-2,2,1,-2,0,1,-1,-1,-1,1,0,3,2,1,-2,0,-4,0,-2,3,2,1,5,-4,-1,-2,-2,-5,-1,-1,-7,-7,-3,-4,-1,-1,-7,-6,-9,-2,-4,-12,-14,-4,-8,-7,-10,-17,-5,-4,-6,-7,-6,-5,-4,-3,-6,1,-7,-4,-5,-12,-4,1,-3,1,2,-5,-5,-8,-2,-3,-1,1,5,-5,1,-2,-1,1,0,3,7,-1,-1,-1,0,1,2,4,6,-11,-10,-15,-15,-22,-14,-4,0,1,-9,-5,-17,-10,-17,-9,-7,-2,-3,-11,-26,-29,-5,1,28,2,-4,-1,-4,-12,-13,13,8,-2,-1,-5,-7,0,2,-3,5,-2,-2,-1,-3,5,-10,-4,-6,-8,-3,-5,-2,-8,2,-9,1,5,-1,-7,-7,2,-10,-23,-8
-2,0,2,2,-1,2,-1,-2,1,1,2,3,3,2,4,3,0,0,1,2,2,2,2,4,0,-1,1,2,2,1,0,1,0,0,0,0,-1,-1,-2,0,-3,-5,-2,-1,-2,-4,-2,-3,-5,-3,0,-6,-2,-2,-8,-33,-2,2,1,-1,1,-2,-1,0,11,12,4,9,9,8,10,5,10,14,12,7,9,8,12,8,11,9,9,8,8,9,5,9,12,7,8,7,7,7,9,8,8,9,5,9,8,6,9,9,7,7,3,3,0,6,2,6,5,1,4,13,4,-1,5,2,5,12,11,7,8,6,7,-2,3,7,4,2,0,2,4,1,4,1,6,2,4,1,5,4,4,4,2,1,1,5,6,3,6,1,-1,-3,-1,4,5,5,4,4,-1,-3,-2,6,3,4,1,-4,-2,1,2,-2,2,-2,3,1,-1,3,-2,0,-7,2,6,-1,5,4,0,0,3,1,14,13,11,16,14,11,12,10,13,12,15,11,15,12,10,9,14,14,13,12,12,10,10,10,14,12,8,16,10,8,10,13,9,10,12,16,12,9,15,9,14,13,10,18,16,10,15,12,13,13,14,15,18,11,16,12,8,11,10,14,16,12,10,12,43,39,41,42,40,33,40,46,33,39,42,43,40,40,-1,40,38,40,41,39,37,38,38,39,43,36,29,39,43,43,39,41,41,34,33,42,36,-25,41,5,-35,21,31,22,30,20,44,34,35,15,28,2,25,36,28,37,32,16,25,25,18,35,32,26,1,-2,1,-1,0,-2,-2,2,28,10,-93,10,11,-42,22,-44,4,-3,-5,-6,3,-8,2,0,0,-6,-6,-4,0,-4,0,-2,0,-3,-3,1,-3,0,-1,-1,1,-2,-2,0,-2,2,-1,1,0,-3,-3,0,-2,0,-2,0,2,-2,0,-1,2,1,1,-1,-7,-10,-18,18,-1,-21,-22,-21,-9,-21,-88,4,-14,-24,-17,-9,-15,-18,-36,-16,-30,-29,-10,-19,-14,-14,-18,-26,-13,-16,-10,-21,-11,-18,-13,-14,-15,-15,-15,-13,-11,-11,-12,-12,-13,-11,-13,-12,-12,-12,-11,-10,-11,-12,-16,-11,-10,-11,-10,-10,-10,-13,-12,-13,-13,-18,-22,30,-9,-16,-19,-12,-13,-21,-18,7,-15,-21,-11,-20,-18,-23,-25,-17,-21,-19,-19,-13,-16,-20,-14,-23,-14,-12,-15,-15,-13,-13,-17,-13,-18,-10,-12,-13,-10,-13,-10,-14,-13,-14,-12,-12,-13,-9,-14,-11,-12,-10,-14,-7,-4,-9,-10,-10,-11,-14,-7,-11,-96,-105,-111,65,-72,-100,-61,-114,-24,-36,-37,-6,-30,-43,-39,-27,-39,-37,-40,-39,-42,-36,-45,-26,-38,-43,-38,-48,-34,-41,-38,-33,-34,-35,-32,-40,-34,-32,-35,-25,-23,-29,-29,-28,-27,-25,-24,-20,-22,-27,-27,-22,-21,-20,-26,-19,-20,-21,-23,-22,-20,-21,-22,-20,-52,-47,-48,77,49,-109,-52,-55,-50,-57,-57,30,-59,-44,-52,-50,-47,-51,-51,-50,-43,-47,-59,-49,-42,-50,-42,-58,-40,-50,-49,-46,-48,-46,-47,-53,-49,-44,-46,-41,-48,-46,-47,-48,-46,-44,-47,-47,-47,-44,-45,-46,-45,-45,-47,-29,-35,-46,-45,-46,-46,-48,-41,-43
-1,-1,-2,1,2,1,1,2,-127,-6,19,12,5,4,3,1,-127,-10,8,5,3,3,0,3,-97,-1,10,3,3,3,2,0,1,0,5,-2,1,-1,0,0,-3,3,3,0,-2,-4,-3,-3,2,11,0,-6,-3,-3,-10,-6,0,-1,1,2,-1,0,1,0,0,8,8,10,10,12,6,16,-106,5,12,9,6,11,14,11,-9,-1,2,16,14,5,11,8,-5,3,4,8,9,11,17,11,-1,3,-2,8,11,13,6,10,1,7,10,5,4,8,13,11,2,2,8,6,16,7,6,7,-3,14,0,12,8,1,8,4,-1,1,1,4,6,3,10,4,-21,-3,3,6,4,2,4,3,-16,-6,2,4,6,4,12,5,-6,-4,5,3,1,9,6,7,9,1,9,2,3,-2,4,-1,0,7,4,5,-1,1,-2,3,3,5,4,-4,5,-2,-5,0,4,13,0,2,-3,-2,-2,8,51,11,6,6,5,8,7,4,49,12,1,4,3,8,6,2,41,5,4,7,5,8,-1,3,26,3,8,6,9,7,5,8,12,2,2,8,5,4,3,2,16,-4,-7,2,1,0,6,2,9,2,-1,4,3,-1,3,4,11,1,2,11,4,13,3,8,45,11,5,9,7,10,13,5,35,14,9,12,9,13,13,16,17,13,9,10,12,10,4,15,8,3,12,23,5,12,25,14,24,16,13,17,6,11,3,12,12,0,15,-4,19,13,17,7,12,10,12,23,-3,1,1,6,18,12,15,14,13,-5,4,22,0,2,2,-2,2,2,2,1,-38,-39,-25,-5,-8,1,-11,-11,-118,-54,-3,-4,-2,1,-2,-7,-41,-25,-4,-1,-2,0,-1,-4,-31,-13,-6,-6,-3,-3,-3,-4,-22,-2,-6,-3,-6,-6,-5,-5,-14,-6,-8,-8,-4,-6,-6,-4,2,-2,2,2,-1,-1,-1,-2,-8,1,-9,-3,-11,-10,-10,-12,-3,-11,1,-7,-9,-4,-6,-8,-5,-29,-8,-8,-14,-10,-11,-18,6,-24,-6,-9,-16,-9,-12,-9,0,-8,-7,-9,-7,-10,-16,-10,-11,4,-9,-10,-8,-12,-17,-8,-3,-8,-13,-8,-11,-10,-10,-11,-7,-6,-13,-11,-11,-14,-8,-7,-7,-2,-7,2,-4,-6,-16,-8,-5,-1,3,-6,-6,-4,-15,-5,0,-18,-8,-3,-10,-6,-8,-12,4,-17,-4,-1,-7,-8,-5,-3,-1,-13,-11,-3,2,-7,-12,-9,0,-4,-5,-6,-6,-5,-1,-4,-3,-10,-7,-9,-5,-4,-3,-5,-1,-7,-6,-5,-6,-3,-5,-4,-10,-6,-3,-1,-6,-2,-8,-8,-4,-10,2,-7,-6,0,-7,-6,-12,-20,-4,-1,-7,-6,-14,-6,-11,-15,-7,-7,-10,-6,-8,-11,-8,-17,-10,-6,-3,-5,-9,-12,-6,0,-3,-6,-11,-10,-10,-13,-3,-7,-8,-7,-9,-9,-11,-8,-2,-6,-3,-4,-8,-7,-7,-6,-4,15,-11,-22,-23,-24,-21,-24,-9,-22,-12,-11,-14,-24,-33,-20,62,-76,-19,-12,-30,-17,-26,-30,44,-66,-25,-20,-40,-17,-17,-27,28,-106,-25,-20,-12,-18,-26,-24,2,2,-12,-11,-19,-12,-11,-21,-4,-22,-18,-9,-11,-15,-19,-14,2,-16,-10,-13,-13,-8,-10,-15
2,-2,1,2,1,-1,1,0,6,-3,-4,2,3,-4,0,-5,0,11,-2,0,-2,-4,-1,2,5,-6,19,-3,5,6,-4,3,-15,3,37,7,-3,3,3,-1,10,-5,-12,10,-8,-4,-12,-3,17,32,-1,-4,5,-5,20,-14,-2,-2,0,-2,-2,1,0,-1,6,-1,-5,-2,-4,-2,3,4,-6,14,-8,19,-11,-8,-10,0,9,-11,3,-6,10,1,-4,18,0,-8,-35,22,5,-3,-7,-4,20,-15,3,-3,-10,-2,2,-19,3,20,-15,-16,-8,-29,15,6,16,-10,15,-11,-24,4,7,6,-5,-16,0,-4,-40,-4,4,-12,-7,-15,-9,20,0,-5,5,0,14,-4,-2,-2,15,-9,-11,-4,8,12,-9,-15,5,4,4,8,3,3,14,-13,-15,4,18,-5,-12,-2,35,-5,-8,-10,-5,-6,9,-22,-14,6,-2,-3,-14,-2,4,14,-28,5,16,-16,2,-15,-6,-3,5,-9,-12,27,2,-10,9,7,6,4,12,9,-3,13,0,13,-5,-5,5,6,23,1,6,-1,0,-6,7,-6,14,2,11,18,-28,-17,13,-4,-7,11,9,-5,0,1,7,13,4,8,-1,17,0,-4,-2,2,0,-4,7,8,-6,1,-8,12,-2,4,15,12,6,3,26,13,27,6,4,7,-6,14,8,10,8,21,-5,7,-8,1,14,4,9,-11,7,5,-7,-10,14,0,16,11,3,16,-11,-12,-8,8,4,19,-9,-24,9,6,-10,11,-4,4,16,-21,-7,-25,-15,11,-23,0,0,19,-18,-5,27,-19,6,-10,-3,-14,-27,16,10,5,-6,0,1,-1,1,1,2,1,1,-1,0,-14,-29,8,-27,-13,-3,4,-7,7,-17,-1,0,3,-3,-9,-1,-3,6,-1,2,-7,-3,-6,0,-4,-5,-2,-1,-2,3,-2,3,-6,-2,-4,1,0,-3,-3,3,-5,-3,-8,0,-1,-2,0,2,0,0,-2,-1,1,-2,1,6,7,-12,4,11,-3,14,1,-4,-14,-7,-17,-7,-9,-16,24,5,21,-13,-25,-16,20,-17,-12,-7,6,18,-14,-17,-6,0,-8,-12,8,-10,2,-9,-9,15,-5,0,3,-2,1,4,-4,-11,-1,-3,-1,-8,-9,1,1,-3,-4,3,-2,2,-7,-5,6,0,3,1,3,-6,-5,-1,-6,-1,1,6,-22,-5,-24,-11,-6,-21,15,-14,26,-7,-13,-20,12,-7,-13,1,-7,24,-15,-21,-6,-14,-16,-6,17,-8,11,-10,-10,17,3,11,4,-7,1,12,-7,-7,-1,-4,-5,-2,-13,-3,-3,-7,-2,-3,-2,-3,-2,-4,0,1,11,-5,2,-8,21,15,-10,5,-19,-23,-32,-13,-14,10,19,-24,15,-18,16,-33,-39,-30,16,-30,-22,5,5,20,-29,-38,-10,1,-21,-15,16,-17,5,-8,-5,30,6,1,-2,-13,14,10,-17,-17,-4,-5,-7,-15,-23,6,-22,-10,-12,8,-1,5,-13,-16,9,-4,4,-17,18,3,31,5,-5,14,-75,-22,-67,2,-68,22,17,-83,26,-62,31,-61,-92,-74,38,-75,-52,2,-28,25,-88,-79,-10,12,-67,-103,21,-38,-1,-67,-25,41,13,6,-17,-29,2,7,-40,-60,-17,-25,-27,-34,-51,15,-50,-30,-40,13,-6,1,-21,-27,21,-18,25
0,2,0,-2,2,-1,-1,-2,0,-8,1,0,1,-1,0,0,22,-17,8,1,0,-3,0,0,3,85,4,1,0,-1,-1,1,2,-11,13,-3,1,-1,1,-1,8,-14,3,-6,-1,1,0,0,10,0,-2,-1,2,1,1,0,-1,-2,2,-1,0,0,1,-2,-2,3,1,6,-2,2,3,-3,12,4,11,3,3,6,0,5,5,-9,3,14,2,2,-2,1,7,-8,-7,2,1,-2,1,0,7,4,6,13,4,2,3,1,26,6,5,0,15,1,6,2,6,-1,1,7,0,10,1,2,1,11,5,12,7,1,-3,1,7,4,3,5,-4,5,4,3,2,4,2,-2,7,2,3,1,5,2,-5,7,4,-2,1,0,6,47,1,6,-1,1,3,3,0,2,25,1,3,-3,2,2,9,-9,6,9,0,7,0,3,9,4,-6,3,21,-2,5,-6,6,2,2,-6,7,16,-2,3,5,11,6,6,4,6,5,6,8,3,8,6,2,5,4,4,10,8,5,6,6,0,4,7,4,12,16,14,8,4,10,7,12,3,-3,0,-2,6,1,10,3,12,6,4,1,0,3,7,6,14,11,9,6,5,7,8,0,8,13,16,5,3,7,10,22,18,13,12,13,15,13,10,10,14,17,10,11,20,14,5,11,16,5,16,12,11,13,16,4,38,14,12,9,10,11,14,6,4,5,10,4,4,6,5,11,-4,12,16,-4,1,10,10,11,8,6,17,-13,6,21,5,14,6,2,-2,3,11,23,12,1,1,2,0,2,-1,2,2,4,-15,0,-12,-13,0,-15,-3,3,-6,-2,-2,-5,-3,-6,-1,4,1,-5,-3,-3,-3,-3,0,-9,-6,1,-3,-2,-1,0,0,-5,-3,-5,1,-2,-1,1,0,-2,-5,-2,-2,0,-1,1,1,-1,-1,-1,1,1,0,-1,-2,4,-8,6,-4,-4,-3,1,-4,-5,-12,-13,-11,-6,-4,-6,-5,-9,-3,-8,-6,-14,-4,-6,-3,-13,55,-16,-7,-1,-7,-3,-4,23,-14,38,-13,-9,-6,-5,-4,0,-10,-1,-5,-5,-4,-6,-3,-5,4,-10,0,-5,-5,-1,-2,-9,1,-5,1,-2,-4,-3,-6,-3,-3,-4,-1,-13,-4,-4,-9,-7,2,-3,-15,-6,-2,-11,-6,20,-15,-12,-10,-8,-6,-3,-7,-20,72,-19,-9,-6,-7,-4,-6,29,-13,44,-7,-10,-7,-9,-8,2,-3,-5,-1,-10,-10,-7,-4,2,-7,-10,-6,-4,-6,-5,-6,-4,-6,-6,-1,-10,-2,-4,-6,0,-13,6,3,-15,-2,-15,-13,7,2,-19,-18,-8,-12,-17,-12,-8,-24,-14,-15,-13,-12,-14,-11,-7,67,-18,-15,-8,-14,-10,-9,18,-1,52,-1,-4,-14,-10,-9,-5,-8,-6,-5,-13,-6,-13,-8,-7,-5,-11,-8,-14,-14,-7,-7,-7,-5,-11,-7,-6,-7,-6,-6,-14,-11,9,-29,-27,-10,-36,-21,-12,20,-24,-50,-9,-32,-35,-33,-22,-30,-31,-16,-26,-19,-29,-29,-18,84,-32,-27,-34,-21,-23,-17,22,-17,76,-20,-23,-23,-22,-21,-8,-22,-22,-17,-28,-17,-22,-15,-13,-18,-20,-17,-18,-25,-16,-25,-16,-14,-16,-13,-15,-14,-27,-14
-2,0,-2,2,-3,0,-1,-2,0,-3,0,-5,0,-2,-1,3,0,0,-1,-4,2,-2,0,1,-1,3,0,-2,4,-4,3,3,4,12,0,-2,5,-3,1,1,2,2,5,24,22,35,1,-3,12,-4,13,19,26,23,19,-21,1,-2,1,-1,2,-1,1,2,5,2,15,-2,9,6,3,6,4,7,4,6,1,5,3,4,12,4,2,4,11,2,2,3,11,6,12,4,11,11,0,-1,1,6,4,7,12,6,14,2,6,1,10,34,6,20,17,4,-6,10,21,12,-12,-5,17,16,17,11,12,12,-22,-6,7,10,-6,5,2,15,10,14,14,13,14,1,4,8,9,9,9,8,5,13,7,5,3,13,9,6,17,7,20,8,1,3,13,1,10,13,7,3,0,-9,7,25,2,12,6,10,21,-23,25,-18,8,-13,-2,18,-16,31,-12,1,9,2,6,-1,16,2,23,-3,11,10,9,7,13,0,4,3,4,14,2,20,11,19,-4,8,10,4,19,4,9,4,-3,4,5,15,15,14,33,11,11,13,6,14,1,4,27,2,-4,6,10,5,-5,-15,23,-15,-29,-2,17,26,6,14,33,0,4,-10,6,8,-15,9,23,4,1,-3,19,20,16,20,20,22,20,14,11,19,18,22,10,32,19,35,23,22,25,13,17,22,13,16,27,24,26,18,17,27,10,7,29,35,26,14,28,17,14,14,28,45,9,8,10,-22,7,-40,40,25,31,19,-23,10,-45,-8,23,36,12,18,12,12,-2,-2,2,1,1,0,-2,-1,-2,-1,11,1,-1,-11,20,-3,8,8,0,1,-3,-2,0,-6,-8,10,1,-3,4,-6,5,0,0,2,0,-5,-2,-10,6,-5,0,1,-3,-3,-9,-6,16,-7,1,4,-5,-1,-6,-9,46,-3,17,3,2,-1,2,0,1,-1,-1,2,2,4,3,-7,-6,-3,1,3,-1,-1,-10,-20,14,1,-10,-6,-10,-5,-6,-12,-7,-25,0,6,-8,-3,-3,-10,-11,0,-7,-4,-6,-9,-2,-10,-10,-3,-3,-2,-6,-8,-11,-17,8,-9,-12,-7,-6,-11,-8,-10,30,-6,4,-7,-5,-10,-19,-14,5,-10,-5,-5,-8,9,-4,-4,-17,1,-14,-10,0,1,8,-9,16,1,2,-11,-4,0,-10,0,-10,-5,-34,-1,-7,-13,4,-12,-18,-10,-7,-13,-17,-3,-7,-14,-13,-14,-9,-12,-4,-8,-18,-12,2,-12,-14,-3,-6,-18,-14,-11,23,-10,-3,-18,-20,-9,-12,4,-3,23,-26,-8,-16,-10,-7,-4,-36,-24,-19,-8,-11,-12,-1,-7,-9,-16,-2,-3,-12,-4,-17,-3,-24,-12,-5,0,-15,-9,7,-11,-23,-3,-14,-4,-9,-11,-5,-9,-19,-12,-6,-6,-11,-8,-17,-15,-10,-21,-22,-14,-8,-15,-9,-3,40,13,10,1,-19,-11,-23,-18,59,-13,-4,-8,-18,9,-12,-18,-34,-5,-33,-25,-3,-6,1,-9,10,-27,6,-17,-12,6,-40,-7,-19,-25,-6,-5,-27,-3,8,-20,-28,-22,-24,-8,-12,-27,-2,-24,-25,-14,-13,-8,-11,-14,-26,-20,-7,-19,-12,-3,-20,-23,-24,-13,29,22,-3,-6,-26,-25,-25,-21,33,-12,-17,-16
-1,1,1,1,2,0,-2,2,5,5,3,4,-2,0,-1,0,9,7,3,2,-2,2,-1,-1,6,5,5,5,-3,1,-2,0,6,3,8,1,-40,-2,0,2,21,9,3,1,-3,0,8,0,-11,4,-7,-5,-23,-5,-14,9,-2,2,-2,-2,2,-2,2,0,-2,-5,2,1,12,-6,-3,-4,-1,16,2,-7,-9,19,-5,9,-5,-5,1,34,3,19,-7,-7,8,20,25,-16,-12,-5,38,-3,9,-7,14,-3,54,-12,1,-2,0,11,35,-9,-4,-14,41,3,-1,5,-4,37,-7,28,-22,5,5,9,-2,-3,-27,-18,7,23,9,-3,1,-4,1,-4,-1,6,3,10,12,4,-1,6,-1,14,-3,6,10,-2,1,-2,24,-12,-8,-1,6,18,3,25,-11,13,6,-2,26,-5,39,-12,9,-4,2,14,-11,21,-11,8,0,-5,11,10,14,-5,-12,-16,19,-14,6,25,-6,9,-21,-7,13,39,-4,-2,-1,9,10,2,2,-1,-5,-7,4,9,14,-1,-5,2,-11,5,-10,2,6,4,-4,-4,-2,11,2,11,17,20,10,11,16,28,29,18,20,28,2,10,15,13,-5,16,4,7,0,21,13,16,7,4,14,8,11,12,5,14,-10,1,10,6,-6,5,5,3,5,7,17,6,17,13,3,12,1,8,23,8,11,8,-19,3,9,-4,19,8,27,1,-4,4,2,31,16,29,-9,22,18,7,38,25,44,30,21,23,25,27,6,30,29,38,20,3,20,26,24,9,25,4,24,8,16,35,17,22,20,11,15,25,1,2,1,-1,-2,2,0,0,-23,-22,-10,-8,0,-18,-4,-6,-1,-4,-5,-4,3,-2,-9,2,4,11,0,6,-5,6,6,0,3,0,5,1,11,-2,-3,-1,-1,-1,4,-53,3,-59,1,3,0,0,0,-7,5,-4,3,0,2,0,-2,1,2,2,1,0,-7,-14,-6,17,37,7,-9,-3,-9,-8,9,11,-18,-6,-1,3,1,-18,-16,-19,11,-81,-5,-23,5,5,4,-7,-8,2,-15,-3,-3,0,-1,4,31,-2,-19,-8,3,3,-13,-5,-5,-3,-28,-2,1,8,0,-30,1,-9,10,-2,10,-4,2,-4,-6,-12,3,-9,-17,-13,3,2,15,-14,-4,1,-11,-11,-6,-5,-21,-6,-4,-6,2,-28,-14,2,6,-10,-30,-7,6,-1,-2,-12,1,-11,-7,-8,0,-3,-4,3,30,-4,-18,-13,0,4,3,-22,-7,-15,2,-5,-7,8,-31,3,-7,5,-28,-1,6,-3,1,-2,-10,-2,-6,-18,-23,-17,23,22,20,-12,0,-2,0,8,-17,-13,-5,0,-19,1,8,-1,-9,9,-14,-5,-6,-21,15,11,2,-3,-11,-2,1,3,0,0,-7,1,32,-42,-24,-19,-3,2,1,-10,-35,-5,-7,-13,6,10,-3,-12,-1,2,-14,3,-1,4,-5,-10,-28,-8,-4,2,-75,-21,31,29,39,-7,-15,-2,3,-10,-10,-18,-20,11,-36,-7,1,-41,-5,38,2,-22,-33,-43,24,0,4,-27,2,-9,1,-1,0,6,-21,13,36,-29,-34,-20,23,5,3,-10,-19,-3,-4,-2,11,14,-10,3,-9,13,-14,-2,0,-3,2,-3,-16,-5,1,14
-2,-1,0,-1,0,-1,-2,-1,0,4,2,1,1,0,-5,-3,3,3,1,0,5,-6,-3,-5,2,5,4,2,4,-1,-1,-3,4,4,6,1,6,0,-1,2,4,7,6,6,6,5,0,3,4,0,-3,1,10,4,1,5,2,1,0,-2,0,-1,-2,-1,6,9,14,13,11,12,9,4,11,13,14,8,14,8,5,5,11,13,12,15,10,10,11,10,14,13,14,10,9,14,9,4,18,11,13,16,11,13,11,12,21,18,14,15,21,16,11,11,13,14,15,19,16,20,7,10,10,14,6,24,17,19,9,11,11,16,7,14,6,18,11,12,13,10,14,9,14,13,12,12,9,12,11,15,17,14,9,15,16,11,14,14,12,19,14,9,14,11,13,10,18,17,14,9,16,13,13,15,16,15,11,14,14,16,13,16,24,18,13,16,16,12,18,18,19,16,12,13,17,16,17,14,12,12,16,15,11,17,16,19,20,11,13,14,17,23,22,23,13,22,21,19,24,24,26,17,22,18,20,19,18,26,25,21,20,20,16,20,25,17,23,27,26,23,28,18,24,23,22,25,26,26,26,16,25,25,25,28,29,31,33,29,28,24,21,25,17,29,29,26,27,25,27,22,24,27,26,29,22,30,24,35,25,44,28,34,32,31,26,28,34,26,37,26,35,36,33,31,26,32,28,31,43,37,38,32,33,31,30,32,39,45,34,36,41,31,30,36,35,48,45,43,36,38,37,34,-1,1,0,-1,1,1,-2,2,-9,-5,8,-33,33,-27,-5,-25,-5,-2,-15,18,-15,17,1,2,-4,-4,-3,-3,6,7,4,1,-4,-3,-3,-2,1,1,2,0,-3,-4,-4,-4,-1,0,-3,-1,-3,-4,-4,-5,1,-2,-3,-2,0,1,0,1,2,-1,-1,-2,-5,-9,14,15,12,1,8,4,1,15,-37,6,-1,38,-30,-2,-2,-22,28,-25,26,-54,15,10,0,-7,-16,8,-11,23,5,2,-7,-2,-5,-3,3,3,2,4,-6,-5,-5,-9,0,-3,1,-4,-5,-8,-8,-7,-3,0,-3,-2,-9,-7,-4,-4,-5,-2,-5,-2,-8,7,-6,27,-16,30,-9,5,5,-10,18,-29,31,-35,6,-5,-10,19,-18,17,-19,24,-23,6,15,-23,12,-10,10,-13,24,-14,-25,12,-8,5,3,5,-11,13,5,-10,4,-10,3,-8,0,-14,-9,0,-9,0,-8,1,-9,1,1,-8,-2,-12,-1,-11,1,-5,-8,-2,-1,-4,7,9,-4,-7,-6,-4,-10,20,-31,7,-10,-3,0,2,9,-2,4,-7,-4,-3,-5,-1,-7,-6,-10,4,-3,1,-6,-10,-8,-2,-2,1,5,-1,-9,-8,-7,-5,-7,-1,-5,-7,-10,-11,-11,-6,-11,-4,-8,-8,-7,-8,-10,-10,-15,-11,-8,-9,-21,-14,-27,-27,-61,-5,-25,-11,-24,-29,-10,-41,-27,-31,-21,-17,-28,-8,-25,-11,-26,-1,-9,-18,-16,-38,-18,-22,-15,-24,19,-21,-30,-16,-25,-18,-9,-12,-9,-3,-10,-24,-17,-20,-18,-16,-14,-22,-22,-21,-21,-12,-26,-21,-22,-14,-16,-18,-13,-23,-22,-19,-16,-19
-1,-1,2,-2,-1,-2,1,-2,4,5,6,4,6,9,8,3,3,6,6,6,8,8,7,4,4,5,7,6,7,7,4,1,4,6,5,6,4,4,3,0,3,3,5,9,9,4,-2,-6,-2,3,6,15,5,3,-2,1,2,1,-2,-1,1,2,-1,-1,18,18,20,21,16,23,15,18,16,17,20,22,20,22,17,16,17,17,22,17,20,19,23,16,16,17,15,21,17,15,12,19,18,21,17,18,16,16,17,14,14,4,18,8,20,12,17,6,13,14,10,6,14,16,-2,1,7,3,12,5,-1,7,2,-3,21,23,19,20,18,20,25,23,23,21,23,20,21,24,22,26,20,21,21,21,23,21,19,22,15,17,20,23,22,21,18,20,17,19,18,20,23,17,18,17,17,18,19,17,21,16,18,16,20,20,22,18,12,13,7,17,22,16,17,20,13,7,12,18,27,28,32,32,32,31,28,23,27,27,25,32,26,28,23,25,29,24,28,31,26,34,29,24,27,22,28,28,27,25,24,28,26,24,27,25,21,28,29,28,24,23,22,24,23,19,22,17,24,24,22,24,23,21,23,23,20,14,14,10,17,13,18,17,51,55,52,52,52,49,45,49,51,48,50,53,50,45,45,50,54,47,44,47,46,50,40,46,48,38,44,48,50,49,42,46,53,41,41,41,38,42,50,44,38,25,40,29,37,36,49,41,24,47,22,10,19,33,39,38,17,32,33,28,27,29,25,39,2,0,-1,-1,-2,0,2,-2,-3,-20,1,6,-39,-7,-2,11,-7,-12,-5,-4,-10,-1,-4,-3,-8,-8,-3,-4,-5,-4,-1,-2,-4,-3,-3,-6,-6,-4,-3,1,-2,-5,-5,-5,-4,-4,-2,2,-2,-3,-5,-6,-2,-4,0,2,1,-1,-2,-2,-2,-1,1,2,-17,-34,-16,-13,-32,-28,-35,-8,-31,-59,-40,-7,-42,-21,-29,-30,-16,-36,-103,-45,-31,-61,-14,-37,-22,-24,-33,-24,-23,-23,-22,-18,-21,-20,-22,-19,-24,-19,-20,-22,-20,-19,-20,-18,-19,-18,-21,-18,-19,-18,-19,-17,-18,-18,-17,-19,-15,-18,-13,-16,-20,-17,-16,-14,-16,-22,-14,-7,-31,-18,-27,-10,-13,-24,-46,-28,-47,-24,-37,-29,-31,-35,-35,-30,-39,-37,-25,-30,-33,-21,-24,-18,-20,-25,-28,-19,-25,-23,-19,-19,-22,-23,-24,-31,-23,-23,-24,-20,-20,-21,-24,-22,-22,-24,-20,-22,-18,-19,-17,-25,-23,-22,-22,-19,-22,-15,-21,-20,-24,-18,-12,9,-36,-30,-25,-21,-33,-25,-30,-40,-40,-26,-24,-19,-28,-30,-21,-30,-32,-28,-21,-28,-29,-23,-30,-27,-21,-20,-17,-22,-28,-23,-28,-27,-25,-19,-22,-27,-27,-23,-28,-26,-24,-22,-24,-26,-24,-25,-26,-26,-23,-23,-21,-21,-27,-25,-29,-31,-33,-29,-26,-27,-19,-31,-9,34,-35,-31,-32,-24,-24,-22,-42,-94,-80,-53,-24,-21,-23,-21,-20,-20,-37,-31,-40,-29,-24,-16,-26,-19,-14,-16,-21,-23,-38,-16,-25,-7,-22,-14,-27,-32,-22,-35,-25,-38,-20,-31,-28,-42,-43,-35,-45,-45,-40,-29,-32,-32,-30,-43,-48,-46,-47,-34,-32,-38
-2,2,-2,-2,2,1,0,-2,-46,1,3,0,2,1,2,2,47,-5,1,-1,0,0,0,2,-50,-13,0,1,1,0,0,0,57,-2,-1,-3,-3,-3,-1,-1,-58,-1,-1,-1,-3,-4,-5,-3,23,11,-3,-15,-4,-10,-5,-5,-2,0,-1,-1,2,-1,1,2,4,4,1,4,-1,8,5,7,0,6,-5,9,2,1,4,2,9,-4,2,2,-4,2,4,2,3,3,-6,-3,5,3,8,-2,-1,2,5,-6,0,2,3,7,2,4,2,-1,-2,5,5,2,-1,9,1,3,2,3,1,4,2,-1,11,1,5,5,8,-5,3,1,-1,6,0,5,8,4,15,-2,6,0,5,1,3,8,18,-3,-4,1,4,4,8,1,3,1,6,-1,-1,6,8,5,5,0,2,5,5,4,1,1,4,10,3,7,4,-3,3,5,12,7,8,4,8,1,1,5,2,7,11,0,5,-6,5,0,1,5,2,2,5,3,2,4,-3,6,1,4,1,-1,4,3,-26,8,3,5,3,3,3,4,-6,8,2,3,3,0,1,5,-1,6,-2,5,-3,8,-3,2,1,13,6,2,1,1,4,5,-1,9,2,2,2,0,0,3,-2,5,6,2,7,4,1,10,8,14,12,14,15,16,21,17,15,11,19,15,15,15,12,23,6,10,20,16,19,16,13,12,11,15,7,18,15,17,16,20,12,11,0,9,14,20,24,13,6,18,13,22,2,25,20,14,-4,12,22,-1,44,16,18,11,12,11,7,11,36,6,16,14,-3,2,2,1,1,2,-2,1,-52,8,-13,-15,-10,-12,-7,-15,-48,-13,-1,-1,-3,2,-5,0,-9,8,-5,-3,1,-2,-2,-3,-6,-4,-4,-1,0,-1,-2,0,-11,2,-4,-4,-1,1,-1,0,-11,-2,-2,-1,0,-1,1,0,-1,-2,2,1,-2,-1,-1,1,-32,-21,-5,-6,-9,-13,-3,-5,-8,-13,-2,-13,-7,-4,-10,-6,-7,-25,-7,-6,-15,-8,-9,-5,-15,28,-24,-10,-8,-3,-7,-4,-9,-19,-10,-5,-8,-9,-9,-6,-2,14,-4,-10,-7,-5,-7,-5,-10,-10,-5,-7,-7,-5,-7,-6,-7,-5,-5,-7,-8,-8,-5,-5,-12,3,-15,-7,-17,-15,-6,-5,-10,-10,-3,-22,-9,-3,-10,-13,12,-13,-12,-6,-11,-8,-10,-2,-14,27,-7,-9,-8,-11,-5,-9,-22,-16,-2,-4,-12,-8,-11,-3,-13,15,-4,-12,-6,-9,-5,-9,-17,-8,-11,-6,-7,-6,-9,-8,-11,-4,-4,-9,-2,-7,-3,-10,-18,2,-18,-12,-10,-18,-11,-9,-52,-11,-12,-15,1,0,-14,-9,-4,-43,-27,-15,-25,-13,-18,-11,-27,21,-13,-22,-17,-13,-10,-14,-81,-29,-23,-14,-11,-15,-13,-3,-9,18,-16,-10,-13,-10,-16,-12,-7,-16,-15,-14,-9,-8,-12,-12,-3,-5,-11,-8,-11,-8,-8,-11,-41,14,-40,-45,-51,-34,-30,-29,-33,-43,-34,-47,-22,-4,-60,-17,-9,-65,-47,-14,-74,-21,-39,-23,-69,64,-37,-50,-30,-25,-26,-35,-51,-116,-36,-32,-37,-30,-24,1,-65,19,-26,-26,-26,-17,-32,-15,-25,-47,-20,-21,-19,-23,-26,-23,-5,-11,-10,-14,-16,-14,-6,-22
0,-2,0,-2,2,2,-1,2,-1,3,5,-2,6,-1,-2,-1,-1,1,3,-5,4,0,-1,0,-4,-4,8,65,8,-2,-1,0,-4,-9,15,68,9,-7,0,0,-4,-6,6,-21,13,-3,2,-1,-12,-2,-7,-23,6,-3,-10,0,0,-1,2,-2,0,1,-1,1,1,5,-6,7,-2,3,3,2,9,5,3,6,5,5,3,-1,5,2,2,3,7,4,6,3,4,-2,2,-16,12,-3,6,2,-3,9,4,-3,1,3,5,8,12,2,7,11,17,5,4,0,1,17,-6,12,1,2,3,7,5,5,8,-1,18,3,5,9,3,4,0,3,-1,3,6,0,-1,5,4,2,5,2,5,1,8,0,2,-1,8,0,3,1,0,2,2,30,-2,4,-4,5,2,0,7,14,6,-3,3,0,4,4,2,0,6,0,2,-7,0,-4,-2,-10,13,5,-1,2,1,2,3,9,-3,0,-3,5,3,2,2,7,4,6,3,4,2,5,3,4,4,1,3,2,1,-2,2,-2,1,1,-1,2,4,-5,11,-1,4,7,-3,1,4,0,-5,4,19,1,2,6,4,7,16,-4,8,7,4,6,6,7,7,10,9,12,7,11,8,0,13,-3,6,5,2,-1,13,18,13,15,14,12,12,9,12,14,16,15,15,12,19,17,21,15,17,11,20,22,14,4,17,4,19,23,21,16,7,3,8,21,22,15,27,14,15,21,16,9,0,21,20,27,11,8,15,1,8,15,10,13,11,11,22,29,24,-24,19,1,9,12,-1,-2,-2,0,1,-1,0,-2,-10,-5,-12,2,-5,-7,-11,-6,-6,-6,-7,-11,-7,-3,-5,-2,-2,-2,3,-8,-1,-1,-3,-2,0,0,-1,-23,-4,-1,0,0,0,1,-10,-19,-8,1,0,-1,2,0,-8,-12,-5,2,0,0,-2,0,-1,-1,2,-2,2,2,5,-1,7,-7,-1,0,-6,-4,0,-2,-7,-13,-16,-1,-1,-5,-3,-5,-15,-9,-30,-7,-6,-1,-9,-6,-8,0,-9,-2,-7,-3,-6,-14,41,-17,27,-7,-7,-8,-7,-11,15,-9,20,-6,-4,-4,4,-8,-8,-1,-7,-9,-4,-3,1,1,-11,1,-6,-1,-4,-5,-4,-4,-9,-1,-2,-5,0,-10,-7,-15,-2,-4,-5,-11,-15,-17,-12,-12,-7,-13,-20,-13,-11,-9,-3,-9,-15,-1,-13,-9,-8,-4,-8,-8,42,-18,18,-3,-8,-5,-7,-8,10,-11,19,-6,-9,-5,-4,-7,-11,-5,-8,-12,-13,-2,-5,-9,-6,-4,-7,-7,-14,-9,-10,-12,-2,-2,-10,-3,-3,6,-3,-4,-9,-19,-8,0,-9,-8,-13,-8,-15,-26,-11,-10,-13,-5,-11,-10,-10,-24,-18,-11,-5,-6,-14,-13,47,-3,18,-7,-15,-11,-10,-7,22,-10,23,-2,-11,-6,-3,-2,-10,-15,-11,-5,-7,-6,-4,-5,-7,-8,-11,-3,-2,-4,-17,-39,-10,-17,-26,-47,-22,-15,-30,-42,-27,-41,-21,-16,-60,-14,-41,-36,-59,-37,-72,-45,-37,-26,-23,-38,-41,-29,-35,-33,-27,-22,-34,-75,63,-39,48,-33,-46,-22,-30,-20,26,-18,27,-9,-38,-17,-15,-10,-19,-16,-16,-12,-25,-12,-10,-16,-11,-12,-11,-13,-5,-17
1,0,-1,2,2,2,-2,2,-2,-1,0,-4,2,32,-5,44,-2,0,-3,0,-3,-3,-16,-3,-3,-1,-2,-2,1,0,-3,2,0,-5,-2,-3,0,-1,0,-2,4,-1,-4,-3,2,-5,-4,-4,-9,-12,-3,0,-11,-5,-1,-2,2,2,-1,1,0,0,1,0,5,-1,-3,-11,5,18,-1,18,-1,-2,-2,1,14,-9,-23,0,-1,-6,-4,-10,-6,-4,-2,-2,-7,-1,-5,-4,9,-6,-11,-8,-11,-10,-6,-8,-7,13,6,12,-7,-2,-5,-11,-13,-5,-17,-5,-4,-12,-8,-4,-9,-13,-8,-5,-2,5,-7,5,-4,-3,-7,-7,-3,0,-3,-1,16,-3,-9,-1,2,-2,-5,-4,-1,30,-3,41,-4,-3,-5,3,-4,1,1,-3,3,-6,3,-4,-12,12,3,9,-5,1,0,-2,-5,-5,-1,-4,-12,3,-3,10,-3,2,-6,-7,-2,-9,6,-12,-7,-11,-6,-4,-4,8,-8,-2,-4,-10,-7,-3,3,-1,1,3,1,-4,5,-4,-2,-4,-3,3,-9,-19,13,-1,-4,-3,7,4,15,22,8,35,2,-16,-12,-5,-11,-9,12,-9,-1,4,-5,-4,-6,0,8,-14,-2,-2,-10,-1,-7,-14,1,-3,2,-1,4,-10,7,-2,11,-7,3,-6,-1,-4,0,-5,3,6,2,6,7,7,23,-4,1,-2,7,7,2,2,-4,28,20,20,-2,2,0,9,12,23,14,10,7,-3,-3,3,0,21,20,22,7,-9,7,-7,15,6,18,0,-1,-19,-8,0,-13,20,14,14,1,-2,11,-2,7,16,20,-1,12,12,5,6,-19,0,4,13,1,2,1,-2,0,-2,1,0,-1,0,2,-1,-17,-12,3,-7,-6,1,-5,3,3,2,25,9,-3,-1,-3,-3,-3,-31,-4,-32,-1,-2,-2,-1,-1,0,-3,-1,-1,-1,0,-2,-1,-2,-1,-2,-2,0,0,-2,-2,-1,-1,0,1,-2,2,-2,1,0,0,-2,0,-7,-15,8,-13,-19,-1,-43,-11,-4,-9,-11,-32,-7,-16,-1,-2,-15,-2,-3,31,-14,111,1,-1,-7,-10,-7,-21,-7,-3,-1,-2,-9,-4,-1,-1,-29,0,-28,-2,-1,-2,-7,-1,-5,-4,-5,-2,-4,-2,1,-4,-3,-1,-6,3,-3,-3,-2,-4,4,-1,1,-8,-5,-3,6,-30,-12,-18,4,-4,-6,-3,-1,-2,-14,-7,-37,-8,-22,-11,-5,9,-7,105,2,-5,-5,-13,-8,-2,-34,-4,-22,-4,-8,-6,-2,-26,-5,2,-1,-3,-6,-3,-20,0,-5,-12,-1,-4,-1,-25,-1,-5,-5,-1,-2,3,-21,1,-2,-4,-3,-10,-1,-18,-10,-7,-38,-19,-23,-29,2,-20,-11,-30,-11,-9,-2,-38,-10,-18,-45,-46,-34,-27,-19,111,-14,-13,-13,-12,-27,-18,-31,-25,-2,-8,-24,-20,-17,-14,-15,-26,-11,-8,-12,-12,-20,-7,-14,-29,-6,-3,-10,-13,-6,-7,-8,-19,-8,-5,-4,-4,-4,-8,-5,-11,-6,-12,-27,-56,-25,-29,-50,-44,-17,-35,-26,-43,-20,-97,-6,-39,-9,-12,-52,-55,-15,19,-15,119,-37,-18,-34,-46,-52,-38,-59,-35,-34,-17,-39,-40,-31,-25,-18,-22,-21,-18,-12,-23,-30,-9,-18,-26,-18,-4,-19,-28,-16,-14,-9,-27,-9,-19,-22,-9,-7,-14,-9,-17,-11
-1,-2,-1,-2,0,1,0,-2,-1,3,0,2,-1,7,7,2,0,1,-1,1,1,-4,0,2,-4,-7,-8,1,0,2,2,3,-11,-5,-4,-3,1,-6,1,7,-14,-1,3,14,3,11,-8,4,13,10,-3,-5,-21,1,-5,1,-1,-1,-1,-2,-2,0,-2,-1,-1,7,4,6,10,4,5,3,5,5,3,9,7,5,9,13,10,-5,1,-3,19,-1,11,10,-14,13,-2,-2,0,17,13,8,4,-14,-13,33,20,8,3,29,27,26,9,-13,-30,23,16,24,9,-3,2,10,25,-36,3,-1,30,29,11,2,1,16,34,18,8,8,-2,13,8,-1,9,18,12,3,9,8,6,5,6,7,-2,10,7,5,7,14,-2,6,-7,-1,4,9,10,0,10,21,6,-10,5,2,13,0,12,14,6,11,0,10,4,21,3,6,17,4,10,-4,6,14,20,19,8,12,-7,18,6,10,4,28,11,11,17,16,17,14,19,11,9,10,8,16,21,15,14,14,8,10,6,14,6,13,19,15,8,9,0,-7,15,16,26,16,0,31,20,-1,17,25,26,22,35,27,19,23,32,19,45,26,21,36,24,27,23,15,41,40,44,54,39,35,45,48,55,49,20,17,16,15,10,19,26,26,20,-4,14,18,8,16,17,20,4,18,-1,11,8,35,0,22,3,4,5,9,7,8,28,32,-7,-2,-2,18,17,16,23,23,8,13,30,37,29,15,50,33,26,31,18,32,-3,38,50,56,3,10,8,1,10,22,34,43,-1,-2,-3,0,-2,0,-2,0,4,3,-13,-16,-13,-13,-15,-17,4,4,0,-5,-7,-7,-13,-11,6,4,5,-3,-6,-5,-11,-7,7,10,4,-9,-7,-8,-12,-6,9,8,9,-5,-6,-9,-7,-5,7,0,0,-5,-8,-16,-10,-4,-2,-2,-2,1,1,0,-1,1,-4,-1,-20,-2,-25,-8,-2,1,-4,-14,-4,-4,-2,-7,0,-21,-11,-15,-13,-4,1,-7,-1,-3,-7,-9,-8,-1,-5,1,-8,-1,-8,-12,-8,-16,-8,-4,-6,3,-12,-10,0,-8,-10,-8,-4,-5,-4,-8,-7,-7,0,-12,-5,-1,-2,4,-4,-8,-6,-9,-1,-3,0,5,-14,-5,-7,12,2,4,-3,-23,4,-4,2,3,-2,8,-14,-15,-3,0,7,1,-4,-6,4,-1,5,-3,-3,-3,-5,0,-2,-7,-9,-7,4,-2,-5,-2,-1,-4,4,-9,-11,2,-1,-11,2,-3,2,6,2,-8,-5,-4,5,5,1,-4,-9,-9,-2,-4,-15,6,-39,-7,-14,0,-13,-8,-14,-28,-11,-16,-16,-7,-1,-28,-20,-21,-12,-24,8,3,-16,-13,-30,-11,-7,-19,-20,-2,-5,-19,-7,-37,-22,-8,-9,-11,-12,9,-22,-12,-11,-37,-32,7,-15,-15,-22,-37,-2,-11,-1,-25,-21,-22,0,-1,-5,-25,-14,-42,-4,-8,-70,21,-95,9,-85,-7,-20,-10,-22,-70,-8,-45,-59,-10,-17,-70,-46,-31,-56,-47,5,0,-19,-29,-39,-20,-32,-52,-52,-19,-30,-43,-24,-53,-40,-21,-42,-26,-31,11,-74,-18,-30,-56,-56,17,-11,-20,-58,-47,-12,-19,7,-9,-19,-22,-6,4,-18,-22,-36,-62,-4,-1
-2,-2,1,0,2,-2,2,2,6,-3,5,4,8,5,9,2,9,-2,9,-8,8,-3,4,1,2,-4,2,-2,7,7,4,2,-4,15,-3,-10,3,-17,3,-8,3,11,-11,-9,1,-19,2,-11,-3,-15,9,-4,1,3,-18,1,2,-1,-2,2,-2,-2,1,-1,2,6,18,2,6,11,5,7,18,-8,16,16,16,13,-2,12,-7,8,-4,-4,30,7,1,17,-6,35,-10,8,-10,6,-25,5,4,10,-17,-8,4,-6,6,-11,2,-12,43,-8,19,-6,-16,17,5,-28,-2,-45,33,4,-3,-3,-8,-5,-3,-18,-21,-48,13,-12,-7,6,2,4,5,20,13,18,17,-3,7,11,11,4,23,-9,4,28,0,-8,17,3,-9,16,-7,-2,28,-9,22,-10,4,-6,-1,2,11,10,-3,-12,6,1,-8,12,-3,-20,38,-5,-1,-5,1,4,13,-25,-4,14,-16,0,14,-2,-8,-9,-21,-8,28,-2,10,1,1,14,-9,4,7,2,10,15,21,5,-3,34,-14,14,15,3,-1,26,-8,10,17,0,10,-12,11,22,-14,22,7,13,1,3,7,22,2,8,7,16,-9,-17,1,16,-23,23,-14,6,-3,-4,0,23,-19,10,9,13,3,0,14,10,-8,26,-5,16,13,11,3,12,-2,20,12,6,19,15,16,16,4,17,3,-6,10,15,16,10,23,14,18,6,10,-2,34,5,22,10,11,3,-4,-9,-1,7,26,29,4,10,10,37,-9,13,33,37,1,-5,0,-10,16,23,-15,16,25,31,10,12,18,17,25,35,19,2,-1,-2,-1,-2,-2,-2,-2,1,18,-24,12,6,-23,30,0,-12,8,-24,-2,-2,-10,10,-9,7,-4,8,0,-4,3,0,4,-3,-2,0,-3,-3,-6,3,3,-1,2,5,-4,3,-8,-3,-3,-1,2,3,-1,-1,-4,1,-3,2,2,2,-1,0,0,-1,0,2,-6,-3,-8,13,6,-5,-9,-7,10,4,-3,1,-55,5,3,-17,-12,18,13,14,-47,23,-7,9,-6,4,-8,-1,-28,16,-11,-7,-12,-18,-5,1,2,0,12,-7,0,-1,-3,-6,-19,-6,-16,-7,2,-8,-1,0,-6,-4,-6,-5,3,-6,-1,1,-2,-7,-4,-1,-11,-17,-24,-2,-22,13,-34,-9,4,-18,-10,9,-21,-8,17,-7,-17,8,10,10,-7,17,-19,12,-24,7,-24,3,-32,-3,2,-11,-11,-27,-11,7,-12,10,7,1,6,-7,4,-11,-24,-15,-4,-8,-4,-12,-2,-7,-12,-5,-22,-4,-5,-8,-3,1,-9,-10,-9,-9,-23,-24,2,-18,-40,25,-43,-6,20,-20,-17,10,-25,-21,17,4,-26,38,9,13,-2,36,-4,18,-16,15,-18,29,-37,24,4,-4,-13,-39,-27,25,-16,15,31,-14,4,-3,-7,-17,-35,-16,-24,-5,10,-11,-32,-13,-16,7,-23,-8,-7,2,-5,4,-23,-8,-2,-7,-30,-32,-34,-73,-56,25,-71,-21,17,-49,-39,27,-33,-18,32,-35,-51,36,30,25,-34,42,-52,27,-64,32,-42,36,-47,20,-25,-44,-50,-69,-40,30,-41,7,25,-74,0,-37,-10,-48,-60,-63,-70,-14,18,-48,-41,-44,-42,3,-53,-20,-28,-20,-24,-6,-47,-40,-6,-33
0,-1,-2,1,1,-1,3,-2,-4,-13,1,4,-4,1,9,0,1,25,-1,4,-3,-4,2,5,-2,-17,3,1,5,0,4,0,-8,-15,0,2,-2,9,2,-3,-13,19,0,4,1,2,-13,0,2,-37,-21,2,5,-15,2,1,-2,-1,-1,-1,0,1,1,2,1,2,1,5,6,5,6,9,8,2,-2,5,5,11,9,10,2,5,-3,2,19,1,9,2,7,3,-3,33,-1,10,2,11,7,4,23,2,1,3,27,5,12,-3,-7,-7,52,-22,3,13,-24,33,20,-13,-28,4,27,-8,9,13,-4,25,12,26,-12,-14,-5,2,1,1,-8,4,0,-2,-23,-7,-3,-4,0,-8,9,6,-9,23,-6,7,-11,-11,-1,14,1,-8,6,-1,-12,-4,4,2,12,5,-9,10,0,3,4,-7,1,19,-10,0,7,-6,-4,3,-7,-23,11,7,7,-3,4,-17,-5,8,1,5,1,-11,2,-1,10,-5,6,6,3,11,10,8,17,-11,6,2,5,2,-3,-5,-1,-4,9,-2,11,12,8,4,8,-9,-1,15,2,7,0,5,14,-7,2,5,7,6,-4,0,23,-4,19,15,-10,14,-2,-2,27,-2,6,9,16,19,-1,7,8,-15,5,8,0,5,-2,1,35,8,15,11,22,36,14,25,17,1,16,15,19,8,26,16,0,25,12,15,7,25,16,19,-1,-4,8,24,11,-11,-1,16,21,-1,4,6,3,12,-12,0,11,18,36,-2,17,14,1,9,23,31,12,9,-16,2,7,-12,10,-3,23,-9,-1,10,-7,4,-2,2,-1,2,-1,2,1,1,24,-54,-11,5,-43,7,-12,-22,27,-46,11,3,-11,5,4,-12,10,-10,7,-3,-11,1,0,-9,3,-8,5,0,-6,3,-1,-6,3,-9,0,2,0,-2,-1,-5,4,-13,1,-4,2,-8,4,-4,-2,-2,2,-1,0,-2,2,-2,-9,-18,-33,-5,-30,5,0,-1,6,-13,-7,-25,-27,-2,-10,-9,14,-30,-9,-8,-14,9,-14,-6,12,-19,20,-13,-16,-3,0,-8,-22,-17,-14,-6,2,1,-9,-11,-10,-7,-18,-2,12,-2,-12,-6,-6,-12,-8,4,-2,-3,-7,-3,0,-6,-9,-11,-6,-6,-2,-7,-8,-21,-7,-2,-4,5,-9,-6,14,-11,-2,-6,-20,1,-5,-12,7,-13,-15,-9,-11,-1,-1,1,5,-7,12,-21,-12,5,-8,-6,-12,-8,-20,-12,-13,15,-9,-10,-6,-14,-18,-2,32,-13,-4,-4,-13,-15,-3,4,-6,-1,-7,-6,-9,-14,-8,-4,-2,0,-4,-13,-10,-30,-15,-4,-19,14,-15,-7,-2,-37,-2,-22,-32,-10,-4,-16,-14,-21,-19,-15,-26,-2,-17,4,11,-24,25,-18,-19,-3,-10,-8,-21,-15,-12,-25,-11,4,-10,-14,-19,-31,-12,-19,21,-9,-37,-15,-11,-25,10,-11,-23,-9,0,-11,-13,-24,-21,-1,-14,-7,-8,-7,-6,-57,-36,-23,-38,41,-10,-11,-27,-27,2,-67,-63,-42,-13,-44,-24,-47,-81,-35,-58,5,-3,24,19,-87,41,-66,-40,-5,-8,-20,-36,-25,-38,-31,-37,25,-33,-50,-18,-43,-34,-35,54,-21,-75,-24,-2,-45,6,-5,-25,-14,1,-17,-15,-47,-31,-2,-21,5,-37,-64
-2,-2,1,-1,0,2,1,0,-1,-3,5,1,-4,3,1,-2,-1,-1,-1,2,-2,1,0,1,-1,-3,0,2,-6,2,-1,0,1,-2,2,-1,35,1,2,1,4,-1,-22,12,98,7,-13,8,6,-1,-8,30,69,11,-10,4,0,-2,-1,-2,2,1,0,-3,2,1,-6,-4,-5,-2,1,-7,-1,10,-9,1,-3,-2,4,-5,3,-3,6,4,9,-4,4,-3,-12,1,8,1,7,5,1,4,9,-2,-6,12,-24,9,-6,7,-9,-1,5,8,-13,11,5,-4,-3,5,12,12,-24,9,10,-2,-1,0,12,6,0,-6,10,3,7,6,0,7,4,9,-2,7,6,4,3,-14,3,-6,-3,5,1,4,2,3,3,3,5,-2,12,1,9,5,5,4,7,-3,2,16,7,7,7,2,9,16,3,-1,8,4,9,6,15,-3,-6,0,12,9,1,8,0,5,4,9,-6,0,14,9,-3,1,1,1,6,11,18,4,1,-1,4,1,7,11,17,7,-7,-4,3,6,9,11,16,0,-3,3,-6,7,7,8,14,8,5,10,4,8,11,9,10,4,-7,-7,4,5,4,-1,1,12,-14,-8,7,-2,2,2,-61,8,-19,-5,10,12,8,10,-4,15,7,5,-2,17,17,1,26,1,20,14,11,14,13,-8,19,-34,0,15,13,13,19,15,13,6,7,16,17,-9,20,19,22,-7,27,11,16,25,24,3,11,27,10,-2,24,-11,-8,15,-8,10,26,-20,23,21,9,21,-26,16,23,21,21,7,16,9,17,17,19,17,-2,0,1,1,-2,0,-2,3,-8,-10,-16,-17,-16,-9,-13,-12,0,-2,-2,-4,3,-2,1,1,5,1,1,-3,-1,0,1,1,3,1,0,-1,-1,-2,1,-1,2,2,2,0,-66,1,1,-2,2,1,3,-14,-100,-11,2,-3,2,1,2,0,-1,1,-2,-1,7,1,4,1,-4,0,7,-3,8,-3,-1,0,2,-1,-7,3,-10,1,-8,1,-19,0,-6,-1,4,1,-24,-7,-38,1,-24,5,-4,-43,-4,-52,2,-55,-7,-41,-19,0,-45,-33,-34,-24,-50,5,-7,-53,-62,17,-69,4,-74,-15,-44,4,-79,5,-113,7,-75,5,9,-16,8,-33,2,-14,7,-18,-14,9,-25,9,-35,6,-26,11,-35,-21,3,-35,14,-42,4,-22,-59,-36,-21,6,-32,7,-36,-41,7,-58,-45,-16,9,-37,-46,-51,-14,6,-42,-40,-25,-36,-45,8,10,-22,4,-13,-64,-20,4,-38,-30,4,-24,-46,-126,-38,-15,0,-4,-4,-2,-4,-45,0,-7,-10,-2,-1,-7,-8,-41,3,-6,-7,-7,-7,-8,-3,-45,2,-6,-2,-1,-8,-8,-9,-43,2,-6,-9,-9,-13,-16,-8,-54,6,-14,-1,-8,-12,-10,-7,-43,2,-17,-5,-17,-19,-33,0,-65,3,-36,-27,-26,-23,-23,-10,-50,-5,-20,-25,-33,-29,-25,-55,-51,-49,-37,-50,-31,-31,-30,-43,-36,-28,-29,-53,-49,-44,-25,-42,-35,-42,-41,-70,-31,-72,-55,-38,-76,-36,-39,-56,-20,-35,-69,-68,-58,-67,-64,-59,-15,-28,-47,-44,-24,-62,-49,-40,-19,-33,-32,0,-83,9,-47,-51,-43,-38,-26,-16,-57,-37,-16,-41
0,2,1,-2,2,0,-1,-1,3,6,0,-3,-1,0,-1,3,-3,-9,-2,-6,-1,-3,-6,0,-1,7,4,5,5,-3,1,-1,1,3,-19,-10,0,-3,-2,-1,10,-6,33,10,1,11,-8,-6,-16,10,-25,-10,-14,-23,-13,-9,-1,2,1,2,0,2,1,-2,11,8,10,11,-8,6,-1,19,12,2,17,3,17,-6,-11,6,-9,30,-3,18,4,-9,7,-4,16,7,-12,-8,4,-3,-11,4,9,-6,40,-15,-10,7,-17,-11,15,25,-25,-22,-28,14,-6,-14,-18,-9,23,-15,-12,-20,14,-33,-12,3,0,-17,-54,3,-11,-9,9,2,12,-2,3,-4,11,2,13,15,-9,5,5,14,6,-7,10,4,13,-10,4,-10,-11,8,4,18,16,9,-6,-7,1,6,1,12,1,-6,-3,10,-2,-9,15,7,31,3,25,2,-9,-2,11,22,-21,3,-15,8,-20,-5,8,-9,34,-5,-15,1,12,-6,3,12,2,4,9,22,12,10,14,9,22,-6,10,-18,10,-2,23,17,6,15,0,7,2,10,4,9,0,-4,-5,-3,-13,1,14,18,3,5,24,-8,3,7,-4,10,1,4,-3,1,-2,2,27,16,11,-1,6,6,6,13,5,4,-9,7,9,8,-4,7,14,2,8,3,20,23,38,22,16,23,5,6,13,8,27,32,45,22,36,-1,5,11,2,17,12,27,26,19,0,14,-12,28,11,31,23,11,26,-2,-5,-14,15,17,21,13,21,21,2,4,29,33,19,4,16,18,35,20,4,-1,36,12,30,31,13,36,-2,1,1,0,1,2,-1,-1,3,12,15,-47,5,15,-55,-6,-3,9,1,-15,4,-3,1,-10,-5,-4,-7,-1,2,-2,-3,-4,2,-3,-4,3,1,2,-5,1,3,-3,-2,-2,0,-3,0,1,1,3,-6,-1,3,-6,-2,1,2,0,2,2,-2,-2,2,1,-2,-1,-9,-30,4,16,-13,1,-11,11,-23,-21,-13,13,-31,-8,-13,9,-5,-20,-21,-18,-16,-18,-13,-16,-11,-5,-15,-15,4,-4,-10,-17,-1,5,-7,0,-18,-9,-3,-17,-18,-20,-7,-9,-4,-2,-4,-1,-17,-1,2,-16,-4,-2,-1,-3,0,-7,-11,-7,-5,4,5,-13,-1,-19,3,7,7,9,-16,13,-9,-10,-24,5,-42,-3,-6,7,6,-29,-13,-1,12,-16,-11,-22,-32,-1,-24,-3,2,-6,0,-63,11,6,-3,-5,-5,-1,-10,-16,-13,-13,-6,-4,-2,-4,-11,12,-8,6,4,-11,-4,2,6,1,-6,-8,-11,-6,-8,0,-2,-46,3,-77,3,19,-1,8,-7,9,-27,-4,-24,20,-39,-27,-8,9,4,-18,-29,-19,5,-13,-18,-12,-60,1,-19,-30,-4,-23,-1,-39,19,28,-20,-4,-28,-12,8,-39,-45,-25,-9,-16,-16,1,-8,8,-26,19,7,-21,-4,-8,3,-7,-17,-12,-5,-19,-6,-6,5,-60,-3,-64,1,32,25,23,-6,23,-76,-29,-66,20,-63,-47,17,10,32,-56,-34,-54,41,-33,-26,-35,-84,-17,-54,-55,1,-53,-1,-79,26,31,-61,-13,-64,-41,19,-61,-61,-58,-31,-46,-42,-28,-37,14,-44,17,7,-56,-52,-30,8,-28,-25,-31,-6,-46,-7,-47
-2,-1,1,-1,-1,2,1,2,1,3,-2,3,-2,0,1,-2,1,-1,-1,3,-2,2,-1,-2,-2,1,-1,2,0,-1,-1,-1,-3,-1,5,2,-3,1,-2,0,33,-37,1,4,2,1,0,2,-31,115,16,3,-29,6,-2,8,-2,-1,-2,-1,0,2,-2,2,-9,2,10,-3,-6,-1,6,-10,-7,1,-4,-1,1,0,-10,2,0,-5,4,-6,6,2,7,-1,4,1,6,5,-2,0,0,8,0,2,-3,-4,8,-14,6,-1,14,2,5,-12,-7,3,0,10,-20,5,-2,7,9,-12,4,-8,-3,-23,5,1,4,10,5,7,-1,4,-4,-2,-1,2,8,-2,1,-6,-4,-5,1,11,-1,1,-4,7,-6,0,5,3,4,-1,2,5,1,7,-7,2,-7,3,-9,-8,11,3,2,-2,2,-17,6,11,-2,6,-31,-13,2,-1,9,7,-1,-11,-1,1,-1,8,0,-5,-26,2,-12,-6,0,-8,3,4,2,2,0,-2,6,-7,4,10,8,-1,-3,12,6,3,9,10,5,-1,1,7,1,1,10,1,1,-4,0,0,4,-1,11,1,6,-11,10,1,4,3,2,7,6,8,3,4,6,0,-4,-5,8,3,8,-1,8,-4,11,-47,3,7,6,0,11,-3,21,1,9,8,7,18,9,15,10,16,13,3,1,15,-4,2,13,0,9,11,12,19,-1,12,3,10,-29,-2,-6,21,16,-7,15,7,-34,21,0,1,5,9,-27,16,27,-9,2,13,8,-6,16,11,-3,0,-1,-6,-8,-30,12,-4,11,6,13,19,1,14,0,1,0,2,2,-1,1,2,-37,4,-41,-4,-9,-29,25,-25,1,0,2,-3,-2,0,-2,4,-2,2,1,1,0,0,0,0,1,-2,3,3,-1,-1,-1,1,-2,5,0,0,-2,-3,-1,1,-19,7,1,-5,-4,0,-1,0,0,2,3,-1,1,1,-2,-1,0,-2,2,-4,8,-1,5,-6,8,-4,-4,-6,0,-3,1,9,4,-2,-3,-2,-2,3,-3,-3,-10,8,-11,4,3,3,-4,0,6,-19,4,-13,4,3,2,-8,-61,-12,-48,0,-10,0,2,-1,-2,10,5,-52,1,-4,-4,3,1,-106,-8,5,-19,5,-4,-4,3,-4,4,-6,7,3,3,4,-7,3,-3,7,-1,8,-7,-35,9,-4,5,-5,-2,-2,-21,-8,-19,9,-3,0,-3,-33,-7,0,15,-13,-4,-2,-18,1,4,-9,2,3,-7,-48,-7,2,-9,3,-120,11,-57,-14,3,-13,1,-10,3,-127,-6,8,-14,0,-7,1,-8,-37,2,1,-5,-4,-6,-5,-5,-32,1,0,2,0,-5,-2,-7,-48,-2,-4,-16,2,-4,-10,1,-54,-8,-8,2,-6,-2,-4,-4,-66,6,-7,-7,-8,-9,-4,2,-65,-8,-9,-5,-9,-8,-7,-9,14,-7,-7,-6,-12,-11,-6,-8,-74,-10,-54,-65,-97,-93,-107,-23,-53,-11,-11,-30,-2,-20,-10,18,-37,-14,-32,-11,-8,-22,-98,-5,-72,-40,-31,-20,-25,-25,-32,-22,-84,-31,-27,-30,-31,-12,-14,-23,-75,-14,-7,-60,-19,-12,-26,-15,-89,-11,-95,-11,-20,-1,-21,-41,11,-89,-23,-37,-17,-53,-17,-10,-77,-23,-36,-87,-84,-107,-92
0,1,2,-1,2,0,1,2,3,3,3,4,4,4,-4,1,3,3,3,3,3,2,-4,0,4,4,3,5,4,3,-2,2,4,5,2,3,8,4,-5,4,4,5,1,5,11,13,5,13,5,4,6,13,18,6,-16,62,-1,0,-1,-2,-1,1,2,0,9,6,5,7,1,9,3,3,6,12,9,7,4,5,-4,8,6,10,8,9,4,6,3,7,9,10,12,9,3,8,7,5,12,11,19,11,12,11,2,3,6,14,19,4,14,-2,3,21,4,19,19,11,1,-10,13,41,5,8,13,1,0,-2,11,43,8,7,7,7,7,3,6,2,4,8,6,9,6,4,1,6,13,9,10,4,6,2,3,8,8,18,9,8,6,7,6,10,10,6,20,12,6,2,8,16,8,16,9,15,5,6,8,25,9,9,18,8,13,1,-1,20,8,6,0,2,3,1,4,4,4,7,10,9,11,9,14,6,4,1,3,14,6,5,14,8,5,10,8,15,13,19,19,9,5,3,10,13,12,17,24,15,8,2,10,20,10,28,23,8,13,12,16,15,17,30,22,22,12,10,12,21,13,26,13,-13,16,25,20,17,28,23,24,42,8,13,19,15,14,10,18,26,6,16,14,18,9,18,23,35,13,13,15,11,23,16,23,32,4,20,17,14,21,18,25,40,17,9,30,17,-1,20,23,30,-5,21,19,30,9,9,22,42,12,19,22,7,18,39,4,10,16,22,22,35,-15,32,24,32,-1,-2,-1,1,0,-2,-2,-1,-1,5,2,0,-5,-11,-14,1,5,1,-1,-2,-1,0,-8,-11,4,0,-1,1,0,1,-8,-17,4,1,1,2,2,3,-11,-23,5,1,2,1,0,4,-13,-31,5,2,2,5,0,4,-18,-35,2,2,0,1,-1,2,1,-1,-2,4,-12,-9,-5,-17,-9,-6,-11,-7,-8,-10,-15,-8,-7,-1,-4,-5,-10,-6,-12,-25,-6,-10,-7,-1,-13,-8,-7,-8,-7,-5,-3,-5,-8,-8,-8,-4,-10,-3,-2,-7,-3,-10,-10,-7,-8,-6,-4,-3,-8,-5,-5,3,-9,-5,-4,2,-2,-6,-7,-8,-10,-4,-1,-3,-10,3,-4,0,-8,0,-10,-1,-3,-10,-7,-2,-10,-1,-9,-6,-12,-6,-11,-8,-2,-6,-2,-6,-6,-6,-6,-8,-2,-6,-7,4,-9,-5,-4,-3,-7,-8,1,-1,-2,-4,-4,-6,-5,-10,-1,-3,-3,0,-2,-3,-14,-6,0,-2,2,-2,-1,-12,-1,-11,-13,-10,-10,-5,-7,-16,-21,-21,-6,-13,-7,-8,-4,-2,-17,-13,-8,-12,-10,-1,-12,-6,-6,-29,-7,-9,-17,-5,-8,-1,-9,-29,-2,-3,-6,-7,-1,-5,-10,-51,-2,-5,-11,-10,-6,-7,-19,-49,0,-5,-8,-7,5,2,-29,-81,1,-4,-3,0,0,13,-41,-127,-6,-2,-9,-7,-14,-18,-26,-21,-19,-25,-19,-26,-24,-20,-25,-31,-20,-19,-21,-17,-21,-40,-17,-46,-10,-10,-29,-16,-15,-27,-26,-29,-14,-11,-16,-17,-5,-23,-15,-32,-5,-13,-13,-13,-17,-22,-12,-34,1,-6,-9,-11,-10,-1,-37,-41,4,-5,-6,-6,-9,4,-22,-88
-1,-2,-1,-2,1,1,0,2,2,3,2,3,7,3,1,-2,3,3,0,-1,4,4,1,-1,1,3,7,4,9,7,5,0,6,7,8,8,11,12,9,7,10,8,13,9,13,16,11,7,15,17,11,18,15,6,11,9,-2,3,1,-1,0,1,-2,1,3,6,2,2,1,-3,3,3,9,8,3,6,8,6,9,9,6,5,9,4,11,4,7,3,13,10,13,9,15,8,16,16,11,10,11,17,16,13,11,18,12,21,15,15,21,25,21,21,12,16,22,21,17,16,14,17,21,20,18,12,13,6,19,11,13,13,12,6,5,0,4,6,15,14,12,16,10,10,8,11,16,14,15,11,11,8,11,10,12,19,14,15,15,10,10,15,14,10,14,13,17,16,16,11,13,12,17,15,13,23,19,17,16,15,20,16,18,14,18,13,14,15,14,20,10,19,7,17,20,20,21,18,16,5,17,24,18,22,19,21,24,17,13,15,19,19,17,15,21,7,14,17,25,26,22,24,20,24,23,21,25,31,27,24,21,23,26,25,31,31,24,24,31,24,31,26,31,32,29,29,25,23,27,31,38,40,36,31,27,22,31,29,30,30,30,25,19,13,22,32,29,29,27,28,25,18,20,23,30,28,30,27,24,21,25,29,32,30,28,32,33,31,36,41,36,29,31,38,37,29,32,34,41,44,35,32,41,37,42,35,40,40,38,37,47,36,38,37,36,42,33,23,37,43,34,31,-1,2,-2,0,1,0,-1,0,12,8,0,6,50,5,3,11,3,-1,1,-10,-12,2,-12,-1,-2,-2,0,-3,-4,-5,-2,0,0,0,-1,-2,-1,-2,1,0,-1,-1,1,-1,1,1,0,0,-1,0,-1,-2,-1,-2,-2,0,0,1,-1,1,-2,1,1,2,-5,-3,-17,-20,-9,-2,-19,-26,11,-2,-23,10,46,4,-7,7,-1,4,-5,-19,13,34,1,-9,-2,-10,0,-19,-20,-17,-21,-9,-2,-6,-13,-10,-12,-13,-12,-12,-9,-6,-11,-16,-10,-15,-12,-13,-8,-11,-10,-12,-9,-16,-13,-11,-10,-8,-7,-9,-14,-12,-13,-10,-10,-17,-10,-19,-22,-5,-14,-10,-2,-4,-7,4,20,-8,-1,8,14,5,-4,-6,23,19,-14,9,0,-10,-3,-16,-5,9,-11,-15,-10,-4,-11,-9,-7,-3,3,-12,-7,-12,-9,-10,-7,-11,-7,-1,-7,-8,-12,-7,-11,-12,-12,-6,-8,-4,-8,-10,-10,-8,-11,-11,25,16,16,15,17,11,3,23,-12,-16,-13,-15,-28,-11,-22,-22,-8,-13,-12,-6,-17,-12,-16,-17,-8,-8,-7,2,-12,-13,-7,-6,-10,-7,-8,-8,-10,-19,-9,-11,-10,-9,-7,-7,-18,-14,-8,-9,-11,-8,-10,-9,-15,-16,-11,-11,-12,-11,-11,-6,-19,-15,-8,-10,8,-22,-11,-16,-8,9,1,-1,-9,-13,-3,-14,-23,-14,-21,-39,4,-5,6,-3,2,-18,-22,-21,-5,-8,-10,-15,-30,-16,-36,-28,-13,-19,-18,-22,-21,-21,-15,-28,-12,-20,-20,-21,-26,-21,-21,-16,-15,-13,-25,-19,-18,-24,-19,-9,-17,-20,-20,-15,-17,-17,-22,-18
0,2,1,2,0,-1,-1,-1,-17,0,4,1,2,2,1,0,-30,-1,-1,0,1,0,-1,0,100,2,-5,0,0,-2,0,-1,4,5,-3,-1,0,-1,0,-1,-38,-1,2,-2,1,-2,-3,0,-8,-6,-13,-8,-7,-5,-11,-3,-2,0,-2,2,0,2,-2,1,8,4,4,4,3,4,4,5,2,7,3,7,1,4,4,4,4,6,0,5,1,3,3,3,-3,0,4,-1,1,4,5,1,-2,5,4,2,0,3,3,3,2,3,6,-3,1,4,2,4,0,7,0,1,3,5,2,3,-1,2,-1,3,1,-2,3,-1,5,2,5,3,5,5,6,5,5,4,1,6,4,4,5,5,8,3,6,2,5,4,6,4,59,-3,6,3,0,4,4,3,5,6,5,4,4,0,4,0,3,12,7,2,5,2,2,4,9,3,6,2,2,2,1,2,4,6,6,2,2,2,4,2,8,4,5,3,3,4,4,5,3,7,3,3,4,5,2,6,2,7,6,5,4,3,2,4,-3,3,5,4,4,3,3,5,-2,11,3,2,0,5,4,5,7,6,3,7,4,-1,4,3,6,4,5,2,2,-1,1,6,6,3,3,1,1,4,2,2,12,13,15,15,14,16,22,14,17,12,14,16,14,15,15,19,10,16,14,12,13,16,12,15,73,9,12,16,16,11,19,17,9,6,5,9,12,11,14,14,3,7,4,15,8,10,15,17,6,8,14,7,22,9,11,7,10,15,7,24,15,9,14,17,0,2,0,-2,-1,-1,-2,1,-42,-10,-11,-2,-9,-4,-6,-9,-36,-9,-4,-4,-4,-4,-5,-4,-12,-9,-3,-2,-3,-2,-3,-2,-12,12,-2,-2,-1,-2,-3,-2,-11,-3,-3,0,0,-1,-1,-1,-10,-3,-3,-2,0,-1,-1,-2,0,1,-1,-2,1,1,1,-1,-14,0,-4,-3,-8,-6,-5,-4,-15,-17,-4,-6,-8,-6,-3,-4,1,-16,-10,-11,-13,-6,-7,-3,15,-13,-10,-4,-9,-5,-6,-3,-14,54,-12,-9,-4,-5,-7,-5,-11,1,-7,-3,-5,-5,-6,-3,-4,-16,-5,-6,-6,-4,-4,-3,-7,-7,-5,-5,-5,-8,-5,-6,-7,-2,-7,-15,-15,-7,-6,-9,-7,-2,-12,-12,-10,-3,-13,-5,2,-14,-9,-11,-7,-10,-7,-12,9,-12,-5,-4,-10,-7,-7,-3,-11,55,-8,-9,-4,-10,-6,-8,-10,1,-5,-10,-7,-6,-9,-7,-9,-10,-9,-8,-7,-10,-5,-10,-8,-5,-7,-8,-10,-6,-8,-5,-22,-9,-12,-11,-15,-12,-14,-12,-30,-14,-15,-13,-7,-10,-10,-12,-36,-14,-14,-13,-11,-13,-13,-9,-15,-19,-24,-20,-20,-15,-13,-16,-11,62,-12,-11,-8,-13,-10,-11,-6,-4,-10,-11,-11,-10,-14,-11,-5,-17,-12,-8,-9,-10,-10,-12,-7,-8,-10,-8,-11,-10,-11,-9,-25,-3,-26,-50,-45,-24,-31,-27,-20,-22,-35,-13,-35,-22,-28,-25,24,-61,-45,-21,-38,-48,-46,-31,-22,-24,-60,-58,-52,-32,-27,-31,-23,80,-25,-30,-28,-30,-24,-17,-16,-8,-17,-22,-26,-20,-30,-19,-20,-34,-20,-17,-19,-26,-21,-27,-14,-20,-16,-16,-16,-18,-14,-19
2,0,-1,2,1,-2,2,-2,3,0,-1,6,-6,7,2,1,6,-1,12,-5,4,-4,-1,0,2,0,-2,4,-2,2,2,0,3,-4,-9,12,-5,40,-2,2,2,-2,0,-12,-3,-13,-4,6,1,0,-2,-14,-12,-13,-5,-10,1,1,-1,-2,0,-1,0,1,-12,-1,-3,11,-2,13,3,16,2,7,29,-6,6,7,-11,-2,2,11,-7,18,7,13,10,-2,-1,-16,16,22,-12,17,12,22,-1,5,13,1,-2,18,14,-3,11,-9,25,-19,1,-24,4,8,-10,-20,3,4,23,-6,29,-15,1,-12,-13,11,-18,26,-19,16,17,-3,3,2,-1,4,10,6,10,8,1,12,-2,17,4,12,9,2,27,8,16,-10,11,19,-1,-11,8,17,3,13,24,0,11,0,16,7,8,35,-5,-1,8,4,1,6,17,-3,10,-9,7,-9,-9,23,-11,17,5,15,-4,6,37,-11,-1,-11,17,7,4,5,3,6,14,3,2,3,1,8,-1,2,20,1,-2,4,1,6,5,18,16,16,12,3,11,13,15,-1,30,9,-6,4,-2,19,-6,27,24,13,26,13,-1,16,7,17,20,25,-3,18,-1,4,-15,-5,19,-7,-5,-18,-8,-3,-27,-7,30,0,-4,-10,8,8,12,11,12,-3,18,8,8,20,11,13,13,14,-4,5,8,4,24,22,22,10,18,7,5,7,10,11,27,25,9,-1,13,9,20,18,36,22,10,11,11,25,15,37,39,31,8,9,3,20,21,17,31,16,-1,28,7,17,23,10,31,16,18,7,1,-2,-2,-1,-1,1,0,-2,-1,4,-4,-8,12,4,-4,23,1,4,-6,1,-2,3,-1,6,0,3,-1,-7,-3,-3,-3,1,2,-1,-2,-3,1,-3,0,2,1,-1,-3,-6,3,-6,-2,-1,0,0,-3,-8,-4,-6,-1,-2,-1,-2,0,-1,2,2,1,-2,-6,0,0,4,1,2,-9,-3,-5,-3,-20,10,6,8,-15,-12,2,-1,-3,-10,24,-6,-10,2,5,7,-19,2,-10,-13,-10,-9,2,-5,-8,-11,5,-2,-12,-5,2,-10,-14,-6,38,-2,4,-4,1,-5,-6,-5,-7,-8,-6,-2,2,-1,-2,-13,-3,-7,-1,2,-11,-12,-8,4,-2,-5,-20,3,3,-1,-4,-4,4,-7,5,-13,6,-12,-18,-9,30,0,-10,0,2,8,-14,4,-15,-25,-10,-2,-2,-3,-10,-9,3,10,-21,-7,-3,-18,-12,-9,48,-8,9,-6,-19,0,-2,-4,-9,-3,-3,-5,3,-2,-5,-4,0,-4,-1,-5,-26,-43,-14,-21,14,-18,-27,-12,-15,-5,-3,-13,-30,-5,-16,-22,-5,-22,-16,-24,43,-11,-39,5,-10,28,-22,46,-39,-28,-16,-10,-9,1,-8,-20,34,39,-28,-15,-3,-18,-22,-10,53,-18,28,-10,-8,-11,-9,-6,-15,-14,-9,-13,-4,-6,-8,-14,-16,-10,-7,-6,-8,-68,-36,-51,26,-27,-21,-32,-35,-17,-12,-12,-47,-32,-43,-27,-48,-53,-62,-47,66,-14,-28,-20,-56,54,-38,66,-32,-57,-33,-30,-29,-16,-36,-54,72,55,-52,-33,-22,-34,-28,-17,73,-38,45,-18,-30,-16,-20,-29,-23,-28,-29,-53,-32,-13,-26,-17,-24,-48,-23,-38
-1,1,-1,1,-2,2,1,-1,0,3,-7,4,6,3,2,1,3,-4,-2,-2,-1,2,-4,3,5,-9,5,-2,4,-3,-3,-2,-8,-13,9,-4,0,-1,-11,3,-11,19,-6,2,27,-13,20,2,8,-29,9,2,-19,5,-5,-5,-1,0,2,-2,-1,-2,1,-2,5,3,4,13,3,3,7,2,10,-1,3,-4,11,-3,-3,9,9,3,5,7,-6,1,-6,-3,2,-14,-19,-6,-11,-19,5,15,-17,21,-8,2,21,-15,19,-4,24,-3,-4,18,-20,16,-17,22,-4,-34,5,25,-6,-19,16,7,22,7,-8,-14,20,29,-15,5,11,2,0,-15,7,-2,0,-13,4,12,-2,4,-2,-1,-7,12,-2,-17,6,2,0,-10,10,12,5,-9,-7,4,0,14,8,2,-4,4,1,-8,21,19,-10,26,-10,0,11,15,26,-13,23,-9,6,-32,-6,27,-29,5,-13,8,-10,20,10,-9,24,-10,5,5,18,14,13,5,-1,9,2,3,1,3,11,-16,-13,4,16,-8,3,5,-22,-9,-8,0,4,-9,1,2,-3,-8,-8,7,-5,1,12,-8,6,1,-3,5,16,7,-14,12,1,-11,-2,18,2,-5,15,33,9,11,19,15,20,-6,16,10,21,20,0,25,17,13,35,16,14,7,5,14,2,-1,3,29,21,7,-2,19,8,-1,13,11,10,12,10,5,19,10,5,12,14,4,-2,29,6,0,36,0,29,-6,27,40,26,27,6,27,9,38,23,-10,34,5,30,20,30,4,-6,28,14,31,19,15,37,14,33,24,38,19,1,-2,0,1,3,2,2,2,-22,-24,-2,-46,-33,-8,-2,-29,-16,0,3,2,-6,11,-2,-5,-8,1,-1,-3,0,6,3,1,-7,9,-2,2,1,1,-7,2,-4,3,-3,-3,-1,-3,-7,3,-1,2,3,-1,1,7,2,3,0,-2,0,0,-1,2,-1,-2,2,18,13,-15,0,-2,-4,-13,-19,-3,-34,-18,-20,4,-11,-9,-9,-37,10,-32,-22,1,-7,-20,-7,1,-13,-3,-8,-8,-11,-8,-6,16,-17,-11,-2,8,-19,-12,-10,1,-18,-6,-5,-11,-3,-8,2,-10,3,-5,-17,8,-8,-3,-5,-4,-8,-10,-4,-11,-8,-10,8,14,17,6,-13,1,-5,-4,-2,-19,-22,-16,-24,-3,-15,-6,-26,-17,7,-15,-16,1,-1,-13,-4,11,-7,-12,-12,-2,-1,-10,-5,18,-12,-6,-1,5,-22,-2,-5,-5,-16,0,-4,-14,-6,-4,-1,-13,7,2,-14,12,-10,-8,-5,1,-5,-10,2,-7,3,-8,36,60,46,-11,-15,-19,13,-21,-8,11,-16,-18,-29,-2,-36,-6,-26,-43,13,-20,-19,-4,4,-8,-14,-10,-31,-8,-28,-22,0,-16,-26,24,-29,-22,-10,5,-38,-15,-14,-8,-29,-11,-6,-18,-5,-16,5,-33,12,15,-36,21,-18,16,-7,8,-9,-20,5,-7,-6,-8,30,29,42,-28,-19,-33,14,-39,6,-32,-83,-60,-81,-33,-66,-30,-44,-71,31,-68,-54,-12,-9,-21,-33,-46,-55,-44,-55,-59,8,-59,-41,24,-58,-52,-40,-7,-73,-73,-31,-28,-41,-28,-31,-41,-13,-32,10,-53,16,26,-54,34,-43,22,-15,12,-9,-24,12,-9,-20,-27
1,-1,-1,1,2,2,-2,2,-3,1,-1,5,5,-1,3,1,-2,6,-2,2,-1,-1,10,1,-4,-5,6,5,3,3,2,1,-1,-12,4,-9,2,-3,0,5,-4,40,-7,53,-5,1,-11,-6,-1,-16,-3,-17,0,1,5,-3,2,2,2,0,-1,-1,1,-1,-1,2,-6,6,-4,-2,2,-14,10,6,-2,-11,1,0,20,1,-10,-11,13,5,13,10,-1,-5,-7,19,14,-11,10,11,-9,6,-9,67,-14,33,-19,35,-9,-15,16,20,6,-15,5,9,44,8,-15,8,9,-18,28,2,-10,-16,13,-2,34,-21,35,-12,7,-13,5,-3,-3,1,21,-4,-5,-3,1,0,14,6,4,20,-2,9,13,13,-4,3,-6,2,34,-6,-11,20,2,-8,1,29,0,-1,13,-3,17,-23,13,-9,18,-8,-11,17,-6,41,1,6,1,-9,-10,-2,9,-24,25,12,-6,-1,4,36,-12,27,-12,26,0,-7,5,2,4,4,5,1,2,2,-1,-10,0,-7,-4,-2,-7,4,-1,-8,-2,3,4,0,-7,8,-1,-1,12,8,16,5,19,6,3,-2,17,14,17,1,4,18,5,-6,14,-24,23,-6,-14,5,23,18,9,38,4,10,7,15,-1,-18,16,-7,-12,-9,-15,-1,11,7,4,11,16,-8,-11,11,0,-4,15,7,6,19,-8,-2,8,5,2,-2,4,3,19,15,2,11,14,1,17,21,16,10,19,-9,5,0,19,-4,13,28,-7,23,20,34,21,33,-2,4,8,16,23,-2,-2,-5,4,-2,-7,32,-2,31,9,6,0,1,-2,0,1,-2,2,-2,2,1,-17,-11,-3,-9,-18,-18,-26,-15,-1,-2,6,-4,-3,7,-2,1,3,1,-1,0,-3,-1,2,7,1,0,-5,1,-1,-1,1,3,0,-1,-1,-3,-1,2,-1,1,3,0,2,-1,1,-1,1,1,0,0,-1,-2,-2,0,-2,1,6,3,9,-12,0,5,-1,6,-4,-1,-10,2,-2,-19,-27,-21,-12,-6,2,1,0,1,-7,-6,5,3,-14,-6,-6,-10,-1,9,-1,-24,-13,0,-4,-3,-11,-3,-9,-10,-11,-6,-6,-4,-2,-5,1,-8,15,-2,7,-7,-9,-3,-23,-1,-11,-3,-8,-1,-2,-1,5,-1,5,-2,-8,-7,3,8,-10,2,-8,-20,-9,-7,-2,-25,-15,-4,8,1,4,-4,-9,-4,9,-1,-16,0,-9,-20,-5,28,-20,-22,-11,17,-12,4,-3,-1,-5,-11,-12,1,-7,-6,0,-5,9,-7,19,-9,1,0,-8,-1,1,-10,-3,-11,-5,-1,-1,-1,-16,-24,-8,-56,-22,-12,-13,-14,-26,-7,-17,-42,-13,-10,-9,-36,-14,-16,14,-9,-2,-4,-8,-7,12,-27,-37,-19,-32,-11,-19,48,-10,-35,-28,44,5,1,-12,-2,-8,-19,-26,38,-9,-23,-6,-9,18,-14,49,-18,34,-10,-21,-4,-3,-2,-7,-9,-8,0,-2,-3,-12,-2,41,3,31,-5,-20,-14,-17,-13,-33,-51,3,-27,-20,-36,-2,-88,8,-43,-31,-70,-34,-30,63,-31,-62,-7,-69,-44,-52,63,-64,-39,-55,60,37,-2,-25,-6,-12,-49,-40,59,-22,-46,-21,-22,32,-39,61,-47,50,-53,-44,-30,3,-25,-23,-29,-19,9,-5,-28
0,-2,-1,-1,-2,0,2,2,0,-3,-2,-6,-4,-6,-4,1,2,3,-1,0,0,-3,-6,2,1,-4,-6,-1,2,9,-2,3,-2,-4,1,-2,0,-3,-4,-1,5,-7,-16,-8,15,-13,14,-2,-17,-6,-7,-5,-28,-12,-22,-33,0,0,-1,1,-1,1,2,-1,-9,8,-18,13,1,2,-8,6,-2,0,-2,3,-6,12,-9,2,5,-12,-4,14,14,2,13,16,-4,-17,23,-11,22,-11,0,-3,2,14,-26,-22,10,7,11,-5,-10,-9,-19,16,-27,-18,-10,13,5,10,-8,-22,-7,15,-25,0,-4,6,9,11,2,-16,-9,16,15,-17,26,-13,-6,15,-10,15,2,17,-14,-6,3,-30,19,1,19,-9,21,-8,-1,12,11,13,-1,17,0,-3,4,29,-14,-2,-17,1,1,20,15,-21,-13,11,5,-29,-1,-3,3,0,14,-8,-5,-1,-3,-6,4,-4,4,0,11,13,-8,-28,5,4,6,9,2,14,-9,13,1,14,12,6,15,-1,15,14,16,20,2,9,-1,9,3,-2,-1,8,3,-1,-6,2,-20,6,-3,-4,-9,5,1,-2,-5,15,-14,38,8,-1,1,13,-5,1,11,18,11,-5,0,12,-14,21,1,-23,11,3,-8,-4,-12,1,-20,-3,-10,-3,11,14,28,10,16,30,28,12,14,19,12,8,18,11,34,23,18,16,14,7,13,27,12,9,13,21,0,3,-2,13,9,6,12,4,-3,29,-14,34,9,11,14,-19,20,16,-13,0,2,-5,-8,19,11,-17,19,1,10,5,5,9,-5,15,3,-3,19,20,-2,-2,2,-1,2,0,-2,0,-15,20,-11,20,-25,19,1,28,-19,6,-19,2,-3,-17,9,-9,-1,-6,0,-4,1,-5,1,-5,-2,-1,-3,0,0,0,2,-3,-3,0,-1,0,-1,-4,0,-3,-2,-2,1,0,-4,7,-2,-2,1,0,1,2,1,0,2,-2,-5,9,2,1,-39,14,-15,4,-17,25,-12,4,-10,-1,17,-14,21,-9,-31,-15,-14,-12,-16,-8,-15,-9,-8,-5,-7,-8,1,-21,-4,-10,-8,-12,13,-7,10,-9,-7,-17,-3,5,-7,-4,-11,-3,-6,-2,-4,-4,-11,10,-8,-5,-7,-2,-7,-5,-10,0,-6,2,-11,-10,-26,-2,-4,6,-7,-7,-12,48,-12,19,-25,11,20,3,23,-21,-18,-15,-6,-24,-7,-11,-13,-7,-11,-7,-19,10,-9,-12,-1,-14,-15,-23,14,-7,15,-11,-20,-16,-13,8,-13,-3,-8,-5,-2,-8,-6,-5,-11,11,-7,-8,-12,-6,-6,-6,-9,-5,-3,-6,-9,-41,-31,-18,-55,43,-33,33,-28,62,-20,26,-62,2,39,-28,24,-28,-37,-20,-27,-30,-29,-17,-21,-15,-14,-15,-8,-11,-15,-27,-16,-21,-17,-33,33,-33,23,-13,-16,-27,-8,29,-21,-35,-36,-11,-13,-4,-15,-16,-20,24,-11,-7,-8,-11,-12,-9,-11,-14,-11,-10,-54,-30,-49,-50,-51,52,-41,17,-55,65,-51,39,-54,40,41,-51,48,-50,-54,-41,-56,-55,-41,-66,-59,-59,-25,-33,-64,-9,-26,-42,-42,-49,-53,-107,43,-34,32,-36,-62,-82,-36,44,-42,-24,-62,-27,-45,-7,-32,-40,-40,43,-45,-42,-31,-22,-28,-18,-38,-24,-51,-33
-2,2,-1,1,1,2,2,0,-17,-20,-19,-20,-19,-18,-18,-18,-15,-14,-14,-13,-13,-13,-13,-16,-11,-11,-11,-10,-11,-11,-12,-12,-11,-11,-12,-10,-8,-10,-9,-10,-10,-8,-11,-9,-9,-7,-10,-10,-6,-5,-6,-5,-5,-4,-6,-8,2,-2,1,-2,2,-2,1,1,-26,-31,-31,-30,-30,-28,-36,-32,-26,-27,-29,-28,-29,-29,-32,-31,-29,-29,-29,-29,-29,-32,-30,-30,-29,-30,-31,-29,-29,-28,-27,-30,-29,-27,-29,-29,-31,-29,-31,-29,-29,-28,-28,-29,-28,-28,-30,-27,-26,-27,-28,-31,-31,-27,-29,-28,-22,-27,-27,-25,-23,-26,-24,-26,-30,-28,-29,-27,-28,-27,-28,-29,-31,-28,-28,-29,-27,-25,-24,-28,-27,-31,-26,-27,-30,-27,-26,-25,-28,-26,-28,-27,-26,-26,-26,-28,-28,-29,-27,-29,-28,-28,-29,-30,-25,-30,-28,-27,-31,-27,-30,-28,-29,-25,-27,-31,-31,-31,-29,-29,-26,-27,-25,-32,-30,-25,-30,-27,-23,-24,-25,-21,-22,-27,-26,-28,-27,-26,-28,-26,-26,-28,-32,-34,-27,-28,-25,-18,-20,-24,-27,-31,-30,-27,-24,-22,-26,-29,-29,-32,-31,-28,-28,-26,-26,-26,-32,-30,-27,-29,-27,-21,-23,-27,-26,-26,-27,-25,-23,-21,-25,-21,-22,-19,-27,-28,-23,-21,-23,-25,-24,-25,-54,-55,-41,-57,-44,-33,-42,-53,-42,-60,-51,-38,-39,-54,-67,-53,-39,-41,-41,-47,-42,-74,-58,-42,-58,-45,-60,-41,-51,-54,-36,-53,-55,-41,-38,-55,-40,-50,-48,-57,-57,-53,-52,-64,-53,-52,-51,-58,-53,-56,-54,-53,-60,-60,-53,-54,-48,-49,-47,-47,-51,-53,-54,-54,2,-1,0,1,2,2,-2,-2,-7,1,-2,2,0,-3,-7,-7,3,3,4,2,2,-1,-1,-1,0,0,0,0,0,0,-2,0,-3,-2,-1,-2,-2,-2,-1,-2,-5,-4,-2,-3,-3,-3,-3,-5,-7,-6,-4,-6,-4,-4,-4,-6,-2,-2,1,-1,-2,2,-2,1,-10,-8,-10,-13,-12,-12,-11,-10,-14,-12,-12,-12,-13,-13,-11,-11,-12,-11,-13,-14,-9,-13,-12,-12,-13,-10,-12,-11,-11,-12,-13,-11,-10,-14,-12,-11,-11,-11,-11,-10,-11,-11,-13,-11,-11,-11,-10,-9,-10,-11,-11,-12,-12,-10,-9,-9,-10,-12,-13,-11,-11,-10,-9,-10,-11,-10,-12,-10,-9,-11,-10,-10,-10,-10,-11,-11,-9,-10,-10,-11,-13,-11,-12,-11,-11,-10,-13,-12,-12,-10,-10,-9,-10,-11,-11,-11,-9,-10,-10,-9,-10,-10,-10,-9,-11,-10,-11,-11,-10,-11,-12,-9,-9,-11,-12,-10,-10,-10,-8,-9,-9,-12,-8,-12,-11,-11,-11,-10,-9,-9,-8,-7,-7,-8,-6,-8,-10,-11,-9,-8,-8,-8,-7,-9,-11,-8,-10,-6,-7,-11,-7,-8,-9,-7,-6,-5,-6,-3,-1,-6,-8,-6,-9,-8,-7,-7,-6,-7,-10,-7,-9,-9,-7,-8,-7,-9,-9,-10,-9,-8,-7,-9,-8,-9,-11,-9,-8,-8,-9,-9,-9,-12,9,11,6,12,14,6,11,9,6,10,9,12,12,7,8,4,13,12,15,15,15,13,13,9,9,13,12,16,17,16,19,9,8,10,13,15,13,15,10,8,6,7,12,5,10,8,11,4,-3,6,-3,1,0,6,7,2,-3,-5,-4,-4,2,3,1,-1
-2,1,-1,-1,0,2,2,-1,1,0,4,-21,7,-1,-1,1,2,-5,4,98,4,-11,-1,1,1,-1,6,-27,5,3,0,0,-1,2,-1,4,-1,3,1,1,-3,-2,2,-4,2,2,3,0,-4,2,-6,1,0,3,-6,-5,-1,-1,0,1,-1,0,-2,-2,5,5,1,4,2,4,6,3,6,-2,4,0,5,-2,3,6,5,6,1,-24,3,6,1,3,2,-2,10,6,10,2,4,6,-2,7,-4,8,-2,4,0,3,5,1,-1,-3,5,4,4,3,3,2,8,5,8,2,3,3,2,3,2,3,5,3,4,2,9,-12,7,8,4,-3,10,2,4,11,-8,8,0,9,2,3,9,6,8,34,8,3,3,5,4,4,5,5,7,4,3,5,4,2,3,5,2,0,4,5,0,7,6,7,3,3,2,2,7,3,-1,5,9,4,5,-1,8,4,3,3,8,3,5,6,7,8,6,3,4,8,7,9,7,9,8,-3,6,7,8,5,0,-1,-5,-17,-5,-1,-1,3,2,4,8,1,8,2,-2,5,9,8,2,11,8,4,8,3,6,11,8,4,8,8,6,3,8,6,11,11,10,8,6,10,5,7,6,5,5,6,8,4,14,8,14,11,14,8,18,16,15,16,7,9,10,17,15,16,15,11,10,5,7,9,12,8,14,9,14,14,14,12,8,13,12,10,16,10,13,7,16,9,1,20,13,16,11,12,5,14,20,10,15,18,18,21,17,10,20,23,10,14,9,10,8,8,-2,2,0,2,1,2,-2,0,-5,-10,-10,2,-3,-3,-3,-10,-3,-7,-9,-10,-6,-6,-3,-5,-3,-3,5,-9,9,-3,-6,-2,-1,-1,-2,-2,-4,-2,-3,-2,-1,-2,-2,-4,-4,-4,-1,-2,-1,-1,-4,-1,-3,-1,-2,-2,-1,2,1,-2,0,-1,-1,1,-3,-1,-10,-8,-7,-4,-7,-4,-1,4,-7,9,-2,-5,-3,-4,0,-8,-11,7,-16,-4,-6,-6,-7,-7,33,-9,39,-5,-6,-6,-1,-5,-7,-6,-1,-6,1,-5,-7,-1,-9,2,-6,1,-8,-4,-4,-4,-6,-4,-5,-5,-5,-4,-4,-5,-4,-8,-5,-5,-3,-6,-12,7,-1,-5,-5,-5,-6,-6,-5,-6,3,-2,-2,-11,-8,-1,-6,-6,-16,-11,-14,-6,-8,-7,-10,-6,36,-10,38,-7,-8,-5,-7,3,-14,-5,-10,4,0,-4,4,-12,-10,-7,-6,-10,4,-8,-11,-8,-10,-6,-7,-6,-8,3,-9,-7,-5,-7,-6,-6,-6,-7,-10,-16,-1,-8,-7,-11,-5,-7,-6,-4,-12,-14,-4,-10,-8,-3,0,-2,-4,-23,-6,-4,-5,-3,-6,-8,40,0,37,-8,-2,-4,-11,-7,-14,-6,-12,-11,2,-8,-10,-11,-10,-7,-7,-8,-6,-7,-6,-10,-9,-11,-9,-9,-6,-8,-8,-7,-7,-6,-7,-7,-7,-6,-15,-31,-13,-14,-18,-27,0,-14,-9,-10,-21,0,-9,-13,-15,1,-14,-17,-17,-28,-25,-17,-11,-23,-24,-16,48,-11,49,-20,-19,-10,-18,-14,-27,-16,-21,-17,4,-18,-13,-19,-18,-19,-15,-16,-11,-14,-13,-19,-16,-18,-15,-20,-17,-14,-16,-14,-15,-13,-14,-14,-15,-12
0,1,2,1,2,2,2,-1,-4,7,-8,17,-16,10,-4,6,-3,9,-14,19,-24,19,-6,8,-3,6,-3,9,-6,9,-1,4,-2,3,-4,5,-2,4,1,3,2,2,-2,10,-2,10,-1,5,19,23,0,10,0,10,-12,8,-2,-1,-2,0,-1,-2,1,-1,-10,7,-13,16,-16,17,-11,19,-2,8,-14,8,-17,11,-7,0,0,-8,8,-1,1,-12,10,-3,-6,-5,-5,-17,8,-5,4,-1,-1,-10,-14,7,-17,5,-3,6,-5,6,-20,5,-7,15,-6,3,-5,1,-3,-1,-1,-3,6,2,1,-11,-9,-6,8,-8,6,3,-25,21,-11,12,-8,9,-7,17,29,-24,27,-9,11,-25,13,-16,-11,16,-26,20,-28,18,-24,12,10,-12,7,-29,14,-14,7,-8,-18,11,-30,24,-66,23,-13,8,11,-28,15,-24,14,-23,22,-13,-24,14,-28,14,-6,15,-22,17,29,-26,8,-17,7,-8,17,-11,0,-7,-10,-4,-7,-3,-4,-6,-11,-3,-13,-10,-2,-8,-6,1,-6,-13,-12,-8,-10,-6,-12,-10,-15,-21,-27,-4,-16,-14,-16,-11,-13,-10,-7,-2,9,-11,-5,-5,-6,-12,-7,-7,-2,-8,-6,-11,-3,-13,-5,-8,-5,-15,-5,-5,-12,-8,-14,-5,-16,-15,-21,-8,-18,-8,-14,-15,-4,-6,-2,-16,-6,-20,0,-16,0,-28,-7,-13,-11,-8,-35,-4,-29,1,-33,-3,-5,-20,-13,-26,-5,-25,-32,-10,-17,0,-22,-10,-22,1,-15,-21,-11,-1,-1,-22,-9,-20,-4,-22,-12,-12,-12,14,-13,-7,-7,-2,1,-12,-29,-6,-12,-24,1,-14,-1,1,1,0,2,1,0,2,25,-27,14,-20,21,-15,19,-23,5,-4,2,-3,0,-1,6,-12,1,-3,-3,-18,-8,-5,-7,-3,2,-3,-2,-3,-10,-3,-3,-4,1,-1,1,-3,3,-5,1,-1,4,-1,-3,2,1,2,-2,0,0,0,-1,0,0,-2,-1,-2,2,-9,4,-16,5,-12,5,-17,4,-5,10,-4,7,-5,0,-4,2,10,-5,13,-20,21,-15,1,-11,7,-13,31,-20,19,-11,11,-3,8,-7,2,-11,1,-6,-2,-3,-2,5,-4,1,-9,2,-3,5,-8,1,-4,-1,-3,-2,-2,2,1,-5,0,-3,1,-3,2,8,-9,6,-11,1,-7,6,-24,-12,22,-4,7,4,3,-3,6,12,4,5,6,-9,19,2,7,-9,-1,-4,26,-23,13,1,12,1,-1,-2,-1,-3,-5,-3,-4,-4,1,-6,5,-5,4,-5,2,2,-8,1,-3,-1,-2,3,-8,-3,7,-6,7,-2,2,-6,10,12,-15,1,-18,-1,-10,13,-9,-2,15,1,14,7,8,7,17,6,1,4,9,-10,23,-10,11,-2,15,-13,25,-18,38,-4,19,12,15,-8,6,-5,2,6,4,6,6,1,8,2,6,3,7,12,4,4,1,0,2,-1,2,3,10,6,5,1,5,2,7,10,-46,7,-37,-27,-32,23,-33,-13,53,-11,7,30,-1,-1,19,42,5,35,9,-32,62,-7,40,-13,24,-43,77,-29,58,-14,42,14,28,0,-3,21,-2,10,-11,18,18,-6,13,4,12,-6,3,24,-4,11,5,2,0,9,-9,12,22,7,9,-9,20,-1,28
-1,2,0,1,-2,-2,-2,-1,0,0,0,2,0,-5,1,-6,-7,-5,-2,2,10,-8,10,-1,-1,18,0,-3,2,-3,-4,-4,-3,23,-8,7,8,-8,1,-5,4,-17,-19,-10,-3,-14,-3,6,9,-7,12,14,17,26,11,10,-2,0,-1,-2,-2,-1,0,1,11,-2,-6,10,-11,-8,0,4,-1,1,-7,2,22,-6,19,1,-3,22,-7,3,-1,11,-10,10,-12,9,-4,-3,11,-20,28,-6,12,-12,-11,13,-11,3,-8,32,-17,-12,57,-6,-2,9,37,-6,18,7,-16,36,7,-11,0,26,-31,12,-6,18,0,-17,27,4,6,-14,-2,0,6,1,2,5,4,3,0,3,1,15,1,-3,-17,-5,16,-4,8,-5,12,-1,14,4,-6,8,-6,-19,-8,18,-10,29,10,4,11,-25,19,-3,-3,13,4,-9,-12,8,-3,-4,7,8,18,22,7,-3,13,5,9,-27,1,30,20,-20,5,18,7,3,5,5,0,20,4,11,8,7,-3,2,1,11,9,1,7,-12,2,2,-5,17,0,-4,12,-3,5,4,16,31,14,-5,-9,8,3,-4,-19,27,-1,-6,27,17,-7,17,13,13,9,6,14,-13,-2,-18,-18,17,-17,-19,28,16,17,20,1,26,27,12,7,0,9,9,12,24,13,26,14,11,9,7,9,27,13,4,5,-1,21,11,11,14,32,15,23,15,13,12,16,6,10,28,-15,14,22,-1,14,23,19,19,16,20,0,3,-41,52,6,25,12,-33,11,-7,7,5,-19,16,28,-11,6,-2,-4,17,14,23,2,2,-1,2,1,-1,1,-3,-2,-12,0,-3,-33,16,1,-9,-2,-4,0,1,-1,-3,4,-12,-5,-4,-3,-1,1,4,-3,-1,3,-1,-2,0,-4,2,-9,-2,0,-4,2,1,2,5,-2,0,0,-3,0,-3,-2,5,0,-3,2,-2,-1,2,0,1,1,0,3,-10,-2,-10,-8,14,5,-2,-10,-8,-9,-18,-22,14,-7,-18,-8,-1,3,-25,-19,-3,-8,-21,-9,-25,-6,12,-11,17,-1,-1,15,-8,-5,-11,-3,-12,-21,-8,1,-9,8,-12,-11,0,-18,-6,-8,-8,-8,-11,-4,-7,-10,-8,-7,-6,-11,-3,-1,-1,-6,-1,-7,-17,-5,-3,-18,2,13,-3,1,-14,-4,-35,-14,3,-11,-46,-13,-6,-4,-12,-22,-11,4,-14,-16,-23,-15,-4,-13,20,-6,3,18,-17,-13,-10,-12,-7,-33,-11,-5,-20,12,-10,-6,3,-11,-9,-2,-9,-15,-6,-11,3,-8,0,-8,-5,-2,-8,3,-3,-1,-14,-13,-39,-13,-15,-41,3,40,-18,-18,-18,-31,-22,-16,15,-7,-13,-30,-32,-7,-23,-38,-23,-32,-21,-34,-36,-30,32,-35,23,-30,17,32,-25,-20,-19,-14,-23,-66,-10,2,-14,29,-24,-24,21,-38,-13,-2,-10,-31,-22,-4,-20,-18,-7,-10,-1,-11,-2,2,2,0,-3,0,-49,-34,-68,-81,29,40,-30,-83,-42,-78,-41,-50,20,-35,-12,-57,-98,-29,-49,-59,-35,-31,-70,-42,-40,-49,46,-43,41,-49,43,44,-72,-41,-42,-16,-90,-63,-47,11,-42,37,-47,-53,44,-59,-38,-2,-26,-54,-64,-7,-60,-50,-72,-11,8,-4,-7,12,17,3,-22
-1,0,0,-1,0,0,-1,2,4,1,5,-6,-11,-1,-6,5,6,2,4,5,-3,1,-2,4,2,3,2,4,1,2,-2,3,5,4,2,3,2,3,3,5,3,2,3,5,3,4,5,7,14,12,12,10,4,2,1,7,0,-2,-1,2,-2,1,2,0,-5,-1,3,-8,5,-7,-6,-8,7,-6,4,-1,-8,-4,-11,-5,4,-1,9,-6,-4,-2,5,0,-1,4,-3,12,-2,8,-8,-5,4,5,9,-3,11,-3,10,-6,1,8,0,11,0,3,-1,3,5,0,7,-2,5,7,0,-3,0,6,1,9,-2,6,-8,0,16,2,12,-7,13,-16,15,-4,-5,18,-6,12,-18,15,-12,18,19,-9,19,-21,16,-27,9,-13,-4,19,-8,20,-10,27,-16,14,24,2,24,1,22,-5,20,-14,-9,15,-5,19,-4,18,-7,18,20,-8,25,-6,22,-9,19,-5,-9,28,-9,15,-4,20,-4,20,7,10,12,12,6,15,16,18,4,6,3,5,-1,3,12,9,7,5,13,3,1,-2,1,9,16,13,19,9,10,13,6,12,15,16,22,21,17,12,15,15,12,20,12,20,16,18,15,16,4,16,14,10,-1,6,7,16,11,9,12,13,8,7,11,12,11,11,20,0,0,7,25,37,13,15,-7,-4,-12,19,5,37,3,-3,11,-13,10,-13,20,10,10,14,16,16,6,26,3,13,22,22,32,30,38,11,35,13,20,33,7,33,20,44,24,33,21,14,28,21,42,31,27,23,7,27,23,33,27,26,22,23,-1,-1,-1,-1,-2,-1,1,1,-20,-51,-25,-45,-28,-57,-23,-103,-24,-29,-26,-41,-36,-36,-27,-26,-15,-11,-23,-23,-32,-29,-27,-20,-6,-7,-6,-10,-11,-11,-13,-8,-3,-3,-3,2,-2,0,-4,-4,-3,-1,1,-1,3,-1,-1,-4,1,2,-1,-1,1,-1,2,2,-9,-11,-3,8,-3,-11,-10,-7,-9,-4,-7,0,-10,0,-12,-4,-11,-17,13,3,4,0,3,4,-5,-19,-9,-7,0,1,-1,3,-7,-4,-13,-5,-4,-5,-6,-5,-6,-5,-5,-5,-4,-3,-1,-2,-1,-2,-3,-3,0,-3,-4,1,-1,-1,0,-3,-1,1,0,3,-7,-7,-7,6,-3,-3,-3,-7,-4,3,4,0,4,2,2,-8,-6,-4,7,3,0,6,-4,2,-1,-9,-3,6,-11,-9,-3,-3,-5,-3,-1,-4,-5,-14,-5,0,-1,-3,-1,-4,-10,-4,-9,-2,-5,-4,-2,-5,-5,-7,-8,-4,-1,-5,-6,-3,-7,-6,-6,-1,-2,5,1,22,11,15,1,-2,9,6,16,27,19,12,6,8,-1,1,2,2,3,1,-1,2,2,-2,2,-5,0,4,0,-5,1,1,-5,4,9,4,5,-1,-8,-8,-8,-5,6,-1,-3,-9,-5,-10,-10,-8,0,-1,-9,-10,-4,-4,-6,-7,1,-1,-2,-10,3,3,6,34,25,27,-3,-4,-5,8,22,52,40,32,9,12,2,5,17,23,23,28,15,17,-4,-14,2,16,7,13,-4,-5,0,-8,-5,-1,8,0,25,-3,-5,3,-16,-4,-5,-1,-11,-1,-2,-11,-9,-12,3,-13,-6,-1,1,2,-1,0,6,7,-4,-13
-2,-2,2,1,0,1,-1,2,8,9,16,-3,12,0,2,3,-1,-5,-4,0,2,1,3,1,2,11,-2,7,3,-1,1,2,8,0,18,5,10,8,2,-2,-1,-2,-21,-6,-28,-6,-15,5,6,17,11,10,-1,1,-9,-5,-1,0,-1,2,2,-2,2,0,24,5,10,-8,7,8,12,7,5,1,1,11,0,7,0,19,-7,32,-12,2,-18,0,-10,-5,25,-7,35,20,38,6,11,-7,2,30,24,12,-3,1,44,12,12,3,-32,15,-13,-42,-21,2,8,35,20,32,-18,-1,18,6,11,-12,28,36,26,11,9,-7,-5,-2,5,14,6,4,0,5,13,6,6,1,14,7,-1,1,11,7,-6,-2,4,-8,4,9,0,22,19,13,-1,5,27,-1,14,-2,13,18,5,14,5,11,0,9,-31,-4,13,-14,-6,-1,15,16,13,19,13,5,8,-5,-4,15,23,26,2,8,21,6,1,3,1,3,6,7,4,4,-3,-4,-5,-3,0,5,0,1,16,12,22,1,19,10,-2,6,9,8,-10,7,-2,11,0,-11,10,17,3,12,7,8,-15,-8,28,26,40,20,19,29,27,28,-1,-1,2,11,21,15,-7,-1,6,5,4,3,9,5,1,-1,0,13,14,16,8,9,0,-4,16,16,14,12,8,19,5,8,29,10,15,8,15,6,1,0,22,36,14,12,0,-7,16,0,3,23,29,28,-6,13,-5,18,28,23,26,22,28,19,-2,20,9,27,11,34,26,29,-22,-6,20,1,17,-3,-9,-7,9,4,-2,-2,2,2,-1,-2,-1,0,-25,-7,0,-24,-25,5,-22,-5,1,9,7,-8,6,11,-8,7,-4,2,-2,-2,0,4,-4,0,1,0,0,2,0,-2,0,-2,2,2,1,0,2,2,-2,-4,-1,-1,-2,-4,-3,-6,-1,-2,1,0,-2,2,0,0,-2,-2,-9,-17,1,-6,-9,-6,-18,-7,-13,-12,-17,-23,-12,-20,-2,-15,-4,16,-15,-2,-15,20,-20,-7,-15,-11,-29,-16,-8,-8,-5,-11,-11,-19,5,-7,-2,-4,-12,-10,-2,8,-13,7,19,0,-8,-9,-1,-16,-3,-14,-4,-3,-6,-4,-16,-3,2,-10,0,-12,-3,-5,7,-19,-1,-13,-1,5,-6,-4,-20,-15,-11,-6,-7,-13,-24,-17,2,25,-13,5,-21,19,2,-12,-6,-8,-17,1,-7,-12,-2,2,8,-15,7,-18,6,-2,-8,-13,-4,2,-14,7,24,11,-7,-7,-5,-10,-7,-19,-7,-6,4,-3,-5,-7,-4,-5,-6,-7,-17,-6,-12,-42,-15,-27,-12,-10,-32,-30,-26,-14,-33,-2,-7,-19,-12,-27,21,38,-27,32,-21,30,8,-9,-22,-22,-23,-26,-19,-20,1,-6,7,-20,23,-19,-9,-7,-21,-13,-4,17,-34,30,38,11,-35,-12,-6,-15,-14,-26,-32,-4,-15,-8,-7,-6,1,-10,-3,-14,-12,-11,-25,-81,-62,-64,-53,-25,-79,-45,-48,-32,-62,-5,-51,-31,-88,-61,30,54,-25,53,-43,51,-19,-30,-89,-83,-69,-43,-41,-81,-15,-60,16,-84,28,-67,-52,-47,-68,-51,25,27,-97,35,49,18,-84,-74,-8,-41,-23,-73,-65,-3,-36,-4,-17,-35,0,-29,-19,-28,-41,-30
-1,-2,1,-1,2,-1,-2,-2,-1,0,1,1,-1,3,-2,-1,-2,-2,1,-1,-2,-1,-1,-1,-2,-1,-1,-2,1,-1,-1,-2,-4,-2,-7,40,-5,-1,1,0,-1,-14,12,102,12,-16,2,0,8,-6,26,16,17,-1,4,10,-2,0,0,2,0,-2,-1,2,-2,1,2,-9,3,1,-7,-2,-4,-6,-1,-3,-2,1,-4,-9,-2,5,-7,5,-2,-1,5,-5,4,4,0,2,2,-2,0,0,-5,-5,6,-9,7,-1,9,2,-7,2,2,-11,6,-1,-5,-3,-7,14,10,-25,8,9,-12,3,-4,2,-8,-10,6,-5,-5,-7,-1,-2,2,-2,-6,-1,-3,1,0,-3,-7,2,1,2,-2,-1,6,-7,7,0,4,-4,2,8,6,5,3,5,4,0,5,6,6,3,-2,-2,-1,5,8,-6,0,4,2,-1,-3,6,-14,-2,3,0,5,-30,5,-2,1,-9,6,-4,-1,-39,3,0,-1,4,-1,3,10,16,10,1,6,3,2,-4,7,15,11,3,-8,-4,-1,0,7,15,7,-5,2,-2,-1,7,10,15,-5,-10,-7,-5,-6,-7,1,16,5,4,3,-7,-1,-2,0,-33,-2,-9,-7,-1,-3,0,7,-52,0,-3,1,-6,2,7,7,-12,5,7,4,6,-6,-15,24,14,9,-23,-14,-28,12,12,-11,1,12,10,-1,-12,9,2,17,10,26,-11,8,13,-13,-6,0,23,1,-19,-34,11,24,-7,3,-8,14,-23,-1,-19,19,15,-15,-21,0,-16,-3,-22,11,1,13,-28,15,-2,13,16,11,1,-8,9,13,12,11,10,1,-2,-2,-2,0,-2,0,1,-13,-12,-19,-34,-12,-10,-10,-14,3,0,0,2,-1,-2,2,1,3,3,-3,1,1,0,1,2,3,2,3,-1,2,3,1,2,4,2,3,-44,4,4,1,1,2,3,-23,-127,-24,4,3,2,0,-1,2,2,-1,1,-2,-2,2,4,-2,7,4,5,1,3,-1,1,1,5,-2,-3,0,1,3,-9,-1,-11,2,-5,5,-10,-3,-19,-7,-27,-13,-20,1,4,-44,-14,-53,-1,-41,-9,-25,-4,-3,-43,-44,-55,-44,-45,2,-18,-41,-84,8,-82,6,-69,-25,-5,4,-74,-7,-108,2,-66,3,-35,-16,2,0,1,-37,0,-28,6,1,-17,-1,-25,5,-27,4,-19,-22,-4,-32,4,-30,-2,-18,-56,-57,-33,-1,-24,0,-33,-52,-49,-51,-61,-33,3,-24,-60,-48,4,0,-55,-55,-57,-46,-45,4,-12,-32,-2,-25,-120,-16,3,-12,5,-2,-25,-60,-58,-55,-35,7,-16,-5,-10,-9,-46,3,-12,-5,-15,-5,-11,-9,-52,-6,-6,-9,-5,-6,-17,-13,-54,-7,-14,-5,-9,-7,-10,-14,-54,-14,-9,-7,-7,-12,-17,-13,-73,-14,-22,-11,-7,-20,-17,-10,-32,-14,-23,-21,-14,-36,-46,0,-76,-2,-38,-41,-20,-38,-41,-20,-76,-23,-38,-35,-37,-40,-30,-52,-59,-49,-33,-45,-44,-55,-49,-50,-20,-43,-41,-66,-40,-31,-38,-66,-56,-59,-40,-59,-58,-53,-43,-48,-67,-76,-43,-61,-47,-51,-49,-47,-71,-49,-58,-46,-57,-44,-73,-78,-60,-90,-52,-34,-44,-38,-59,-19,-99,-18,-60,-63,-17,-32,-65,-40,-75,-35,-40,-59,-57
0,-2,-1,-1,0,0,-1,2,4,-1,0,2,-1,3,-1,5,1,1,2,0,5,-2,1,2,2,-3,-1,-6,2,1,1,6,-7,-11,16,-5,-1,-3,0,-1,28,33,18,10,-12,-9,5,4,-17,-17,9,1,11,4,-26,6,-1,1,2,-1,-2,1,-1,-1,19,5,-4,-6,2,5,3,-2,-1,9,-8,9,29,-10,-1,-3,24,10,2,-6,0,8,-9,15,-8,-7,-3,11,33,-10,-33,-8,29,39,20,1,-14,21,-11,7,9,-15,29,26,51,-4,-27,-12,6,54,-7,-41,-39,60,0,-7,-6,-49,4,16,21,-12,-22,0,-2,-3,3,18,2,-1,-1,3,14,-7,7,4,1,9,0,9,-1,8,-4,8,10,-8,1,-6,5,2,-6,-13,8,19,-2,5,9,-10,7,3,26,-3,-5,-6,26,31,8,-13,-14,-1,2,10,-8,-14,26,-15,5,2,-33,-3,4,27,-1,17,5,4,6,-3,-1,3,13,-2,2,2,9,1,0,12,-3,16,-4,-6,9,-3,3,8,15,17,-7,-5,4,6,13,25,13,5,-1,-10,24,6,3,13,19,6,-14,-1,7,17,-1,13,22,-11,-2,0,22,-3,11,23,15,30,10,8,28,15,-2,22,2,-5,-26,-7,8,-6,16,20,12,10,10,12,-5,12,29,6,12,18,5,7,5,15,11,26,23,30,9,7,4,9,30,38,22,20,13,26,22,22,28,30,30,25,38,5,12,5,24,38,17,14,-9,22,27,24,25,18,19,43,13,28,23,23,6,37,23,22,-5,9,50,26,1,1,0,0,-2,0,2,0,-21,7,17,-14,14,-11,-5,-7,-3,5,9,-4,0,-7,8,-1,-3,-3,1,1,-1,4,-2,0,4,-3,5,-3,-4,-3,1,0,-1,-6,7,-2,2,-6,-1,-1,6,8,8,1,3,-4,1,0,2,2,0,0,-1,1,1,2,-17,5,-12,-3,-15,-1,-10,-8,-13,-6,23,-2,-9,-6,-13,-10,-3,13,6,-21,-21,-32,13,-9,-2,-8,7,6,-6,1,-1,-4,0,1,-15,-9,-21,-2,10,-8,-9,-15,-13,7,-12,-7,-10,-1,6,10,7,-11,-6,-12,-7,4,-2,-4,-13,-5,-11,-15,-2,-17,-8,7,6,-1,-21,-13,8,-12,-8,-1,10,-12,6,-11,-21,-17,-4,8,5,-12,-21,-20,18,-10,0,-8,8,11,-12,13,-3,2,2,8,1,-18,-5,-14,11,-7,-10,-6,-13,22,-5,-6,-8,1,1,24,16,-9,-8,-6,-4,-3,-3,5,-9,1,-11,-5,-14,-5,-31,-3,-9,-1,-30,-20,17,-4,-17,-22,27,-16,-1,-18,-23,-31,-13,18,2,-26,-18,-20,29,-16,-9,-27,7,10,-18,6,-7,-16,-2,13,-5,-29,-17,-18,26,-11,-14,-33,-22,33,-22,-13,-8,0,16,30,33,-24,-28,-12,1,-1,-11,-9,-4,3,-10,-19,-8,-6,-36,7,-52,-34,-52,-34,37,-32,-36,-46,40,-64,-39,-28,-40,-56,-26,14,10,-81,-62,-48,47,-59,-8,-38,15,30,-40,30,-44,-31,-13,25,-16,-65,-45,-54,59,-59,-52,-60,-54,37,-37,-25,-31,-3,17,46,37,-48,-62,-35,-5,-2,-19,-17,-21,3,-21,-44,-17,-15
-2,2,-2,-2,-2,-1,-1,2,1,1,1,-1,-1,-34,1,1,2,2,0,0,-1,0,0,1,2,1,0,3,-1,0,-1,1,1,0,1,-1,0,1,1,1,2,3,0,0,2,0,1,1,-3,0,1,-2,-1,6,-4,2,2,-2,0,2,-1,-2,2,0,3,3,1,0,1,-8,1,-18,2,3,-1,1,-5,-5,0,-1,2,-5,2,2,-1,2,-2,7,0,2,-4,-4,4,1,0,-3,-1,-3,-1,-1,-1,2,-2,1,2,1,0,-4,-1,-2,-12,-2,-2,0,-5,-1,-6,2,1,-4,-2,3,2,-4,4,4,0,3,4,5,1,5,4,2,2,1,5,2,4,1,1,-4,3,-4,1,2,1,2,3,1,2,-3,2,-2,-1,-1,2,-3,-1,2,-2,1,0,-8,-2,3,-3,1,-5,-1,-1,-2,2,3,-4,-5,-1,1,0,4,1,4,-4,1,2,-2,-1,-1,5,-4,5,3,3,3,5,3,1,5,1,-1,2,4,5,5,3,7,5,7,4,0,4,6,6,5,5,-3,5,1,2,4,-11,0,0,-4,5,2,10,3,5,1,-2,-2,4,3,7,6,4,-5,-2,-2,3,6,3,3,5,1,3,-1,4,5,1,6,2,5,3,3,-5,8,3,5,11,9,10,-10,4,5,7,8,15,13,8,0,2,6,5,-1,6,16,13,-27,4,-23,-11,-4,-14,2,-26,9,-22,-10,9,-13,-22,9,-16,-5,-19,4,-25,-30,-11,1,-21,1,4,-20,-9,9,6,7,6,4,4,-1,-6,9,7,9,1,-4,1,2,0,1,-1,-1,-2,-2,-2,-2,-16,-25,20,31,22,-42,-3,-4,-4,-5,-97,16,-120,-5,0,-4,-3,-1,-5,6,-4,-1,-2,-1,0,2,-1,1,-1,1,0,-1,-2,-1,-1,1,-1,0,0,0,-1,-1,-1,2,1,1,0,-1,1,0,-1,-2,-1,-2,0,-15,-1,-103,3,16,14,-100,-1,-3,-6,-2,-4,64,14,-1,-1,2,-4,-111,-5,0,-9,-94,-2,-1,-3,-3,-114,0,-101,-3,0,-2,-4,2,-1,-4,-4,-5,-3,-1,-2,-2,-3,-5,-2,-6,-4,-1,-1,-2,-1,-1,-3,-1,1,-2,-2,0,-1,-1,-4,4,-5,0,-3,-8,-118,-2,-106,4,-8,0,0,-10,2,57,7,-8,-4,1,-16,-5,-111,13,-103,-3,1,-6,-4,-95,-3,-1,-5,-91,-6,-1,-105,-5,-3,-4,-13,0,-3,-98,-5,-4,-2,-4,-1,-2,-110,-4,-3,-3,-6,0,-5,-8,-9,-3,-2,-8,-1,-3,-4,-8,-4,-11,-19,-25,-26,-68,-1,-9,-90,-94,-74,-116,-68,84,-103,-89,-5,-5,-3,-7,-15,-60,-3,-8,-4,-9,-12,-3,-10,-96,-5,-7,-6,-3,-6,-1,-3,-84,-13,-5,-7,-11,-5,-4,-2,-74,-11,-6,-5,-12,-3,-4,-9,-78,-12,-6,-7,-5,-6,-5,-7,-68,-6,-5,-29,-17,-13,-32,-83,-33,-82,-38,-77,-43,-39,-34,-38,118,-67,-55,-17,-30,-38,-32,-74,-46,-63,-37,-32,-28,-19,-48,-33,-65,-37,-42,-28,-33,-47,-31,-23,-38,-43,-27,-23,-49,-27,-19,-23,-44,-27,-11,-48,-23,-26,-19,-16,-41,-20,-29,-24,-18,-18,-18,-15,-87,-9,-23
3,1,-2,1,2,0,-1,1,-1,-5,15,1,-4,5,-5,-1,-2,1,0,0,-3,3,-3,5,1,2,-7,2,-1,-8,2,-3,-1,-2,-5,-10,3,-3,0,6,3,16,-8,-21,-11,-17,-3,-9,7,-14,-6,18,21,33,15,21,2,-1,2,0,2,2,1,0,-3,12,-5,5,-4,0,5,1,-2,7,5,-5,-9,4,-1,-4,8,2,-3,-15,-1,-10,-11,7,-6,-1,21,-7,-10,12,-5,1,-5,17,-14,-18,4,-13,-12,-7,-8,-3,-11,-18,-18,41,-9,-11,-8,3,28,-18,6,-4,-6,2,-11,1,1,-16,-5,15,-2,5,-4,2,12,8,0,0,22,8,21,-6,28,4,8,25,-2,10,12,6,-4,1,20,10,-2,0,21,21,5,3,15,9,-2,-5,7,18,21,-5,-21,3,0,23,-5,25,19,-8,-17,-19,14,9,5,5,4,17,19,31,-8,20,9,4,3,-4,24,14,4,-5,8,1,-3,24,8,7,10,10,1,5,-3,5,10,-13,18,3,1,2,20,15,11,-1,16,6,3,-6,0,19,-4,5,3,9,5,10,-4,34,21,-4,23,-4,11,7,21,27,26,13,18,15,11,1,13,30,15,-10,28,2,22,20,23,46,18,15,33,23,17,-6,4,13,4,9,-13,19,20,9,-5,9,7,0,7,-11,7,0,27,0,10,3,-1,-1,12,25,5,17,-4,-7,-6,4,17,8,18,19,-7,-20,-8,0,26,18,22,27,2,-20,-5,11,12,7,-2,3,4,6,7,18,10,22,16,23,24,29,16,12,0,0,-1,-2,2,0,1,0,-22,-11,-26,8,-43,-22,-3,-34,-5,-1,1,9,2,-1,-6,0,2,-10,3,-9,2,-6,-4,4,3,-9,-3,-5,-6,2,-1,5,4,-7,-5,1,3,-9,5,4,6,-7,-3,-5,1,-5,1,4,1,1,1,-3,0,-2,-1,0,-3,-13,-6,4,-3,-6,-9,3,-1,-31,-8,13,-8,-20,0,0,-8,5,-29,12,12,-4,-12,-2,7,-8,-5,2,-9,-15,-4,-8,-3,-8,7,-17,-4,-13,-13,-2,6,-8,-4,1,-14,-12,4,4,6,-6,-8,0,-10,-4,-5,1,0,-1,-1,3,4,4,0,0,-14,17,-9,10,-11,-10,0,0,-8,-25,-4,7,-16,-1,-30,-15,4,8,-29,7,23,-22,-7,-3,-17,-22,-10,-22,-12,-18,-17,-11,0,-19,-2,-14,-25,-3,-37,3,-7,-15,-15,-3,-16,-26,9,-12,0,-15,-7,-4,-15,-16,-30,4,-6,-1,-5,-4,7,-4,-1,-21,-36,5,-15,12,-11,-36,10,-2,-23,-16,-7,6,-3,2,-25,-24,16,0,-27,12,28,-29,-33,-12,-11,-20,-19,-23,-10,-29,2,-24,-7,-23,3,-9,-9,-29,-38,12,-6,-19,-5,3,-22,-20,13,-1,11,-24,-21,-6,-32,-51,-22,-6,1,-15,-14,-2,12,-4,6,-3,-56,-4,-56,-3,-23,-50,20,-24,-39,-52,-43,30,-39,-8,-75,-42,10,3,-48,24,25,-62,-40,-61,-64,-45,-71,-51,-62,-79,13,-47,-9,-56,-8,-44,-66,-52,-82,7,0,-31,-15,-2,-50,-55,22,-27,30,-51,-30,-15,-41,-75,-49,-1,8,-21,-37,-16,16,-3,11,-28
0,2,0,2,3,-2,0,-2,-44,-38,-31,-19,-8,-3,1,0,-45,-38,-29,-17,-5,-4,3,-1,-43,-38,-34,-22,-9,-5,0,-1,-42,-32,-29,-19,-11,-7,-5,-3,-46,-22,-22,-19,-11,-8,-4,-1,-23,-12,-11,-11,-6,2,-6,-5,-2,0,1,1,2,0,-2,-1,0,8,2,7,5,3,-1,0,8,4,6,4,2,0,2,1,11,7,3,4,0,2,3,-2,9,4,3,2,2,3,0,-3,7,3,5,2,2,0,-3,-1,3,6,3,7,6,2,3,1,6,4,0,8,8,4,2,0,-11,7,4,-1,-1,3,16,-2,8,5,3,6,5,1,0,5,13,5,1,0,5,2,5,9,4,7,4,2,2,1,4,5,8,4,4,5,4,6,3,0,3,5,5,6,7,5,0,6,5,1,4,4,6,3,9,4,3,5,6,6,3,5,8,4,8,9,8,3,6,9,8,10,-1,0,4,6,5,5,3,1,-3,0,2,6,0,6,3,3,-1,0,2,4,4,5,5,2,1,6,0,0,2,4,-3,2,3,3,2,8,1,6,2,0,2,5,0,4,8,8,4,0,7,7,10,10,7,8,11,8,7,12,10,10,10,11,7,7,-5,-4,2,-10,-7,-5,2,1,-11,3,-1,6,-12,18,-2,4,0,-3,-2,13,16,0,9,9,11,15,15,13,9,1,19,9,11,12,22,14,5,8,-2,-11,9,31,-2,12,9,6,7,13,12,11,6,15,9,6,10,5,6,3,6,8,20,5,-4,-4,0,-1,0,-1,0,1,-1,-2,-20,-8,-22,-21,-24,-9,-15,-14,-26,-19,-21,-22,-18,-11,-9,-9,-34,-29,-28,-24,-17,-10,-7,-6,-37,-38,-31,-21,-10,-4,-3,-2,-38,-37,-26,-14,-3,1,3,1,-37,-37,-27,-13,-2,2,2,-2,-2,-2,1,-1,1,1,0,2,9,-2,5,2,0,8,6,5,-3,3,4,0,3,3,3,7,-9,6,4,-3,2,7,5,4,-5,-1,5,-1,0,3,2,8,-2,3,-1,1,3,3,6,3,0,1,0,1,3,5,4,7,-1,0,2,2,3,7,7,4,-8,-4,5,3,7,6,0,2,9,8,5,0,7,5,8,7,1,5,1,7,0,7,8,8,2,3,5,-3,5,1,7,1,-2,5,-3,3,2,5,-5,1,3,2,3,1,2,1,1,4,5,7,2,1,0,4,2,3,7,0,1,-7,1,4,3,5,8,8,0,2,2,0,1,2,2,2,-1,0,0,0,-1,1,-2,-3,-3,-2,-2,-2,-1,-4,-1,-1,-5,-6,-6,-4,-5,-3,0,-4,-11,-5,-4,-4,-2,-3,-2,0,-5,-6,-3,-1,-4,0,1,-6,-1,-3,1,0,2,-3,7,0,-5,1,1,5,4,2,2,-1,3,-2,1,3,-1,0,7,-6,-17,-10,-18,-19,-15,-14,-7,-27,-22,-22,-24,-22,-14,-14,-14,-11,-22,-21,-23,-25,-18,-20,-18,-15,-23,-19,-25,-33,-26,-20,-15,-26,-19,-35,-20,-23,-22,-19,6,-8,-13,-13,-27,-11,-27,-23,8,-3,-10,-3,9,-11,-13,-14,-6,-10,9,0,-5,-14,-25,-26
2,-1,1,-1,1,1,1,1,-5,-5,-3,-2,13,-3,3,4,-5,-2,-5,1,0,1,0,2,-4,0,0,-1,-1,1,0,0,-1,0,-2,-3,-1,1,1,1,-1,5,2,-2,-5,3,1,1,5,0,1,1,7,4,3,8,0,-1,-2,0,-2,-2,2,0,3,8,12,-2,9,-110,-121,-7,6,4,9,10,20,10,2,5,7,7,6,12,16,7,7,3,2,5,-1,9,2,10,4,4,3,2,9,5,10,-3,11,4,2,-3,2,-7,0,0,3,2,7,7,-3,3,2,1,1,-2,3,1,3,1,2,-3,2,2,14,8,14,-5,4,-98,-99,-6,-4,7,-1,8,6,10,2,7,10,-1,11,1,10,5,6,-3,3,10,-1,10,0,12,0,3,7,3,7,2,14,-3,9,0,-3,1,-3,13,0,9,1,10,6,-5,9,1,7,-3,7,2,0,9,-1,3,9,7,5,6,2,5,5,1,-4,-15,77,84,8,5,7,-1,7,6,-15,-30,8,8,0,4,17,7,-1,-10,-1,3,15,9,10,-3,1,-2,9,4,10,9,11,5,10,9,7,18,13,5,17,14,2,7,11,2,17,5,15,5,18,10,16,10,16,8,15,14,23,12,20,17,22,13,6,-17,17,70,16,13,17,16,33,15,7,-11,35,24,21,23,25,26,23,28,18,18,25,38,18,29,29,27,27,31,29,19,34,34,27,21,25,28,26,31,39,26,27,41,29,26,35,10,31,25,32,25,31,33,30,31,34,44,44,31,2,2,1,2,-2,2,-1,-2,20,12,23,7,25,-6,17,12,3,9,2,3,6,1,-5,13,-1,-3,-2,0,1,2,1,2,-5,-3,-5,-2,-5,-2,-2,0,-3,-5,-5,-6,-3,-5,-2,-1,-4,-6,-3,-6,-6,-3,-4,0,1,1,-1,1,2,-2,0,-2,21,20,9,24,9,11,7,10,-6,-6,7,-2,-38,-21,-10,17,-8,-1,-9,-3,0,-6,-10,-32,-7,1,-10,-10,-9,-15,-6,-11,-8,-12,-3,-9,-9,-5,-6,-5,-6,-8,-8,-11,-9,-8,-10,-5,-10,-2,-9,-9,-10,-8,-4,-4,-9,-8,-9,-5,-5,-4,-5,-9,5,14,12,17,4,22,4,9,-5,-3,-4,-13,-19,-18,8,-6,-12,0,-8,1,-16,-23,-6,-15,0,-10,-10,-21,-12,-16,-13,-7,-7,-7,-12,-14,-6,-7,-7,-5,-13,-17,-8,-11,-9,-13,-6,-7,-13,-5,-11,-10,-8,-7,-10,-9,-3,-4,-10,-5,-10,-6,-11,-5,7,15,17,15,17,15,5,-3,-14,-12,-8,3,-12,-14,9,9,-9,-8,-16,-7,-7,-18,-7,-24,-12,-7,-11,-7,-11,-10,-10,-16,-12,-13,-16,-12,-14,-10,-10,-11,-17,-10,-13,-7,-12,-6,-13,-12,-13,-18,-11,-9,-15,-10,-14,-12,-13,-10,-15,-9,-16,-8,-13,-11,26,21,20,25,28,34,15,3,-32,-27,-26,-39,-84,-55,8,14,-38,-28,-14,-23,-46,-61,-6,-46,-17,-21,-29,-33,-12,-33,-7,-27,-25,-26,-33,-32,-24,-36,-27,-36,-36,-30,-23,-31,-19,-23,-28,-23,-25,-36,-24,-26,-25,-12,-22,-30,-26,-34,-29,-25,-36,-27,-34,-28
0,1,2,-2,1,1,-2,-1,3,0,0,6,-6,2,-3,0,6,-1,0,-7,1,-6,-2,2,3,-1,-11,2,-8,2,-2,1,4,4,-3,-18,-2,-11,-2,1,8,16,-8,-3,-13,7,6,4,1,-17,2,-11,-6,-11,-1,-2,1,2,-2,-2,1,1,-2,1,0,-2,10,-3,7,0,2,-7,0,2,1,-1,6,-9,6,0,0,5,-2,10,2,-1,9,1,0,3,10,0,-5,3,4,5,-2,3,-7,-5,-5,2,-1,2,0,-8,0,-13,-6,-11,-7,1,-5,-3,4,-8,3,-8,4,-6,-6,10,5,4,-4,-5,2,-1,6,13,6,14,9,13,11,1,19,4,12,9,8,9,0,-2,2,17,7,23,9,10,2,16,9,2,22,13,5,0,18,6,2,10,4,4,3,11,6,12,15,8,3,-4,4,10,14,2,5,10,8,-1,6,16,6,11,0,9,13,2,8,0,13,7,7,7,10,12,13,11,7,8,8,8,19,13,21,11,12,7,2,8,1,20,6,14,5,10,12,1,12,4,21,7,11,4,11,8,4,20,20,14,9,19,17,8,12,9,14,14,16,13,18,11,13,19,18,21,14,18,20,1,5,10,14,23,9,12,12,19,9,19,14,19,11,24,27,7,22,13,22,4,24,14,15,22,9,41,14,32,7,31,20,1,29,5,15,6,30,8,11,20,-1,19,11,30,18,24,16,25,14,10,27,12,18,10,27,25,17,17,36,23,14,19,23,28,15,9,13,15,20,11,0,2,1,2,2,2,-1,1,-25,-13,-5,-4,8,-7,-2,-20,-2,-17,-2,-7,7,-14,5,-12,-1,0,-12,5,-16,-1,-2,-4,5,-7,0,-14,-1,-9,2,-5,5,1,-4,2,-13,3,-6,-1,5,-4,1,-7,-5,-2,-4,-2,0,2,2,-1,2,1,-1,2,-3,-2,4,7,-10,2,-3,-8,3,-5,-1,1,3,-10,6,-9,-9,-6,6,-8,-5,-5,2,-12,-1,-11,-1,1,-3,-9,-1,-3,0,-2,-7,-9,-8,0,-7,3,6,-8,-6,-7,-6,-3,-7,-3,4,-3,-7,-7,-4,-2,-2,0,2,0,0,-4,2,-7,-2,1,15,-37,14,-23,22,-24,9,-31,-30,21,-33,12,-20,11,-21,11,9,-40,19,-38,14,-35,12,-30,-37,9,-37,18,-43,22,-39,8,13,-44,15,-42,19,-29,9,-26,-29,11,-46,15,-41,18,-35,15,18,-42,15,-35,16,-31,18,-27,-30,13,-36,18,-31,14,-27,21,-15,-8,-4,5,0,-7,-14,-17,-7,-9,-7,-7,4,1,4,-13,-23,-10,-18,-10,-17,-20,-10,-13,-18,-16,-15,-8,-11,-13,-2,-12,-13,-13,-18,-16,-11,-5,-16,-5,4,-11,-18,-22,-17,-10,-9,-10,2,-13,-16,-19,-19,-9,-7,-7,-9,-12,-15,-17,-15,-16,-13,-12,-33,-35,-22,-24,-14,-32,-34,-45,-20,-22,-31,-30,9,-34,7,-26,-36,-39,-29,-37,-35,-41,-23,-40,-49,-35,-42,-24,-43,-31,-43,-23,-14,-46,-18,-44,-13,-29,-26,-28,6,-16,-52,-20,-38,-25,-38,-19,13,-44,-15,-33,-22,-31,-5,-23,-33,-10,-26,-22,-32,-19,-38,-11
0,-2,1,2,2,-1,0,1,-3,-3,-2,-1,5,0,-3,0,-2,-2,2,0,1,2,6,-4,0,-6,1,-3,3,-2,-3,-2,-8,-3,-12,7,1,6,-2,-2,19,-11,35,-11,20,5,8,2,52,50,25,13,38,13,38,12,2,0,2,-1,2,-2,-1,0,-6,3,-4,8,8,-11,-1,-2,-3,-7,-6,-9,-9,-6,18,-4,-1,-14,1,-5,10,1,-16,-7,-4,-3,-10,-8,-20,22,-13,-5,-6,-2,37,-20,-5,0,14,-4,9,30,7,-9,44,17,19,-16,-2,19,31,3,-20,27,10,-3,19,3,-23,9,-6,19,-2,-14,10,0,12,-2,1,8,3,14,5,3,-2,-6,4,9,4,-8,14,0,-1,-3,-6,15,3,14,-9,-2,10,-9,14,-15,18,-7,-12,2,-11,8,-10,25,-5,-11,15,-4,20,-13,15,-2,-20,5,-1,26,3,-3,10,7,13,5,3,-2,27,-7,-2,12,11,-13,5,15,2,5,-7,0,8,2,15,7,-1,26,2,5,5,6,2,10,-8,13,-1,-4,-4,0,6,-2,-13,23,9,9,17,-6,-6,5,-2,18,-1,-7,8,10,-11,4,4,20,-19,1,1,-2,15,12,13,25,18,10,12,9,21,40,26,39,20,15,42,41,8,17,15,4,0,9,5,20,20,8,5,2,7,14,-3,3,0,8,10,4,-7,21,20,19,1,6,-5,7,25,-1,21,10,3,-10,-10,25,17,-4,27,18,15,-19,-10,18,6,13,19,13,13,3,-22,20,14,17,21,24,7,-35,13,23,29,-3,20,21,2,-1,2,0,2,-1,0,1,-11,8,-1,-2,-14,-20,22,-33,-15,-1,-10,4,-3,-3,11,-4,-2,-4,1,-1,-3,0,0,-2,-2,2,1,-2,-3,-7,-4,-2,0,5,-2,0,1,2,-2,1,-3,8,3,1,2,0,0,2,-1,-1,2,2,-3,1,-2,-1,4,8,3,-6,-6,-5,2,-5,-2,13,0,6,-19,-9,22,-19,4,-14,-22,11,1,-1,-3,-9,-9,-8,-1,0,2,-7,1,3,-1,-6,-14,6,-11,-7,-13,3,2,-12,-14,-13,9,-10,-13,-6,-7,10,-9,5,-10,-9,-5,-2,-4,-6,6,-8,-5,-4,-5,-5,-7,-1,-9,4,-5,-5,-12,-11,0,23,2,-7,-13,-14,21,-15,2,-16,-17,15,-9,-2,-5,-12,-1,-9,-5,-4,-8,-14,-5,14,-6,-9,-12,-2,-15,-8,-17,-4,7,-18,-18,-10,18,-17,-10,-5,-10,1,-7,8,-10,-10,-4,5,-24,3,-1,7,-6,-3,-2,-6,-20,-11,-14,5,-22,-32,-14,-24,-22,33,-21,-19,-7,-8,40,-34,22,-27,-30,13,-19,-8,-13,-22,-17,-15,-31,-9,-12,-22,-6,12,-17,-29,-18,26,-27,-15,-13,-4,5,-23,-21,-19,36,-19,-16,-1,-12,29,-21,27,-25,-17,2,4,8,0,16,12,-6,11,-3,3,-31,-57,-26,-13,-45,-44,-69,-25,-50,42,-58,-55,-3,-32,47,-58,29,-45,-45,29,-52,-26,-34,-40,-43,-62,-64,-29,-17,-39,-28,17,-43,-31,-29,38,-46,-52,-37,-4,22,-71,-52,-34,41,-57,-54,-16,-22,32,-20,36,-46,-35,-4,11,27,4,13,13,-19,25,1,17
2,2,2,2,1,0,-2,2,0,-2,-2,-9,1,1,-1,2,35,-1,1,-3,-2,1,0,1,-2,5,-2,0,3,-1,-4,1,-12,-4,-5,-7,1,-3,-6,-2,3,7,8,-3,6,-3,0,-4,-12,-2,-2,13,-16,7,3,10,1,-1,1,2,-2,-2,2,2,5,2,-6,-2,-11,6,0,-3,18,6,23,-8,-10,4,-3,-4,-3,30,-8,6,-2,-2,-8,-1,-19,-14,27,-13,-2,-8,-10,-10,-20,-13,-12,11,-5,-4,-9,-11,13,-6,31,-4,-20,-8,1,-11,-15,16,-12,-18,-14,-9,-16,-6,-5,-6,-11,7,9,-13,-14,-4,-5,12,5,4,19,-2,-16,-12,-28,0,-6,23,1,-15,-1,2,23,5,33,-4,-8,-2,-3,-7,-3,39,-4,-24,-12,5,-11,0,25,-7,7,-9,-8,-9,-6,0,-10,15,-1,7,2,-1,-1,-4,-20,-9,8,-10,8,2,-4,-8,1,-5,-9,19,-11,13,-6,-6,9,10,-1,4,-3,4,2,3,7,7,-7,2,-6,-7,9,2,12,15,-12,-4,-8,-7,7,6,40,-4,7,10,-6,-8,-1,0,0,28,10,8,0,-15,-8,6,18,-7,-18,3,-27,-18,1,-3,20,3,-4,-1,-9,-2,3,5,27,5,-25,0,-21,-2,2,-10,12,12,16,12,15,8,11,10,4,14,9,28,15,-5,8,9,33,25,21,4,-10,6,8,1,41,33,18,20,-1,18,12,8,17,27,23,15,1,9,5,12,24,21,9,11,0,2,12,16,2,22,28,22,12,16,6,8,25,22,-2,44,10,15,10,17,0,2,2,0,0,-3,0,1,32,-24,-30,64,-42,8,-25,-15,1,-14,-19,-3,-8,-5,-3,-4,-6,-2,-3,0,-1,-2,-2,-4,-9,-3,-5,0,1,-1,-1,-3,2,-2,1,-1,-2,-3,-2,-4,2,-1,-1,-2,0,-2,-3,-3,-1,-1,1,0,2,1,-1,1,3,-14,-3,2,-30,-14,-16,-5,-15,-12,-28,7,4,-24,-23,5,2,-21,-31,-4,-22,1,-5,-12,-6,62,-16,-19,-8,-10,-5,-1,-4,-15,-26,-11,-7,-7,-5,-14,-9,-10,-14,-8,-9,-6,-2,-2,-5,-9,-3,-2,-5,-3,-3,2,-7,-4,-9,0,-4,-1,-1,4,-2,-3,-1,7,-10,-9,-11,-10,-10,3,-27,15,-27,-6,-23,0,-14,-10,-8,-7,-10,-13,-7,-9,-32,64,-12,-15,-14,-13,-12,1,37,-17,-36,-12,-3,-13,0,-18,-8,-11,-11,-11,-8,-7,-6,-9,-1,-2,-6,-5,-7,-7,-7,-6,1,-9,-3,-2,-9,-6,-4,-8,-2,-9,-28,0,-34,-17,-22,-22,-18,-10,-17,2,-12,-16,-24,-11,-7,-21,-13,-18,-12,-26,-26,-21,-24,76,-19,-37,-19,-23,-18,-14,56,-32,-59,-26,-6,-28,-3,-20,-11,-25,-22,-20,-15,-13,-10,-11,-4,-8,-3,-12,-6,-7,-9,-10,-8,-7,-11,-10,-3,-5,-6,-3,9,-41,-67,49,-67,-75,-31,-37,-1,-23,-48,10,-37,-52,-71,-34,9,-29,-46,-42,-41,-56,-48,-41,-72,92,-34,-71,-35,-50,-29,-31,74,-37,-57,-29,-31,-41,-35,-31,-17,-38,-38,-30,-26,-28,-29,-19,-16,-7,-13,-14,-21,-22,-21,-15,-28,-8,-13,-10,-14,-13,0,2
1,0,-2,-2,-2,1,0,-2,0,1,1,-85,0,-1,-1,-1,0,0,1,0,-76,0,-1,0,0,1,0,0,-1,-36,-1,-1,1,-1,0,-1,0,-1,-2,0,1,-1,-1,0,2,0,1,4,-2,3,-1,1,-1,3,1,3,-2,0,-2,-2,2,1,0,1,2,-1,-2,1,-2,-1,-1,0,-2,-1,1,-84,1,0,-2,1,1,1,1,-1,-63,0,0,0,1,2,-1,0,2,-48,6,-2,-1,1,1,0,0,2,-11,2,4,-1,-1,2,1,2,0,6,-2,0,0,-2,0,1,1,2,2,6,2,-8,-1,-2,3,1,-16,3,86,1,-3,0,-36,1,1,-14,4,84,1,-35,1,-34,-35,2,-2,1,82,0,-19,1,5,-29,2,-30,3,83,-2,1,-32,2,-30,4,-32,3,80,3,0,-27,2,-6,9,-40,2,81,-22,4,-18,5,-10,4,-18,6,0,-10,1,-38,6,2,6,-46,1,1,0,2,2,1,1,-1,1,1,-1,-95,2,-1,-1,-1,-1,0,1,1,-53,-5,2,-1,3,4,0,3,0,-42,2,2,-2,-4,-3,5,0,-1,-12,1,-1,6,5,3,-1,3,0,6,3,2,1,6,-1,2,3,6,3,4,-7,3,4,4,4,11,5,2,9,2,4,4,3,-2,4,4,3,-22,3,4,2,-2,2,1,2,2,-33,4,3,7,1,3,0,5,3,-8,1,7,2,-8,5,5,5,-1,-6,8,4,6,-1,-12,4,14,11,9,4,5,-4,15,10,1,8,7,8,-1,11,9,12,11,5,17,-2,2,-2,1,-2,-2,2,-2,-2,-9,9,-65,1,-6,4,-1,1,0,-3,2,-72,-1,4,1,0,-1,0,-2,1,-81,-1,1,0,-1,1,0,-2,1,-19,0,0,0,0,-1,-1,-2,0,-1,-1,0,1,0,0,0,-1,0,1,2,-2,-1,2,1,-2,-2,-2,-3,19,-1,-17,0,-2,2,3,-2,-1,19,-6,-7,-15,-1,-3,-2,-3,-6,26,-3,1,2,-1,-2,-3,-1,-1,22,-4,3,-2,-6,-3,-3,-2,-2,17,0,-2,0,-2,-1,-4,0,-5,7,-1,-1,-2,-2,-1,-5,-3,-5,1,-1,-2,-1,-2,-3,-7,-3,-2,1,-12,-3,-4,1,-3,1,-3,-3,-2,-69,-4,-2,0,-2,-2,1,-8,-1,20,-2,-1,0,-1,-18,-1,-1,-1,23,0,0,0,1,-3,-2,-2,-1,16,-2,1,-2,-1,-2,0,-1,-2,15,-4,0,-4,0,-3,-1,-4,1,0,0,0,-3,1,-5,-1,-1,-40,-22,50,-43,-37,-38,-15,-17,-18,-27,-6,42,-15,-3,-7,-2,-1,-7,-5,-35,40,-19,-4,-6,-2,-13,-3,-21,-7,35,-7,-5,-3,-6,-5,-13,-5,-3,30,-4,-2,-3,-3,-4,-3,-20,-7,22,-3,-4,-3,-2,-6,-6,1,-2,-2,-1,-2,-5,-4,-2,-2,-2,-29,-14,61,-16,-16,-19,-6,-8,-24,-18,-76,68,-68,-14,-7,-69,-13,-8,-23,-12,66,-11,-20,-10,-8,-10,-8,-24,-21,60,-12,-15,-12,-15,-12,-10,-14,-10,61,-8,-7,-7,-27,-9,-13,-17,-10,44,-7,-6,-7,-6,-8,-5,-11,-1,-16,-8,-5,-5,-5,-11,-8,-6
1,2,-1,-2,2,1,-2,-1,1,3,4,-2,0,0,4,-1,0,3,-1,-5,-3,1,1,4,1,3,-1,3,-5,3,3,2,1,2,6,-9,12,-2,7,1,1,1,7,9,-1,-6,3,3,5,9,12,10,12,8,1,-15,-2,-2,0,-2,1,-2,1,-2,8,6,-4,17,-6,10,2,6,5,10,7,3,6,5,3,3,6,-3,11,-1,23,5,11,0,4,6,12,6,1,-8,2,17,5,4,-4,27,3,37,5,3,4,23,11,22,19,11,2,18,15,14,8,6,26,10,8,4,13,-2,9,-2,5,-7,1,2,11,18,8,9,4,12,10,16,26,8,22,5,14,7,14,10,9,26,7,13,9,7,5,23,19,6,33,5,14,4,21,8,7,13,12,38,8,46,8,14,8,6,21,8,27,6,18,5,8,18,14,19,10,18,10,25,15,13,19,9,23,11,20,5,4,4,2,8,10,10,5,8,2,5,-8,10,11,6,3,3,8,17,12,9,24,9,6,-1,2,13,0,8,-4,5,-7,-1,7,9,9,25,12,18,-2,4,2,12,-5,5,3,10,10,2,1,11,2,-3,-1,15,5,2,10,15,5,13,7,19,17,0,26,21,20,19,20,23,18,33,38,22,25,23,19,23,29,28,29,34,28,21,25,21,25,14,21,26,37,29,20,21,19,18,34,22,27,54,31,61,22,22,15,23,36,36,26,40,32,38,24,24,33,16,20,26,13,31,22,28,36,31,23,34,18,30,-2,0,2,1,1,-1,0,-1,-26,-4,-19,3,-33,-6,-13,-7,-10,5,0,-9,-1,0,-6,-2,-4,-4,3,-12,-3,-6,-1,-1,-2,-1,3,-2,-1,13,2,-2,0,2,-8,-1,-124,5,-7,1,-1,-1,1,24,-4,4,-2,-1,0,2,-1,-2,-2,0,0,0,-7,-3,4,0,1,-4,-6,-8,-11,-4,-3,-2,-7,-16,-9,-11,0,-4,-5,-8,-12,-3,-22,6,-4,-6,-8,-14,-8,-14,-12,-1,-1,-5,-6,-10,1,1,5,-13,-8,-8,-4,-7,-25,-9,1,-5,-7,-7,-15,3,-2,-7,-16,-6,-3,-1,-7,-9,-2,-7,-3,3,-14,4,-8,10,-7,-9,-10,-9,-13,-1,6,-9,-1,-4,-16,-10,-3,0,-5,-2,-12,-2,-13,1,-9,-4,-15,-6,-4,-14,-3,-1,-4,-3,-14,-20,-3,7,-2,-7,-7,-6,-2,-2,-50,-4,0,-4,-18,-8,-10,-7,2,-17,-4,-2,-6,-5,-9,3,-1,4,-13,-2,-12,-5,-6,-3,-16,-6,-2,-11,-7,3,-8,-20,-24,-11,-18,-13,16,-3,-11,-8,-8,-11,-16,11,-5,0,-5,-14,-14,-10,-12,-2,-6,2,-9,-13,-10,13,2,-11,-15,-10,-14,-17,-29,-18,-14,-8,-2,-2,-4,-8,-19,-2,-1,-4,-3,-2,-1,-8,-15,-4,0,-7,-24,1,-31,5,-40,-34,-8,-20,-26,-11,-14,-51,-31,-25,-37,-22,-9,-16,-15,-7,-17,-19,-21,-15,-9,-16,-14,-14,-9,-19,-21,-19,-13,4,-16,-32,-13,-9,-14,-40,-13,-11,-15,-16,-42,-22,-25,-23,-15,-11,-9,-13,-20,-28,-11,-21,-9,-8,-10,-8,-14,-10,-19,-14
1,0,1,-2,-1,2,1,-1,3,-120,-3,7,2,0,1,0,1,-105,-1,3,2,-1,-1,1,10,-62,2,5,2,1,1,0,5,-63,1,-2,2,-2,1,1,7,-7,0,0,0,-2,2,2,13,1,4,-9,1,2,3,-7,1,0,-1,0,-2,-3,-1,-1,-3,7,0,11,1,0,3,-1,-1,-35,1,13,8,3,5,5,2,-27,2,5,0,2,-3,2,8,-12,10,1,6,0,4,2,4,-1,2,6,3,4,-4,-6,-4,-1,8,9,1,-1,3,2,5,5,-5,14,-1,-2,-5,-1,4,4,0,8,-8,2,-1,-3,-2,-2,4,8,2,1,-4,2,0,-49,8,0,5,7,2,-1,3,-18,-1,3,4,2,2,0,7,-11,4,6,0,-1,7,3,8,-2,-2,6,1,-2,1,3,9,2,1,7,4,0,2,1,4,0,-4,8,-2,7,-3,2,-5,2,-1,6,4,-6,4,1,8,79,10,14,13,11,9,10,27,50,9,2,7,12,7,10,22,47,12,11,15,10,10,11,0,35,11,6,10,10,6,9,17,43,17,6,6,6,0,8,20,36,12,6,8,5,7,5,12,31,12,11,6,11,12,13,16,38,19,15,11,12,9,10,27,64,15,19,5,9,-2,17,29,39,21,16,11,7,-2,5,10,26,20,16,15,5,3,7,17,24,11,16,-3,-3,-4,-8,18,32,9,26,-11,-1,11,1,26,9,23,-1,8,6,3,8,15,27,2,-5,-15,5,11,-13,10,34,20,11,-17,6,8,20,0,0,-1,-2,0,-1,0,1,-49,22,-112,4,-1,-2,-1,-2,19,-7,-5,-1,2,1,-4,-1,22,-30,-5,3,-1,2,-1,0,23,-18,2,-1,-1,-1,0,-1,15,-4,1,1,-4,1,-1,-3,13,3,-1,-4,-3,-1,-3,-2,-2,-2,2,1,0,1,-2,-1,11,-8,-10,-13,-5,-9,-7,-3,2,-11,-6,-69,-6,-6,-3,-1,-83,7,-56,-6,-3,-4,-4,-4,-14,0,-18,-8,-11,-15,-3,-1,-21,-6,-18,-4,-3,-1,-3,0,-10,-6,-7,-11,0,-1,-3,-2,1,-2,-2,-10,-3,-2,-6,-1,-2,0,-5,-3,-1,0,2,-4,-2,6,-11,-7,-1,-9,-2,-2,-41,10,-57,-6,-10,-7,0,-1,-2,3,5,-7,0,-6,-11,-9,-31,-6,-26,1,-8,-7,-2,-4,-24,-3,-8,-11,1,-10,-3,-3,-20,3,-17,-4,-7,-2,-12,2,5,0,-8,-13,-2,-4,-2,-5,-1,3,-11,-3,-3,2,-1,-1,-11,-2,-6,-9,-5,-12,-10,-16,-6,-2,-30,-12,-10,0,-10,-8,-7,8,-8,-13,-16,0,-2,-9,-15,-15,-21,-11,-17,-15,-9,-13,-8,-4,-21,-10,-12,-9,-13,-8,-3,-15,-19,-13,-6,-11,-5,-6,-4,-13,-12,-14,-10,-4,-5,-6,-1,-13,-7,-5,-4,-3,-1,0,5,20,9,-11,-11,-28,-35,-17,-20,11,-89,-19,-39,-16,-25,-37,-60,19,-46,-33,-27,-27,-8,-12,-40,-5,-55,-20,-59,-31,-12,-27,-35,1,-41,-24,-16,-30,-13,-12,-30,8,-29,-22,-25,-12,-20,-3,-21,3,-18,-19,-12,-15,-5,-20,-18,1,-9,-9,-9,-5,0,-8
-1,-2,1,2,1,2,2,0,0,1,1,-1,-1,-2,-3,-29,0,0,0,-1,-1,-1,-6,-35,0,-1,0,-1,-2,-7,-4,103,-1,-1,0,-3,1,-5,6,-30,0,-3,-3,-2,-4,-4,-4,-21,-3,-7,-4,-8,-6,-4,-8,-14,1,2,-1,-1,1,2,0,0,-1,3,4,1,2,5,4,4,1,3,1,1,3,1,2,0,3,-2,2,2,3,0,2,-1,0,0,1,0,-1,4,0,-3,-2,-3,1,2,1,4,7,1,-1,-2,-2,-1,-1,4,1,-2,0,-2,1,6,0,-4,1,2,0,2,5,-3,0,0,6,4,1,4,4,7,3,7,4,1,2,2,7,3,6,2,4,1,3,4,1,5,2,5,2,4,6,1,3,0,3,6,1,65,1,4,1,3,2,5,6,3,3,1,2,2,2,-2,10,2,2,1,2,4,3,3,-2,7,2,3,1,2,5,3,5,4,3,1,2,4,1,2,3,8,0,4,0,3,2,2,3,6,3,1,2,2,1,5,6,4,1,3,0,4,1,2,1,-28,3,-1,0,5,4,4,9,6,3,3,4,4,1,2,5,9,4,-1,4,1,2,3,3,8,2,3,2,1,0,3,5,5,13,14,12,14,15,7,13,10,12,14,14,13,15,8,15,3,12,14,9,13,6,15,12,7,16,9,12,11,10,14,14,58,12,13,17,14,11,7,4,10,8,-2,10,11,15,3,14,7,7,5,5,12,7,19,8,4,11,5,11,2,12,11,16,12,0,2,2,1,-1,-2,1,-2,-7,-16,-6,-4,-6,-7,-1,-33,-2,-4,-2,-4,-5,-5,-6,-17,-1,-3,-3,-3,-3,-2,-10,-52,-1,-1,-2,-2,-2,-1,17,-2,-1,1,-2,0,1,-2,-4,-4,0,0,0,1,-2,-2,-2,-4,-1,0,2,-1,-1,1,1,1,-4,-6,-5,-7,-4,-6,-6,-10,-1,-3,-4,-3,-4,-8,-19,-8,-5,-4,-5,-6,-8,-11,-14,6,-2,-3,-5,-5,-4,-7,-10,-11,-4,-3,-5,-4,-8,-7,58,-6,-2,-5,-5,-6,-2,-8,-3,-8,-2,-4,-3,-4,-7,-2,-8,-1,-5,-3,-2,-3,-3,-2,-6,-7,-10,-3,-8,-9,-19,0,-11,-5,0,-11,-2,-5,-10,-16,1,-6,-7,-2,-8,-6,-11,-8,-15,7,-3,-8,-2,-9,-4,-9,-8,-12,-10,-3,-10,-2,-9,-6,59,-13,-2,-9,-5,-9,-5,-11,0,-8,-9,-4,-9,-5,-9,-6,-10,-3,-2,-7,-3,-9,-5,-7,-1,-10,-13,-10,-10,-10,-10,-11,-10,-17,-11,-14,-10,-13,-9,-10,-8,-16,-8,-14,-15,-12,-13,-13,-17,-21,-13,-13,-13,-16,-16,-22,-20,-43,-12,-13,-12,-11,-10,-7,74,-4,-8,-12,-10,-11,-10,-10,-9,-3,-10,-9,-11,-8,-11,-12,-10,-5,-8,-8,-9,-11,-11,-10,-8,-8,-25,-28,-22,-27,-38,-21,-27,-26,-20,-30,-27,-38,-32,-38,-16,-16,-26,-21,-30,-29,-31,-30,-48,11,-28,-30,-26,-27,-31,-55,-46,-2,-25,-28,-30,-23,-31,-23,97,-36,-15,-22,-24,-22,-24,-16,-20,-16,-22,-24,-21,-19,-18,-21,-22,-21,-19,-17,-17,-15,-18,-19,-14,-27
-2,2,-2,0,-1,0,-2,-2,-4,-16,-31,-18,5,9,11,4,4,-9,-15,0,6,6,5,6,6,1,4,4,5,5,4,6,3,4,5,4,6,7,5,5,8,4,3,5,8,6,7,7,-5,-2,2,1,4,3,1,1,-1,0,-1,-1,1,1,-2,1,-10,-9,-24,-13,-8,-5,6,-1,-16,-9,-19,-13,-7,-3,-2,2,-9,-21,-11,-20,-7,1,-2,9,-11,-19,-3,-4,-5,-2,2,8,-8,-2,-5,-8,-1,-1,6,4,-1,2,-4,4,2,7,4,14,6,-1,5,4,8,11,11,7,3,8,15,11,10,18,7,14,-16,-14,-12,-13,-9,1,6,-4,-6,-26,-15,-26,-12,2,-4,7,-15,-24,-55,-15,-7,-2,-5,1,-12,-28,-16,-11,-8,-8,-4,-1,-17,-7,-8,-13,-10,-9,-8,-8,-3,-4,-2,-8,-11,-6,-7,-8,5,-3,0,3,-8,-12,-8,-14,-2,-3,5,1,-3,-2,-4,-12,5,1,-1,1,4,6,4,1,0,3,-1,2,5,2,5,4,0,-1,-6,-1,3,5,7,8,-6,-8,-6,-2,4,3,8,7,-3,-1,-6,-1,8,11,8,7,-4,-1,3,5,8,8,6,3,-3,2,0,3,9,5,6,6,-1,-2,-4,2,5,9,6,3,-11,-2,3,1,16,-3,-17,-3,14,5,9,2,11,-1,11,2,19,-9,-6,1,0,14,14,6,-28,-13,-10,-2,2,5,22,-9,1,-2,10,-15,-11,9,12,16,-35,7,-5,11,0,7,7,26,-8,-9,2,-3,-6,-18,10,3,-7,1,4,-3,0,-2,6,-13,1,1,-2,0,1,1,0,1,-71,-83,-85,-73,-76,-78,-10,-67,-67,-76,-83,-63,-14,-8,-8,-6,-27,-63,-56,-27,-7,-3,-3,-4,-14,-15,-9,-7,-2,-4,-5,-4,-5,-4,-1,-5,-5,-5,-6,-5,-7,-6,-5,-8,-10,-8,-7,-7,2,1,2,1,-2,-2,1,-1,7,5,5,5,2,-2,4,-5,5,-2,4,-7,0,6,4,-17,5,7,-5,0,-4,-7,-6,-12,0,8,-7,-1,-6,-7,-10,-12,-8,-1,-4,-3,-6,-8,-4,-10,-5,-7,-5,-9,-7,-7,-8,-10,-9,-5,-10,-8,-9,-9,-9,-7,-1,-8,-10,-10,-5,-10,-9,-9,-13,-9,-13,-13,-11,-13,-12,-12,-10,-24,-6,-17,-6,-14,-8,-26,-9,-12,-17,-9,-24,-11,-21,-14,-12,-14,-10,-14,-6,-16,-17,-17,-17,-7,-14,-13,-11,-3,-13,-15,-15,-17,-14,-15,-13,-10,-11,-11,-19,-6,-16,-11,-14,-10,-6,-12,-16,-22,-13,-19,-14,-13,-5,-13,-9,-7,-5,-14,-5,-13,-4,-12,-11,-13,-6,-10,-2,-7,-10,-11,-14,-11,-16,-8,-7,-10,-9,-10,-17,-15,-13,-14,-15,-17,-18,-9,-22,-12,-10,-12,-14,-11,-18,-15,-17,-13,-9,-13,-17,-16,-24,-13,-14,-14,-10,-13,-15,-16,-18,-18,-15,-7,-10,-14,-16,-17,-19,-15,-22,-3,-17,-15,-24,-13,-9,-10,-25,-28,-15,-16,-13,-13,-12,-31,-27,-17,-23,-21,-21,-13,-16,-34,-28,-21,-18,-23,-23,-34,-18,-22,-31,-18,-15,-20,-15,-18,-29,-28,-31,-23,-18,-33,-25,-20,-35,-24,-25,-23,-23,-28,-71,-42,-24,-33,-41,-14,-32,-22,-39,-39,-45,-28
2,2,1,0,0,2,-1,-1,-2,6,15,2,-2,2,-2,-1,-3,-3,5,1,0,-5,-1,1,-2,-1,-2,3,0,0,5,-1,-3,-7,2,-1,1,-8,-2,2,-2,-10,-12,14,-3,-10,-11,-5,-8,-1,54,7,19,-22,-12,-10,2,-1,2,-1,1,-2,2,2,12,-2,14,-3,-2,-7,8,5,3,10,4,-10,6,14,-6,-3,-3,3,-3,-4,-3,-6,26,-1,12,-1,-10,14,-5,1,-10,0,10,-12,-9,-14,-4,-18,-3,0,16,-19,40,2,46,-26,-8,13,-10,32,-17,-21,1,34,21,-4,-9,9,-9,10,-11,6,-14,-2,13,-6,0,-3,-9,-9,-2,1,-9,7,3,-1,-2,-1,-2,-1,-2,-7,-4,6,-12,8,-6,2,1,-8,-9,-10,-2,-4,3,-5,18,-7,-14,-13,4,-20,-3,-6,-7,5,-15,6,-4,0,-3,-9,9,-9,43,-11,10,-9,-3,-4,3,-43,-11,5,0,-17,-7,4,7,0,-11,5,11,5,4,6,-7,-3,0,6,-1,5,-6,10,-4,-3,-10,5,-17,6,-14,7,-7,-1,0,-5,3,3,-9,7,3,9,3,24,14,0,17,19,-16,-8,-9,7,-12,-7,-14,1,-2,-14,-7,21,-15,-4,-11,5,8,13,23,0,15,5,4,19,18,11,13,20,20,6,18,3,11,23,19,18,24,19,17,18,25,26,4,27,4,32,9,33,22,19,31,6,29,20,25,20,26,35,30,24,17,25,31,38,-5,25,-30,6,7,38,27,21,-2,3,16,26,13,-2,28,29,13,-2,17,24,17,44,11,30,0,-2,-2,1,-2,0,-2,-2,19,-29,15,-38,4,-28,-19,12,-8,1,12,-10,3,-10,-11,6,-5,0,0,9,-3,2,-9,0,0,-5,-3,6,-2,-4,-8,-2,-1,-4,-5,6,-2,-6,-10,-5,0,-6,-4,7,2,-8,-3,-3,-2,-2,-2,-2,0,1,0,2,8,3,-3,0,-14,0,0,8,0,-6,-8,-1,25,-31,-5,-3,-16,-5,6,-2,2,-4,-21,3,-9,-6,-8,-5,-16,-15,-7,-12,-10,-5,-7,-3,-9,2,-15,-3,-6,-8,-8,-5,-13,-9,-11,-7,-13,-12,-6,-9,1,-18,-6,-7,-7,-4,-9,0,-10,-10,-6,-8,8,1,-2,-9,-4,-7,4,3,4,-8,-3,-1,12,3,-18,5,-15,11,10,6,-1,-8,-1,2,-4,-1,-6,5,-14,3,-16,-18,-5,-6,2,-12,-1,4,-7,-9,-14,1,-13,-1,-10,-8,-11,-8,-1,-7,-2,-5,-1,-11,-8,-8,-3,5,-9,7,-7,-3,1,-10,3,-19,-26,-35,-13,-20,-23,24,-4,-4,-15,-19,23,-23,-20,-21,-30,-6,6,4,-16,-18,-5,-11,-13,-20,-20,-9,-20,-17,-17,-20,-23,-18,-20,-34,-18,10,-33,2,-16,-17,-24,-16,-36,-20,-25,-18,-14,-21,-22,-20,-6,-36,-15,-11,-4,-6,-22,27,-11,-13,-14,-10,-24,-24,-50,0,-53,-16,-43,34,-21,-39,-22,-35,43,-40,-38,-36,-47,-3,-3,4,-26,-67,-26,-72,-85,-31,-45,-21,-59,-37,-20,-33,-24,-32,-11,-59,-51,40,-16,32,-31,-15,-22,-21,-37,-58,-35,-23,-60,-21,-20,-37,-14,-41,-14,-15,-10,6,-25,40,-28,-23,-22,1
1,-1,-2,-2,-1,1,-1,0,3,3,3,3,2,1,3,3,2,2,1,0,0,-1,3,4,3,3,2,0,0,0,4,3,2,-1,0,2,-1,-1,0,2,2,0,-6,-4,-7,-5,0,0,14,1,1,0,3,0,13,12,2,2,1,-1,1,2,2,2,13,9,12,9,10,11,11,4,10,10,14,15,13,12,10,10,10,13,11,16,15,16,12,11,12,10,13,12,12,11,7,8,10,10,7,4,8,2,6,0,12,11,2,4,4,6,11,9,11,12,7,4,4,10,17,13,10,11,8,14,15,16,13,16,8,10,10,10,8,9,11,8,9,11,8,12,7,12,10,13,13,8,9,10,13,7,8,11,12,10,8,8,11,11,10,11,11,9,11,1,7,8,8,11,11,11,9,6,3,7,12,11,17,10,7,7,8,9,12,13,8,13,14,15,17,21,21,11,7,9,10,9,12,10,11,8,6,8,7,12,12,8,10,8,9,10,11,13,13,13,11,9,13,14,14,14,12,13,13,11,13,15,14,14,13,9,10,10,13,16,16,10,16,15,14,12,12,13,13,9,9,12,14,9,2,3,4,7,12,10,12,-1,11,9,10,1,5,15,14,13,13,15,7,6,8,17,8,12,13,15,17,17,19,10,17,19,11,22,16,13,22,17,16,16,15,17,21,16,19,20,6,8,9,20,10,18,13,20,13,9,16,13,25,18,17,20,18,24,25,18,19,25,20,26,17,19,2,-2,-1,-1,-1,-1,2,-1,3,4,-1,-10,13,1,7,9,-2,-3,-7,-9,0,-4,-1,-1,-2,-2,-3,-4,-5,-2,-4,-4,-3,-2,-3,-4,-4,-6,-4,-3,-4,-3,-3,-6,-5,-5,-3,-3,-2,-1,-2,-5,-3,-1,0,-2,2,-2,-1,-1,-1,2,-2,1,5,0,0,7,1,-7,-5,3,-1,3,9,5,3,-2,2,11,2,-2,-5,6,5,-5,1,5,2,3,-1,-8,-3,-2,6,3,2,2,2,1,1,1,1,6,3,3,1,-1,0,0,1,4,3,3,1,3,2,3,5,6,4,4,9,8,7,10,6,1,5,2,8,3,4,3,3,5,4,9,4,-1,7,3,10,9,1,-5,7,2,1,-2,4,9,1,2,0,4,2,-8,-4,6,2,4,4,2,2,2,-1,-2,4,5,2,1,2,2,3,1,4,6,6,6,5,7,8,6,4,1,8,8,9,8,7,2,5,5,4,9,4,6,6,3,2,-3,-5,1,0,2,2,4,6,4,0,1,-2,2,6,1,6,4,3,0,1,2,5,4,5,3,1,3,6,5,10,8,7,8,6,4,6,8,6,9,4,8,6,6,8,10,6,4,2,3,3,4,7,5,3,-1,19,20,14,12,15,18,17,22,9,10,1,5,3,13,5,18,10,13,8,1,10,6,9,20,18,13,14,14,15,9,1,16,24,14,21,19,25,18,21,15,27,23,25,28,28,27,23,23,29,24,28,30,29,32,23,28,20,24,24,26,27,27,19,17
1,1,1,2,-1,-1,-1,-1,-8,-19,-17,-22,-17,-11,-14,-15,-16,-13,-13,-15,-13,-11,-7,-8,-17,-13,-12,-11,-9,-8,-4,-7,-11,-15,-12,-11,-8,-9,-8,-11,-17,-14,-12,-13,-12,-12,-14,-15,-24,-25,-15,-21,-11,-17,-11,-14,-2,2,-2,0,-2,1,-2,-1,-44,-26,-34,-44,-45,-42,-50,-33,-52,-31,-31,-34,-28,-37,-38,-47,-31,-30,-40,-33,-43,-38,-42,-37,-32,-39,-32,-33,-35,-30,-48,-48,-32,-33,-33,-32,-42,-35,-35,-35,-38,-34,-36,-27,-34,-33,-36,-30,-27,-28,-26,-36,-34,-42,-27,-30,-26,-27,-25,-25,-33,-22,-36,-46,-33,-33,-34,-32,-30,-28,-28,-17,-30,-29,-27,-36,-24,-33,-24,-23,-36,-30,-34,-29,-37,-30,-27,-22,-16,-34,-32,-28,-23,-31,-27,-33,-31,-29,-35,-24,-33,-33,-31,-34,-26,-37,-22,-34,-26,-34,-22,-31,-30,-37,-33,-21,-41,-42,-35,-18,-21,-35,-31,-34,-26,-33,-28,-23,-14,-12,-10,-6,-10,-14,3,2,-7,-19,-15,-6,-6,-1,-1,-5,-8,-7,-7,-15,-3,-13,3,-10,-12,-19,-11,-12,-16,-10,-9,-10,-10,-13,-13,-11,-8,-15,-14,-10,-7,-14,-10,-14,-12,-14,-12,-13,-1,-15,-11,-12,-11,-12,-16,-8,-10,-16,-11,-14,-14,-12,-10,-13,-70,-44,20,61,25,20,-61,-38,47,-73,-5,8,36,-53,-25,29,33,18,19,13,-11,-36,-64,-63,24,4,-3,5,-70,10,-6,-57,-66,-1,-55,-55,-74,20,-6,27,18,2,-4,-36,14,-45,17,-83,-21,-64,-2,-31,-46,-38,-74,8,-66,-13,-14,-61,-4,-64,-79,-82,0,-1,0,-1,0,1,-2,2,-21,-35,-60,-38,-74,-44,-85,-28,-5,-68,-40,-81,-63,-75,-76,-75,0,-80,-68,-65,-81,-66,-83,-69,-3,-67,-81,-73,-75,-82,-63,-69,-4,-74,-79,-83,-70,-74,-66,-68,-6,-66,-61,-91,-76,-66,-63,-68,-1,1,-1,0,1,0,0,2,0,-5,-1,4,5,0,2,5,2,4,9,4,3,4,10,5,2,4,4,9,13,15,9,8,7,6,7,13,15,19,12,9,5,8,8,12,14,19,15,12,5,3,7,13,15,21,20,13,2,4,7,12,15,16,21,16,1,2,12,5,10,14,15,15,-14,16,-8,15,-10,15,-8,14,19,-9,20,-2,26,-5,18,-6,-11,20,-7,18,-2,25,-6,27,16,-13,23,-6,20,-6,23,-3,-13,18,-9,24,-1,19,-8,21,20,-8,22,-10,27,-6,21,-6,-3,20,-11,22,-12,24,-7,18,22,-11,21,-8,25,-12,21,-7,-16,-14,-15,-18,-15,-14,-13,-17,-15,-18,-16,-18,-22,-11,-14,-11,-11,-14,-18,-7,-16,-11,-10,-13,-16,-13,-13,-17,-13,-18,-15,-17,-15,-16,-14,-13,-16,-13,-12,-12,-15,-17,-14,-14,-15,-15,-16,-16,-18,-17,-15,-16,-17,-14,-19,-15,-15,-18,-15,-18,-20,-18,-19,-17,-23,-23,-27,-32,-35,-49,-33,-44,-42,-26,-13,-41,-30,-47,-37,-55,-60,-25,-47,-34,-42,-23,-19,-42,-58,-42,-42,-30,-39,-25,-20,-42,-44,-24,-41,-15,-36,-28,-39,-29,-30,-87,-33,-40,-25,-42,-32,-39,-34,-46,-42,-51,-38,-34,-74,-38,-31,-66,-17,-40,-42,-30,-13,-34
-1,1,-1,0,1,-1,-1,0,2,6,7,4,0,8,-5,-10,2,4,3,4,3,3,1,-8,3,5,6,5,5,4,4,-3,4,6,6,4,3,4,-1,-3,8,4,6,5,4,-1,3,3,-16,-4,-7,0,-2,-13,-10,-19,-2,1,-2,0,-2,-1,2,2,6,16,7,8,-8,9,-1,2,12,12,13,11,5,7,-3,8,15,11,6,10,7,7,4,4,14,14,14,4,9,1,9,-4,14,11,8,14,8,6,0,8,11,15,11,10,1,11,-1,8,15,14,8,10,9,4,8,0,13,14,12,11,6,10,7,8,-1,4,4,7,0,1,4,-2,5,2,9,4,0,-5,-9,0,4,3,3,4,3,-1,2,-7,6,7,3,-3,7,2,-3,-1,-1,2,3,5,-1,1,5,3,-1,2,4,-3,2,-3,9,4,-1,0,-1,2,2,2,-5,0,3,0,5,5,4,4,1,1,1,7,7,9,7,7,2,-1,2,5,8,7,3,7,8,5,8,6,3,4,3,3,5,0,6,4,4,4,3,6,-1,-2,1,5,1,6,3,1,5,-7,8,7,9,8,4,6,10,-2,7,13,2,8,-1,5,6,-2,2,5,1,-2,5,1,-1,-5,22,20,26,20,21,25,9,2,24,27,13,18,10,9,9,31,20,24,9,23,28,7,-3,24,27,25,14,-4,-8,0,16,18,21,20,35,5,-3,3,0,13,7,27,17,9,-1,-7,10,0,25,12,6,15,3,-17,7,11,16,12,10,21,20,8,19,13,0,2,1,1,-1,-1,2,0,-72,-5,-4,-18,-52,-33,-76,-65,-3,-3,-7,-12,-30,-25,-55,-76,-2,-3,-2,-3,-9,-11,-13,-61,-2,-5,-5,-3,-3,-4,-3,-10,-1,-7,-4,-5,0,-2,0,-3,-5,-9,-7,-9,-4,-2,-1,-2,-2,-2,1,1,2,1,-2,1,-10,-5,-1,-12,-3,-10,-10,-15,-18,-5,-5,-10,-10,4,-15,-18,-11,-11,-9,-3,-4,2,-3,-8,-10,-11,-11,-10,-9,-6,-4,-5,-10,-12,-11,-9,-10,-9,-3,-4,-12,-10,-12,-10,-8,-11,-12,-6,-6,-8,-11,-12,-11,-10,-5,-3,-8,-11,-9,-11,-10,-5,-8,4,-12,-11,-12,-19,-12,-10,-13,-19,-12,-18,-17,-13,-13,-8,-15,-18,-16,-4,-10,-9,-14,-5,-9,-14,-10,-8,-5,-9,-3,-19,-5,-11,-10,-8,-9,-3,-9,-13,-16,-12,-9,-11,-7,-10,-6,-13,-16,-13,-11,-2,-9,-5,-10,-9,-11,-9,-3,-12,-7,-12,-11,-11,-6,-4,-7,-12,-14,-19,-13,-11,-20,-29,-9,-16,-16,-6,-16,-15,-23,-25,-7,-13,-25,-16,-13,-20,-22,-29,-13,-19,-23,-14,-18,-16,-14,-17,-12,-19,-21,-18,-18,-18,-15,-18,-14,-12,-17,-15,-17,-19,-10,-15,-17,-16,-21,-18,-15,-13,-12,-14,-20,-24,-23,-22,-22,-19,-17,-22,-25,-28,-33,-45,-26,-34,-32,-49,-28,-38,-28,-28,-31,-25,-30,-40,-33,-28,-40,-29,-28,-37,-36,-43,-35,-27,-48,-30,-37,-37,-40,-41,-35,-34,-37,-27,-30,-35,-47,-38,-29,-27,-28,-32,-34,-26,-28,-21,-29,-24,-38,-21,-25,-21,-27,-16,-35,-31,-36,-18,-27,-37,-29,-27
3,0,1,0,2,-3,1,-1,2,2,6,-5,35,-7,7,5,-2,2,1,2,0,1,4,16,-1,1,1,-1,3,1,-5,4,4,3,5,2,0,3,4,0,10,5,6,3,12,6,4,0,-10,9,7,17,6,9,8,8,2,0,0,0,0,1,-2,-2,-3,16,25,-5,25,1,20,-12,21,4,6,5,40,-13,3,-3,6,3,5,14,2,4,-5,-5,4,11,4,13,9,17,0,2,4,6,8,7,15,0,-4,-1,13,1,11,1,5,3,11,15,12,10,4,7,20,-2,5,-3,5,15,2,13,6,4,-2,3,1,14,22,-5,14,-40,1,-6,12,11,2,8,14,-1,-16,8,9,8,7,9,4,-4,3,10,14,6,9,8,-3,9,6,5,10,5,1,4,17,6,8,-11,5,6,-1,5,19,10,8,8,2,-5,14,6,17,13,8,6,0,8,4,3,13,3,13,2,-5,8,21,19,-18,18,9,-14,5,13,20,16,30,4,19,12,14,13,30,20,20,12,27,10,8,20,32,19,19,16,27,22,18,20,26,21,11,19,16,22,19,26,28,16,11,7,17,9,17,25,17,13,18,20,15,24,17,10,19,15,9,10,22,15,6,21,30,-3,-4,-2,29,2,4,7,22,14,41,7,32,23,22,19,27,33,26,29,46,28,26,12,40,33,21,31,29,33,27,23,33,29,28,27,17,35,37,30,39,38,43,19,32,30,39,35,40,44,17,30,31,37,27,21,31,25,30,16,16,13,0,1,0,0,2,2,0,2,-23,0,4,-81,-19,-96,-12,-64,5,-3,-1,-10,-2,-42,2,2,0,2,-2,-4,-3,-5,-3,10,-2,2,-7,-1,-4,-2,-12,0,-4,1,-4,-6,-1,0,-8,-5,-6,-4,-6,-9,-1,-2,-6,-4,2,0,0,0,0,1,2,2,-1,-4,10,13,11,-32,6,-9,2,6,28,5,-35,14,-6,18,-7,-1,-6,14,3,1,1,15,-7,-2,-8,-14,-8,-20,0,-1,-7,-6,-3,-6,-5,-5,-10,-2,-9,-4,-6,-9,-5,-11,-6,-4,-9,-6,-5,1,-11,-6,-6,-3,-5,-11,-9,-6,-4,-5,-3,-7,-8,-6,7,7,0,-8,-6,-15,5,-1,1,4,-7,2,-1,-14,-11,8,3,-6,-10,20,-8,-8,-1,-7,-7,-2,-3,-14,-8,2,-1,-13,-9,2,-10,-9,-8,-4,-8,-8,3,-12,-8,-7,-11,-8,1,-2,-4,-5,-11,-9,-7,-10,8,-5,-4,-3,-4,-4,0,0,-3,-1,-1,-9,-10,-15,-8,-12,-8,-8,-11,2,-14,-8,-24,-9,-8,-3,-10,-2,-14,-4,-14,-13,-9,-9,-16,-15,-23,-12,-11,-13,-13,-14,-26,-10,-7,-4,-16,-9,-10,-8,-17,-13,-14,-2,-17,-13,-16,-10,-11,-9,-16,5,-17,-19,-19,-12,-14,-14,-16,-7,-11,-9,-16,-5,-18,-36,-71,-50,-47,-35,-24,6,-14,21,-42,15,-15,-39,-3,-6,17,10,-19,54,1,-10,-30,4,-7,-21,-29,-19,34,-8,-26,-15,-29,-18,-10,-6,8,-4,-26,-29,-14,-21,-17,-7,-11,-26,-23,-22,-16,-10,-26,6,-16,-27,-14,-19,-12,-17,-32,-14,-5,-3
-2,0,2,0,-1,-2,1,-2,-5,-6,-5,-6,-7,-6,-7,-6,-5,-7,-7,-8,-7,-8,-8,-6,-5,-7,-6,-6,-7,-7,-9,-6,-6,-6,-7,-5,-7,-5,-7,-6,-7,-7,-6,-6,-6,-6,-6,-6,-5,-9,-7,-8,-8,-9,-9,-6,1,0,-2,1,2,2,-2,-1,-23,-26,-21,-22,-22,-21,-26,-23,-25,-24,-22,-22,-21,-21,-22,-24,-24,-24,-21,-20,-19,-20,-22,-22,-26,-21,-24,-21,-21,-22,-23,-23,-25,-21,-23,-19,-21,-23,-23,-24,-25,-27,-22,-24,-20,-23,-27,-26,-24,-23,-20,-24,-25,-25,-21,-25,-20,-24,-25,-23,-24,-22,-26,-22,-25,-27,-26,-23,-22,-24,-25,-26,-26,-26,-26,-23,-22,-25,-26,-26,-26,-25,-24,-23,-23,-23,-26,-26,-26,-25,-22,-24,-24,-26,-24,-27,-24,-21,-25,-25,-25,-23,-25,-24,-24,-28,-24,-25,-25,-27,-26,-25,-25,-26,-28,-26,-27,-27,-26,-25,-25,-25,-25,-24,-24,-24,-24,-25,-35,-35,-32,-35,-34,-33,-36,-36,-36,-35,-35,-35,-35,-35,-36,-36,-35,-35,-33,-32,-34,-35,-35,-35,-35,-35,-34,-34,-36,-38,-33,-34,-36,-35,-33,-35,-36,-36,-32,-34,-36,-35,-34,-34,-34,-36,-36,-35,-38,-40,-38,-38,-38,-39,-38,-39,-36,-37,-37,-38,-37,-37,-37,-39,-35,-28,-25,-23,-22,-24,-28,-43,-31,-25,-25,-19,-20,-30,-29,-30,-28,-26,-24,-22,-21,-17,-20,-34,-27,-17,-22,-19,-17,-20,-14,-32,-18,-21,-5,-15,-15,-10,-16,-15,-21,-16,-31,-9,-11,-13,-6,-21,-28,-18,-27,-27,-12,-27,-24,-31,-26,-28,-23,-28,-30,-33,-32,-27,-2,-1,-1,0,-2,2,-1,-1,18,19,23,17,19,15,18,19,5,9,10,10,9,8,9,6,7,8,9,7,10,7,7,6,8,8,10,9,9,10,9,7,8,11,9,11,9,8,10,8,8,10,9,9,8,9,10,8,1,0,0,-1,-2,2,1,0,9,13,17,12,12,13,11,13,19,20,19,16,19,19,16,17,19,21,25,20,24,22,22,20,18,20,22,22,24,22,20,18,22,20,23,21,20,20,22,19,19,23,20,23,22,22,21,19,19,21,24,21,22,22,22,20,17,21,20,21,20,20,22,18,20,24,19,21,18,18,21,22,22,26,25,20,24,20,24,22,23,23,26,25,26,28,25,24,22,25,26,24,27,24,26,23,24,23,25,25,23,25,24,24,23,25,24,25,25,25,24,24,25,24,26,22,23,25,25,24,22,24,22,23,23,24,22,24,38,38,36,39,34,34,36,37,37,38,38,36,37,37,36,38,37,40,40,38,44,39,40,40,38,37,38,42,42,41,38,40,39,37,38,40,36,37,37,38,34,38,35,40,40,37,37,37,39,37,40,39,37,37,37,38,37,36,36,37,39,38,38,38,11,11,10,17,14,13,8,13,12,7,14,15,23,11,12,9,17,12,11,15,15,14,12,12,11,8,12,15,13,16,14,16,15,9,10,20,13,20,12,12,11,20,9,21,16,16,15,12,13,17,20,20,21,20,22,19,17,15,16,15,23,26,22,15
2,1,-2,0,1,-2,2,1,2,5,5,6,4,4,6,4,3,4,4,2,1,2,5,6,2,1,3,2,1,0,2,3,1,-2,-1,-2,-1,-2,-1,1,7,-1,-1,-4,0,-3,5,3,5,-1,-2,0,0,6,0,-2,0,-1,2,-1,0,2,-2,1,5,14,12,10,17,13,13,20,14,14,13,10,16,17,13,12,13,8,12,10,6,12,13,8,8,9,10,11,14,10,11,8,5,11,5,6,5,6,7,6,-1,5,3,3,-3,2,8,7,5,-1,-2,-4,-3,5,4,-3,-2,-3,0,-1,-5,-4,-7,-4,14,21,19,15,19,17,20,19,23,16,17,20,18,21,17,11,17,17,17,15,17,17,18,11,15,18,17,20,23,17,16,13,14,18,18,20,19,18,19,16,13,18,22,19,11,20,21,19,18,14,16,22,17,21,21,17,16,19,14,20,20,26,21,16,19,20,20,18,16,20,18,21,20,20,18,23,17,24,22,21,21,19,18,23,17,22,22,18,15,14,16,15,17,17,14,17,14,13,10,7,14,18,15,15,13,11,15,12,10,15,9,8,9,23,15,21,16,13,16,12,10,13,16,13,12,16,14,9,43,42,43,41,42,42,48,41,38,41,40,42,39,51,50,42,44,33,34,38,36,42,38,41,36,30,36,34,36,25,23,39,35,13,31,26,37,38,45,40,29,21,35,35,34,39,28,38,14,31,15,41,10,37,40,39,22,27,29,27,24,26,21,29,0,-2,2,1,1,-1,2,2,15,12,30,-2,-2,21,24,19,0,-10,-1,-2,-17,-1,-6,-10,-6,-12,-9,-1,-16,0,-7,-10,-8,-8,-11,-2,-11,-3,-5,-9,-11,-4,-6,2,-7,-1,-5,-10,-10,-5,-7,1,-8,2,-4,-9,0,2,-2,-1,0,0,-1,-1,-23,-18,-19,-21,-14,-22,-20,-28,-14,-14,-21,-26,-29,-19,-14,-20,-17,-25,-14,-18,-22,-15,-24,-19,-15,-16,-16,-15,-18,-16,-17,-19,-13,-15,-13,-13,-16,-11,-17,-16,-14,-12,-12,-13,-13,-12,-15,-10,-11,-11,-13,-14,-12,-12,-13,-15,-13,-15,-11,-14,-11,-11,-14,-18,-10,-23,-15,-27,-18,-23,-16,-20,-14,-14,-17,-15,-19,-16,-20,-12,-37,-18,-14,-18,-16,-21,-12,-19,-15,-18,-17,-11,-20,-14,-16,-20,-14,-20,-13,-22,-11,-17,-14,-18,-18,-15,-18,-11,-17,-11,-19,-13,-15,-19,-13,-13,-14,-13,-12,-19,-19,-9,-15,-12,-16,-14,-15,-11,-22,-26,-26,-31,-25,-63,-24,-22,-22,-24,-22,-27,-26,-26,-21,-23,-20,-28,-22,-25,-25,-20,-25,-24,-23,-23,-19,-23,-25,-26,-25,-22,-24,-31,-25,-23,-24,-25,-25,-25,-24,-27,-23,-21,-22,-19,-25,-22,-27,-25,-25,-20,-22,-19,-24,-27,-26,-24,-23,-23,-20,-22,-25,-25,-41,-26,-35,-40,-40,-32,-40,-34,-31,-36,-33,-31,-40,-28,-26,-34,-40,-40,-38,-38,-43,-30,-30,-32,-37,-41,-24,-50,-32,-32,-40,-38,-46,-45,-40,-41,-39,-33,-26,-39,-43,-47,-37,-42,-40,-37,-42,-40,-42,-43,-44,-39,-41,-32,-43,-54,-41,-56,-44,-40,-39,-38,-42,-48
2,-1,-1,-1,1,2,0,1,2,1,0,1,3,-13,6,-1,2,1,0,0,6,58,9,-5,1,-1,-1,7,4,-72,4,3,0,1,0,-4,2,23,2,1,5,1,4,7,11,4,7,8,4,-4,-4,6,3,6,2,7,2,0,-1,-2,0,-1,0,2,3,-2,9,2,4,1,6,1,-1,5,4,-7,21,-8,17,-3,2,-2,-1,12,5,-2,-1,32,3,1,3,2,3,38,7,-2,-5,0,-1,13,-1,5,-17,19,-2,7,3,7,12,-2,12,5,4,0,11,1,8,5,7,5,6,5,4,10,7,16,13,-2,8,-6,7,1,8,0,10,-3,7,8,0,10,3,8,1,20,2,13,4,-5,13,14,10,-2,9,1,5,9,9,19,1,9,3,5,5,3,6,5,6,2,4,1,11,7,10,6,-5,16,9,2,7,3,2,3,9,-1,10,13,-5,4,7,4,0,7,8,7,9,6,7,12,10,9,7,3,7,7,4,9,12,7,4,6,2,-1,-6,10,-6,-3,10,12,-1,6,15,14,13,9,18,11,8,9,7,15,14,10,13,3,1,3,7,6,13,5,9,11,12,8,16,14,14,10,0,8,6,9,8,12,7,4,13,17,20,13,21,15,24,7,17,16,16,20,17,17,16,31,13,22,11,14,24,13,19,13,20,20,21,12,31,32,16,28,20,20,10,6,15,25,17,7,14,7,11,22,12,22,14,21,10,18,13,18,36,22,17,29,-6,25,11,11,16,6,24,21,-2,1,-1,0,1,2,-1,1,1,-17,-3,-7,3,-7,8,-5,-2,-6,1,-11,2,-17,1,1,-1,-1,-4,-4,9,11,1,0,-2,-4,-1,1,-23,12,-22,3,-2,-2,-3,0,-6,6,-4,1,-1,1,-1,-1,-3,-2,-7,-1,0,1,1,1,-1,0,1,1,3,-18,-4,4,-6,-6,15,-5,2,8,-5,-15,-9,7,-14,-6,-3,-5,-1,-17,-16,-25,-11,-4,3,-5,-12,-10,19,41,-10,-15,-7,-3,1,-11,-17,-6,-22,-6,-1,-6,-10,-2,-7,2,-14,3,-4,0,-1,-3,-6,-9,-2,-2,-3,-2,0,-5,-3,-2,1,-3,-3,-4,-1,-6,0,4,3,29,-2,2,1,-23,-2,-2,-1,-27,-2,-5,-6,4,-23,3,-16,4,-1,3,-20,-6,17,19,2,-13,-5,-13,-4,-1,-25,2,-35,16,-13,-7,-1,-26,-1,-9,6,-28,-7,-1,-15,-1,-6,-7,-4,-4,-3,-18,-2,-9,-5,-7,2,-2,-4,-23,0,-15,1,-5,1,-7,-1,-1,-6,-11,-1,-11,-6,-7,-3,-10,-13,-12,-15,-24,-4,-2,-5,-9,-16,-4,2,36,-2,-16,-10,-5,-6,-7,-13,-24,-22,1,-10,-8,-9,-12,-1,-6,0,-7,-6,-5,-5,-4,-11,-3,-4,-10,-7,-6,-9,-14,-13,-6,-8,-6,-10,-36,3,-8,0,0,-1,-10,-10,-17,-15,-33,12,9,-47,-28,0,-22,-26,-5,-40,-37,-14,-2,-17,-24,-33,-28,1,27,2,-30,-28,-14,-16,-8,-33,-19,-39,0,-16,-20,-12,-31,-8,-17,-4,-14,-5,-13,-19,-17,-20,-16,-13,-43,-7,-16,-15,-19,-20,-18,-17,-8
0,1,-2,3,1,-2,-1,2,1,0,3,-7,-2,3,-3,-4,2,0,-5,-2,-4,-3,-2,23,-3,1,-1,-7,0,-1,-3,-7,-3,-1,0,-2,-2,-1,2,-19,-3,-12,-1,3,-7,2,5,28,0,-7,-9,-7,-8,-20,-7,39,0,-1,2,0,-1,-2,1,2,10,6,9,6,4,5,6,-1,-2,7,1,4,1,4,-4,11,4,2,2,9,6,0,1,-3,-4,0,-3,8,-3,7,5,9,9,-11,10,-9,15,5,3,10,-3,-1,-8,3,1,-8,1,2,-6,-1,-6,2,-1,-13,-6,3,-3,0,5,4,5,5,4,16,6,7,11,18,5,20,9,-6,3,7,9,6,14,6,1,-5,5,3,4,20,6,9,-2,14,8,-5,6,1,6,2,16,3,-7,4,2,12,8,10,3,18,4,-4,1,6,4,6,15,10,1,0,2,8,-6,-2,2,9,9,4,9,3,6,4,13,13,17,4,7,4,4,4,13,6,3,18,-3,12,13,22,16,15,17,6,9,-1,6,12,14,0,9,11,5,7,8,10,10,13,10,10,-1,-7,10,5,8,10,6,12,5,4,4,4,15,9,14,14,14,4,5,12,12,15,9,6,0,-10,2,7,10,-5,31,24,27,23,27,22,10,38,15,32,21,29,25,22,22,10,11,22,30,31,22,26,21,-1,18,23,20,27,9,16,11,1,18,28,10,8,26,8,25,31,8,8,29,22,5,24,36,36,29,-2,37,43,8,41,32,5,16,16,14,10,-27,36,25,26,-2,2,1,0,2,-1,1,2,9,-26,6,-3,7,9,-9,4,0,4,-5,-3,-1,5,-22,8,5,2,-4,-6,-6,0,9,7,1,5,-5,1,-8,-1,-3,2,1,4,1,0,3,-6,-2,-2,1,9,-1,0,3,0,4,-6,-3,-1,1,2,-1,1,-2,0,6,-9,-3,-7,-13,-7,-30,-20,-2,4,-5,-4,4,-9,-4,-7,-3,-12,-6,-5,-5,-2,-22,10,-4,1,-2,-9,-8,-6,-2,-12,-7,-4,-6,4,-10,-1,-24,3,-3,-5,-8,-10,-2,-4,-11,3,-8,0,-9,-9,-10,-5,-1,0,-3,-6,2,-8,-2,-5,-4,-7,-39,7,-25,6,-39,3,-25,-7,23,-46,11,-15,22,-24,18,-30,-19,21,-48,8,-32,7,-30,20,8,-22,12,-47,2,-26,10,-21,-20,4,-24,13,-47,9,-31,4,5,-25,10,-34,15,-35,-2,-21,-29,9,-31,8,-26,13,-31,6,12,-24,14,-17,5,-26,8,-63,-16,-9,-9,-17,-21,-1,-27,-25,-15,-10,-1,-6,5,0,9,-23,-9,-10,-28,-8,-19,-21,-30,-8,-13,-6,-12,-13,-4,-12,13,-14,-12,-17,-20,-9,-14,-6,-16,-7,-5,-11,-11,-22,-14,-15,-9,-10,-19,1,-19,-18,-18,-2,17,-10,-16,-5,-19,-24,-22,-15,-15,-14,-31,-50,-11,-61,-54,-17,-71,-36,-13,-85,-13,-69,30,-39,18,-40,-57,-11,-100,-20,-38,-29,-40,-21,-36,-56,-35,-102,-57,-57,40,-36,-43,-33,-55,-20,-66,-43,-44,-39,-7,-35,-36,-50,-50,-47,-41,-16,-46,-20,-44,-29,-38,-18,4,-51,-22,-19,-25,-32,-37,-36,-47,-38
-2,0,-2,-1,-1,-2,3,1,5,6,9,5,3,1,-3,-5,5,5,2,3,0,0,0,-6,1,-1,6,3,-1,-6,-15,-11,-5,0,-3,3,0,-3,5,-6,-5,-15,3,-8,1,-10,-29,-2,1,-11,-16,-13,-15,-18,1,-6,0,1,0,1,-2,-1,2,2,22,8,9,0,18,-14,3,-13,9,-5,17,10,2,-5,20,2,7,9,5,-1,15,7,-3,16,3,10,6,18,-12,17,-18,45,-2,-2,15,7,-21,19,6,-1,8,1,-13,-8,10,-16,25,-9,2,-14,-5,-5,-3,-42,10,-9,-1,0,-4,-3,-3,19,-3,9,5,13,9,9,18,16,9,6,13,3,14,12,12,15,11,12,9,12,5,10,7,1,15,21,10,23,14,-5,10,26,-3,21,9,10,2,19,11,10,13,8,2,0,7,27,7,12,12,1,10,3,5,6,17,-1,1,10,12,11,13,12,-1,29,15,9,11,9,12,12,12,6,6,5,7,17,9,15,15,14,1,5,13,11,30,7,15,14,6,18,10,21,19,13,12,18,21,22,12,22,17,8,16,13,-6,16,10,17,19,1,12,19,0,11,18,10,18,-4,11,13,-9,18,7,-5,-1,13,8,12,-4,3,19,24,18,26,28,20,22,15,16,24,20,22,23,26,13,18,23,18,30,20,20,18,26,34,27,18,19,22,28,25,48,33,1,17,9,14,19,28,33,32,-6,6,-3,0,17,8,14,14,2,10,31,9,-10,37,28,14,28,30,22,20,22,40,14,16,-1,1,-1,1,2,0,-2,-1,7,-42,4,-25,12,2,-1,-12,4,-1,2,-8,6,-6,-12,-2,-3,0,-1,-10,7,0,-31,13,-4,-1,-4,-5,-2,1,-60,13,-4,-1,-7,3,-3,6,-19,9,-4,1,-4,0,-6,0,-7,6,-1,1,-1,2,-1,1,0,1,-12,-10,-12,-20,-3,-5,-14,-13,-17,-10,-15,-17,-11,-9,-3,-31,-17,0,-21,-17,-9,-9,-13,-12,-15,-2,-15,-13,-13,-11,-11,14,-8,-13,-9,-12,-8,-6,-13,-9,-5,-18,-10,-9,-10,-12,-23,-5,-17,-8,-12,-7,-16,-13,-5,-15,-12,-7,-15,-7,-12,-19,-9,-16,-2,-10,-19,-19,2,-10,-4,-4,-13,-14,5,-9,-13,-6,3,-15,-5,7,-12,-9,-2,3,-15,-22,-3,-7,-11,-12,-1,7,-24,0,-7,-9,-13,2,-3,-13,-16,-20,-8,-18,-11,-7,-5,-12,-15,-11,-7,-12,-7,-15,-10,-11,0,-16,-8,-5,-12,-9,-12,-6,-13,0,-11,-3,-11,-13,-1,6,-11,-31,-13,-15,13,-4,0,-21,-3,-21,-1,11,-16,0,5,-6,-20,-13,-2,-8,-15,-16,0,8,-31,19,-7,-9,-12,-7,-9,-8,-27,-16,-7,-16,-6,-15,8,-15,-28,-2,-20,-14,-9,-11,-6,-23,-31,-15,-17,-9,-12,-19,-16,-7,-32,-10,-43,-21,-22,-54,-33,-5,-55,-48,-38,-39,25,-6,-49,-39,-6,-43,-27,34,-56,-18,-43,-26,-60,-50,-48,-25,-41,-44,-31,7,-68,15,-30,-41,-32,-39,-35,-30,-36,-54,-27,-34,-43,-25,6,-35,-37,-10,-48,-28,-27,-22,-20,-45,-19,-34,-46,-14,-26,-29,-42,-8,-50,-18
2,0,0,2,1,1,1,-1,4,6,3,-10,-51,-47,-10,4,5,2,5,2,-6,-9,5,8,4,2,5,5,3,0,5,6,4,3,6,4,5,4,4,5,4,2,5,2,4,4,2,7,7,3,7,5,5,3,3,6,0,1,0,2,-1,1,-1,2,9,4,-4,-9,-17,-25,-11,-12,13,4,-1,-15,-12,-8,-17,-26,5,6,-3,0,-22,-15,-22,-7,9,6,-7,-14,-6,-7,-10,-6,11,6,10,-2,0,-4,-4,3,6,8,9,6,9,6,6,4,8,6,6,11,8,9,7,4,9,7,8,12,15,17,7,9,11,11,7,-10,-32,-20,-31,-1,7,21,11,-1,-33,-20,-3,7,16,8,6,-6,-16,-16,-22,-1,10,-6,-15,-19,-8,1,-13,-26,-5,-13,-10,1,6,9,2,-16,-8,-17,1,6,6,5,9,-1,-11,-5,6,2,9,7,9,8,1,7,7,-1,8,3,10,6,1,3,-5,-8,-25,-26,-3,1,3,-2,4,-20,-23,-92,-7,-5,9,9,2,-2,-6,-12,3,3,8,7,8,4,-7,-2,7,10,8,12,14,14,0,2,10,10,7,13,14,12,6,7,13,10,3,10,11,7,-3,0,6,9,6,8,9,6,3,4,7,4,23,19,10,-4,-80,-35,-6,16,16,13,17,9,-97,-44,8,5,14,19,22,-23,-8,-7,16,21,20,5,8,13,5,12,25,25,17,15,2,14,10,26,10,14,9,16,12,17,10,14,4,20,8,10,16,7,13,26,15,6,17,15,5,14,17,27,20,18,2,0,-2,-1,-2,-1,-2,-1,-13,-13,-21,14,40,41,14,-4,-3,-5,-3,14,51,52,17,-1,-5,-3,-2,3,13,15,-3,-5,-2,-4,-1,3,3,3,1,-5,-2,-3,1,4,2,2,1,0,0,-2,0,4,1,0,1,1,2,1,2,1,-1,-2,-2,1,-6,-3,1,-2,4,8,3,8,-2,-13,-8,-3,-3,-14,-5,2,-10,-6,-7,-2,13,5,0,2,1,3,0,1,4,-1,-2,1,-7,-3,-5,-2,-1,-3,-2,-3,-5,-5,-6,-10,-2,-1,-7,-6,-1,-8,-2,-3,-6,-3,-2,-6,-9,-3,0,-2,0,-4,-2,1,-6,-6,-5,-5,-11,-6,-6,-7,-6,-9,-25,-6,-3,-15,-10,-9,-9,-11,-9,-7,-2,13,-8,0,-13,-11,-1,-10,-2,-6,0,-3,-8,-7,-7,-9,-4,-5,-4,-1,-5,-6,-8,-6,-6,-5,-7,-7,-5,-7,-7,-2,-6,-3,-11,-5,-10,-7,-4,-6,-10,-4,-6,-8,0,0,-1,19,2,33,16,14,8,1,31,29,58,50,34,37,-3,-13,-10,4,26,14,-3,4,-7,-6,-5,-11,-3,-10,-9,-11,-11,-10,-19,-9,-2,-5,3,-7,-11,-12,-8,-8,-13,-2,-6,-7,-5,-11,-8,-10,-3,-5,-11,-8,-8,-9,-9,-7,-4,-6,-7,-10,-2,18,-5,66,14,83,22,11,12,7,43,84,90,92,55,33,-66,1,1,44,71,70,-5,9,-4,-27,6,-14,2,3,-13,-6,-28,6,-29,-5,-9,-1,-12,-17,13,-50,-23,-12,-34,-19,-50,-11,-17,-23,-33,-21,-33,-7,-32,-22,-19,-15,-16,-29,-20,-5,-12,-39
1,0,2,2,-1,2,0,2,0,-1,-6,-2,3,-8,-8,-4,4,9,2,-3,-1,-6,-4,-2,-1,-5,4,2,3,-1,-5,-2,-3,5,1,8,6,14,-7,-12,-20,8,17,4,30,8,25,28,-10,-8,-1,-8,-3,2,19,31,1,-1,-1,-2,-1,-1,-1,2,3,2,0,8,-1,1,10,9,4,-4,10,-3,3,10,-11,11,4,8,6,-10,7,1,4,1,1,21,-4,3,10,7,13,-3,6,15,5,12,3,14,11,13,6,-12,-1,-8,9,16,16,15,-9,2,27,2,2,-1,6,19,-16,13,11,10,9,8,9,6,16,8,7,18,4,10,-10,10,-3,4,0,1,15,-3,4,5,3,10,16,1,3,-2,-9,16,1,-2,2,2,9,-1,9,8,11,-3,11,8,14,15,4,9,4,2,2,9,3,19,13,20,-4,0,-5,-3,-1,-3,8,4,9,-1,8,1,-22,11,13,13,5,17,16,16,0,5,13,13,31,16,19,19,11,21,13,30,4,13,10,6,7,1,24,27,20,7,-2,0,-9,4,9,15,22,6,17,14,-7,1,2,14,18,17,7,19,13,10,11,16,44,20,29,22,20,23,15,27,20,18,9,12,-10,0,13,17,11,25,21,22,4,10,20,7,21,7,19,15,21,14,16,10,23,14,23,7,6,2,7,33,10,28,-4,-17,13,3,25,18,24,0,26,16,-1,6,2,18,8,24,33,9,11,29,18,7,37,42,8,6,19,2,12,5,12,11,27,31,23,-2,22,8,1,-2,2,2,2,-1,1,-2,-10,8,-3,8,-5,-5,-15,11,-4,-7,-6,-7,-2,-11,-15,16,-5,0,4,-4,7,-5,-10,6,3,3,-1,3,5,-2,-2,4,9,-6,-1,12,-10,2,1,6,12,-9,-12,4,-9,10,6,6,-1,1,1,0,1,1,1,0,6,-4,-27,0,18,1,-27,5,-1,1,13,-5,-11,-39,0,8,1,-4,-28,-8,-19,0,-6,11,-10,-6,2,1,-16,-23,-18,-2,-2,-8,-5,-15,1,-5,-13,-2,-5,-7,-2,0,-3,-12,1,-5,1,-8,-14,0,-4,9,4,-8,2,4,-14,3,-12,6,-11,-1,7,-46,-3,-5,-2,-8,-7,-9,1,15,-17,-2,7,3,-7,13,-7,-33,-2,-1,-17,-4,-4,14,-1,-2,3,4,-13,-22,-14,-10,-13,10,-3,-8,-6,-16,-16,1,10,-16,-1,-5,-11,5,-6,1,6,-4,2,4,-3,-2,7,-2,4,-5,-15,-13,4,3,-2,-2,-5,-16,-14,-2,-8,-32,-15,-8,-9,-5,2,-7,-5,-28,-6,-8,-19,-22,1,-8,-28,-6,-11,8,-15,1,-2,12,-17,-20,3,-11,-6,4,-15,-8,-5,-14,-13,-4,0,-9,-6,-7,4,-7,-22,-8,2,-28,4,10,-4,1,16,13,0,-16,-32,3,-9,1,-5,-3,-3,-98,-22,-17,-27,-68,-65,-16,-5,20,16,2,-2,-35,5,-2,-5,-66,-11,-1,-45,5,-29,1,-15,-9,-8,-6,-54,-71,-11,-20,-29,-2,-22,-47,-21,-36,-35,-1,-3,-36,-22,-34,-3,-19,-28,-13,-26,-47,-23,-8,-19,-3,8,21,-3,-44,-50,-31,-27,1,-22,-10
0,1,0,0,1,-1,2,-2,-7,-21,-1,14,7,-4,1,0,-8,-3,-3,1,-1,-1,-2,0,-4,-22,1,-6,0,-1,0,0,4,-10,-12,3,-6,2,-2,0,-3,5,0,-2,5,-5,11,0,34,34,6,-7,-10,-2,-13,-6,1,2,-3,2,-2,1,1,2,-12,-9,-1,-7,3,9,-4,8,1,-5,6,-2,-4,1,4,6,-3,-7,-6,6,-3,0,5,0,0,3,-2,-8,-1,-4,12,0,-2,1,-2,-3,-4,-2,3,4,14,11,11,-5,-13,5,-13,-6,7,-5,-1,-6,1,-7,-3,-2,-4,4,3,-4,-1,5,1,4,-5,6,6,-5,2,8,9,1,-12,4,3,12,2,-1,5,3,40,2,2,10,4,5,7,-3,5,8,3,1,12,7,-2,2,13,-3,16,0,6,11,4,-1,1,7,6,8,0,2,2,2,7,5,3,-9,11,-3,-1,13,8,15,9,-3,-16,5,-2,1,13,6,16,-3,7,14,9,7,14,3,7,16,7,7,10,5,11,8,21,19,8,14,12,14,23,9,30,21,6,19,13,17,30,3,19,14,17,11,15,22,23,6,8,18,11,11,14,26,24,12,23,26,10,21,21,20,15,2,9,16,10,11,20,25,24,8,9,-10,8,11,24,-3,6,18,9,16,7,14,11,21,39,21,39,21,22,20,34,15,34,46,32,29,34,40,29,25,44,25,52,32,32,44,43,33,14,33,14,51,32,34,32,28,35,32,57,39,52,45,31,31,49,28,37,22,38,24,40,41,0,-1,-2,1,2,2,1,2,33,-23,13,-2,-12,14,-12,0,22,-18,2,15,1,-3,2,-3,23,-17,-5,6,-2,-2,0,-1,21,-13,-9,3,-2,-5,-2,1,23,-7,4,-9,-1,-4,-3,3,25,4,5,6,-6,-1,-3,2,-1,2,0,2,1,2,2,-2,10,3,3,-10,-1,7,0,-2,24,2,-19,-10,-10,15,3,-1,9,-23,9,7,-7,-2,-3,3,2,-4,-11,-3,-6,-5,7,1,-3,-8,-8,6,0,1,0,1,-9,-3,-3,-9,-5,-8,1,-3,-3,-9,0,-6,-9,-9,2,2,-5,1,-6,-5,-9,2,-2,2,0,1,-2,-4,-10,13,-10,5,16,-33,6,-31,-2,-9,5,-14,3,-1,-18,10,-11,10,-12,-1,14,-17,-2,-22,4,-8,10,-14,-14,-1,-16,12,-11,3,-7,10,0,-21,7,-26,-1,-19,4,-8,-5,12,-15,3,-27,7,-19,4,8,-10,11,-12,3,-23,9,-3,5,-61,10,-14,1,13,-4,1,9,-15,9,-3,-5,-2,2,7,17,-32,-13,18,0,-3,-3,4,-7,6,-10,-3,0,1,-9,5,-17,-10,-9,6,-2,-14,-2,2,-7,-8,-8,2,-9,-3,0,-5,25,-4,-8,0,-4,-13,-10,11,9,-2,-6,0,-10,-10,-9,-7,-2,-24,-26,-9,-33,-11,-22,16,14,-17,-8,-75,-72,-27,6,-2,11,-57,-54,19,-35,9,-21,1,-27,3,-19,-33,-7,-2,-46,-16,-31,-9,-26,3,-11,-21,-15,-5,-14,-20,-2,-18,-19,-24,-4,-10,13,-10,-25,-18,-27,-30,-49,11,1,-7,-9,-21,-26,-34,-23,-45
-2,1,0,1,-1,0,-1,2,3,3,2,1,4,0,3,3,4,2,3,0,1,-1,1,4,3,2,2,0,2,0,0,2,5,3,6,1,-2,2,0,3,6,6,6,5,5,6,4,5,4,9,11,7,10,4,7,-2,-2,1,0,2,1,0,2,1,3,5,5,3,4,1,4,2,5,3,0,-2,-1,3,1,1,1,1,1,-1,-1,-2,1,3,1,2,1,0,3,3,3,1,2,2,-1,2,1,1,1,0,-4,-5,6,-3,0,1,-6,2,1,6,-2,4,2,-3,0,4,6,4,5,3,3,1,6,2,3,8,6,8,5,5,3,5,5,3,4,4,4,1,5,3,4,6,2,3,2,3,5,3,5,3,3,5,3,4,4,5,6,5,3,4,4,4,2,5,0,0,4,1,1,1,-1,-1,5,2,5,8,6,7,-5,5,1,5,6,5,3,3,4,1,24,25,25,20,21,19,21,19,25,25,24,20,23,22,23,26,23,22,19,17,20,19,22,20,22,21,22,20,20,17,20,19,24,23,20,17,21,17,23,21,20,22,14,15,19,17,16,18,19,16,16,20,17,16,19,14,22,17,14,10,10,15,20,23,31,21,24,20,23,22,23,21,27,20,22,22,17,25,19,26,27,21,22,19,22,22,19,23,21,17,16,25,20,23,25,21,18,20,21,25,25,23,26,29,30,23,22,24,28,29,25,23,20,21,18,17,24,18,21,24,19,28,26,22,20,34,24,18,-2,1,-3,-2,1,0,0,2,0,-10,-16,-20,-15,-24,-14,2,-2,-7,-4,2,-1,-1,-2,-1,-1,0,0,1,3,2,1,2,0,0,1,1,1,2,-1,1,0,1,1,1,1,1,1,1,0,1,1,-1,1,1,0,0,-2,1,2,-1,-1,1,2,-2,-3,-14,-5,0,-14,-5,0,5,3,1,2,-10,-2,11,-2,-3,-2,5,7,-1,-17,0,7,5,3,0,4,6,8,3,6,2,2,2,1,2,2,3,0,3,3,4,4,4,8,4,6,3,4,5,3,4,4,4,2,4,2,3,4,5,7,4,1,5,-3,-12,-7,-5,-9,-5,6,-1,-1,2,-3,-8,-10,-1,-3,3,5,0,-5,2,7,1,0,-2,2,-4,2,4,0,6,10,2,-2,2,7,-1,0,3,6,8,4,6,4,2,3,3,5,9,6,4,4,2,4,2,2,3,4,5,1,4,3,1,2,2,3,-4,-1,-3,-1,4,4,9,2,-6,2,-2,-11,-7,6,1,1,-6,-10,-9,-14,-2,-3,-2,-5,-2,-2,-5,-6,-6,0,-4,-7,-7,-6,-2,-8,-1,-4,-5,-6,-7,-3,-4,-5,-1,-2,-4,-5,-4,-5,-2,-3,-1,-2,-2,-4,-4,-3,-2,-2,-1,1,-2,29,28,31,31,28,25,30,24,18,37,50,53,46,32,52,34,48,37,61,59,59,58,49,48,28,35,45,35,39,39,61,13,18,35,32,24,30,31,28,25,22,5,21,2,19,12,21,19,5,4,-6,-5,-7,6,10,4,-5,-11,-5,-20,-5,1,-3,13
-1,2,0,-2,-2,-2,-1,0,1,1,-1,0,-10,3,1,-1,0,1,-1,6,-13,10,0,1,3,-1,4,-1,-96,-2,1,-2,3,-1,3,-5,6,-7,5,1,7,6,-6,6,0,1,-3,1,0,-12,2,-10,7,-7,-1,-4,2,3,2,2,-1,-1,0,-2,-1,6,-5,9,-12,9,-1,11,4,-9,-2,29,4,24,-1,5,-3,5,22,-5,1,2,18,1,7,-4,6,-1,74,2,12,-7,-4,-2,21,1,4,-6,20,11,-1,-2,-7,10,4,27,-8,6,-4,0,-1,2,-3,-13,-2,8,-7,5,-2,0,10,4,11,-1,1,23,0,11,-1,4,-1,28,9,1,23,-1,5,-7,25,4,-1,8,-5,20,0,20,0,10,14,-1,5,-1,71,1,17,-3,-2,0,3,16,6,20,0,12,1,1,24,6,2,2,29,4,-2,23,2,2,-12,8,4,29,28,2,8,0,1,-5,16,-4,5,7,6,11,12,7,4,5,4,-1,6,7,13,2,5,4,3,5,-9,3,10,1,6,4,6,5,10,16,12,13,15,15,1,6,1,4,13,0,6,6,-5,-10,6,7,9,1,-2,6,0,11,1,7,14,4,7,11,5,3,5,-1,4,0,12,12,17,19,12,11,20,16,12,23,13,19,27,10,27,8,16,1,1,16,0,26,27,30,9,23,13,14,23,28,91,33,28,28,8,10,10,27,28,31,12,17,14,5,28,10,28,27,9,17,5,14,4,17,22,23,15,33,28,18,22,13,14,23,17,18,-2,0,1,-1,0,-1,-2,2,-70,2,-10,4,-33,4,-10,6,-10,-2,-10,-8,-2,0,-6,0,-5,-1,-1,1,42,-2,6,0,-3,1,3,-68,12,-88,4,-1,-1,-1,-1,-7,4,-6,2,-2,-5,-1,-1,-8,0,-8,0,-1,-1,-1,-1,-2,0,0,2,-1,-3,-2,-16,-5,-12,-4,-1,-1,-8,-15,-7,-25,-19,-20,-23,-10,-3,-13,-10,-14,-8,-9,-30,-7,-9,-9,-15,-7,52,-8,-11,-7,-6,-9,-29,-14,-3,-13,-17,-8,-4,-6,-2,-23,-7,-28,-2,-12,4,-3,-5,-6,-8,-5,-3,-9,6,-1,-4,-2,-6,0,-8,-6,-3,-9,0,1,-3,-15,-7,-20,-10,-4,-20,-2,-14,6,-22,-1,-4,-8,3,-25,3,-31,2,-14,-8,-3,-19,-3,40,-6,-15,-5,-3,-14,2,-26,0,-30,-3,-12,-8,-5,-31,4,-13,9,-21,-6,-5,-27,0,-8,-5,-6,-6,-24,-27,-1,-9,0,-7,0,-13,-4,-11,-2,-11,-15,-12,-16,-16,-6,-11,-13,-12,3,-20,-2,-7,-5,-15,-19,-11,-9,-14,-10,-3,-16,-14,-11,-24,-23,45,-25,-18,-12,-15,-12,-8,-13,-15,-12,-15,-5,-4,-7,-6,-14,-11,-5,-9,-9,-6,5,-5,-7,-15,-18,-6,3,-1,-2,-4,-14,-6,-12,-5,-7,-8,10,-28,-37,-34,-43,-34,3,-24,-21,-9,-9,-21,-14,-16,-27,-23,-51,-16,-20,-27,-15,-14,-18,-28,-15,-39,-46,38,-38,-31,-22,-20,-25,-17,-23,-17,-18,-16,-18,-9,-10,-3,-6,-27,-4,-19,-21,-8,-14,-11,-17,-20,-22,-12,-1,-10,-4,-11,-12,-8,-8,-9,-9
-1,-2,-1,0,-1,0,0,0,2,4,3,2,3,1,2,0,3,2,2,2,1,2,2,-1,1,1,2,2,0,0,0,0,4,4,2,3,3,1,2,1,4,4,4,4,3,4,2,2,11,11,6,5,7,0,8,3,-1,-1,0,-1,1,0,-1,2,4,8,1,-4,0,2,13,1,3,5,-7,0,1,-4,4,5,3,-1,2,-2,1,0,-2,5,5,4,8,6,7,6,6,5,4,9,6,10,8,8,5,7,5,8,12,8,12,10,11,9,6,9,7,11,7,10,1,7,4,4,7,4,7,8,2,4,0,-4,-1,-3,-6,1,3,2,1,-8,-5,-2,-1,-3,0,5,-1,0,-1,1,-1,-1,3,-1,0,3,1,5,2,5,4,2,3,2,2,1,4,4,3,2,2,6,3,5,2,8,2,4,2,1,8,3,10,1,3,1,2,3,1,7,5,5,-3,5,-42,-54,-85,-97,-93,-100,-52,-34,-15,-15,-13,-12,-12,-15,-10,-12,-12,-13,-15,-14,-10,-12,-11,-10,-9,-9,-11,-11,-8,-8,-8,-11,-7,-7,-10,-8,-9,-7,-8,-8,-6,-7,-3,-7,-5,-6,-6,-10,0,1,-7,2,-6,-3,-3,-6,-8,-5,-2,-8,-6,-8,-8,-7,-50,-48,-70,-80,-74,-72,-78,-20,-8,-10,-5,-10,-11,-11,-11,-6,2,4,-15,-6,-6,-3,-1,0,6,0,1,-10,-10,0,0,-2,8,-2,5,-3,-1,-5,-5,0,-3,-2,-9,-8,0,-4,-11,-2,2,-5,1,-16,-2,-7,-15,11,7,2,4,8,-3,10,3,0,1,-2,-2,0,2,3,-1,-2,40,34,27,32,24,12,17,39,8,1,-4,-5,-8,-4,-2,5,0,-2,-4,-4,-2,-3,-1,1,1,-2,-3,-3,-1,-2,0,2,2,0,-1,-2,-2,-1,-2,2,3,2,0,0,0,-2,1,2,0,-1,1,-2,0,-1,-2,-2,7,13,32,38,26,17,26,12,-7,-6,-9,-6,-6,-8,-10,-7,-6,-5,-7,-6,-5,-10,-6,-8,-7,-3,-5,-4,-5,-4,-1,-7,-3,-1,-3,-4,-5,-5,-4,-2,-4,-3,-2,-4,-6,-4,-3,-4,0,-4,-4,-3,-1,-6,-4,-2,-1,-2,-3,-4,-5,-4,-3,-3,15,26,37,39,33,30,29,15,-3,-1,-7,-5,-6,-3,-1,-4,-4,-5,-8,-8,-5,-8,0,-3,-4,-3,-5,-1,-2,-5,-5,-5,-4,-3,-3,-2,-4,-4,-4,-2,-6,-6,-2,-3,-5,-5,-7,-5,-3,-3,-9,-3,-6,-5,-4,-4,-1,-3,-2,-4,-4,-4,-2,-4,53,59,65,79,66,60,49,39,-2,0,-1,0,-1,0,4,-1,0,-2,2,-3,2,2,1,1,-5,-2,-5,-3,-3,0,-3,0,-1,-6,-6,-8,-6,-4,-4,-1,-1,-6,-5,-8,-8,-2,-2,-3,-6,-5,-7,-11,-8,-7,-4,-3,-4,-4,-5,-8,-4,-4,-1,-2,78,81,84,93,100,82,65,52,-20,-17,-14,0,-12,2,-9,-4,1,-15,-15,-20,-3,-7,-9,-4,-13,-6,-19,-11,-19,-12,-8,-26,-8,-23,-2,-14,-15,-10,-18,-16,-9,-23,-13,-28,-11,-20,-10,-10,-12,-11,-22,-21,-16,-16,-16,-19,-17,-25,-19,-13,-18,-21,-10,-3
2,0,0,0,-1,-2,-1,1,-2,-7,-2,3,1,0,0,1,-5,-7,-3,-2,-2,0,-1,2,-4,-9,-3,-1,1,0,0,0,-2,-5,-7,-3,-1,2,-2,-1,3,-13,-5,-6,0,0,2,0,63,-13,4,-4,-11,0,-10,2,0,-2,2,-1,0,-1,-1,0,3,-1,-2,0,-3,-3,4,0,3,-2,-4,2,2,0,-5,1,-2,-5,-2,1,-3,0,-1,1,-2,0,-3,0,-2,-3,-2,-2,-1,-11,-6,-10,-1,3,1,0,10,-8,-4,-5,-8,-3,7,-4,24,0,-20,-3,-4,5,1,5,14,-7,-2,-5,-3,-10,-2,5,5,3,0,-3,-2,1,8,0,4,-3,3,4,1,4,-2,0,8,2,0,0,3,0,3,-3,2,5,-1,-2,0,6,3,-2,10,-3,1,-2,5,5,2,4,4,0,-5,0,4,4,0,2,28,-7,2,-4,1,2,2,0,-4,8,-3,6,-8,2,1,2,7,14,13,6,8,7,7,3,13,12,14,7,2,2,-1,4,11,20,15,10,5,5,5,4,16,19,12,13,6,12,5,3,19,21,15,13,14,4,3,9,12,33,16,11,5,8,12,16,-5,22,13,7,2,0,2,6,37,23,12,17,8,7,4,12,14,7,9,7,4,1,6,-2,17,11,8,9,3,2,1,7,24,9,13,6,6,3,7,2,22,24,5,9,4,4,14,3,27,20,16,11,7,-12,13,5,18,20,-1,18,8,6,1,3,23,3,24,11,27,6,2,-6,41,23,28,24,21,1,6,14,-1,-3,-2,2,2,-1,-2,2,0,-2,-4,-7,-22,-14,-8,-12,-8,-4,-4,-5,-1,-4,-2,-3,-12,-3,-2,1,2,1,-1,0,-15,-3,-3,2,1,3,2,1,-17,-4,0,2,1,1,2,2,-21,-8,-6,1,0,4,1,2,-2,-2,-2,-1,-2,2,-1,-2,-2,-4,-5,-9,-8,-5,-1,2,-10,-7,-3,-6,-13,-3,2,-4,-6,-7,-7,-3,-1,2,1,-6,-5,-4,-5,-4,-2,2,2,4,-7,-10,-4,-5,0,2,6,2,-5,-6,-9,-3,0,-1,1,3,-2,-3,-6,-3,-4,3,6,0,-7,-7,-9,-4,-1,5,4,2,-2,-6,-3,-7,-11,0,-2,2,-11,-8,-2,-9,-6,-3,-5,-9,-14,-7,-8,-3,-8,-4,-4,1,-9,-7,-5,-6,-2,-4,-4,0,-7,-4,-5,-4,-2,-2,-4,3,-4,-5,-2,-7,-2,-4,0,-3,-6,-5,-14,0,-4,2,-4,3,-5,-3,-2,-10,1,-2,6,1,-24,-17,-8,-7,-14,-12,-6,-2,-21,-18,-12,-5,1,-6,-8,-10,-26,-16,-16,-10,-6,-8,-10,-10,-33,-13,-16,-14,-5,-9,-6,-8,-33,-16,-8,-8,-3,-7,-7,-5,-35,-10,-11,-3,-3,-2,-3,-1,-39,-28,-13,-4,-3,-1,-3,-2,-96,-12,-14,-1,-5,-3,-5,-2,-29,-25,-24,-13,-29,-20,-27,-3,-18,-23,-26,-44,-13,-17,-32,-31,-53,-52,-34,-35,-40,-29,-25,-38,-31,-40,-88,-31,-26,-30,-27,-22,-33,-30,-28,-25,-25,-25,-22,-20,-27,-22,-21,-17,-19,-18,-22,-9,-23,-36,-25,-15,-10,-15,-15,-12,-72,-10,-13,-17,-8,-7,-4,-6
3,0,-1,2,0,1,-2,-1,1,0,0,-1,-2,-3,-9,-7,1,1,2,2,-2,-6,-11,-8,2,-1,1,1,-2,-2,-6,-8,-1,-2,-3,2,0,2,-6,-11,-8,-1,-2,-2,2,1,-19,-11,-2,-5,4,0,-2,-14,-14,-18,1,-1,1,2,1,1,0,0,1,-2,-2,1,0,0,1,4,-1,-7,-1,0,1,2,-7,6,-2,-6,0,3,3,3,9,7,-8,-4,-4,4,5,5,16,9,-15,1,-8,4,5,15,4,17,-14,-6,-4,4,10,13,-1,9,-11,-36,16,15,11,1,-8,6,-14,-10,-5,1,2,-3,2,3,16,8,5,3,-5,2,7,2,8,15,10,6,2,-1,1,2,1,5,14,12,8,1,-18,0,4,4,11,7,6,5,-1,7,-1,4,9,6,11,4,-2,5,4,-9,1,6,9,16,5,15,-5,0,7,11,11,11,11,9,-4,-7,6,10,14,12,10,8,8,6,2,6,10,14,23,17,6,0,7,11,8,12,19,17,6,7,4,6,9,16,24,20,8,0,9,9,12,22,29,20,0,-6,11,16,23,23,24,25,14,10,20,23,19,23,18,19,16,17,17,21,25,23,23,19,17,14,4,16,16,16,25,23,36,39,38,42,43,36,45,46,34,40,44,42,47,44,49,45,29,33,36,42,46,53,51,52,34,33,41,49,43,57,61,50,15,34,45,37,41,50,51,63,39,38,32,43,48,51,59,59,32,28,33,51,58,57,57,63,36,38,40,54,61,49,65,63,0,0,1,2,1,0,-1,2,4,11,3,25,-3,7,-5,8,2,2,0,0,2,7,-1,5,5,1,1,-3,-4,-1,-6,-2,2,1,-2,-1,-6,-9,-9,-5,3,4,3,4,3,-9,-25,-10,4,4,6,10,4,-2,-25,-6,-2,0,1,-2,-1,-1,2,-2,4,6,-2,4,6,-10,1,7,3,2,6,6,8,-24,-25,-2,7,-2,0,15,1,-1,-12,1,6,4,-1,-4,-6,-5,-10,0,1,9,-3,-2,-4,-12,-12,-7,3,2,1,-1,-5,-16,-15,-11,8,7,2,0,-6,-15,-24,-16,8,1,4,2,-10,-7,-14,-12,-4,-1,3,-7,3,0,5,-2,7,-3,-12,7,-7,9,-17,0,4,-2,6,-9,-2,-2,1,5,4,3,-3,-4,-4,-11,-14,-1,2,3,-1,8,-8,-9,-17,-8,-1,1,5,1,1,-17,-24,-15,2,-1,-1,0,-5,-9,-24,-12,-3,1,-3,-6,-3,-10,-3,-4,-4,-3,2,-8,-1,-7,-16,-11,0,0,11,-3,-3,-5,-6,-15,2,8,6,1,-9,-8,-2,-9,2,6,-1,-7,-2,-8,-8,-16,1,7,-1,-1,0,-7,-8,-8,4,4,4,-3,-1,-12,-17,-5,1,-2,-2,-3,1,-14,-12,-10,-1,-2,-6,0,3,3,1,-4,3,-9,15,-23,-10,-21,-1,1,5,9,1,-7,-3,5,-3,-7,11,2,1,-13,4,-11,8,-9,8,8,-15,-2,-7,-14,-11,3,12,15,2,10,4,-1,-4,-2,10,13,15,5,9,-13,0,-3,2,6,5,10,1,-9,-8,4,8,4,2,2,7,9,16,4
0,1,-2,-2,1,0,-2,1,2,0,2,-8,-3,-1,0,-2,0,2,1,-7,-2,1,0,0,2,1,1,-7,-1,0,3,0,4,5,0,-1,8,13,0,2,1,-8,9,-62,7,-5,11,11,18,17,1,12,-11,-4,-9,11,2,-1,0,2,-1,2,0,1,-1,-3,-10,2,0,1,-3,-17,-4,5,-7,9,-6,-2,-3,-1,5,-14,-1,-2,1,-3,3,-4,4,-4,40,-9,41,-14,3,-1,4,31,-8,-10,-3,40,1,4,-16,8,-2,48,-1,11,-6,11,4,43,0,5,6,32,5,1,4,5,55,2,48,-14,4,1,5,-11,1,-5,7,-4,7,-10,-6,1,-5,1,-2,3,-4,11,16,-7,2,-3,4,-4,5,-1,-7,19,-9,9,-8,6,-16,13,2,-2,15,-8,16,-1,7,-12,-10,9,-9,27,7,10,-2,9,15,1,12,13,6,-14,0,-35,-11,14,-15,-6,-15,23,0,9,5,5,6,12,10,0,0,-1,3,11,11,17,5,8,0,-3,12,5,9,15,3,4,5,-8,-1,8,5,19,6,-3,1,6,2,5,4,10,0,-6,10,-4,16,19,30,21,26,26,25,14,25,35,21,23,13,27,30,23,12,29,10,31,12,17,33,12,20,9,8,11,19,12,13,22,5,15,9,17,6,5,14,24,33,9,14,18,10,6,21,19,10,29,7,20,-1,21,8,23,22,12,33,19,32,12,30,6,21,31,26,60,41,36,36,32,25,32,43,40,34,18,28,33,10,58,13,58,16,60,40,29,2,0,1,0,0,1,-1,0,-11,-7,-11,-13,1,-19,6,-21,-5,-2,-2,-9,5,-3,3,0,-3,1,0,-4,-1,-3,1,1,-5,1,-6,-10,7,0,-3,3,0,1,1,0,5,-2,-1,3,-2,3,-44,5,-56,1,-5,3,1,2,-1,-2,2,-1,-1,2,1,6,4,12,3,-1,8,-2,2,3,3,0,1,-4,1,1,0,1,9,-6,3,-12,0,-9,4,6,-2,-9,-16,-3,1,-1,3,-14,3,-7,-6,-19,-5,-1,0,0,1,16,2,3,-4,-1,10,-12,-1,0,-6,-17,6,1,-1,6,-8,2,-15,-3,-3,-1,1,8,-2,14,-4,6,-2,2,13,-2,9,-12,3,-12,6,-26,-24,9,-7,1,-9,5,-16,9,-8,-29,7,-14,2,-22,-2,-9,-12,-1,-25,-1,-30,1,-8,3,4,-6,1,10,3,-3,1,0,4,11,-36,10,-49,9,1,1,-1,-11,10,-10,4,-35,10,3,-11,-1,-4,-3,5,9,-12,-12,-3,-4,-10,-12,-2,-4,-16,-4,-6,-11,-5,-25,-11,-25,-3,-10,-10,-3,9,-31,-4,-7,-5,-2,4,-1,-5,-17,-9,3,-2,-7,-3,3,-17,15,-25,-3,-15,7,-2,-6,-26,-36,-16,-3,-1,3,2,5,-2,-22,-4,-7,-9,-1,-18,-6,-16,10,-25,22,-16,-13,1,-1,-17,-18,-6,-29,-20,-20,-23,-5,-12,-17,-61,-16,-17,-4,-12,-12,15,-38,-1,-30,1,-14,-8,-2,-16,-15,-27,6,-10,-5,-4,-9,-11,16,3,-9,-2,3,3,4,-13,-18,-28,10,11,25,8,-12,12,-15,11,-19,2,19
1,-1,1,0,1,1,-2,-2,-2,-3,-1,1,-2,2,2,0,-3,-4,-1,-4,-2,0,0,1,-5,-7,-6,-5,-1,-1,0,0,-3,59,0,23,-3,-4,-2,-3,3,4,-5,25,-4,-4,-1,-6,2,0,-1,-19,-10,-14,-9,-8,0,0,1,0,0,1,1,-2,2,3,7,-2,1,5,3,10,-2,6,-2,1,-1,7,-6,0,1,-3,-4,0,-3,0,2,-1,-3,19,-6,15,-18,-9,4,-4,20,14,3,14,14,-17,0,-8,30,-19,-39,-26,19,-16,-12,1,12,-28,1,-30,21,-7,-3,-11,24,17,-16,6,18,-15,-3,-1,-2,1,9,-3,-7,4,3,1,-1,1,-4,-1,3,-13,4,9,1,-4,-10,2,-6,3,5,1,21,-10,-2,-18,8,9,1,-13,16,30,-21,10,15,-2,-6,-6,-1,24,-9,16,-3,-12,-7,-8,-22,31,-11,15,-13,-26,-9,-1,16,20,-6,17,18,-15,-6,-6,4,3,7,4,1,1,3,3,5,-3,11,2,10,2,3,2,4,0,15,2,-2,4,0,5,-2,-6,14,-2,-13,-6,-15,6,-5,-14,18,-1,-16,-11,-9,-7,5,8,40,19,-10,3,-1,6,22,14,18,17,19,9,13,1,-4,-20,31,-13,-30,-11,-11,0,5,6,17,11,9,1,16,0,6,9,11,12,13,-3,-4,15,14,8,9,11,13,10,7,4,21,-9,5,-5,9,17,-13,6,16,-5,4,-7,18,-15,8,-3,10,15,49,20,15,2,7,6,-3,14,5,10,8,5,1,23,-31,22,33,27,-2,-3,9,7,2,1,1,-2,0,1,2,1,0,0,-8,-8,-6,-1,-7,2,-4,5,-7,3,-2,-5,-5,-2,0,-4,-3,0,-1,-3,-3,-4,2,-9,-1,1,1,0,2,-1,4,-1,9,0,0,0,0,0,-1,-5,2,-5,0,-2,0,1,-1,-1,0,-1,1,0,1,2,-1,0,-2,0,-14,-4,2,-7,-3,-2,-15,-2,-9,-5,-1,-1,5,-6,-25,-10,6,-12,-10,-3,-13,-6,-14,-16,-11,-8,-3,-6,-10,-29,-15,-7,-8,-6,-4,-1,27,-13,45,-8,-5,-4,-1,-3,-7,-12,9,-7,-7,-4,-2,-4,-16,-8,-14,-5,-8,-5,-1,-3,-8,-4,2,0,-1,-13,-8,-3,-4,1,1,7,-12,-4,-13,-12,4,-3,-15,-6,2,-3,-13,-1,-7,-7,-17,-8,-6,-11,-6,-8,-5,-16,-17,-7,-6,-3,-2,0,23,-24,53,-8,-3,-2,-4,-4,-9,-6,19,-7,-3,-4,-1,-2,-8,-10,-5,-4,-9,-4,0,6,-14,-15,-5,-13,4,-22,-8,-10,-9,-6,-10,0,-24,-5,-10,-14,13,-14,-38,-12,-7,-10,-23,2,-11,-16,-19,-15,-23,-14,-6,-18,-8,-28,-22,-16,-17,-17,-14,-4,40,-22,66,-16,-12,-24,-9,-6,-19,-9,58,-13,-16,-7,-7,-6,-6,-7,-11,-7,-11,-6,-3,-4,-51,-36,13,3,-46,-63,-40,-23,-27,-32,-6,9,-29,-48,-39,-26,6,-17,-41,-54,-9,-19,-33,-31,-47,-50,-49,-39,-53,-19,-25,-40,-29,-60,-33,-39,-39,-30,-32,-20,64,-38,85,-27,-27,-22,-27,-11,-24,-20,75,-38,-17,-15,-33,0,-10,-16,-14,-11,-22,-15,-14,-15
-1,-1,0,1,-1,0,-1,2,3,0,1,-18,0,1,3,1,2,1,1,2,0,3,2,1,3,1,2,-1,2,2,1,2,4,1,1,1,1,2,2,3,2,5,-1,4,2,1,2,4,2,5,-1,0,0,4,5,7,-3,2,3,1,-2,2,1,0,4,6,-1,-12,-10,5,4,6,-4,-3,-2,-6,1,1,3,3,2,7,3,2,3,2,5,2,-1,2,3,0,7,4,-4,6,5,3,-1,2,2,4,2,7,5,4,0,3,3,6,1,4,5,-3,0,0,-10,-7,1,5,4,4,3,0,-2,5,-4,3,2,-1,4,-2,2,5,1,7,6,0,2,-3,1,-1,6,-1,-2,3,4,6,4,2,-5,3,4,1,2,0,3,-2,5,0,4,7,1,3,-4,5,2,2,4,-2,3,6,2,-3,3,3,-7,3,0,7,-16,0,-4,2,4,-9,6,-1,7,-1,0,5,5,3,6,6,3,5,4,5,7,9,4,5,6,10,9,5,0,-3,7,9,8,8,7,4,-3,6,-13,0,5,9,5,0,7,5,9,1,11,4,10,9,6,8,6,7,7,7,1,7,6,8,8,8,0,3,7,5,6,10,6,8,5,9,2,5,1,-6,14,15,14,0,-7,13,10,17,15,19,17,9,13,18,2,-9,23,19,14,-6,7,-17,5,9,-12,6,-12,12,-9,2,22,3,-15,14,-3,-7,27,-6,21,15,17,28,10,1,-5,24,14,16,9,25,15,-4,20,-8,-2,10,16,10,9,19,8,13,-2,-1,-2,2,0,-1,1,-1,-11,-47,20,27,19,-12,-5,-2,-4,-7,-118,14,-102,-7,-3,-4,-3,-3,-6,1,-3,-1,-1,-4,-1,0,0,-1,-1,1,0,-1,-2,-1,0,-3,0,-1,-1,-3,-1,-1,-1,-1,-2,-2,-1,-1,-1,2,0,-1,-1,-2,-1,0,-7,-103,5,-40,3,-111,0,2,-18,1,5,59,-7,0,-4,3,6,-79,4,-10,4,-104,3,1,-1,-3,-107,-6,-91,-2,-1,-6,-4,1,-10,-3,-2,0,-13,-1,-5,-1,-5,-9,-5,-5,-4,-2,-4,-5,-1,-6,-3,-3,0,-3,-3,-5,-3,-2,0,1,-1,0,-2,4,-113,-8,-105,-7,-1,0,-4,-20,3,57,1,-4,1,-1,-19,5,-89,9,-103,0,-9,3,3,-68,-2,-5,-1,-89,1,-8,-85,-2,-6,-4,-3,-2,-100,-1,0,-7,-5,-13,-2,-9,-3,-84,-2,-5,-5,-3,-7,-1,-8,-5,-5,-5,-2,-9,0,-10,0,-8,-8,-16,-1,-115,-18,-34,-11,-24,-93,-111,-110,96,-94,-113,-104,-98,-4,0,-3,-111,-1,-5,-3,-6,-8,-5,-10,-93,-10,-7,-4,-10,-3,-3,-8,-93,-6,-9,-7,-5,-6,-13,-8,-81,-14,-4,-9,-14,-8,-6,-15,-91,-6,-7,-10,-7,-8,-8,-10,-93,-7,-7,-8,-8,-14,-46,-83,-48,-66,-21,-8,-26,-41,-52,-65,114,-62,-39,-55,-59,-30,-36,-62,-58,-99,-29,-18,-9,-15,-41,-22,-46,-11,-35,-33,-40,-21,-20,-31,-81,-22,-38,-37,-28,-25,-23,-32,-42,-16,-27,-39,-33,-21,-25,-23,-31,-18,-34,-14,-6,-17,-20,-16,-24,-23,-24,-32,-15
2,2,-1,-1,1,2,1,2,-2,0,-5,1,-4,0,-1,3,0,-3,-3,-6,0,1,2,2,-3,3,-5,0,0,0,3,1,-3,-8,5,3,0,6,2,4,-1,9,-29,14,9,6,1,-4,19,24,9,6,-1,-23,22,5,0,0,-2,2,2,-1,0,2,-2,-6,-8,-2,-5,7,0,2,1,-1,-2,-4,-1,0,-2,-3,-7,1,-4,-4,-3,1,-2,-3,-6,21,-16,17,-3,2,-8,-2,17,-7,4,-3,8,-2,3,-2,17,-12,14,-19,4,-8,0,4,19,1,12,3,7,-3,8,3,11,26,-16,19,-10,-9,0,11,-5,4,-6,10,-1,10,-12,10,2,-5,5,-3,10,-10,7,-5,-4,10,-6,8,-5,10,-1,7,37,-3,3,-3,20,-5,2,0,0,44,-2,22,-4,7,-1,10,28,0,51,1,22,6,11,-14,0,38,1,17,-4,4,3,16,35,8,16,-6,9,-15,-30,8,5,6,15,3,5,-1,1,3,4,10,16,1,-2,-6,4,-3,8,8,20,4,6,-1,6,-2,13,18,15,13,-3,1,-1,-9,21,17,17,-10,-8,-17,9,4,24,26,36,14,11,6,2,2,39,25,30,15,6,13,13,21,49,42,48,8,12,19,23,20,17,9,13,10,10,17,22,23,11,13,18,11,17,7,15,21,22,15,24,15,14,16,7,11,53,16,28,13,25,10,13,5,30,49,33,31,7,20,8,10,41,46,68,44,52,25,19,6,45,63,60,45,12,29,24,16,50,57,61,57,19,46,26,-4,1,2,-1,-2,0,0,-1,2,-12,-5,9,-5,5,-11,5,-10,-7,-3,0,-7,2,-4,1,-6,0,3,-10,-2,-2,2,2,-3,0,-1,-5,3,-4,5,1,1,-3,-2,-15,6,1,1,0,2,4,-31,1,-59,3,-1,6,1,-1,-1,0,2,-1,-1,1,-2,2,2,-3,10,6,2,-8,8,-1,-1,1,9,-4,-2,10,7,5,-4,-6,2,14,-14,-2,-5,1,-4,-7,-17,-8,2,5,3,-3,-3,-10,2,-7,4,-2,5,5,-13,0,-2,3,0,1,5,-7,3,-5,-23,-22,5,4,8,-5,-16,-1,-26,-2,1,2,11,2,-8,-2,2,10,-3,8,-4,-2,-1,-1,-15,9,-4,-13,6,5,-6,-4,-7,-6,-12,8,-5,-11,8,-10,-2,-14,-5,1,2,10,-15,3,-11,1,-2,2,1,-4,-4,-13,3,6,2,0,-1,5,-18,12,-50,5,2,7,3,-9,5,-15,-8,-23,14,-9,2,-12,-25,-3,-3,3,-5,12,-1,-12,-12,-10,-6,-6,-12,-4,-2,-15,-2,-3,1,-9,-6,7,7,11,-4,-23,-8,-14,0,5,11,-4,2,-10,-11,-6,2,6,6,5,-15,0,-8,-11,-2,1,3,-8,-6,-30,-11,-11,3,3,6,3,-9,-11,-19,-2,18,13,14,1,-8,-9,-31,-13,-1,12,-9,-20,-18,-16,-10,-51,-28,-17,0,-8,-9,-18,-10,-19,-9,11,13,0,-6,-19,-12,-31,-11,-5,-13,-4,-7,-9,-21,-7,-10,-11,-9,-18,-21,-8,-13,-9,-11,-4,-11,-19,-19,-20,-34,-13,-10,7,-1,-3,0,-26,-20,-22,12,9,24
2,-1,-2,-2,-2,1,1,-1,-1,-1,-1,0,-1,0,0,-1,-1,-1,-1,0,1,1,-1,-1,-1,0,-2,0,0,-1,0,-1,2,0,-4,-1,-2,-1,-2,-3,-3,-4,-6,-25,-3,-4,-7,-4,-19,-30,-2,127,3,-13,-19,-10,2,1,1,-1,-2,-2,0,0,-11,0,-3,-5,-1,0,-2,-4,-7,-9,-2,0,0,-4,-2,-5,-1,-1,-3,-1,-5,-7,-4,-4,-6,-3,-9,0,-5,-4,-3,-4,0,0,0,0,-2,-1,0,-4,-9,-6,0,18,1,-4,-2,1,-9,2,-5,-11,22,-1,1,-9,-3,-5,-2,-44,-2,-2,2,-3,-3,-5,-1,-5,-6,-1,-9,-3,-2,-2,-3,-2,-2,-3,-2,-1,0,-1,-4,-1,0,-3,-5,-2,-6,1,-3,-3,-5,-3,-2,0,5,-2,-3,-2,-4,0,1,-5,16,3,-7,-2,-6,4,-8,-3,-8,-4,-2,21,3,-9,-3,-7,-2,0,-10,-52,-5,-3,2,-2,-2,-2,7,3,-1,-2,-4,0,-3,-5,6,6,2,-1,-3,-3,-4,1,7,4,-2,-1,-3,1,-7,-4,12,3,1,-5,-19,-5,0,1,15,2,-1,-2,-1,-3,-8,-7,17,0,1,-2,-8,-5,-6,-4,21,-7,-1,-7,-10,-6,20,23,13,-55,19,17,11,10,-10,-11,-10,3,0,-1,-9,-14,-2,-7,4,-3,-3,-4,-20,4,1,-20,1,1,-6,-9,-13,-10,-9,-1,-11,0,-2,-13,2,-6,4,0,4,-1,-6,8,-4,-7,14,9,-2,2,14,6,-25,-20,-1,23,3,21,2,5,4,11,19,24,2,-34,12,14,9,10,-1,-1,-2,1,0,0,2,2,-1,-1,-9,0,-1,-3,1,-3,1,0,0,0,-1,-1,1,-1,0,0,-1,2,0,1,1,1,1,-1,1,-2,0,0,0,1,-1,0,-1,-1,0,-1,-1,2,-1,-1,-2,-1,-1,1,2,1,1,-2,-1,-2,-1,0,-1,-1,0,-1,0,-1,-3,1,3,3,-1,-7,-1,5,1,-2,-3,-3,2,1,-3,2,-1,-3,2,2,-6,2,-2,0,0,-3,1,-1,-1,3,-4,-4,-1,-1,2,-1,1,-8,-74,-7,-72,-1,1,2,-4,-83,-3,-2,-8,-79,2,-2,4,0,31,-106,0,-5,0,3,3,5,1,3,2,0,3,-1,3,-2,3,0,0,-1,-1,-1,0,-4,-1,2,-3,1,2,-2,-9,0,3,1,-1,1,-1,-73,-80,-4,-1,1,3,-2,-76,1,-3,-75,-8,-1,-8,-72,2,-3,3,-3,-85,-25,-80,-1,2,1,4,2,32,-88,0,1,2,-1,-1,0,2,-67,-1,0,-2,-3,-1,-1,-2,-63,-7,3,0,0,-1,0,-2,-70,-1,-2,3,-4,-4,-2,-9,-68,-9,-2,-2,2,2,-6,-4,-76,-1,1,-1,-2,-2,2,-8,-82,-5,-3,-2,-1,0,-5,-8,-6,0,-5,-6,-1,-66,-66,34,-98,-2,-60,-54,-49,-8,-6,-15,-56,-18,-17,-20,-12,-16,-20,-21,-60,-16,-13,-19,-29,-16,-32,-29,-68,-33,-29,-17,-13,-27,-20,-28,-69,-43,-32,-24,-49,-67,-29,-27,-81,-25,-40,-69,-13,-12,-60,-36,-70,-25,-63,-22,-9,-23,-17,-77,-20,-63,-32,-33,-22,-66,-65,41,-82,0,-57,-57,-50
2,-2,-2,-2,1,1,2,1,2,2,4,2,4,5,8,5,-1,5,4,4,0,6,4,1,6,9,6,-1,-3,-7,-2,4,13,13,8,-3,-11,-12,-2,0,24,21,24,9,-11,-14,-6,-10,32,30,45,16,-24,-15,-46,-8,0,-2,2,0,-1,1,0,-1,13,9,9,14,7,2,5,3,13,11,13,11,9,7,7,9,13,9,9,8,12,3,2,6,25,13,18,6,9,4,3,-8,15,18,19,20,2,12,4,-3,14,26,20,15,0,11,11,8,14,27,19,-1,0,-3,-3,-2,28,24,29,10,6,-9,12,-3,-1,-14,7,11,10,2,5,14,1,5,-2,9,4,13,3,5,12,7,11,3,12,3,6,9,16,15,7,3,2,2,6,3,12,11,13,6,-4,1,10,9,8,21,15,19,-4,9,9,17,5,14,25,21,9,1,11,-12,11,14,10,9,-5,-9,4,1,18,20,12,16,16,6,9,6,20,16,21,19,27,16,8,14,19,18,15,20,22,13,9,14,17,22,18,11,27,7,6,2,16,21,18,22,17,16,-9,4,23,17,20,14,20,16,-6,8,16,22,25,26,20,13,30,26,39,40,35,38,29,27,22,38,28,22,20,22,22,21,27,27,26,28,20,23,22,26,13,17,26,23,30,21,29,18,29,27,29,25,31,18,19,15,19,21,24,28,45,25,26,26,18,12,30,47,15,36,32,41,1,24,15,24,29,32,30,27,42,42,35,35,25,27,41,15,42,40,-2,-2,1,0,-2,-1,2,1,5,12,2,10,12,-47,10,3,0,-6,0,-10,-1,-7,-14,7,-2,-5,2,-4,0,-7,-3,2,-6,-12,-3,0,-3,5,6,3,-9,-5,-9,3,-8,7,11,4,-11,-3,-8,0,-12,8,2,6,2,0,-2,1,1,2,0,-2,-4,-5,-14,-16,2,-11,-3,-6,4,3,-7,2,2,-7,-11,15,-10,-3,-26,-8,5,-18,-2,-12,-8,-14,-9,-9,-6,-19,-16,-3,-10,-10,-15,-9,-15,-5,-22,-3,-13,-4,-7,-10,-14,-7,-5,-3,-1,-7,-6,-10,-10,-10,-9,-8,1,-10,-15,-11,-6,-12,-8,-2,-1,3,0,-6,-6,-13,-18,1,-4,-1,-8,-8,-8,-12,3,-18,2,-11,-13,-7,-11,-7,-20,9,-8,-16,-6,-16,-1,-12,-10,-10,-6,-5,-14,-3,-24,-11,-10,-8,-4,-8,-8,-13,-16,-12,-7,-6,-10,-5,-11,-9,-16,-10,-25,-9,-6,-19,-11,-12,-2,-22,-7,-16,-20,-14,-9,-33,-4,-3,-9,-10,-4,0,-12,-17,-10,13,-3,7,-9,-10,-7,-9,-10,13,8,-7,2,-14,-9,-6,-6,2,0,-6,-3,-11,-11,-9,-11,-3,-2,-6,-13,-10,-11,-19,-15,-12,-8,-6,-15,-12,-11,-16,-12,-10,-5,-4,-20,-21,-18,-11,-3,3,3,0,-33,-23,-11,-34,-6,-6,-24,-19,-10,-19,-25,-48,2,-8,-6,-4,-45,-31,-16,-9,-7,3,-13,-2,-21,-27,-8,-8,-2,0,-13,-15,-20,-29,-16,-14,-12,-15,-8,-14,-14,-18,-18,-25,-19,-18,-14,-14,-25,-19,-19,-16,-18,-12,-30,-15,-29,-21,-17,-20,-5,-18,-9,-10
-2,0,3,1,2,1,0,-1,-3,-14,1,1,-2,1,-1,1,-10,54,-6,0,-3,1,-2,1,-2,40,0,-4,0,-2,-2,2,34,-20,4,-4,-1,-4,-3,0,-10,-14,-9,-7,-2,-4,4,0,-7,-2,-11,-7,-3,3,-15,-1,-1,1,-1,-2,2,-1,1,-1,-5,11,-2,-1,-3,-1,5,5,6,4,-8,3,3,0,0,-2,3,7,3,-8,3,1,2,5,11,-4,8,-1,5,-2,-7,3,-1,-5,0,4,-4,-6,-6,-10,-3,1,-2,-1,-9,-3,0,7,-1,7,-10,5,4,-3,2,0,7,4,1,-11,-5,0,-3,8,7,5,-2,-5,9,3,9,4,-24,1,5,11,0,7,3,0,-8,33,9,8,5,4,5,4,-6,25,-2,7,10,3,2,3,15,4,-2,-6,-1,8,-3,-3,-2,14,8,-9,-5,0,4,-4,6,4,10,4,-5,1,0,9,6,2,-4,20,0,-6,-3,3,-1,9,8,6,10,5,7,6,14,-4,5,5,1,8,7,5,-13,-13,3,12,10,4,3,4,-6,21,4,5,3,9,1,5,11,21,29,15,11,11,13,16,16,11,16,4,15,12,11,4,7,10,-2,9,5,6,10,1,4,17,6,5,7,6,10,4,8,-1,4,10,13,4,13,7,-4,2,16,17,5,7,1,13,-1,12,10,12,12,9,6,1,6,36,2,7,1,25,3,-11,16,19,22,4,17,15,28,9,26,-2,-9,1,8,9,5,-7,13,-11,19,9,19,10,7,18,15,24,23,30,5,10,11,7,-1,0,2,-1,2,-1,-2,1,-24,32,-17,-10,-6,-11,3,-9,-8,-9,-11,-2,-2,-6,-4,-1,-1,2,3,-7,-1,-4,-4,-1,2,7,-2,-2,-2,-4,-2,-1,-3,1,-5,-4,-3,-1,-2,-1,-1,-1,-1,-3,-1,1,-1,-2,1,1,-2,-1,0,-2,2,0,-3,-4,-26,0,4,-4,-6,-1,-6,11,-8,-6,4,0,-1,-3,-15,-4,1,-3,4,-8,-6,-11,32,-28,26,-9,-6,-4,1,4,34,-7,5,-8,2,0,-2,-2,-11,22,-11,-4,-6,1,1,-2,-4,-1,-1,-1,-7,-2,-2,3,1,-6,-2,-1,-1,-2,0,0,-9,-4,-4,-20,-13,3,0,-5,0,-11,-23,-10,-1,-8,-30,-4,-29,-5,-2,-6,-8,-7,-10,-13,40,-29,27,-8,-17,-4,-5,-3,29,-11,3,-10,-6,-7,2,-3,-7,16,-7,-12,-9,-8,-10,-7,-16,-10,-6,-7,-9,-7,-9,-5,-7,-5,-2,-8,-4,-6,-4,0,-8,-16,-12,-19,-14,-11,3,-2,-26,-27,-2,1,-5,-2,-14,-8,-28,-26,-6,-15,-14,-17,-11,-15,41,-19,27,-9,-15,-17,-5,-9,43,-34,1,-13,-14,-6,-8,-18,-11,38,-17,-10,-13,-16,-6,-7,-13,-15,-8,-14,-10,-14,-9,-7,-7,-5,-9,-8,-8,-10,-9,-7,-30,-23,-34,-14,-18,-28,-1,-3,-27,-28,-17,7,-20,-29,-52,-36,-45,-18,5,-29,-38,-46,-23,-49,63,-88,39,-48,-47,-41,-30,-26,62,-40,21,-20,-15,-21,-1,-24,-29,40,-35,-21,-28,-17,-21,-12,-30,-25,-15,-22,-22,-22,-21,-13,-21,-12,-11,-13,-7,-13,-3,-17
2,-1,-2,2,-1,-1,2,1,1,-1,1,5,1,1,3,0,1,1,-1,-1,2,5,4,0,1,1,-3,0,0,24,13,-2,-1,1,0,-2,-1,48,3,1,-2,1,3,-18,10,81,12,-17,4,4,3,2,15,65,14,-10,-2,1,1,1,1,-2,2,1,-1,3,-6,-4,0,-1,2,-4,1,-2,-2,-2,-2,2,-4,1,1,-2,1,0,1,0,-1,-5,-3,-1,3,2,0,2,0,0,0,-1,0,2,-1,-1,-6,1,-3,1,-2,-2,3,-6,0,2,4,-8,0,6,-5,-3,3,7,3,-1,-8,-12,7,-19,0,-1,1,2,6,4,-2,4,-2,3,2,3,6,4,6,1,2,4,5,7,1,5,5,4,-2,0,4,12,5,8,7,4,-3,5,0,9,10,9,3,6,5,6,3,7,6,4,4,5,4,10,-4,7,-2,6,8,12,4,5,4,1,3,8,9,5,6,-3,4,-1,-1,4,6,13,8,5,-2,5,5,-1,6,9,8,1,-1,3,1,2,7,8,6,1,3,-3,-8,6,4,4,3,-3,4,-1,-4,5,5,-1,1,-3,5,2,-2,2,2,-17,-12,-4,3,1,0,0,3,-37,1,3,4,3,3,4,4,0,2,3,4,-7,-5,4,19,19,4,14,6,5,15,11,27,6,5,12,1,29,2,9,20,9,18,5,11,21,17,8,21,-1,6,5,15,6,7,9,-8,9,12,3,17,9,8,4,-3,4,-13,1,-27,10,11,11,12,-6,7,14,6,-1,-18,-15,4,-4,4,5,-2,0,-2,-1,2,-2,0,1,-3,-7,-8,-16,-8,-28,-1,-16,-1,-5,-3,-1,-3,-1,-7,-1,-1,-2,-1,1,-3,-5,-6,-2,2,1,2,1,0,-26,-14,1,2,3,1,1,-8,-73,-14,-1,2,3,3,6,-29,-126,-29,-4,-1,-2,-2,-1,0,1,-2,1,0,-5,-1,-2,-1,-6,0,-6,-1,-3,-4,0,-6,-11,-7,3,-1,-3,-6,-13,-12,-6,-16,-7,-6,-5,-2,-8,-17,-2,-15,-15,-2,0,-11,-16,-4,-11,-26,-20,-2,-4,-6,-27,-5,-33,-4,-33,-3,-6,-7,-34,-2,-50,-1,-59,-6,-5,-3,-23,-11,-29,-4,-81,-28,-9,-25,-6,-6,-12,-6,-3,-19,-37,-9,-9,-2,-7,-7,-4,-10,-14,-25,-4,-10,-4,-9,-10,-6,-11,-17,-26,-9,-11,-9,-21,-5,-2,-9,-20,-11,-19,-15,-34,-3,-5,-3,-15,-20,-51,-23,-23,-2,-2,-19,-9,-13,-57,-7,-14,-3,-4,-2,-25,-11,-31,-24,-40,-5,-6,-11,-6,-10,-23,-10,-7,-8,-5,-4,-8,-7,-23,-9,-14,-6,-6,-5,-5,-11,-56,-10,-8,-7,-4,-9,-13,-13,-52,-10,-9,-8,-6,-6,-13,-4,-59,-8,-7,-6,-7,-8,-12,-5,-27,-5,-9,-14,-8,-12,-13,-5,-46,-4,-17,-11,-12,-14,-11,-7,-33,-2,-12,-23,-26,-29,-31,-34,-40,-12,-38,-31,-41,-44,-43,-26,-24,-44,-45,-17,-54,-29,-45,-31,-35,-53,-32,-22,-43,-39,-45,-32,-34,-61,-37,-28,-21,-25,-38,-19,-60,-35,-33,-16,-19,-37,-30,-10,-85,-24,-35,-44,-21,-28,-33,-5,-127,-23,-51,-13,-32,-24,-19,-15,-53,-31,-36
1,0,0,-1,2,0,1,2,6,3,0,0,-5,-2,0,4,2,-1,-3,-2,-5,-7,-1,5,0,1,0,-1,-5,-2,2,5,0,-1,-1,-4,-2,-3,2,6,3,-6,0,6,-3,-4,4,2,2,-6,3,0,6,0,5,7,1,-1,2,0,0,1,0,2,2,3,-9,9,-9,11,-3,17,2,0,-2,6,-2,1,-9,5,0,6,-5,0,-2,-3,0,8,-1,-8,2,3,2,2,-3,2,5,-4,8,-8,-6,6,2,-2,-1,-14,-11,5,2,-4,-10,2,-17,-5,-5,-4,-8,-13,12,0,-13,-10,-8,3,-3,3,6,4,-2,0,2,-7,-5,5,-6,2,-9,0,1,-3,-6,-8,9,-14,0,-2,-7,-8,-8,-15,-2,7,0,-12,-12,-3,-6,-7,-7,-3,-13,-11,-1,-7,-1,-9,-10,-4,-8,-10,-5,-7,-5,-5,-12,-4,-2,-14,-10,-2,-3,-5,-9,-2,-10,-7,-7,-4,-4,-17,-10,-5,14,14,13,7,13,17,9,12,21,17,14,13,14,15,10,20,23,22,18,15,21,21,18,31,19,24,18,13,9,16,22,25,15,25,22,11,13,22,14,20,15,12,5,8,11,15,9,23,12,26,11,15,9,11,7,24,21,22,24,13,11,10,19,27,25,28,34,27,25,39,18,22,34,31,27,22,34,40,32,26,9,40,21,28,33,33,41,56,10,41,23,40,33,30,72,37,26,47,25,20,21,57,38,43,33,25,27,19,23,45,46,42,9,14,1,24,13,24,20,19,10,25,24,1,2,22,15,12,0,0,1,-1,2,-1,-1,0,5,7,3,-11,-67,6,-21,18,7,4,-6,-9,-17,-7,-15,14,-1,-1,-4,-10,-8,-13,-13,15,-5,-3,-4,-3,-4,-14,-12,8,-8,-4,-2,-6,-15,-8,-9,8,-7,2,-5,-31,-4,-10,-9,8,-2,2,0,-2,-2,-1,2,2,13,16,15,-2,6,11,9,10,15,22,5,13,6,28,15,16,13,5,20,10,10,11,11,20,16,8,8,5,-1,4,12,10,11,12,10,12,15,5,6,8,12,13,10,5,3,5,9,10,10,12,9,-2,8,10,6,7,13,16,8,7,9,7,12,9,-5,-21,-12,-18,-9,-18,-6,-11,-17,-2,-20,-6,-17,-2,-24,2,-8,-11,-7,-28,-6,-20,0,-5,-8,-4,-29,-10,-20,-12,-35,12,-5,-19,1,-23,-7,-26,-4,-15,-30,-1,-13,-4,-47,-7,-12,-8,-11,-1,-4,-52,-5,-20,-10,-24,-7,5,-107,-2,-18,-4,-15,-8,-12,-9,-13,-11,-20,-15,-20,-11,-11,-10,-17,-9,-13,-17,-15,-10,-12,-7,-9,-13,-10,-18,-15,-1,-18,-17,-15,-12,-21,-21,-21,-16,-11,-11,-12,-15,-18,-17,-18,-15,-23,-18,-18,-13,-18,-23,-16,-12,-18,-9,-19,-18,-19,-19,-19,-11,-10,-6,-11,-20,-10,-11,-19,-6,3,-68,8,-18,-37,-10,-41,-8,-22,-8,-8,-18,-38,1,-55,-17,-17,-7,-12,-18,-10,-29,-19,-8,-3,-28,-13,-9,-33,-13,-42,4,-10,-11,-12,-20,-10,-16,4,-8,-15,-12,-30,-13,-39,-15,-13,-4,-8,0,-11,-44,-23,-21,-38,-8,-4,3,-25,-6,3,-5,-50,-37
